query_id;sql_text;query_hash
0;SELECT web_sales.* FROM web_sales JOIN item ON web_sales.ws_item_sk = item.i_item_sk JOIN web_site ON web_sales.ws_web_site_sk = web_site.web_site_sk LIMIT 475;2bf87cf4740ccfb183bad3d7c352f400
1;SELECT store_sales.* FROM store_sales JOIN customer ON store_sales.ss_customer_sk = customer.c_customer_sk JOIN item ON store_sales.ss_item_sk = item.i_item_sk LIMIT 259;379c2b24cce08534cd59658da30c67a6
2;SELECT inventory.* FROM inventory JOIN warehouse ON inventory.inv_warehouse_sk = warehouse.w_warehouse_sk JOIN item ON inventory.inv_item_sk = item.i_item_sk LIMIT 364;e04620387c4d6e57732464feddd161e9
3;SELECT inventory.* FROM inventory JOIN item ON inventory.inv_item_sk = item.i_item_sk JOIN warehouse ON inventory.inv_warehouse_sk = warehouse.w_warehouse_sk LIMIT 418;f62d70ab45c9fcd159591a92cf6f812e
4;SELECT store_returns.* FROM store_returns JOIN customer ON store_returns.sr_customer_sk = customer.c_customer_sk LIMIT 471;b7388e0f6aa0940ff9edeefd5e403c20
5;SELECT a.ca_state AS state, COUNT(*) AS cnt FROM customer_address AS a, customer AS c, store_sales AS s, date_dim AS d, item AS i WHERE a.ca_address_sk = c.c_current_addr_sk AND c.c_customer_sk = s.ss_customer_sk AND s.ss_sold_date_sk = d.d_date_sk AND s.ss_item_sk = i.i_item_sk AND d.d_month_seq = (SELECT DISTINCT (d_month_seq) FROM date_dim WHERE d_year = 2890 AND d_moy = 1.0) AND i.i_current_price > 1 * (SELECT AVG(j.i_current_price) FROM item AS j WHERE j.i_category = i.i_category) GROUP BY a.ca_state HAVING COUNT(*) >= 6 ORDER BY cnt NULLS FIRST, a.ca_state NULLS FIRST LIMIT 107;fc4bba46bd86eb3bda8bb9354a4434f7
6;SELECT store_sales.* FROM store_sales JOIN customer ON store_sales.ss_customer_sk = customer.c_customer_sk JOIN store ON store_sales.ss_store_sk = store.s_store_sk LIMIT 213;088e3d65ca1dbb554fba16a71cb4c7c7
7;"SELECT w_substr, sm_type, web_name, SUM(CASE WHEN (ws_ship_date_sk - ws_sold_date_sk <= 15) THEN 1.0 ELSE 0.0 END) AS ""30 days"", SUM(CASE WHEN (ws_ship_date_sk - ws_sold_date_sk > 39) AND (ws_ship_date_sk - ws_sold_date_sk <= 83) THEN 1.0 ELSE 0.0 END) AS ""31-60 days"", SUM(CASE WHEN (ws_ship_date_sk - ws_sold_date_sk > 46) AND (ws_ship_date_sk - ws_sold_date_sk <= 98) THEN 1.0 ELSE 0.0 END) AS ""61-90 days"", SUM(CASE WHEN (ws_ship_date_sk - ws_sold_date_sk > 109) AND (ws_ship_date_sk - ws_sold_date_sk <= 94) THEN 1.0 ELSE 0.0 END) AS ""91-120 days"", SUM(CASE WHEN (ws_ship_date_sk - ws_sold_date_sk > 175) THEN 1.0 ELSE 0.0 END) AS "">120 days"" FROM web_sales, (SELECT SUBSTRING(w_warehouse_name FROM 1.0 FOR 18) AS w_substr, * FROM warehouse) AS sq1, ship_mode, date_dim WHERE d_month_seq BETWEEN 631 AND 1791 + 12 AND ws_ship_date_sk = d_date_sk AND ws_warehouse_sk = w_warehouse_sk AND ws_ship_mode_sk = sm_ship_mode_sk AND ws_web_site_sk = web_site_sk GROUP BY w_substr, sm_type, web_name ORDER BY 1.0 NULLS FIRST, 1 NULLS FIRST, 1 NULLS FIRST LIMIT 93";e6bce9d42ddb2fdd0677088fae9d7cdb
8;SELECT catalog_sales.* FROM catalog_sales JOIN item ON catalog_sales.cs_item_sk = item.i_item_sk LIMIT 275;b2f841982856cb90c58419528e432861
9;SELECT store_returns.* FROM store_returns JOIN date_dim ON store_returns.sr_returned_date_sk = date_dim.d_date_sk JOIN item ON store_returns.sr_item_sk = item.i_item_sk LIMIT 465;89e5dc3449bebd6e3578e9aee2463021
10;SELECT store_returns.* FROM store_returns JOIN date_dim ON store_returns.sr_returned_date_sk = date_dim.d_date_sk LIMIT 301;b84711c8e1b607e4477edec0823b45ac
11;SELECT inventory.* FROM inventory JOIN date_dim ON inventory.inv_date_sk = date_dim.d_date_sk LIMIT 352;885cf338d425298349b79c8302e5ea33
12;SELECT catalog_sales.* FROM catalog_sales JOIN warehouse ON catalog_sales.cs_warehouse_sk = warehouse.w_warehouse_sk JOIN date_dim ON catalog_sales.cs_sold_date_sk = date_dim.d_date_sk LIMIT 288;412c159284113f73b2dbae819c1821d3
13;SELECT store_sales.* FROM store_sales JOIN store ON store_sales.ss_store_sk = store.s_store_sk JOIN customer ON store_sales.ss_customer_sk = customer.c_customer_sk LIMIT 456;c21f56e007f9ac63a7e224ee3377f736
14;SELECT dt.d_year, item.i_category_id, item.i_category, SUM(ss_ext_sales_price) FROM date_dim AS dt, store_sales, item WHERE dt.d_date_sk = store_sales.ss_sold_date_sk AND store_sales.ss_item_sk = item.i_item_sk AND item.i_manager_id = 1.0 AND dt.d_moy = 14 AND dt.d_year = 2837 GROUP BY dt.d_year, item.i_category_id, item.i_category ORDER BY SUM(ss_ext_sales_price) DESC NULLS LAST, dt.d_year, item.i_category_id, item.i_category LIMIT 141;594c6af211a40452f9972511ddb973e9
15;SELECT store_sales.* FROM store_sales JOIN date_dim ON store_sales.ss_sold_date_sk = date_dim.d_date_sk JOIN customer ON store_sales.ss_customer_sk = customer.c_customer_sk LIMIT 149;aaa5bdd3bbe9d79b316fa88c2e64d8fc
16;SELECT web_returns.* FROM web_returns JOIN date_dim ON web_returns.wr_returned_date_sk = date_dim.d_date_sk LIMIT 378;f94a90e580bcf1399891fd73eb943ace
17;SELECT web_sales.* FROM web_sales JOIN web_site ON web_sales.ws_web_site_sk = web_site.web_site_sk JOIN item ON web_sales.ws_item_sk = item.i_item_sk LIMIT 330;5cc32e6025a20b8a506695ae2e9a2f3c
19;SELECT store_sales.* FROM store_sales JOIN item ON store_sales.ss_item_sk = item.i_item_sk LIMIT 217;d00a6ff71668d0ab499ca023a762fbd4
20;SELECT store_sales.* FROM store_sales JOIN customer ON store_sales.ss_customer_sk = customer.c_customer_sk JOIN date_dim ON store_sales.ss_sold_date_sk = date_dim.d_date_sk LIMIT 350;515d83edc47dcc968451d0741957878a
21;SELECT catalog_sales.* FROM catalog_sales JOIN customer ON catalog_sales.cs_bill_customer_sk = customer.c_customer_sk JOIN warehouse ON catalog_sales.cs_warehouse_sk = warehouse.w_warehouse_sk LIMIT 242;c1b48c21b2f3f8e4f7cb9d5e326e2046
22;SELECT store_returns.* FROM store_returns JOIN customer ON store_returns.sr_customer_sk = customer.c_customer_sk LIMIT 457;51df46e380d5590f5d7528f5e25d4e4c
23;SELECT store_returns.* FROM store_returns JOIN item ON store_returns.sr_item_sk = item.i_item_sk LIMIT 449;b542c7013d9a3056fe4425d225235114
24;SELECT web_sales.* FROM web_sales JOIN customer ON web_sales.ws_bill_customer_sk = customer.c_customer_sk LIMIT 480;73f2c279f440a9dd4aaaa07a639c4ed9
25;SELECT web_returns.* FROM web_returns JOIN customer ON web_returns.wr_refunded_customer_sk = customer.c_customer_sk JOIN item ON web_returns.wr_item_sk = item.i_item_sk LIMIT 288;a7706b7aaa0438c997b66c81f5d4d857
27;SELECT store_returns.* FROM store_returns JOIN item ON store_returns.sr_item_sk = item.i_item_sk JOIN customer ON store_returns.sr_customer_sk = customer.c_customer_sk LIMIT 142;86fa3cc2224206b4ab516ab324fbbc19
28;SELECT store_sales.* FROM store_sales JOIN date_dim ON store_sales.ss_sold_date_sk = date_dim.d_date_sk LIMIT 432;e799c9649394a378295dfc66437a2200
29;SELECT web_sales.* FROM web_sales JOIN date_dim ON web_sales.ws_sold_date_sk = date_dim.d_date_sk JOIN item ON web_sales.ws_item_sk = item.i_item_sk LIMIT 232;8c5a37996087fa3f49d0a19ce0506781
30;SELECT store_sales.* FROM store_sales JOIN store ON store_sales.ss_store_sk = store.s_store_sk LIMIT 280;07095460e0485c2030fd2300d05d6f3b
31;SELECT catalog_sales.* FROM catalog_sales JOIN item ON catalog_sales.cs_item_sk = item.i_item_sk LIMIT 253;7d7a2d604ca4416ce579c7df5321d82c
32;SELECT catalog_sales.* FROM catalog_sales JOIN customer ON catalog_sales.cs_bill_customer_sk = customer.c_customer_sk JOIN warehouse ON catalog_sales.cs_warehouse_sk = warehouse.w_warehouse_sk LIMIT 474;cbef0be9bc0450b6fe65d96ed1dd5d4b
33;SELECT store_returns.* FROM store_returns JOIN customer ON store_returns.sr_customer_sk = customer.c_customer_sk LIMIT 424;b8a7f158350c4131eb965418b8c24abe
34;SELECT inventory.* FROM inventory JOIN warehouse ON inventory.inv_warehouse_sk = warehouse.w_warehouse_sk JOIN item ON inventory.inv_item_sk = item.i_item_sk LIMIT 369;e36113bec55586ee55440f9bca648eea
35;SELECT inventory.* FROM inventory JOIN item ON inventory.inv_item_sk = item.i_item_sk JOIN warehouse ON inventory.inv_warehouse_sk = warehouse.w_warehouse_sk LIMIT 55;1edc71ff9ce8bb967aac05d23d0af0c6
36;SELECT web_sales.* FROM web_sales JOIN web_site ON web_sales.ws_web_site_sk = web_site.web_site_sk LIMIT 99;f724134ddd0ac080e5f83314bffbbb46
37;SELECT store_returns.* FROM store_returns JOIN customer ON store_returns.sr_customer_sk = customer.c_customer_sk LIMIT 85;119a4ed58777f89a28a5f679aeab63fd
38;SELECT inventory.* FROM inventory JOIN warehouse ON inventory.inv_warehouse_sk = warehouse.w_warehouse_sk JOIN date_dim ON inventory.inv_date_sk = date_dim.d_date_sk LIMIT 68;3eb51847c146e83a7b182972b6f71eb3
40;SELECT web_returns.* FROM web_returns JOIN date_dim ON web_returns.wr_returned_date_sk = date_dim.d_date_sk LIMIT 318;331d42c36b04fb1979658493a97b4179
41;SELECT web_returns.* FROM web_returns JOIN customer ON web_returns.wr_refunded_customer_sk = customer.c_customer_sk JOIN date_dim ON web_returns.wr_returned_date_sk = date_dim.d_date_sk LIMIT 335;4aceb4d4873dd8aaa8db229ceae631da
42;SELECT inventory.* FROM inventory JOIN warehouse ON inventory.inv_warehouse_sk = warehouse.w_warehouse_sk JOIN date_dim ON inventory.inv_date_sk = date_dim.d_date_sk LIMIT 257;64451d44d0b7a2891eded50b3345da82
44;SELECT inventory.* FROM inventory JOIN warehouse ON inventory.inv_warehouse_sk = warehouse.w_warehouse_sk JOIN date_dim ON inventory.inv_date_sk = date_dim.d_date_sk LIMIT 262;2c3bc4ecf9ca51f9e5bfca5bbbc1af75
45;SELECT web_sales.* FROM web_sales JOIN date_dim ON web_sales.ws_sold_date_sk = date_dim.d_date_sk JOIN item ON web_sales.ws_item_sk = item.i_item_sk LIMIT 395;7304337ba2b0cdc7d045b0b0bfb8f51f
46;SELECT store_sales.* FROM store_sales JOIN date_dim ON store_sales.ss_sold_date_sk = date_dim.d_date_sk JOIN store ON store_sales.ss_store_sk = store.s_store_sk LIMIT 408;6304c7c94eb40a901ff85df1ca4f141d
47;SELECT store_sales.* FROM store_sales JOIN date_dim ON store_sales.ss_sold_date_sk = date_dim.d_date_sk JOIN item ON store_sales.ss_item_sk = item.i_item_sk LIMIT 477;92f833eb9edc9819f2b75f2e88bf0539
48;SELECT store_returns.* FROM store_returns JOIN item ON store_returns.sr_item_sk = item.i_item_sk LIMIT 276;a4bb5eee3e31fcf8ac001982f882d556
49;SELECT store_sales.* FROM store_sales JOIN store ON store_sales.ss_store_sk = store.s_store_sk LIMIT 421;c263a366eaf3625845c6b1564e0c8f0c
50;SELECT web_returns.* FROM web_returns JOIN date_dim ON web_returns.wr_returned_date_sk = date_dim.d_date_sk JOIN item ON web_returns.wr_item_sk = item.i_item_sk LIMIT 363;ff5bdfda6a2b6da64375987ed3464e4a
51;SELECT store_returns.* FROM store_returns JOIN date_dim ON store_returns.sr_returned_date_sk = date_dim.d_date_sk LIMIT 108;e61778bcd5f96b0be4eed98938d3d41f
52;SELECT catalog_sales.* FROM catalog_sales JOIN customer ON catalog_sales.cs_bill_customer_sk = customer.c_customer_sk LIMIT 248;f08a549011110d0225380cec47ab5500
53;SELECT web_returns.* FROM web_returns JOIN item ON web_returns.wr_item_sk = item.i_item_sk JOIN customer ON web_returns.wr_refunded_customer_sk = customer.c_customer_sk LIMIT 184;5a6164ea21e44c7cf1667e79a6499b8b
54;SELECT DISTINCT (i_product_name) FROM item AS i1 WHERE i_manufact_id BETWEEN 855 AND 531 + 57 AND (SELECT COUNT(*) AS item_cnt FROM item WHERE (i_manufact = i1.i_manufact AND ((i_category = 'Women' AND (i_color = 'powder' OR i_color = 'khaki') AND (i_units = 'Ounce' OR i_units = 'Oz') AND (i_size = 'medium' OR i_size = 'extra large')) OR (i_category = 'Women' AND (i_color = 'brown' OR i_color = 'honeydew') AND (i_units = 'Bunch' OR i_units = 'Ton') AND (i_size = 'N/A' OR i_size = 'small')) OR (i_category = 'Men' AND (i_color = 'floral' OR i_color = 'deep') AND (i_units = 'N/A' OR i_units = 'Dozen') AND (i_size = 'petite' OR i_size = 'petite')) OR (i_category = 'Men' AND (i_color = 'light' OR i_color = 'cornflower') AND (i_units = 'Box' OR i_units = 'Pound') AND (i_size = 'medium' OR i_size = 'extra large')))) OR (i_manufact = i1.i_manufact AND ((i_category = 'Women' AND (i_color = 'midnight' OR i_color = 'snow') AND (i_units = 'Pallet' OR i_units = 'Gross') AND (i_size = 'medium' OR i_size = 'extra large')) OR (i_category = 'Women' AND (i_color = 'cyan' OR i_color = 'papaya') AND (i_units = 'Cup' OR i_units = 'Dram') AND (i_size = 'N/A' OR i_size = 'small')) OR (i_category = 'Men' AND (i_color = 'orange' OR i_color = 'frosted') AND (i_units = 'Each' OR i_units = 'Tbl') AND (i_size = 'petite' OR i_size = 'petite')) OR (i_category = 'Men' AND (i_color = 'forest' OR i_color = 'ghost') AND (i_units = 'Lb' OR i_units = 'Bundle') AND (i_size = 'medium' OR i_size = 'extra large'))))) > 0.0 ORDER BY i_product_name LIMIT 118;273e324a1746c0edab1cf93df5e9b2e0
55;"SELECT w_substr, sm_type, web_name, SUM(CASE WHEN (ws_ship_date_sk - ws_sold_date_sk <= 30) THEN 1 ELSE 0 END) AS ""30 days"", SUM(CASE WHEN (ws_ship_date_sk - ws_sold_date_sk > 30) AND (ws_ship_date_sk - ws_sold_date_sk <= 60) THEN 1 ELSE 0 END) AS ""31-60 days"", SUM(CASE WHEN (ws_ship_date_sk - ws_sold_date_sk > 60) AND (ws_ship_date_sk - ws_sold_date_sk <= 90) THEN 1 ELSE 0 END) AS ""61-90 days"", SUM(CASE WHEN (ws_ship_date_sk - ws_sold_date_sk > 90) AND (ws_ship_date_sk - ws_sold_date_sk <= 120) THEN 1 ELSE 0 END) AS ""91-120 days"", SUM(CASE WHEN (ws_ship_date_sk - ws_sold_date_sk > 120) THEN 1 ELSE 0 END) AS "">120 days"" FROM web_sales, (SELECT SUBSTRING(w_warehouse_name FROM 1 FOR 20) AS w_substr, * FROM warehouse) AS sq1, ship_mode, web_site, date_dim WHERE d_month_seq BETWEEN 1200 AND 1200 + 11 AND ws_ship_date_sk = d_date_sk AND ws_warehouse_sk = w_warehouse_sk AND ws_ship_mode_sk = sm_ship_mode_sk AND ws_web_site_sk = web_site_sk GROUP BY w_substr, sm_type, web_name ORDER BY 1 NULLS FIRST, 2 NULLS FIRST, 3 NULLS FIRST LIMIT 100";4aae2669d4e1e11d7db9bb16e4499e68
56;SELECT inventory.* FROM inventory JOIN warehouse ON inventory.inv_warehouse_sk = warehouse.w_warehouse_sk LIMIT 166;44f514c810f42f4910ad8acb82746137
57;SELECT catalog_sales.* FROM catalog_sales JOIN item ON catalog_sales.cs_item_sk = item.i_item_sk LIMIT 183;9fbbab8c22d7c2c18e00b88c033e003d
58;SELECT catalog_sales.* FROM catalog_sales JOIN warehouse ON catalog_sales.cs_warehouse_sk = warehouse.w_warehouse_sk LIMIT 387;83009b7f2e3d5107d7fd0077e5c6ed55
59;SELECT web_returns.* FROM web_returns JOIN customer ON web_returns.wr_refunded_customer_sk = customer.c_customer_sk LIMIT 205;f7eed93c57aff669024a07fbfceb1dbe
60;SELECT store_returns.* FROM store_returns JOIN date_dim ON store_returns.sr_returned_date_sk = date_dim.d_date_sk JOIN item ON store_returns.sr_item_sk = item.i_item_sk LIMIT 492;1138ff7e9870bb7a6a9cd2b3fe9b21eb
61;SELECT store_sales.* FROM store_sales JOIN date_dim ON store_sales.ss_sold_date_sk = date_dim.d_date_sk JOIN item ON store_sales.ss_item_sk = item.i_item_sk LIMIT 230;be39401b9ff6c72c25ba36ca8c6b8ea1
62;SELECT store_sales.* FROM store_sales JOIN customer ON store_sales.ss_customer_sk = customer.c_customer_sk JOIN date_dim ON store_sales.ss_sold_date_sk = date_dim.d_date_sk LIMIT 192;8075fb2f19a9eeb3fa425948205a3c1e
63;SELECT catalog_sales.* FROM catalog_sales JOIN warehouse ON catalog_sales.cs_warehouse_sk = warehouse.w_warehouse_sk JOIN item ON catalog_sales.cs_item_sk = item.i_item_sk LIMIT 384;aed8df97e615b8f2607de1cdca6fae55
65;SELECT web_returns.* FROM web_returns JOIN date_dim ON web_returns.wr_returned_date_sk = date_dim.d_date_sk JOIN item ON web_returns.wr_item_sk = item.i_item_sk LIMIT 430;8bde6e068b9536a8c1abae71741e603e
67;SELECT web_sales.* FROM web_sales JOIN web_site ON web_sales.ws_web_site_sk = web_site.web_site_sk LIMIT 240;1630ea39879779ce1d42cc0d7899df6a
68;SELECT store_returns.* FROM store_returns JOIN date_dim ON store_returns.sr_returned_date_sk = date_dim.d_date_sk LIMIT 120;7c4de81eb5c264a4bc0b124a0f6f21b7
70;SELECT catalog_sales.* FROM catalog_sales JOIN customer ON catalog_sales.cs_bill_customer_sk = customer.c_customer_sk LIMIT 202;5e47dbcee577fcbf79d561003695f70c
71;SELECT inventory.* FROM inventory JOIN item ON inventory.inv_item_sk = item.i_item_sk JOIN date_dim ON inventory.inv_date_sk = date_dim.d_date_sk LIMIT 451;06c3c11cdb6944870554585bbf502d47
72;SELECT store_returns.* FROM store_returns JOIN customer ON store_returns.sr_customer_sk = customer.c_customer_sk LIMIT 281;b6aa2465c18570e1c684673b3f116271
73;SELECT web_sales.* FROM web_sales JOIN date_dim ON web_sales.ws_sold_date_sk = date_dim.d_date_sk JOIN customer ON web_sales.ws_bill_customer_sk = customer.c_customer_sk LIMIT 314;7dafe9082d8b765aec27d04a04c3b4ac
74;SELECT store_returns.* FROM store_returns JOIN date_dim ON store_returns.sr_returned_date_sk = date_dim.d_date_sk JOIN item ON store_returns.sr_item_sk = item.i_item_sk LIMIT 61;f5525cb51f380d38fefcb4f4e279dd86
75;SELECT inventory.* FROM inventory JOIN item ON inventory.inv_item_sk = item.i_item_sk LIMIT 479;d69177f258f1ebfbc233659a1a9b44aa
76;SELECT catalog_sales.* FROM catalog_sales JOIN item ON catalog_sales.cs_item_sk = item.i_item_sk LIMIT 202;ec271f4cc3062a70441fd1f62a424cfb
80;SELECT inventory.* FROM inventory JOIN item ON inventory.inv_item_sk = item.i_item_sk JOIN warehouse ON inventory.inv_warehouse_sk = warehouse.w_warehouse_sk LIMIT 389;f05b0535ac40557efd4e775813100705
82;SELECT catalog_sales.* FROM catalog_sales JOIN date_dim ON catalog_sales.cs_sold_date_sk = date_dim.d_date_sk JOIN item ON catalog_sales.cs_item_sk = item.i_item_sk LIMIT 230;e5e82845d76b474d7f8628ac8af43aef
83;SELECT web_returns.* FROM web_returns JOIN item ON web_returns.wr_item_sk = item.i_item_sk LIMIT 200;08c022594f5f6d6393410e2f8aa57272
84;SELECT store_sales.* FROM store_sales JOIN item ON store_sales.ss_item_sk = item.i_item_sk JOIN customer ON store_sales.ss_customer_sk = customer.c_customer_sk LIMIT 154;59d19d151f7d524b506b733897ed110d
85;SELECT web_sales.* FROM web_sales JOIN item ON web_sales.ws_item_sk = item.i_item_sk JOIN customer ON web_sales.ws_bill_customer_sk = customer.c_customer_sk LIMIT 412;2d44fd38c5216dd875512d25f6d7d0f0
86;SELECT store_returns.* FROM store_returns JOIN customer ON store_returns.sr_customer_sk = customer.c_customer_sk JOIN date_dim ON store_returns.sr_returned_date_sk = date_dim.d_date_sk LIMIT 490;99e37aceb386ca69949b0ac089166432
87;SELECT web_returns.* FROM web_returns JOIN item ON web_returns.wr_item_sk = item.i_item_sk JOIN date_dim ON web_returns.wr_returned_date_sk = date_dim.d_date_sk LIMIT 368;58d9b069092b8e9cb60489005f393d8f
88;SELECT store_returns.* FROM store_returns JOIN customer ON store_returns.sr_customer_sk = customer.c_customer_sk LIMIT 90;75f077a65948013a2cf53b62d5ff58c4
89;SELECT inventory.* FROM inventory JOIN date_dim ON inventory.inv_date_sk = date_dim.d_date_sk JOIN item ON inventory.inv_item_sk = item.i_item_sk LIMIT 456;ff1319fafbcb18e78f49a1b1296317d0
90;SELECT web_sales.* FROM web_sales JOIN item ON web_sales.ws_item_sk = item.i_item_sk LIMIT 404;4ddc9af40263b2f496f4cccde2797321
91;"SELECT w_substr, sm_type, web_name, SUM(CASE WHEN (ws_ship_date_sk - ws_sold_date_sk <= 21) THEN 1.0 ELSE 0.0 END) AS ""30 days"", SUM(CASE WHEN (ws_ship_date_sk - ws_sold_date_sk > 15) AND (ws_ship_date_sk - ws_sold_date_sk <= 31) THEN 1.0 ELSE 0.0 END) AS ""31-60 days"", SUM(CASE WHEN (ws_ship_date_sk - ws_sold_date_sk > 73) AND (ws_ship_date_sk - ws_sold_date_sk <= 78) THEN 1.0 ELSE 0.0 END) AS ""61-90 days"", SUM(CASE WHEN (ws_ship_date_sk - ws_sold_date_sk > 117) AND (ws_ship_date_sk - ws_sold_date_sk <= 126) THEN 1.0 ELSE 0.0 END) AS ""91-120 days"", SUM(CASE WHEN (ws_ship_date_sk - ws_sold_date_sk > 68) THEN 1.0 ELSE 0.0 END) AS "">120 days"" FROM web_sales, (SELECT SUBSTRING(w_warehouse_name FROM 1.0 FOR 11) AS w_substr, * FROM warehouse) AS sq1, ship_mode, web_site, date_dim WHERE d_month_seq BETWEEN 1666 AND 1482 + 5 AND ws_ship_date_sk = d_date_sk AND ws_warehouse_sk = w_warehouse_sk AND ws_ship_mode_sk = sm_ship_mode_sk AND ws_web_site_sk = web_site_sk GROUP BY w_substr, sm_type, web_name ORDER BY 1.0 NULLS FIRST, 2 NULLS FIRST, 4 NULLS FIRST LIMIT 141";59cea51153d5653fade87488eaad155b
92;SELECT inventory.* FROM inventory JOIN warehouse ON inventory.inv_warehouse_sk = warehouse.w_warehouse_sk LIMIT 455;64f990c7200f44d2907cba9be194cf80
93;SELECT store_sales.* FROM store_sales JOIN date_dim ON store_sales.ss_sold_date_sk = date_dim.d_date_sk JOIN store ON store_sales.ss_store_sk = store.s_store_sk LIMIT 190;40cfda1056d16606cc3623bda0dd64dc
94;SELECT store_returns.* FROM store_returns JOIN customer ON store_returns.sr_customer_sk = customer.c_customer_sk JOIN item ON store_returns.sr_item_sk = item.i_item_sk LIMIT 55;45661e1bc09113051713c84ab04619ce
96;SELECT inventory.* FROM inventory JOIN item ON inventory.inv_item_sk = item.i_item_sk LIMIT 87;caad4fe2b423b0832c6e28a3ee4aebc0
97;SELECT inventory.* FROM inventory JOIN warehouse ON inventory.inv_warehouse_sk = warehouse.w_warehouse_sk LIMIT 185;39049b6da588c7455e9e40a4f076224e
98;SELECT store_sales.* FROM store_sales JOIN date_dim ON store_sales.ss_sold_date_sk = date_dim.d_date_sk LIMIT 77;aedc350abfa6d064941f78945c606b2f
99;SELECT inventory.* FROM inventory JOIN warehouse ON inventory.inv_warehouse_sk = warehouse.w_warehouse_sk JOIN date_dim ON inventory.inv_date_sk = date_dim.d_date_sk LIMIT 218;8e066485c8eadd41503b1ce59780ba4b
100;SELECT catalog_sales.* FROM catalog_sales JOIN warehouse ON catalog_sales.cs_warehouse_sk = warehouse.w_warehouse_sk JOIN item ON catalog_sales.cs_item_sk = item.i_item_sk LIMIT 99;53bfd4c86415a7f1f6b428d05f748b8a
101;SELECT web_sales.* FROM web_sales JOIN item ON web_sales.ws_item_sk = item.i_item_sk LIMIT 405;805e2d603ed09a93605aec796e81fe33
102;SELECT web_returns.* FROM web_returns JOIN date_dim ON web_returns.wr_returned_date_sk = date_dim.d_date_sk LIMIT 363;1b9bdfc8a1e72d9be92bbacd4c180443
103;SELECT store_sales.* FROM store_sales JOIN item ON store_sales.ss_item_sk = item.i_item_sk LIMIT 346;8ef2ddf84e2d1a2c5d96139b959c8073
104;SELECT catalog_sales.* FROM catalog_sales JOIN warehouse ON catalog_sales.cs_warehouse_sk = warehouse.w_warehouse_sk JOIN date_dim ON catalog_sales.cs_sold_date_sk = date_dim.d_date_sk LIMIT 171;adbda3b7676bcc616e8d4ffce64de1a1
105;SELECT store_returns.* FROM store_returns JOIN customer ON store_returns.sr_customer_sk = customer.c_customer_sk LIMIT 412;906f5adce62de1c8302f33d445435c25
106;SELECT inventory.* FROM inventory JOIN item ON inventory.inv_item_sk = item.i_item_sk JOIN date_dim ON inventory.inv_date_sk = date_dim.d_date_sk LIMIT 78;b629603fd2de2ca3c89281c147e5fc51
107;SELECT web_returns.* FROM web_returns JOIN item ON web_returns.wr_item_sk = item.i_item_sk JOIN customer ON web_returns.wr_refunded_customer_sk = customer.c_customer_sk LIMIT 402;48e10a94ce23a9cf8b55a3db11732327
108;SELECT web_sales.* FROM web_sales JOIN customer ON web_sales.ws_bill_customer_sk = customer.c_customer_sk JOIN item ON web_sales.ws_item_sk = item.i_item_sk LIMIT 296;0adef253942643970c03fd3634ad85aa
109;SELECT store_sales.* FROM store_sales JOIN store ON store_sales.ss_store_sk = store.s_store_sk JOIN item ON store_sales.ss_item_sk = item.i_item_sk LIMIT 112;7720d06e38e5bf27ef6bba16e426b2a2
110;SELECT store_returns.* FROM store_returns JOIN date_dim ON store_returns.sr_returned_date_sk = date_dim.d_date_sk JOIN customer ON store_returns.sr_customer_sk = customer.c_customer_sk LIMIT 490;765dbdef5027a628dcfd0a16732630ba
111;SELECT catalog_sales.* FROM catalog_sales JOIN warehouse ON catalog_sales.cs_warehouse_sk = warehouse.w_warehouse_sk LIMIT 216;0a8f3cb23dcc632965c3b8cd385858d3
112;SELECT web_returns.* FROM web_returns JOIN date_dim ON web_returns.wr_returned_date_sk = date_dim.d_date_sk JOIN customer ON web_returns.wr_refunded_customer_sk = customer.c_customer_sk LIMIT 462;e964b2ebe9bcd935c469c89b9c717209
113;SELECT web_sales.* FROM web_sales JOIN date_dim ON web_sales.ws_sold_date_sk = date_dim.d_date_sk JOIN web_site ON web_sales.ws_web_site_sk = web_site.web_site_sk LIMIT 386;35097299f588285a7c0f63794cd4e587
114;SELECT store_sales.* FROM store_sales JOIN item ON store_sales.ss_item_sk = item.i_item_sk LIMIT 258;f0e51e1049f4404b5af40912c28d8694
115;SELECT catalog_sales.* FROM catalog_sales JOIN customer ON catalog_sales.cs_bill_customer_sk = customer.c_customer_sk JOIN item ON catalog_sales.cs_item_sk = item.i_item_sk LIMIT 496;7ffe01756b4b08453ce12436ae6ca75a
117;SELECT web_returns.* FROM web_returns JOIN customer ON web_returns.wr_refunded_customer_sk = customer.c_customer_sk LIMIT 71;2fe15d59d3b037f93b756ac7e342fb60
118;SELECT store_returns.* FROM store_returns JOIN customer ON store_returns.sr_customer_sk = customer.c_customer_sk JOIN date_dim ON store_returns.sr_returned_date_sk = date_dim.d_date_sk LIMIT 263;734b2ca60ec6f4bad3f514dd7850863e
119;SELECT web_returns.* FROM web_returns JOIN date_dim ON web_returns.wr_returned_date_sk = date_dim.d_date_sk JOIN item ON web_returns.wr_item_sk = item.i_item_sk LIMIT 496;1a6be5e9e9ebede8d7f6172923b94a7f
120;SELECT web_returns.* FROM web_returns JOIN item ON web_returns.wr_item_sk = item.i_item_sk JOIN customer ON web_returns.wr_refunded_customer_sk = customer.c_customer_sk LIMIT 102;4ac966d27e79cf7681889e92097a2cc9
121;SELECT web_sales.* FROM web_sales JOIN date_dim ON web_sales.ws_sold_date_sk = date_dim.d_date_sk JOIN web_site ON web_sales.ws_web_site_sk = web_site.web_site_sk LIMIT 242;6bd2fd63000488ec4f6b2b3f64acca9d
122;SELECT web_sales.* FROM web_sales JOIN date_dim ON web_sales.ws_sold_date_sk = date_dim.d_date_sk LIMIT 380;079f2d38cf185e409430197ff36a9b50
123;SELECT store_sales.* FROM store_sales JOIN item ON store_sales.ss_item_sk = item.i_item_sk LIMIT 306;b7d4244de3808c10b41c6e8ae6177aea
126;SELECT web_returns.* FROM web_returns JOIN item ON web_returns.wr_item_sk = item.i_item_sk JOIN customer ON web_returns.wr_refunded_customer_sk = customer.c_customer_sk LIMIT 93;544aae075317c1bfb22dbf7cc19aa875
127;SELECT inventory.* FROM inventory JOIN date_dim ON inventory.inv_date_sk = date_dim.d_date_sk JOIN item ON inventory.inv_item_sk = item.i_item_sk LIMIT 422;3e62406cc5d2b9b93c6bc724c9479313
128;SELECT store_sales.* FROM store_sales JOIN date_dim ON store_sales.ss_sold_date_sk = date_dim.d_date_sk LIMIT 256;be7626b2e086e4f63adaf5119641cf43
130;SELECT inventory.* FROM inventory JOIN date_dim ON inventory.inv_date_sk = date_dim.d_date_sk JOIN item ON inventory.inv_item_sk = item.i_item_sk LIMIT 323;bd6385127f920ada0f797f91d2b73990
131;SELECT dt.d_year, item.i_brand_id AS brand_id, item.i_brand AS brand, SUM(ss_ext_sales_price) AS ext_price FROM date_dim AS dt, store_sales, item WHERE dt.d_date_sk = store_sales.ss_sold_date_sk AND store_sales.ss_item_sk = item.i_item_sk AND item.i_manager_id = 1.0 AND dt.d_moy = 13 AND dt.d_year = 1018 GROUP BY dt.d_year, item.i_brand, item.i_brand_id ORDER BY dt.d_year, ext_price DESC NULLS LAST, brand_id LIMIT 127;39e3ed5feb7b609ea690115423450451
132;SELECT catalog_sales.* FROM catalog_sales JOIN item ON catalog_sales.cs_item_sk = item.i_item_sk JOIN warehouse ON catalog_sales.cs_warehouse_sk = warehouse.w_warehouse_sk LIMIT 449;7e0e671ffe0421f51a9e783517791461
133;SELECT catalog_sales.* FROM catalog_sales JOIN customer ON catalog_sales.cs_bill_customer_sk = customer.c_customer_sk LIMIT 292;0c17ed0cc1037913cf7d3e56fd6e762b
134;SELECT inventory.* FROM inventory JOIN item ON inventory.inv_item_sk = item.i_item_sk LIMIT 222;faafc3d9197a713ad6f66aa17aea82dd
135;SELECT catalog_sales.* FROM catalog_sales JOIN warehouse ON catalog_sales.cs_warehouse_sk = warehouse.w_warehouse_sk JOIN date_dim ON catalog_sales.cs_sold_date_sk = date_dim.d_date_sk LIMIT 77;f60e5466dfa912e5320f48a90c5f1f7e
136;SELECT inventory.* FROM inventory JOIN warehouse ON inventory.inv_warehouse_sk = warehouse.w_warehouse_sk LIMIT 150;4071a9628cdbd46a60d693eb619e1663
137;SELECT catalog_sales.* FROM catalog_sales JOIN date_dim ON catalog_sales.cs_sold_date_sk = date_dim.d_date_sk JOIN warehouse ON catalog_sales.cs_warehouse_sk = warehouse.w_warehouse_sk LIMIT 457;6fb4831eb02037362194d4c3865f4f4c
138;SELECT dt.d_year, item.i_brand_id AS brand_id, item.i_brand AS brand, SUM(ss_ext_sales_price) AS sum_agg FROM date_dim AS dt, store_sales, item WHERE dt.d_date_sk = store_sales.ss_sold_date_sk AND store_sales.ss_item_sk = item.i_item_sk AND item.i_manufact_id = 132 AND dt.d_moy = 8 GROUP BY dt.d_year, item.i_brand, item.i_brand_id ORDER BY dt.d_year, sum_agg DESC NULLS LAST, brand_id LIMIT 91;28e6de49bcd82fe3a165fe2ead0527a6
139;SELECT inventory.* FROM inventory JOIN date_dim ON inventory.inv_date_sk = date_dim.d_date_sk LIMIT 358;2e5a28e3ac49c7d513fbe45cd4781627
141;SELECT catalog_sales.* FROM catalog_sales JOIN date_dim ON catalog_sales.cs_sold_date_sk = date_dim.d_date_sk LIMIT 270;6e6de79f529c6f37178ddf48e0782226
142;SELECT web_returns.* FROM web_returns JOIN date_dim ON web_returns.wr_returned_date_sk = date_dim.d_date_sk LIMIT 406;450a6eb8970d8dced224b3700192a77c
143;"SELECT w_substr, sm_type, web_name, SUM(CASE WHEN (ws_ship_date_sk - ws_sold_date_sk <= 33) THEN 1.0 ELSE 0.0 END) AS ""30 days"", SUM(CASE WHEN (ws_ship_date_sk - ws_sold_date_sk > 19) AND (ws_ship_date_sk - ws_sold_date_sk <= 71) THEN 1.0 ELSE 0.0 END) AS ""31-60 days"", SUM(CASE WHEN (ws_ship_date_sk - ws_sold_date_sk > 67) AND (ws_ship_date_sk - ws_sold_date_sk <= 61) THEN 1.0 ELSE 0.0 END) AS ""61-90 days"", SUM(CASE WHEN (ws_ship_date_sk - ws_sold_date_sk > 64) AND (ws_ship_date_sk - ws_sold_date_sk <= 68) THEN 1.0 ELSE 0.0 END) AS ""91-120 days"", SUM(CASE WHEN (ws_ship_date_sk - ws_sold_date_sk > 76) THEN 1.0 ELSE 0.0 END) AS "">120 days"" FROM web_sales, (SELECT SUBSTRING(w_warehouse_name FROM 1.0 FOR 26) AS w_substr, * FROM warehouse) AS sq1, ship_mode, web_site, date_dim WHERE d_month_seq BETWEEN 913 AND 1188 + 8 AND ws_ship_date_sk = d_date_sk AND ws_warehouse_sk = w_warehouse_sk AND ws_ship_mode_sk = sm_ship_mode_sk AND ws_web_site_sk = web_site_sk GROUP BY w_substr, sm_type, web_name ORDER BY 1.0 NULLS FIRST, 2 NULLS FIRST, 2 NULLS FIRST LIMIT 82";f6ff89267bd3432f2cf66497ea8aef46
144;SELECT store_sales.* FROM store_sales JOIN date_dim ON store_sales.ss_sold_date_sk = date_dim.d_date_sk JOIN item ON store_sales.ss_item_sk = item.i_item_sk LIMIT 248;5062727e1854310a0e355364890827a7
145;SELECT store_sales.* FROM store_sales JOIN customer ON store_sales.ss_customer_sk = customer.c_customer_sk LIMIT 387;d3032a493e8063f8e27a0ddd54fe8916
146;SELECT store_returns.* FROM store_returns JOIN date_dim ON store_returns.sr_returned_date_sk = date_dim.d_date_sk JOIN customer ON store_returns.sr_customer_sk = customer.c_customer_sk LIMIT 361;bba4480ac67578032ab28d55d535bbc7
147;SELECT store_sales.* FROM store_sales JOIN date_dim ON store_sales.ss_sold_date_sk = date_dim.d_date_sk JOIN customer ON store_sales.ss_customer_sk = customer.c_customer_sk LIMIT 265;430ea7f46a0811276257210868dbd72c
149;SELECT web_sales.* FROM web_sales JOIN customer ON web_sales.ws_bill_customer_sk = customer.c_customer_sk JOIN web_site ON web_sales.ws_web_site_sk = web_site.web_site_sk LIMIT 469;1c1b5aca7c69bd45822dde9778b49400
151;SELECT catalog_sales.* FROM catalog_sales JOIN warehouse ON catalog_sales.cs_warehouse_sk = warehouse.w_warehouse_sk LIMIT 270;dfd8b9a195b858ebb7620d64b4c3a57b
152;SELECT web_sales.* FROM web_sales JOIN item ON web_sales.ws_item_sk = item.i_item_sk LIMIT 121;acb72e3ee2b21f5ec7d7f79bdd76b2b9
153;SELECT web_returns.* FROM web_returns JOIN date_dim ON web_returns.wr_returned_date_sk = date_dim.d_date_sk LIMIT 450;bbf7ec91170456ba4d5abd16011350da
154;SELECT store_sales.* FROM store_sales JOIN date_dim ON store_sales.ss_sold_date_sk = date_dim.d_date_sk LIMIT 439;eb8832f27501c054bf438b9f70ece0bc
155;SELECT web_sales.* FROM web_sales JOIN web_site ON web_sales.ws_web_site_sk = web_site.web_site_sk LIMIT 154;d30450f72b171c5f062e750f31c43f12
156;SELECT web_returns.* FROM web_returns JOIN item ON web_returns.wr_item_sk = item.i_item_sk LIMIT 496;fadc37fc5ff3cff81be744e0123d8e90
157;SELECT web_sales.* FROM web_sales JOIN web_site ON web_sales.ws_web_site_sk = web_site.web_site_sk LIMIT 195;0099ce0194a2f583bc57fa26757fb23b
158;SELECT web_returns.* FROM web_returns JOIN item ON web_returns.wr_item_sk = item.i_item_sk JOIN customer ON web_returns.wr_refunded_customer_sk = customer.c_customer_sk LIMIT 256;f8bbaf889fb16aa97a2524cd57831529
159;SELECT catalog_sales.* FROM catalog_sales JOIN date_dim ON catalog_sales.cs_sold_date_sk = date_dim.d_date_sk JOIN customer ON catalog_sales.cs_bill_customer_sk = customer.c_customer_sk LIMIT 312;d660f501c0bee3ae32426764b193cddd
160;SELECT store_sales.* FROM store_sales JOIN store ON store_sales.ss_store_sk = store.s_store_sk LIMIT 304;b6c26636cf93013ae600ab57ebe97819
161;SELECT store_sales.* FROM store_sales JOIN date_dim ON store_sales.ss_sold_date_sk = date_dim.d_date_sk LIMIT 89;8a6d60b287af165d8e455a6c153ad236
162;SELECT inventory.* FROM inventory JOIN warehouse ON inventory.inv_warehouse_sk = warehouse.w_warehouse_sk LIMIT 336;59550e0987f3c105043f307331a53bcb
163;SELECT a.ca_state AS state, COUNT(*) AS cnt FROM customer_address AS a, customer AS c, store_sales AS s, date_dim AS d WHERE  GROUP BY a.ca_state HAVING COUNT(*) >= 6 ORDER BY cnt NULLS FIRST, a.ca_state NULLS FIRST LIMIT 63;7593a7eba96b6ad66cd4e5b364785b7c
164;SELECT web_returns.* FROM web_returns JOIN date_dim ON web_returns.wr_returned_date_sk = date_dim.d_date_sk JOIN customer ON web_returns.wr_refunded_customer_sk = customer.c_customer_sk LIMIT 205;803eeea8522342063d15bcc8ecc5f71d
165;SELECT store_sales.* FROM store_sales JOIN date_dim ON store_sales.ss_sold_date_sk = date_dim.d_date_sk LIMIT 67;c845fd2fde8e0e04eedef08e1bc9a02c
166;SELECT catalog_sales.* FROM catalog_sales JOIN item ON catalog_sales.cs_item_sk = item.i_item_sk LIMIT 289;8a14ec00c0e65423b3917f4949b66f16
167;SELECT store_returns.* FROM store_returns JOIN item ON store_returns.sr_item_sk = item.i_item_sk LIMIT 499;f97a5bb69ea37c68029dc4a3fe5bb835
168;SELECT inventory.* FROM inventory JOIN item ON inventory.inv_item_sk = item.i_item_sk LIMIT 113;896aa553651110e12bc9e4d6b7789382
169;"SELECT w_substr, sm_type, LOWER(cc_name) AS cc_name_lower, SUM(CASE WHEN (cs_ship_date_sk - cs_sold_date_sk <= 37) THEN 1.0 ELSE 0.0 END) AS ""30 days"", SUM(CASE WHEN (cs_ship_date_sk - cs_sold_date_sk > 38) AND (cs_ship_date_sk - cs_sold_date_sk <= 63) THEN 1.0 ELSE 0.0 END) AS ""31-60 days"", SUM(CASE WHEN (cs_ship_date_sk - cs_sold_date_sk > 57) AND (cs_ship_date_sk - cs_sold_date_sk <= 66) THEN 1.0 ELSE 0.0 END) AS ""61-90 days"", SUM(CASE WHEN (cs_ship_date_sk - cs_sold_date_sk > 104) AND (cs_ship_date_sk - cs_sold_date_sk <= 173) THEN 1.0 ELSE 0.0 END) AS ""91-120 days"", SUM(CASE WHEN (cs_ship_date_sk - cs_sold_date_sk > 121) THEN 1.0 ELSE 0.0 END) AS "">120 days"" FROM catalog_sales, (SELECT SUBSTRING(w_warehouse_name FROM 1.0 FOR 24) AS w_substr, * FROM warehouse) AS sq1, ship_mode, call_center, date_dim WHERE d_month_seq BETWEEN 880 AND 1275 + 12 AND cs_ship_date_sk = d_date_sk AND cs_warehouse_sk = w_warehouse_sk AND cs_ship_mode_sk = sm_ship_mode_sk AND cs_call_center_sk = cc_call_center_sk GROUP BY w_substr, sm_type, cc_name ORDER BY w_substr NULLS FIRST, sm_type NULLS FIRST, cc_name_lower NULLS FIRST LIMIT 134";575f9762fe8884620a1edba4e7f29b39
170;WITH all_sales AS (SELECT d_year, i_brand_id, i_class_id, i_category_id, i_manufact_id, SUM(sales_cnt) AS sales_cnt, SUM(sales_amt) AS sales_amt FROM (SELECT d_year, i_brand_id, i_class_id, i_category_id, i_manufact_id, cs_quantity - COALESCE(cr_return_quantity, 0.0) AS sales_cnt, cs_ext_sales_price - COALESCE(cr_return_amount, 0.0) AS sales_amt FROM catalog_sales JOIN item ON i_item_sk = cs_item_sk JOIN date_dim ON d_date_sk = cs_sold_date_sk LEFT JOIN catalog_returns ON (cs_order_number = cr_order_number AND cs_item_sk = cr_item_sk) WHERE i_category = 'Books' UNION SELECT d_year, i_brand_id, i_class_id, i_category_id, i_manufact_id, ss_quantity - COALESCE(sr_return_quantity, 0.0) AS sales_cnt, ss_ext_sales_price - COALESCE(sr_return_amt, 0.0) AS sales_amt FROM store_sales JOIN item ON i_item_sk = ss_item_sk JOIN date_dim ON d_date_sk = ss_sold_date_sk LEFT JOIN store_returns ON (ss_ticket_number = sr_ticket_number AND ss_item_sk = sr_item_sk) WHERE i_category = 'Books' UNION SELECT d_year, i_brand_id, i_class_id, i_category_id, i_manufact_id, ws_quantity - COALESCE(wr_return_quantity, 0.0) AS sales_cnt, ws_ext_sales_price - COALESCE(wr_return_amt, 0.0) AS sales_amt FROM web_sales JOIN item ON i_item_sk = ws_item_sk JOIN date_dim ON d_date_sk = ws_sold_date_sk WHERE i_category = 'Books') AS sales_detail GROUP BY d_year, i_brand_id, i_class_id, i_category_id, i_manufact_id) SELECT prev_yr.d_year AS prev_year, curr_yr.d_year AS year_, curr_yr.i_brand_id, curr_yr.i_class_id, curr_yr.i_category_id, curr_yr.i_manufact_id, prev_yr.sales_cnt AS prev_yr_cnt, curr_yr.sales_cnt AS curr_yr_cnt, curr_yr.sales_cnt - prev_yr.sales_cnt AS sales_cnt_diff, curr_yr.sales_amt - prev_yr.sales_amt AS sales_amt_diff FROM all_sales AS curr_yr, all_sales AS prev_yr WHERE curr_yr.i_brand_id = prev_yr.i_brand_id AND curr_yr.i_class_id = prev_yr.i_class_id AND curr_yr.i_category_id = prev_yr.i_category_id AND curr_yr.i_manufact_id = prev_yr.i_manufact_id AND curr_yr.d_year = 2018 AND prev_yr.d_year = 1454 - 1.0 AND CAST(curr_yr.sales_cnt AS DECIMAL(13, 1)) / NULLIF(CAST(prev_yr.sales_cnt AS DECIMAL(17, 2)), 0) < 0.9 ORDER BY sales_cnt_diff, sales_amt_diff LIMIT 60;d11e64546875697d93b1999579658ac5
171;SELECT store_sales.* FROM store_sales JOIN store ON store_sales.ss_store_sk = store.s_store_sk JOIN date_dim ON store_sales.ss_sold_date_sk = date_dim.d_date_sk LIMIT 354;9b5f4567a79f8f79ca8005cbbc257150
172;SELECT web_sales.* FROM web_sales JOIN customer ON web_sales.ws_bill_customer_sk = customer.c_customer_sk LIMIT 208;b01694cb2cd47cd0b2ff49187d6cbd16
173;SELECT web_sales.* FROM web_sales JOIN customer ON web_sales.ws_bill_customer_sk = customer.c_customer_sk JOIN date_dim ON web_sales.ws_sold_date_sk = date_dim.d_date_sk LIMIT 295;21e4a5098c488880baeb64187d1651d9
174;SELECT web_returns.* FROM web_returns JOIN customer ON web_returns.wr_refunded_customer_sk = customer.c_customer_sk JOIN item ON web_returns.wr_item_sk = item.i_item_sk LIMIT 480;1de66f72ddf78e1899cc9b0793ecd8d0
175;SELECT store_returns.* FROM store_returns JOIN date_dim ON store_returns.sr_returned_date_sk = date_dim.d_date_sk LIMIT 100;c8b50d8b3d807b8c09348440b8e1d4a8
176;SELECT store_sales.* FROM store_sales JOIN store ON store_sales.ss_store_sk = store.s_store_sk LIMIT 335;391788bfbf917ec91fb718e7aba0d195
177;SELECT catalog_sales.* FROM catalog_sales JOIN date_dim ON catalog_sales.cs_sold_date_sk = date_dim.d_date_sk LIMIT 190;e274fdef883a6725ac99760f56f38f2e
178;SELECT store_sales.* FROM store_sales JOIN store ON store_sales.ss_store_sk = store.s_store_sk LIMIT 67;351cabe278e424f720ab6f506f2bc899
180;SELECT web_sales.* FROM web_sales JOIN web_site ON web_sales.ws_web_site_sk = web_site.web_site_sk LIMIT 178;6bc666f32326146897887f57bbfdd59f
181;SELECT inventory.* FROM inventory JOIN date_dim ON inventory.inv_date_sk = date_dim.d_date_sk LIMIT 277;e407916313026aa7db82c4517bf20991
182;SELECT web_returns.* FROM web_returns JOIN customer ON web_returns.wr_refunded_customer_sk = customer.c_customer_sk LIMIT 83;e96c551045a75bcc3b6bad6aaf5e5661
186;SELECT store_returns.* FROM store_returns JOIN date_dim ON store_returns.sr_returned_date_sk = date_dim.d_date_sk LIMIT 328;5e7b5fe65f394a6251394d8b5c80e255
187;SELECT catalog_sales.* FROM catalog_sales JOIN customer ON catalog_sales.cs_bill_customer_sk = customer.c_customer_sk JOIN item ON catalog_sales.cs_item_sk = item.i_item_sk LIMIT 100;abc8da8419cd66c9b78cff87a508e333
188;SELECT catalog_sales.* FROM catalog_sales JOIN date_dim ON catalog_sales.cs_sold_date_sk = date_dim.d_date_sk LIMIT 308;8048c280d7c041bd0458eafc2e711bde
189;SELECT store_returns.* FROM store_returns JOIN date_dim ON store_returns.sr_returned_date_sk = date_dim.d_date_sk LIMIT 316;40b77ce6a9e8ff16dd3679b859d2fff2
190;SELECT web_returns.* FROM web_returns JOIN date_dim ON web_returns.wr_returned_date_sk = date_dim.d_date_sk JOIN item ON web_returns.wr_item_sk = item.i_item_sk LIMIT 216;7f6ab6cd77091502cb4809e5aea19f69
191;SELECT web_returns.* FROM web_returns JOIN date_dim ON web_returns.wr_returned_date_sk = date_dim.d_date_sk LIMIT 174;09b5908bea15fcb8fc80ed53697d4943
192;SELECT store_sales.* FROM store_sales JOIN store ON store_sales.ss_store_sk = store.s_store_sk JOIN customer ON store_sales.ss_customer_sk = customer.c_customer_sk LIMIT 311;1c4d31dc77d2079e4770e1e2cfd1744a
193;SELECT store_returns.* FROM store_returns JOIN item ON store_returns.sr_item_sk = item.i_item_sk JOIN customer ON store_returns.sr_customer_sk = customer.c_customer_sk LIMIT 409;742b25eff5498fe278eee041a5f046bb
194;SELECT web_returns.* FROM web_returns JOIN customer ON web_returns.wr_refunded_customer_sk = customer.c_customer_sk JOIN item ON web_returns.wr_item_sk = item.i_item_sk LIMIT 154;0c474f4415a9845795d725688c6c5c0b
195;SELECT store_sales.* FROM store_sales JOIN date_dim ON store_sales.ss_sold_date_sk = date_dim.d_date_sk JOIN store ON store_sales.ss_store_sk = store.s_store_sk LIMIT 82;5fa5c3862a8c6b583144e7920391a92b
196;SELECT store_sales.* FROM store_sales JOIN date_dim ON store_sales.ss_sold_date_sk = date_dim.d_date_sk JOIN item ON store_sales.ss_item_sk = item.i_item_sk LIMIT 317;5e7cf68d0acb74b49e1a7de3ced72848
197;SELECT catalog_sales.* FROM catalog_sales JOIN customer ON catalog_sales.cs_bill_customer_sk = customer.c_customer_sk JOIN date_dim ON catalog_sales.cs_sold_date_sk = date_dim.d_date_sk LIMIT 226;685574dd6337a4a44975c537438cfe4e
198;SELECT store_returns.* FROM store_returns JOIN date_dim ON store_returns.sr_returned_date_sk = date_dim.d_date_sk LIMIT 241;86be20747bbab3e943b08357e2062eca
199;SELECT store_returns.* FROM store_returns JOIN date_dim ON store_returns.sr_returned_date_sk = date_dim.d_date_sk JOIN item ON store_returns.sr_item_sk = item.i_item_sk LIMIT 213;cbbf44ee4fe621e1b2ce0db39153fa7b
200;SELECT web_sales.* FROM web_sales JOIN date_dim ON web_sales.ws_sold_date_sk = date_dim.d_date_sk LIMIT 410;9a1aeb687394074f3570caf0183e65fb
201;SELECT store_returns.* FROM store_returns JOIN date_dim ON store_returns.sr_returned_date_sk = date_dim.d_date_sk JOIN item ON store_returns.sr_item_sk = item.i_item_sk LIMIT 77;fa11f126a62b0f9970512a033eebb39f
202;SELECT catalog_sales.* FROM catalog_sales JOIN date_dim ON catalog_sales.cs_sold_date_sk = date_dim.d_date_sk JOIN item ON catalog_sales.cs_item_sk = item.i_item_sk LIMIT 82;54efd8f25583b397988d6e0a2a1b465d
203;SELECT catalog_sales.* FROM catalog_sales JOIN warehouse ON catalog_sales.cs_warehouse_sk = warehouse.w_warehouse_sk LIMIT 313;a895b647d73c21f49ebb02ac04cd8ea7
204;SELECT web_returns.* FROM web_returns JOIN customer ON web_returns.wr_refunded_customer_sk = customer.c_customer_sk JOIN date_dim ON web_returns.wr_returned_date_sk = date_dim.d_date_sk LIMIT 286;a92809690185ed132576ff06989e43e6
205;SELECT inventory.* FROM inventory JOIN warehouse ON inventory.inv_warehouse_sk = warehouse.w_warehouse_sk JOIN item ON inventory.inv_item_sk = item.i_item_sk LIMIT 318;22ab68da1bf0de9e661263dbff369dd4
206;SELECT web_returns.* FROM web_returns JOIN customer ON web_returns.wr_refunded_customer_sk = customer.c_customer_sk LIMIT 210;3234067c55d18641df146f9b0903c22c
208;SELECT store_returns.* FROM store_returns JOIN item ON store_returns.sr_item_sk = item.i_item_sk LIMIT 317;79fe02898a32f9d4b82de4dd2622c548
209;SELECT web_returns.* FROM web_returns JOIN customer ON web_returns.wr_refunded_customer_sk = customer.c_customer_sk JOIN date_dim ON web_returns.wr_returned_date_sk = date_dim.d_date_sk LIMIT 322;22871ca620f4b2f1cd1f4e09fb06487d
210;SELECT web_returns.* FROM web_returns JOIN item ON web_returns.wr_item_sk = item.i_item_sk LIMIT 142;49c7449264d71c209901c7f98f03c8ec
211;SELECT web_sales.* FROM web_sales JOIN web_site ON web_sales.ws_web_site_sk = web_site.web_site_sk JOIN item ON web_sales.ws_item_sk = item.i_item_sk LIMIT 490;207f47240312de504f058b1682493e0b
212;SELECT store_sales.* FROM store_sales JOIN store ON store_sales.ss_store_sk = store.s_store_sk LIMIT 84;f79a5f29342bc9eed44db702ca857615
213;SELECT store_returns.* FROM store_returns JOIN date_dim ON store_returns.sr_returned_date_sk = date_dim.d_date_sk LIMIT 263;bc2faf72ea44f827d2655a9a0ee27cce
214;SELECT web_sales.* FROM web_sales JOIN date_dim ON web_sales.ws_sold_date_sk = date_dim.d_date_sk LIMIT 326;2e5d3cb8f632f5f3b1bfe35cf9f0de80
215;SELECT store_returns.* FROM store_returns JOIN item ON store_returns.sr_item_sk = item.i_item_sk JOIN date_dim ON store_returns.sr_returned_date_sk = date_dim.d_date_sk LIMIT 225;2ad2b5ebd897c2b9b61d176cf4234222
217;SELECT web_returns.* FROM web_returns JOIN item ON web_returns.wr_item_sk = item.i_item_sk JOIN date_dim ON web_returns.wr_returned_date_sk = date_dim.d_date_sk LIMIT 278;dc87bd8fcf431eb874fed179810180b1
218;SELECT catalog_sales.* FROM catalog_sales JOIN date_dim ON catalog_sales.cs_sold_date_sk = date_dim.d_date_sk LIMIT 440;a194572e44d07e1cba20457a6a1bb10e
219;SELECT web_returns.* FROM web_returns JOIN date_dim ON web_returns.wr_returned_date_sk = date_dim.d_date_sk JOIN item ON web_returns.wr_item_sk = item.i_item_sk LIMIT 277;5a64f88dc326e11e46311d1df3b4361e
220;SELECT web_sales.* FROM web_sales JOIN date_dim ON web_sales.ws_sold_date_sk = date_dim.d_date_sk JOIN web_site ON web_sales.ws_web_site_sk = web_site.web_site_sk LIMIT 379;146d7cc00502e06695e25391d444045f
223;SELECT store_returns.* FROM store_returns JOIN customer ON store_returns.sr_customer_sk = customer.c_customer_sk LIMIT 201;5fbfb25a1c939720be4fa304ca7c9d86
224;SELECT store_sales.* FROM store_sales JOIN store ON store_sales.ss_store_sk = store.s_store_sk JOIN date_dim ON store_sales.ss_sold_date_sk = date_dim.d_date_sk LIMIT 317;e118d1bb20e3d60144a75ee05e15a03a
225;SELECT web_returns.* FROM web_returns JOIN customer ON web_returns.wr_refunded_customer_sk = customer.c_customer_sk JOIN item ON web_returns.wr_item_sk = item.i_item_sk LIMIT 169;d0b6afb42feff455d40d9d65587fb5e2
226;SELECT catalog_sales.* FROM catalog_sales JOIN customer ON catalog_sales.cs_bill_customer_sk = customer.c_customer_sk LIMIT 154;2c77ccd1036340d3ac581a062e41be2d
227;SELECT web_returns.* FROM web_returns JOIN item ON web_returns.wr_item_sk = item.i_item_sk LIMIT 238;5900d53f9e567d334acbf5723865d9bd
228;SELECT inventory.* FROM inventory JOIN warehouse ON inventory.inv_warehouse_sk = warehouse.w_warehouse_sk JOIN date_dim ON inventory.inv_date_sk = date_dim.d_date_sk LIMIT 175;e21466494039d6cfe36be11a70563fd3
229;SELECT inventory.* FROM inventory JOIN warehouse ON inventory.inv_warehouse_sk = warehouse.w_warehouse_sk LIMIT 89;2d56a1f4ed049179cc19c1e20f21d899
230;SELECT inventory.* FROM inventory JOIN item ON inventory.inv_item_sk = item.i_item_sk JOIN warehouse ON inventory.inv_warehouse_sk = warehouse.w_warehouse_sk LIMIT 52;f79931345f9a6b5c1f3132e6c6c5bf6f
231;SELECT store_sales.* FROM store_sales JOIN item ON store_sales.ss_item_sk = item.i_item_sk JOIN date_dim ON store_sales.ss_sold_date_sk = date_dim.d_date_sk LIMIT 179;6215f20138929ba4e3bc0ba97aa33d50
232;SELECT store_returns.* FROM store_returns JOIN date_dim ON store_returns.sr_returned_date_sk = date_dim.d_date_sk LIMIT 261;171c6ba8405bb00915be3aee08b685cd
233;SELECT store_returns.* FROM store_returns JOIN customer ON store_returns.sr_customer_sk = customer.c_customer_sk JOIN item ON store_returns.sr_item_sk = item.i_item_sk LIMIT 372;51d9eb9173bc3ca617a925d75bad704d
235;SELECT web_sales.* FROM web_sales JOIN web_site ON web_sales.ws_web_site_sk = web_site.web_site_sk JOIN item ON web_sales.ws_item_sk = item.i_item_sk LIMIT 69;1318a0af2aab5ca1cc6be7a8b0b01858
236;SELECT inventory.* FROM inventory JOIN date_dim ON inventory.inv_date_sk = date_dim.d_date_sk LIMIT 324;10ca41702cf9c7a5f939ed5dc8d4f19e
237;SELECT catalog_sales.* FROM catalog_sales JOIN date_dim ON catalog_sales.cs_sold_date_sk = date_dim.d_date_sk JOIN warehouse ON catalog_sales.cs_warehouse_sk = warehouse.w_warehouse_sk LIMIT 317;c35ab3bccb4be31d49dbf02f4e56de93
238;SELECT web_sales.* FROM web_sales JOIN date_dim ON web_sales.ws_sold_date_sk = date_dim.d_date_sk JOIN customer ON web_sales.ws_bill_customer_sk = customer.c_customer_sk LIMIT 474;296767d49a0aaa730f07edc75d46ee8b
239;SELECT web_sales.* FROM web_sales JOIN item ON web_sales.ws_item_sk = item.i_item_sk JOIN customer ON web_sales.ws_bill_customer_sk = customer.c_customer_sk LIMIT 149;ded2d57438cc3082046bd6b117fb8585
240;SELECT web_sales.* FROM web_sales JOIN customer ON web_sales.ws_bill_customer_sk = customer.c_customer_sk JOIN date_dim ON web_sales.ws_sold_date_sk = date_dim.d_date_sk LIMIT 442;b601fb55133cb079bbc74ff0c15acf0c
241;SELECT web_returns.* FROM web_returns JOIN customer ON web_returns.wr_refunded_customer_sk = customer.c_customer_sk LIMIT 362;e32c2ac780f6b95027b5ada1f1bac2fa
242;WITH ssr AS (SELECT s_store_id, SUM(sales_price) AS sales, SUM(profit) AS profit, SUM(return_amt) AS returns_, SUM(net_loss) AS profit_loss FROM (SELECT ss_store_sk AS store_sk, ss_sold_date_sk AS date_sk, ss_ext_sales_price AS sales_price, ss_net_profit AS profit, CAST(0.0 AS DECIMAL(4, 1)) AS return_amt, CAST(0.0 AS DECIMAL(6, 1)) AS net_loss FROM store_sales UNION ALL SELECT sr_store_sk AS store_sk, sr_returned_date_sk AS date_sk, CAST(0.0 AS DECIMAL(4, 2)) AS sales_price, CAST(0.0 AS DECIMAL(4, 1)) AS profit, sr_return_amt AS return_amt, sr_net_loss AS net_loss FROM store_returns) AS salesreturns, date_dim, store WHERE date_sk = d_date_sk AND d_date BETWEEN CAST('2000-08-23' AS DATE) AND CAST('2000-09-06' AS DATE) AND store_sk = s_store_sk GROUP BY s_store_id), csr AS (SELECT cp_catalog_page_id, SUM(sales_price) AS sales, SUM(profit) AS profit, SUM(return_amt) AS returns_, SUM(net_loss) AS profit_loss FROM (SELECT cs_catalog_page_sk AS page_sk, cs_sold_date_sk AS date_sk, cs_ext_sales_price AS sales_price, cs_net_profit AS profit, CAST(0.0 AS DECIMAL(4, 1)) AS return_amt, CAST(0.0 AS DECIMAL(5, 2)) AS net_loss FROM catalog_sales UNION ALL SELECT cr_catalog_page_sk AS page_sk, cr_returned_date_sk AS date_sk, CAST(0.0 AS DECIMAL(7, 2)) AS sales_price, CAST(0.0 AS DECIMAL(7, 1)) AS profit, cr_return_amount AS return_amt, cr_net_loss AS net_loss FROM catalog_returns) AS salesreturns, date_dim, catalog_page WHERE date_sk = d_date_sk AND d_date BETWEEN CAST('2000-08-23' AS DATE) AND CAST('2000-09-06' AS DATE) AND page_sk = cp_catalog_page_sk GROUP BY cp_catalog_page_id), wsr AS (SELECT web_site_id, SUM(sales_price) AS sales, SUM(profit) AS profit, SUM(return_amt) AS returns_, SUM(net_loss) AS profit_loss FROM (SELECT ws_web_site_sk AS wsr_web_site_sk, ws_sold_date_sk AS date_sk, ws_ext_sales_price AS sales_price, ws_net_profit AS profit, CAST(0.0 AS DECIMAL(10, 1)) AS return_amt, CAST(0.0 AS DECIMAL(9, 1)) AS net_loss FROM web_sales UNION ALL SELECT ws_web_site_sk AS wsr_web_site_sk, wr_returned_date_sk AS date_sk, CAST(0.0 AS DECIMAL(9, 1)) AS sales_price, CAST(0.0 AS DECIMAL(4, 1)) AS profit, wr_return_amt AS return_amt, wr_net_loss AS net_loss FROM web_returns) AS salesreturns, date_dim, web_site WHERE date_sk = d_date_sk AND d_date BETWEEN CAST('2000-08-23' AS DATE) AND CAST('2000-09-06' AS DATE) AND wsr_web_site_sk = web_site_sk GROUP BY web_site_id) SELECT channel, id, SUM(sales) AS sales, SUM(returns_) AS returns_, SUM(profit) AS profit FROM (SELECT 'store channel' AS channel, CONCAT('store', s_store_id) AS id, sales, returns_, (profit - profit_loss) AS profit FROM ssr UNION ALL SELECT 'catalog channel' AS channel, CONCAT('catalog_page', cp_catalog_page_id) AS id, sales, returns_, (profit - profit_loss) AS profit FROM csr UNION ALL SELECT 'web channel' AS channel, CONCAT('web_site', web_site_id) AS id, sales, returns_, (profit - profit_loss) AS profit FROM wsr) AS x GROUP BY ROLLUP (channel, id) ORDER BY channel NULLS FIRST, id NULLS FIRST LIMIT 116;edb6d5272ca5f523bbb12cdc5678f639
243;SELECT store_sales.* FROM store_sales JOIN date_dim ON store_sales.ss_sold_date_sk = date_dim.d_date_sk LIMIT 386;f378c8da3fceced0f266a0221124b91f
244;SELECT store_returns.* FROM store_returns JOIN date_dim ON store_returns.sr_returned_date_sk = date_dim.d_date_sk LIMIT 425;c9ba6aa902bd2e86592b5067b9c4594b
245;SELECT store_returns.* FROM store_returns JOIN customer ON store_returns.sr_customer_sk = customer.c_customer_sk JOIN date_dim ON store_returns.sr_returned_date_sk = date_dim.d_date_sk LIMIT 328;2d2af19677db94b674d4787150d28bb8
246;SELECT catalog_sales.* FROM catalog_sales JOIN date_dim ON catalog_sales.cs_sold_date_sk = date_dim.d_date_sk JOIN item ON catalog_sales.cs_item_sk = item.i_item_sk LIMIT 268;5e7e27d407f4e00f7f8ca9b3f0a59fcc
247;SELECT web_sales.* FROM web_sales JOIN web_site ON web_sales.ws_web_site_sk = web_site.web_site_sk LIMIT 334;7e300fd6e6fe406aa1b87740ff89ed59
248;SELECT catalog_sales.* FROM catalog_sales JOIN customer ON catalog_sales.cs_bill_customer_sk = customer.c_customer_sk JOIN warehouse ON catalog_sales.cs_warehouse_sk = warehouse.w_warehouse_sk LIMIT 466;fd7771849236c2c4eab821568fbd70e5
249;SELECT web_sales.* FROM web_sales JOIN date_dim ON web_sales.ws_sold_date_sk = date_dim.d_date_sk LIMIT 349;f2b915131b711e98a1b350eb824d6285
250;SELECT web_sales.* FROM web_sales JOIN web_site ON web_sales.ws_web_site_sk = web_site.web_site_sk JOIN date_dim ON web_sales.ws_sold_date_sk = date_dim.d_date_sk LIMIT 164;4be0d5fb37657d299301d980be6c5260
251;SELECT web_returns.* FROM web_returns JOIN item ON web_returns.wr_item_sk = item.i_item_sk LIMIT 231;494de63f1b9572f4220a08224f7a144a
252;SELECT inventory.* FROM inventory JOIN date_dim ON inventory.inv_date_sk = date_dim.d_date_sk JOIN warehouse ON inventory.inv_warehouse_sk = warehouse.w_warehouse_sk LIMIT 466;7714936b48694f8ef5f91932e3342ad6
253;SELECT store_returns.* FROM store_returns JOIN customer ON store_returns.sr_customer_sk = customer.c_customer_sk JOIN date_dim ON store_returns.sr_returned_date_sk = date_dim.d_date_sk LIMIT 469;01deccaf9b833f9441b911b4dd072ce7
254;SELECT store_returns.* FROM store_returns JOIN item ON store_returns.sr_item_sk = item.i_item_sk LIMIT 319;10a831be9351a701dee400f8b2256a99
255;SELECT web_sales.* FROM web_sales JOIN customer ON web_sales.ws_bill_customer_sk = customer.c_customer_sk JOIN date_dim ON web_sales.ws_sold_date_sk = date_dim.d_date_sk LIMIT 244;85ff643f3744f500a0b70306dc13932c
256;SELECT web_sales.* FROM web_sales JOIN web_site ON web_sales.ws_web_site_sk = web_site.web_site_sk JOIN item ON web_sales.ws_item_sk = item.i_item_sk LIMIT 500;cdd621ec7793a813f6f15ffb1195435e
259;SELECT store_sales.* FROM store_sales JOIN store ON store_sales.ss_store_sk = store.s_store_sk LIMIT 337;f167b3668083adfafd03952f065ebe50
260;SELECT store_returns.* FROM store_returns JOIN item ON store_returns.sr_item_sk = item.i_item_sk JOIN date_dim ON store_returns.sr_returned_date_sk = date_dim.d_date_sk LIMIT 273;4838ca13ce71adfb60d19d5f8354182e
261;SELECT inventory.* FROM inventory JOIN date_dim ON inventory.inv_date_sk = date_dim.d_date_sk LIMIT 207;c42b4084e7556a2c70e94ce13f058fd3
262;SELECT inventory.* FROM inventory JOIN warehouse ON inventory.inv_warehouse_sk = warehouse.w_warehouse_sk JOIN item ON inventory.inv_item_sk = item.i_item_sk LIMIT 223;3e97631c79e756e5f36bc32b7eea8b95
263;SELECT web_returns.* FROM web_returns JOIN date_dim ON web_returns.wr_returned_date_sk = date_dim.d_date_sk LIMIT 483;3e10a7f0ebf57414d5219aeab7cb6e16
264;SELECT web_returns.* FROM web_returns JOIN customer ON web_returns.wr_refunded_customer_sk = customer.c_customer_sk JOIN date_dim ON web_returns.wr_returned_date_sk = date_dim.d_date_sk LIMIT 232;8c180f4d192c754aad71164c03e53583
265;SELECT catalog_sales.* FROM catalog_sales JOIN customer ON catalog_sales.cs_bill_customer_sk = customer.c_customer_sk JOIN warehouse ON catalog_sales.cs_warehouse_sk = warehouse.w_warehouse_sk LIMIT 90;5704cd572421bf5c141068cf8dd8de59
266;SELECT store_returns.* FROM store_returns JOIN customer ON store_returns.sr_customer_sk = customer.c_customer_sk LIMIT 475;3ffe9b0b5ede51e302926fe6b0951ddb
267;SELECT store_sales.* FROM store_sales JOIN item ON store_sales.ss_item_sk = item.i_item_sk JOIN date_dim ON store_sales.ss_sold_date_sk = date_dim.d_date_sk LIMIT 209;2a79f11c5fc62e79a90cfc837ce04e56
268;SELECT web_returns.* FROM web_returns JOIN item ON web_returns.wr_item_sk = item.i_item_sk JOIN customer ON web_returns.wr_refunded_customer_sk = customer.c_customer_sk LIMIT 396;55079def0b6b1451b1c84da1e9d1da31
269;SELECT web_sales.* FROM web_sales JOIN item ON web_sales.ws_item_sk = item.i_item_sk LIMIT 360;803f0d8a70b314d12b684ace5fe4d3a1
270;SELECT store_returns.* FROM store_returns JOIN date_dim ON store_returns.sr_returned_date_sk = date_dim.d_date_sk JOIN item ON store_returns.sr_item_sk = item.i_item_sk LIMIT 120;aa8ebb683c0acc97adebef4af12f0135
271;SELECT catalog_sales.* FROM catalog_sales JOIN item ON catalog_sales.cs_item_sk = item.i_item_sk LIMIT 261;b78d373a66baa591384745a206093fa1
272;SELECT inventory.* FROM inventory JOIN warehouse ON inventory.inv_warehouse_sk = warehouse.w_warehouse_sk JOIN item ON inventory.inv_item_sk = item.i_item_sk LIMIT 407;b30d442fd5cc90db5ad9a58f307e3dea
273;SELECT web_sales.* FROM web_sales JOIN date_dim ON web_sales.ws_sold_date_sk = date_dim.d_date_sk JOIN item ON web_sales.ws_item_sk = item.i_item_sk LIMIT 285;948f59b3b9019e5f0ad9d16f914b8967
274;SELECT web_sales.* FROM web_sales JOIN item ON web_sales.ws_item_sk = item.i_item_sk LIMIT 306;757997b81a205ed1d2a76e245c7255ed
275;SELECT store_returns.* FROM store_returns JOIN date_dim ON store_returns.sr_returned_date_sk = date_dim.d_date_sk JOIN item ON store_returns.sr_item_sk = item.i_item_sk LIMIT 481;e383b559756868884d7728c3b89046e2
276;SELECT store_sales.* FROM store_sales JOIN date_dim ON store_sales.ss_sold_date_sk = date_dim.d_date_sk JOIN store ON store_sales.ss_store_sk = store.s_store_sk LIMIT 462;5d79ecfa846d4e44d0bc6a370070bf4e
277;SELECT inventory.* FROM inventory JOIN warehouse ON inventory.inv_warehouse_sk = warehouse.w_warehouse_sk JOIN date_dim ON inventory.inv_date_sk = date_dim.d_date_sk LIMIT 286;e336c51821c67ccc925472a40688712e
278;SELECT catalog_sales.* FROM catalog_sales JOIN item ON catalog_sales.cs_item_sk = item.i_item_sk JOIN date_dim ON catalog_sales.cs_sold_date_sk = date_dim.d_date_sk LIMIT 455;cdaf10aee8ec030957bd34883fa0920b
279;SELECT store_returns.* FROM store_returns JOIN item ON store_returns.sr_item_sk = item.i_item_sk LIMIT 277;bac931bad57ee554f29492ce907b4532
280;SELECT inventory.* FROM inventory JOIN item ON inventory.inv_item_sk = item.i_item_sk JOIN date_dim ON inventory.inv_date_sk = date_dim.d_date_sk LIMIT 407;959bdcb1f800ca9fc9cf3c494cfa630f
281;SELECT inventory.* FROM inventory JOIN warehouse ON inventory.inv_warehouse_sk = warehouse.w_warehouse_sk JOIN date_dim ON inventory.inv_date_sk = date_dim.d_date_sk LIMIT 414;b0be7b00a2065e87f0289e118dd54640
282;SELECT catalog_sales.* FROM catalog_sales JOIN warehouse ON catalog_sales.cs_warehouse_sk = warehouse.w_warehouse_sk JOIN customer ON catalog_sales.cs_bill_customer_sk = customer.c_customer_sk LIMIT 214;dc3c715bebe714d92fa3ba5de4358ab2
283;SELECT web_returns.* FROM web_returns JOIN date_dim ON web_returns.wr_returned_date_sk = date_dim.d_date_sk JOIN customer ON web_returns.wr_refunded_customer_sk = customer.c_customer_sk LIMIT 496;0e627d069a8200f54c878efd9dd82174
285;SELECT web_returns.* FROM web_returns JOIN customer ON web_returns.wr_refunded_customer_sk = customer.c_customer_sk JOIN item ON web_returns.wr_item_sk = item.i_item_sk LIMIT 240;28875b0deca23942a1c0c9d9c132fa9d
286;SELECT store_sales.* FROM store_sales JOIN item ON store_sales.ss_item_sk = item.i_item_sk JOIN date_dim ON store_sales.ss_sold_date_sk = date_dim.d_date_sk LIMIT 466;16c61bca46c1d0465e22361750113852
287;SELECT web_returns.* FROM web_returns JOIN date_dim ON web_returns.wr_returned_date_sk = date_dim.d_date_sk JOIN customer ON web_returns.wr_refunded_customer_sk = customer.c_customer_sk LIMIT 93;d7f852b1bee63801e5c79eb8a1576853
288;SELECT store_returns.* FROM store_returns JOIN date_dim ON store_returns.sr_returned_date_sk = date_dim.d_date_sk JOIN item ON store_returns.sr_item_sk = item.i_item_sk LIMIT 233;89322b60f256d3eb07d201453f4df131
290;SELECT store_sales.* FROM store_sales JOIN date_dim ON store_sales.ss_sold_date_sk = date_dim.d_date_sk LIMIT 244;c3e6b052b75374d2c59cd3cdd05795f5
291;SELECT inventory.* FROM inventory JOIN warehouse ON inventory.inv_warehouse_sk = warehouse.w_warehouse_sk JOIN item ON inventory.inv_item_sk = item.i_item_sk LIMIT 375;8e83fab85c00f73639cccdd50b5e27f2
292;SELECT web_sales.* FROM web_sales JOIN date_dim ON web_sales.ws_sold_date_sk = date_dim.d_date_sk LIMIT 159;956ad4b34b0f26dd4ed28d9ee224ec5f
293;SELECT web_returns.* FROM web_returns JOIN date_dim ON web_returns.wr_returned_date_sk = date_dim.d_date_sk JOIN item ON web_returns.wr_item_sk = item.i_item_sk LIMIT 405;335e088505130d14ba13fcee2521938f
294;SELECT dt.d_year, SUM(ss_ext_sales_price) AS ext_price FROM date_dim AS dt, store_sales WHERE  GROUP BY dt.d_year ORDER BY dt.d_year, ext_price DESC NULLS LAST, brand_id LIMIT 61;d765835c63dcdc649ed0b5f5e8ba8cc6
295;SELECT store_sales.* FROM store_sales JOIN item ON store_sales.ss_item_sk = item.i_item_sk JOIN date_dim ON store_sales.ss_sold_date_sk = date_dim.d_date_sk LIMIT 251;ce6a2941371a08772652746dac1575dc
296;SELECT channel, item, return_ratio, return_rank, currency_rank FROM (SELECT 'web' AS channel, web.item, web.return_ratio, web.return_rank, web.currency_rank FROM (SELECT item, return_ratio, currency_ratio, RANK() OVER (ORDER BY return_ratio) AS return_rank, RANK() OVER (ORDER BY currency_ratio) AS currency_rank FROM (SELECT ws.ws_item_sk AS item, (CAST(SUM(COALESCE(wr.wr_return_quantity, 0.0)) AS DECIMAL(21, 3)) / NULLIF(CAST(SUM(COALESCE(ws.ws_quantity, 0.0)) AS DECIMAL(22, 4)), 0)) AS return_ratio, (CAST(SUM(COALESCE(wr.wr_return_amt, 0.0)) AS DECIMAL(15, 4)) / NULLIF(CAST(SUM(COALESCE(ws.ws_net_paid, 0.0)) AS DECIMAL(16, 4)), 0)) AS currency_ratio FROM web_sales AS ws LEFT OUTER JOIN web_returns AS wr ON (ws.ws_order_number = wr.wr_order_number AND ws.ws_item_sk = wr.wr_item_sk), date_dim WHERE wr.wr_return_amt > 11677 AND ws.ws_net_profit > 1.0 AND ws.ws_net_paid > 0.0 AND ws.ws_quantity > 0.0 AND ws_sold_date_sk = d_date_sk AND d_year = 1015 AND d_moy = 16 GROUP BY ws.ws_item_sk) AS in_web) AS web WHERE (web.return_rank <= 8 OR web.currency_rank <= 5) UNION SELECT 'catalog' AS channel, catalog.item, catalog.return_ratio, catalog.return_rank, catalog.currency_rank FROM (SELECT item, return_ratio, currency_ratio, RANK() OVER (ORDER BY return_ratio) AS return_rank, RANK() OVER (ORDER BY currency_ratio) AS currency_rank FROM (SELECT cs.cs_item_sk AS item, (CAST(SUM(COALESCE(cr.cr_return_quantity, 0.0)) AS DECIMAL(9, 5)) / NULLIF(CAST(SUM(COALESCE(cs.cs_quantity, 0.0)) AS DECIMAL(13, 5)), 0)) AS return_ratio, (CAST(SUM(COALESCE(cr.cr_return_amount, 0.0)) AS DECIMAL(19, 5)) / NULLIF(CAST(SUM(COALESCE(cs.cs_net_paid, 0.0)) AS DECIMAL(17, 2)), 0)) AS currency_ratio FROM catalog_sales AS cs LEFT OUTER JOIN catalog_returns AS cr ON (cs.cs_order_number = cr.cr_order_number AND cs.cs_item_sk = cr.cr_item_sk), date_dim WHERE cr.cr_return_amount > 13893 AND cs.cs_net_profit > 1.0 AND cs.cs_net_paid > 0.0 AND cs.cs_quantity > 0.0 AND cs_sold_date_sk = d_date_sk AND d_year = 2904 AND d_moy = 9 GROUP BY cs.cs_item_sk) AS in_cat) AS CATALOG WHERE (catalog.return_rank <= 8 OR catalog.currency_rank <= 10) UNION SELECT 'store' AS channel, store.item, store.return_ratio, store.return_rank, store.currency_rank FROM (SELECT item, return_ratio, currency_ratio, RANK() OVER (ORDER BY return_ratio) AS return_rank, RANK() OVER (ORDER BY currency_ratio) AS currency_rank FROM (SELECT sts.ss_item_sk AS item, (CAST(SUM(COALESCE(sr.sr_return_quantity, 0.0)) AS DECIMAL(14, 5)) / NULLIF(CAST(SUM(COALESCE(sts.ss_quantity, 0.0)) AS DECIMAL(18, 4)), 0)) AS return_ratio, (CAST(SUM(COALESCE(sr.sr_return_amt, 0.0)) AS DECIMAL(18, 2)) / NULLIF(CAST(SUM(COALESCE(sts.ss_net_paid, 0.0)) AS DECIMAL(18, 5)), 0)) AS currency_ratio FROM store_sales AS sts LEFT OUTER JOIN store_returns AS sr ON (sts.ss_ticket_number = sr.sr_ticket_number AND sts.ss_item_sk = sr.sr_item_sk), date_dim WHERE sr.sr_return_amt > 11620 AND sts.ss_net_profit > 1.0 AND sts.ss_net_paid > 0.0 AND sts.ss_quantity > 0.0 AND ss_sold_date_sk = d_date_sk AND d_year = 1450 AND d_moy = 9 GROUP BY sts.ss_item_sk) AS in_store) AS store WHERE (store.return_rank <= 5 OR store.currency_rank <= 11)) AS sq1 ORDER BY 1.0 NULLS FIRST, 3 NULLS FIRST, 6 NULLS FIRST, 1 NULLS FIRST LIMIT 148;9955479f3e637df9ba28073960c5616b
298;SELECT web_sales.* FROM web_sales JOIN web_site ON web_sales.ws_web_site_sk = web_site.web_site_sk JOIN item ON web_sales.ws_item_sk = item.i_item_sk LIMIT 77;fc05fde867e0ed1a6d1a209aa9303298
299;SELECT inventory.* FROM inventory JOIN warehouse ON inventory.inv_warehouse_sk = warehouse.w_warehouse_sk JOIN item ON inventory.inv_item_sk = item.i_item_sk LIMIT 205;556d61bc014ef1dc6a06387b4dd3a7a9
300;SELECT inventory.* FROM inventory JOIN item ON inventory.inv_item_sk = item.i_item_sk JOIN date_dim ON inventory.inv_date_sk = date_dim.d_date_sk LIMIT 268;7310e8752743a77ccf3cdb188907258e
301;SELECT store_sales.* FROM store_sales JOIN date_dim ON store_sales.ss_sold_date_sk = date_dim.d_date_sk JOIN item ON store_sales.ss_item_sk = item.i_item_sk LIMIT 419;5006a19f03d1071a4803471643021f12
302;SELECT web_sales.* FROM web_sales JOIN item ON web_sales.ws_item_sk = item.i_item_sk JOIN customer ON web_sales.ws_bill_customer_sk = customer.c_customer_sk LIMIT 486;9e82e43f4e822fdbd20812f004e63cce
303;SELECT web_returns.* FROM web_returns JOIN item ON web_returns.wr_item_sk = item.i_item_sk JOIN customer ON web_returns.wr_refunded_customer_sk = customer.c_customer_sk LIMIT 417;f01d93b4637f6cf3ebd91c155942a760
304;SELECT web_returns.* FROM web_returns JOIN item ON web_returns.wr_item_sk = item.i_item_sk JOIN date_dim ON web_returns.wr_returned_date_sk = date_dim.d_date_sk LIMIT 409;f15ba8d2f4caebd05a63f830ae028055
305;SELECT web_sales.* FROM web_sales JOIN date_dim ON web_sales.ws_sold_date_sk = date_dim.d_date_sk JOIN item ON web_sales.ws_item_sk = item.i_item_sk LIMIT 179;d57d79e90888a5ace68bdcf723de2a1c
306;SELECT web_sales.* FROM web_sales JOIN item ON web_sales.ws_item_sk = item.i_item_sk LIMIT 230;da78b0d946f616badea52c523497a04e
307;SELECT store_sales.* FROM store_sales JOIN store ON store_sales.ss_store_sk = store.s_store_sk LIMIT 140;12f637cd2cbd95102ddf876c806c3bec
308;SELECT inventory.* FROM inventory JOIN warehouse ON inventory.inv_warehouse_sk = warehouse.w_warehouse_sk LIMIT 204;c11457844debdb72f8f6b0ed5a481925
309;SELECT inventory.* FROM inventory JOIN date_dim ON inventory.inv_date_sk = date_dim.d_date_sk LIMIT 151;352ec59fc014d34fb36edaf224a07787
310;SELECT web_returns.* FROM web_returns JOIN item ON web_returns.wr_item_sk = item.i_item_sk JOIN date_dim ON web_returns.wr_returned_date_sk = date_dim.d_date_sk LIMIT 415;f7670310a22c161ef4d2520ef9abf3e8
311;SELECT inventory.* FROM inventory JOIN date_dim ON inventory.inv_date_sk = date_dim.d_date_sk JOIN warehouse ON inventory.inv_warehouse_sk = warehouse.w_warehouse_sk LIMIT 281;efc023d27a2667ba3b1b7c300ad833a4
312;SELECT store_sales.* FROM store_sales JOIN customer ON store_sales.ss_customer_sk = customer.c_customer_sk LIMIT 79;c795b0cb56707d05b46248df8679769f
313;SELECT inventory.* FROM inventory JOIN item ON inventory.inv_item_sk = item.i_item_sk LIMIT 464;dcb2498be1bc1dab9682a548b8dfea15
314;SELECT web_returns.* FROM web_returns JOIN item ON web_returns.wr_item_sk = item.i_item_sk LIMIT 147;05c2e3040ef103acb2d70c835f73ab14
315;SELECT web_returns.* FROM web_returns JOIN customer ON web_returns.wr_refunded_customer_sk = customer.c_customer_sk LIMIT 214;daf51138dc675aa0d56eb22e3dec89aa
317;SELECT web_returns.* FROM web_returns JOIN date_dim ON web_returns.wr_returned_date_sk = date_dim.d_date_sk JOIN customer ON web_returns.wr_refunded_customer_sk = customer.c_customer_sk LIMIT 290;d39fdee7b57cb714a04df2810750730c
318;SELECT store_returns.* FROM store_returns JOIN customer ON store_returns.sr_customer_sk = customer.c_customer_sk LIMIT 190;b7145f1ce47b2234516efcf473115a10
319;SELECT web_returns.* FROM web_returns JOIN customer ON web_returns.wr_refunded_customer_sk = customer.c_customer_sk LIMIT 483;6b0eb33c0dab0b3a06b94cd008a20f0a
320;SELECT web_returns.* FROM web_returns JOIN customer ON web_returns.wr_refunded_customer_sk = customer.c_customer_sk JOIN item ON web_returns.wr_item_sk = item.i_item_sk LIMIT 441;cc1b80cba76d3ae82a193136db050be1
321;SELECT web_returns.* FROM web_returns JOIN item ON web_returns.wr_item_sk = item.i_item_sk JOIN customer ON web_returns.wr_refunded_customer_sk = customer.c_customer_sk LIMIT 189;e11f56a5b06cbd52fe6be5ffb9ad33cc
322;SELECT web_returns.* FROM web_returns JOIN customer ON web_returns.wr_refunded_customer_sk = customer.c_customer_sk JOIN item ON web_returns.wr_item_sk = item.i_item_sk LIMIT 292;b6e8f3c05b91c533c0128b8e63014543
323;SELECT web_sales.* FROM web_sales JOIN date_dim ON web_sales.ws_sold_date_sk = date_dim.d_date_sk LIMIT 500;928fe82855dfb8a5350bc05c80e66b17
324;SELECT store_returns.* FROM store_returns JOIN date_dim ON store_returns.sr_returned_date_sk = date_dim.d_date_sk JOIN item ON store_returns.sr_item_sk = item.i_item_sk LIMIT 92;a16d8d843ef4fb9135bce4a46d7b51b0
325;SELECT web_returns.* FROM web_returns JOIN customer ON web_returns.wr_refunded_customer_sk = customer.c_customer_sk LIMIT 256;c299239b93935c3f51539fa706fef78b
326;SELECT web_returns.* FROM web_returns JOIN date_dim ON web_returns.wr_returned_date_sk = date_dim.d_date_sk LIMIT 264;2200076b3c9065d5606d828804c7b9db
327;SELECT catalog_sales.* FROM catalog_sales JOIN date_dim ON catalog_sales.cs_sold_date_sk = date_dim.d_date_sk LIMIT 187;50232c365dfda9fd2c488a98bfb8041b
329;SELECT catalog_sales.* FROM catalog_sales JOIN customer ON catalog_sales.cs_bill_customer_sk = customer.c_customer_sk JOIN warehouse ON catalog_sales.cs_warehouse_sk = warehouse.w_warehouse_sk LIMIT 224;deba75bea645377a8c8070a1bb9148d8
330;SELECT store_sales.* FROM store_sales JOIN store ON store_sales.ss_store_sk = store.s_store_sk JOIN item ON store_sales.ss_item_sk = item.i_item_sk LIMIT 443;5b1f39057b3bd270fde28bd3e72b8c2f
331;SELECT store_sales.* FROM store_sales JOIN date_dim ON store_sales.ss_sold_date_sk = date_dim.d_date_sk LIMIT 175;85e790f5c8c8e1e2268aa658c39938d7
332;SELECT store_sales.* FROM store_sales JOIN customer ON store_sales.ss_customer_sk = customer.c_customer_sk JOIN store ON store_sales.ss_store_sk = store.s_store_sk LIMIT 315;b3e918ef837fcf044b9002bec04bfbc0
333;SELECT web_returns.* FROM web_returns JOIN item ON web_returns.wr_item_sk = item.i_item_sk LIMIT 185;efd4d9c4fb8925170f83011639cda0a2
334;SELECT store_sales.* FROM store_sales JOIN item ON store_sales.ss_item_sk = item.i_item_sk LIMIT 418;731fbfcbf61b40e607e41a6dade2be19
335;SELECT store_sales.* FROM store_sales JOIN customer ON store_sales.ss_customer_sk = customer.c_customer_sk LIMIT 480;9e80568fe2671739bf9d8ef3162ac778
336;SELECT web_sales.* FROM web_sales JOIN date_dim ON web_sales.ws_sold_date_sk = date_dim.d_date_sk JOIN item ON web_sales.ws_item_sk = item.i_item_sk LIMIT 272;1b8d283daaea3e63dfa9ddb3cba3c91a
337;SELECT web_returns.* FROM web_returns JOIN item ON web_returns.wr_item_sk = item.i_item_sk LIMIT 469;67f7534a67c36fcaaa48a9d1ea80bf83
338;WITH ws AS (SELECT d_year AS ws_sold_year, ws_item_sk, ws_bill_customer_sk AS ws_customer_sk, SUM(ws_quantity) AS ws_qty, SUM(ws_wholesale_cost) AS ws_wc, SUM(ws_sales_price) AS ws_sp FROM web_sales LEFT JOIN web_returns ON wr_order_number = ws_order_number AND ws_item_sk = wr_item_sk JOIN date_dim ON ws_sold_date_sk = d_date_sk WHERE wr_order_number IS NULL GROUP BY d_year, ws_item_sk, ws_bill_customer_sk), cs AS (SELECT d_year AS cs_sold_year, cs_item_sk, cs_bill_customer_sk AS cs_customer_sk, SUM(cs_quantity) AS cs_qty, SUM(cs_wholesale_cost) AS cs_wc, SUM(cs_sales_price) AS cs_sp FROM catalog_sales LEFT JOIN catalog_returns ON cr_order_number = cs_order_number AND cs_item_sk = cr_item_sk JOIN date_dim ON cs_sold_date_sk = d_date_sk WHERE cr_order_number IS NULL GROUP BY d_year, cs_item_sk, cs_bill_customer_sk), ss AS (SELECT d_year AS ss_sold_year, ss_item_sk, ss_customer_sk, SUM(ss_quantity) AS ss_qty, SUM(ss_wholesale_cost) AS ss_wc, SUM(ss_sales_price) AS ss_sp FROM store_sales LEFT JOIN store_returns ON sr_ticket_number = ss_ticket_number AND ss_item_sk = sr_item_sk JOIN date_dim ON ss_sold_date_sk = d_date_sk WHERE sr_ticket_number IS NULL GROUP BY d_year, ss_item_sk, ss_customer_sk) SELECT ss_sold_year, ss_item_sk, ss_customer_sk, ROUND(CAST((ss_qty * 1.00) AS DOUBLE PRECISION) / NULLIF((COALESCE(ws_qty, 0) + COALESCE(cs_qty, 0)), 0), 2) AS ratio, ss_qty AS store_qty, ss_wc AS store_wholesale_cost, ss_sp AS store_sales_price, COALESCE(ws_qty, 0) + COALESCE(cs_qty, 0) AS other_chan_qty, COALESCE(ws_wc, 0) + COALESCE(cs_wc, 0) AS other_chan_wholesale_cost, COALESCE(ws_sp, 0) + COALESCE(cs_sp, 0) AS other_chan_sales_price FROM ss LEFT JOIN ws ON (ws_sold_year = ss_sold_year AND ws_item_sk = ss_item_sk AND ws_customer_sk = ss_customer_sk) LEFT JOIN cs ON (cs_sold_year = ss_sold_year AND cs_item_sk = ss_item_sk AND cs_customer_sk = ss_customer_sk) WHERE (COALESCE(ws_qty, 0) > 0 OR COALESCE(cs_qty, 0) > 0) AND ss_sold_year = 2000 ORDER BY ss_sold_year, ss_item_sk, ss_customer_sk, ss_qty DESC NULLS LAST, ss_wc DESC NULLS LAST, ss_sp DESC NULLS LAST, other_chan_qty, other_chan_wholesale_cost, other_chan_sales_price, ratio LIMIT 100;541cb9eef2dde68f5e3fe924d392ba79
339;SELECT catalog_sales.* FROM catalog_sales JOIN date_dim ON catalog_sales.cs_sold_date_sk = date_dim.d_date_sk LIMIT 480;22ee070f737534bc0297393fbecbf7fa
341;SELECT store_returns.* FROM store_returns JOIN item ON store_returns.sr_item_sk = item.i_item_sk LIMIT 274;0bf2cd1505d80b9e9e6fdbfd9a39c298
343;SELECT store_sales.* FROM store_sales JOIN store ON store_sales.ss_store_sk = store.s_store_sk JOIN date_dim ON store_sales.ss_sold_date_sk = date_dim.d_date_sk LIMIT 371;ac149034f9b925694bb70d4429d6d5eb
345;SELECT web_sales.* FROM web_sales JOIN web_site ON web_sales.ws_web_site_sk = web_site.web_site_sk LIMIT 140;fef67a0fa4521c768f1d9f23d3f6b125
346;SELECT web_sales.* FROM web_sales JOIN item ON web_sales.ws_item_sk = item.i_item_sk JOIN date_dim ON web_sales.ws_sold_date_sk = date_dim.d_date_sk LIMIT 164;e6a7c74f2bc53cf7dff62985a21c7da0
347;SELECT web_returns.* FROM web_returns JOIN date_dim ON web_returns.wr_returned_date_sk = date_dim.d_date_sk LIMIT 109;89b9d751d1ed72fd6bd2199b26638b62
348;SELECT store_returns.* FROM store_returns JOIN date_dim ON store_returns.sr_returned_date_sk = date_dim.d_date_sk LIMIT 105;476fefe31e0913db663a21bc7ddf4af1
350;SELECT store_sales.* FROM store_sales JOIN date_dim ON store_sales.ss_sold_date_sk = date_dim.d_date_sk LIMIT 396;68145785b99d21ade628dd6b1584495c
351;SELECT web_returns.* FROM web_returns JOIN item ON web_returns.wr_item_sk = item.i_item_sk JOIN customer ON web_returns.wr_refunded_customer_sk = customer.c_customer_sk LIMIT 272;77cb61783fa101a49a68078365bdf422
352;SELECT catalog_sales.* FROM catalog_sales JOIN warehouse ON catalog_sales.cs_warehouse_sk = warehouse.w_warehouse_sk JOIN date_dim ON catalog_sales.cs_sold_date_sk = date_dim.d_date_sk LIMIT 139;ba28d4ebfafba1fefae2a25b92bb142f
353;SELECT catalog_sales.* FROM catalog_sales JOIN warehouse ON catalog_sales.cs_warehouse_sk = warehouse.w_warehouse_sk JOIN item ON catalog_sales.cs_item_sk = item.i_item_sk LIMIT 331;8b2f58054fc51d0726828c9b6cd778e6
354;SELECT store_returns.* FROM store_returns JOIN customer ON store_returns.sr_customer_sk = customer.c_customer_sk JOIN date_dim ON store_returns.sr_returned_date_sk = date_dim.d_date_sk LIMIT 349;31538cb7985e3511f3b6164f401dacdb
355;SELECT store_sales.* FROM store_sales JOIN date_dim ON store_sales.ss_sold_date_sk = date_dim.d_date_sk LIMIT 447;427528a143ba858122198da61bd739c7
356;SELECT inventory.* FROM inventory JOIN item ON inventory.inv_item_sk = item.i_item_sk LIMIT 97;e8a8b9f779a353fe514dd22fd3525b61
358;SELECT store_sales.* FROM store_sales JOIN customer ON store_sales.ss_customer_sk = customer.c_customer_sk JOIN date_dim ON store_sales.ss_sold_date_sk = date_dim.d_date_sk LIMIT 143;8453d10e9f517828fbd59743f765cef7
359;SELECT web_returns.* FROM web_returns JOIN customer ON web_returns.wr_refunded_customer_sk = customer.c_customer_sk LIMIT 110;416ff824bd71cda81945dae4587bd076
360;SELECT web_sales.* FROM web_sales JOIN web_site ON web_sales.ws_web_site_sk = web_site.web_site_sk LIMIT 157;216c1f12ba1d8612100796114bbb27f4
361;SELECT catalog_sales.* FROM catalog_sales JOIN item ON catalog_sales.cs_item_sk = item.i_item_sk JOIN customer ON catalog_sales.cs_bill_customer_sk = customer.c_customer_sk LIMIT 383;23b787c2ac807569fee900e1b3f085e3
362;SELECT store_returns.* FROM store_returns JOIN customer ON store_returns.sr_customer_sk = customer.c_customer_sk JOIN item ON store_returns.sr_item_sk = item.i_item_sk LIMIT 50;fda7b7aef107357b2440b9a34e38647e
364;SELECT web_returns.* FROM web_returns JOIN item ON web_returns.wr_item_sk = item.i_item_sk JOIN customer ON web_returns.wr_refunded_customer_sk = customer.c_customer_sk LIMIT 160;8fb86952a71c0ae41b006cae5b7be820
366;SELECT store_sales.* FROM store_sales JOIN customer ON store_sales.ss_customer_sk = customer.c_customer_sk LIMIT 201;262f289cef19e5cde1432245897642cc
367;SELECT catalog_sales.* FROM catalog_sales JOIN item ON catalog_sales.cs_item_sk = item.i_item_sk LIMIT 215;cadb7018a085e29de43a92f5901a7061
368;SELECT web_returns.* FROM web_returns JOIN item ON web_returns.wr_item_sk = item.i_item_sk JOIN customer ON web_returns.wr_refunded_customer_sk = customer.c_customer_sk LIMIT 54;1176fed48a2b94d2f3c1235374bb6d56
369;SELECT inventory.* FROM inventory JOIN item ON inventory.inv_item_sk = item.i_item_sk LIMIT 437;a2d49d2adbc133bc67501dfde6444730
370;SELECT catalog_sales.* FROM catalog_sales JOIN item ON catalog_sales.cs_item_sk = item.i_item_sk JOIN date_dim ON catalog_sales.cs_sold_date_sk = date_dim.d_date_sk LIMIT 341;2d7987486fad34f4d85a7ef87d6e1eee
372;SELECT catalog_sales.* FROM catalog_sales JOIN date_dim ON catalog_sales.cs_sold_date_sk = date_dim.d_date_sk LIMIT 87;8d759491ce097db2fed9a9efa0bc062f
373;SELECT store_returns.* FROM store_returns JOIN customer ON store_returns.sr_customer_sk = customer.c_customer_sk LIMIT 315;aec373bf1b8661423f14865503e30f46
374;SELECT inventory.* FROM inventory JOIN warehouse ON inventory.inv_warehouse_sk = warehouse.w_warehouse_sk JOIN item ON inventory.inv_item_sk = item.i_item_sk LIMIT 64;e6c1da4e34b44047be2f2497cfcfd30b
375;SELECT store_sales.* FROM store_sales JOIN customer ON store_sales.ss_customer_sk = customer.c_customer_sk JOIN date_dim ON store_sales.ss_sold_date_sk = date_dim.d_date_sk LIMIT 156;9a5332adb849c6f94f756b1f5df17343
376;SELECT web_returns.* FROM web_returns JOIN date_dim ON web_returns.wr_returned_date_sk = date_dim.d_date_sk LIMIT 338;072438ad8b55c67e4d441474124dfc62
377;SELECT inventory.* FROM inventory JOIN warehouse ON inventory.inv_warehouse_sk = warehouse.w_warehouse_sk JOIN date_dim ON inventory.inv_date_sk = date_dim.d_date_sk LIMIT 421;5afdb3f24b255c19c292fc0f315b3a73
379;SELECT store_returns.* FROM store_returns JOIN date_dim ON store_returns.sr_returned_date_sk = date_dim.d_date_sk JOIN item ON store_returns.sr_item_sk = item.i_item_sk LIMIT 58;716de2d4e9ababb50aa124f39fb8e4b0
380;SELECT web_sales.* FROM web_sales JOIN date_dim ON web_sales.ws_sold_date_sk = date_dim.d_date_sk LIMIT 264;a68830b7987ff8620fb8ca190be2c9d0
381;SELECT inventory.* FROM inventory JOIN item ON inventory.inv_item_sk = item.i_item_sk LIMIT 125;24266b85059635bdc94d82f76a05103b
382;SELECT catalog_sales.* FROM catalog_sales JOIN warehouse ON catalog_sales.cs_warehouse_sk = warehouse.w_warehouse_sk LIMIT 79;769c36c325fe5243208672464b4924e4
383;SELECT web_returns.* FROM web_returns JOIN date_dim ON web_returns.wr_returned_date_sk = date_dim.d_date_sk JOIN item ON web_returns.wr_item_sk = item.i_item_sk LIMIT 238;991eff77c5c93e73d20ad5fdbf19cf8c
384;SELECT web_returns.* FROM web_returns JOIN item ON web_returns.wr_item_sk = item.i_item_sk LIMIT 59;b825bf09536f8e0b4135713fdaa812d2
385;SELECT store_sales.* FROM store_sales JOIN date_dim ON store_sales.ss_sold_date_sk = date_dim.d_date_sk JOIN item ON store_sales.ss_item_sk = item.i_item_sk LIMIT 406;d32d47ebcda36a96d9a0d85f6918359c
386;SELECT web_sales.* FROM web_sales JOIN item ON web_sales.ws_item_sk = item.i_item_sk LIMIT 345;438651ea59b8d5439dd63b4a80a6e2b4
387;SELECT store_returns.* FROM store_returns JOIN item ON store_returns.sr_item_sk = item.i_item_sk LIMIT 461;19b74adcc8a203408603ce02a33ef593
388;SELECT store_sales.* FROM store_sales JOIN customer ON store_sales.ss_customer_sk = customer.c_customer_sk JOIN item ON store_sales.ss_item_sk = item.i_item_sk LIMIT 98;66f7eb008ae699fc42f1d40fea2e3571
389;SELECT catalog_sales.* FROM catalog_sales JOIN item ON catalog_sales.cs_item_sk = item.i_item_sk LIMIT 135;32b69ad6f4756a911df9e90bc14232d2
390;SELECT inventory.* FROM inventory JOIN date_dim ON inventory.inv_date_sk = date_dim.d_date_sk LIMIT 469;18588d848506f55de6d2b3f9ea9f0a2f
391;SELECT catalog_sales.* FROM catalog_sales JOIN warehouse ON catalog_sales.cs_warehouse_sk = warehouse.w_warehouse_sk LIMIT 329;3507a53f4ef93ef1d5bcfab97493585a
392;SELECT inventory.* FROM inventory JOIN item ON inventory.inv_item_sk = item.i_item_sk JOIN date_dim ON inventory.inv_date_sk = date_dim.d_date_sk LIMIT 230;21b3db2d46a3237433c83553be50ab15
393;SELECT web_sales.* FROM web_sales JOIN web_site ON web_sales.ws_web_site_sk = web_site.web_site_sk LIMIT 437;6bd8fcd656349583ca53bb33c4574d86
394;SELECT store_returns.* FROM store_returns JOIN customer ON store_returns.sr_customer_sk = customer.c_customer_sk LIMIT 289;683540fc6a8d3525faf283d9fc53ed62
396;SELECT catalog_sales.* FROM catalog_sales JOIN warehouse ON catalog_sales.cs_warehouse_sk = warehouse.w_warehouse_sk LIMIT 95;87a64d8fb3a01628c32558e595d12edb
397;SELECT inventory.* FROM inventory JOIN date_dim ON inventory.inv_date_sk = date_dim.d_date_sk LIMIT 466;14397d08500e9231ce9570c25ee86896
398;SELECT web_sales.* FROM web_sales JOIN date_dim ON web_sales.ws_sold_date_sk = date_dim.d_date_sk JOIN customer ON web_sales.ws_bill_customer_sk = customer.c_customer_sk LIMIT 452;c11e427942fe4d1e48ab4e38793c53b7
400;SELECT web_returns.* FROM web_returns JOIN customer ON web_returns.wr_refunded_customer_sk = customer.c_customer_sk LIMIT 194;ca0dcb35964b1488cc35c6ac16234e38
401;SELECT web_returns.* FROM web_returns JOIN item ON web_returns.wr_item_sk = item.i_item_sk LIMIT 50;d5f3b518966bfc3cd955302561684b0c
402;SELECT catalog_sales.* FROM catalog_sales JOIN item ON catalog_sales.cs_item_sk = item.i_item_sk LIMIT 210;c77fcd50385e5fddcd20aee361ff5dd8
403;SELECT store_returns.* FROM store_returns JOIN date_dim ON store_returns.sr_returned_date_sk = date_dim.d_date_sk JOIN customer ON store_returns.sr_customer_sk = customer.c_customer_sk LIMIT 225;16fb21d2dfdb23a37a7deed81477efe0
406;"SELECT w_substr, sm_type, LOWER(cc_name) AS cc_name_lower, SUM(CASE WHEN (cs_ship_date_sk - cs_sold_date_sk <= 43) THEN 1.0 ELSE 0.0 END) AS ""30 days"", SUM(CASE WHEN (cs_ship_date_sk - cs_sold_date_sk > 40) AND (cs_ship_date_sk - cs_sold_date_sk <= 89) THEN 1.0 ELSE 0.0 END) AS ""31-60 days"", SUM(CASE WHEN (cs_ship_date_sk - cs_sold_date_sk > 83) AND (cs_ship_date_sk - cs_sold_date_sk <= 80) THEN 1.0 ELSE 0.0 END) AS ""61-90 days"", SUM(CASE WHEN (cs_ship_date_sk - cs_sold_date_sk > 62) AND (cs_ship_date_sk - cs_sold_date_sk <= 108) THEN 1.0 ELSE 0.0 END) AS ""91-120 days"", SUM(CASE WHEN (cs_ship_date_sk - cs_sold_date_sk > 71) THEN 1.0 ELSE 0.0 END) AS "">120 days"" FROM catalog_sales, (SELECT SUBSTRING(w_warehouse_name FROM 1.0 FOR 20) AS w_substr, * FROM warehouse) AS sq1, call_center, date_dim WHERE d_month_seq BETWEEN 762 AND 638 + 8 AND cs_ship_date_sk = d_date_sk AND cs_warehouse_sk = w_warehouse_sk AND cs_ship_mode_sk = sm_ship_mode_sk AND cs_call_center_sk = cc_call_center_sk GROUP BY w_substr, sm_type, cc_name ORDER BY w_substr NULLS FIRST, sm_type NULLS FIRST, cc_name_lower NULLS FIRST LIMIT 129";818bcf140d2e658e2b33d545085a4ead
407;SELECT inventory.* FROM inventory JOIN item ON inventory.inv_item_sk = item.i_item_sk LIMIT 276;639e5e493dc895f2c44f0579b0b43d0d
408;SELECT web_returns.* FROM web_returns JOIN item ON web_returns.wr_item_sk = item.i_item_sk JOIN customer ON web_returns.wr_refunded_customer_sk = customer.c_customer_sk LIMIT 187;ae8e994f8d98fc9e3deae0d57298e917
410;SELECT web_sales.* FROM web_sales JOIN date_dim ON web_sales.ws_sold_date_sk = date_dim.d_date_sk JOIN web_site ON web_sales.ws_web_site_sk = web_site.web_site_sk LIMIT 235;569044aa3999fc52fe4a680e60e1746c
411;SELECT inventory.* FROM inventory JOIN item ON inventory.inv_item_sk = item.i_item_sk JOIN warehouse ON inventory.inv_warehouse_sk = warehouse.w_warehouse_sk LIMIT 378;2e63c558fd41ebd73b6bdbc6be19d6e8
412;SELECT catalog_sales.* FROM catalog_sales JOIN warehouse ON catalog_sales.cs_warehouse_sk = warehouse.w_warehouse_sk LIMIT 176;e24e8750fc355f012dc3c1b551bcc128
413;SELECT web_sales.* FROM web_sales JOIN item ON web_sales.ws_item_sk = item.i_item_sk JOIN date_dim ON web_sales.ws_sold_date_sk = date_dim.d_date_sk LIMIT 254;e4929f4ffb1d79be04280b21d83c3802
414;SELECT store_returns.* FROM store_returns JOIN date_dim ON store_returns.sr_returned_date_sk = date_dim.d_date_sk JOIN customer ON store_returns.sr_customer_sk = customer.c_customer_sk LIMIT 199;b894d077ffec6d635657f3c013ce2d05
415;SELECT store_sales.* FROM store_sales JOIN customer ON store_sales.ss_customer_sk = customer.c_customer_sk LIMIT 426;99f32376b47858e5735fd28442ab8918
416;SELECT web_sales.* FROM web_sales JOIN date_dim ON web_sales.ws_sold_date_sk = date_dim.d_date_sk JOIN item ON web_sales.ws_item_sk = item.i_item_sk LIMIT 58;e050dee5ce85a98a94422c300986c920
417;SELECT inventory.* FROM inventory JOIN item ON inventory.inv_item_sk = item.i_item_sk JOIN warehouse ON inventory.inv_warehouse_sk = warehouse.w_warehouse_sk LIMIT 213;1ad95be34c0b5b77bba7780f8d53b909
418;SELECT catalog_sales.* FROM catalog_sales JOIN item ON catalog_sales.cs_item_sk = item.i_item_sk JOIN date_dim ON catalog_sales.cs_sold_date_sk = date_dim.d_date_sk LIMIT 446;e1587d2fb2f00ed2fb4b69d92a89378f
419;SELECT store_returns.* FROM store_returns JOIN date_dim ON store_returns.sr_returned_date_sk = date_dim.d_date_sk LIMIT 472;05d26d25376fe3775e4c7cb5800c97b8
420;SELECT store_sales.* FROM store_sales JOIN item ON store_sales.ss_item_sk = item.i_item_sk LIMIT 221;d3e8edb5aef902c25266cac0c576fadf
421;SELECT store_sales.* FROM store_sales JOIN date_dim ON store_sales.ss_sold_date_sk = date_dim.d_date_sk JOIN store ON store_sales.ss_store_sk = store.s_store_sk LIMIT 293;23641648404e84ded1c91514735fdf9e
422;SELECT web_sales.* FROM web_sales JOIN customer ON web_sales.ws_bill_customer_sk = customer.c_customer_sk LIMIT 441;6003c67d90a269ee22a0444db460b1ab
423;SELECT store_sales.* FROM store_sales JOIN date_dim ON store_sales.ss_sold_date_sk = date_dim.d_date_sk LIMIT 174;7178799246965d6cecb19c82a10b5746
424;SELECT store_returns.* FROM store_returns JOIN item ON store_returns.sr_item_sk = item.i_item_sk LIMIT 97;c38fa1e4ac37e8a9242be1c06286fc24
425;SELECT inventory.* FROM inventory JOIN warehouse ON inventory.inv_warehouse_sk = warehouse.w_warehouse_sk JOIN date_dim ON inventory.inv_date_sk = date_dim.d_date_sk LIMIT 259;f40ed4edb1746a09445bbd7e2a0e7e74
426;SELECT catalog_sales.* FROM catalog_sales JOIN date_dim ON catalog_sales.cs_sold_date_sk = date_dim.d_date_sk LIMIT 73;b72c72a3999d94a67ad551e34d9fc0d5
427;SELECT catalog_sales.* FROM catalog_sales JOIN warehouse ON catalog_sales.cs_warehouse_sk = warehouse.w_warehouse_sk JOIN item ON catalog_sales.cs_item_sk = item.i_item_sk LIMIT 288;80b7ba1627243c732cf753392bc98265
428;SELECT web_sales.* FROM web_sales JOIN customer ON web_sales.ws_bill_customer_sk = customer.c_customer_sk LIMIT 145;1535130d30d251f3cff30a7797cba84f
429;SELECT store_sales.* FROM store_sales JOIN customer ON store_sales.ss_customer_sk = customer.c_customer_sk JOIN item ON store_sales.ss_item_sk = item.i_item_sk LIMIT 176;d31e80704f8749231c69249759fd38c4
430;SELECT catalog_sales.* FROM catalog_sales JOIN customer ON catalog_sales.cs_bill_customer_sk = customer.c_customer_sk JOIN item ON catalog_sales.cs_item_sk = item.i_item_sk LIMIT 138;da0fb19b81b72420a8f1bcebd6a4fc1a
432;SELECT web_sales.* FROM web_sales JOIN date_dim ON web_sales.ws_sold_date_sk = date_dim.d_date_sk JOIN customer ON web_sales.ws_bill_customer_sk = customer.c_customer_sk LIMIT 90;59269f0433f321ae35edfb3d534d3a73
433;SELECT dt.d_year, item.i_brand_id AS brand_id, item.i_brand AS brand, SUM(ss_ext_sales_price) AS ext_price FROM date_dim AS dt, store_sales, item WHERE dt.d_date_sk = store_sales.ss_sold_date_sk AND store_sales.ss_item_sk = item.i_item_sk AND item.i_manager_id = 1.0 AND dt.d_moy = 7 AND dt.d_year = 1820 GROUP BY dt.d_year, item.i_brand, item.i_brand_id ORDER BY dt.d_year, ext_price DESC NULLS LAST, brand_id LIMIT 123;c14c1b6d8d349cfeafee3ef3967fe709
435;SELECT web_returns.* FROM web_returns JOIN date_dim ON web_returns.wr_returned_date_sk = date_dim.d_date_sk LIMIT 188;8b7378f850897516449aa5a9b41254d3
436;SELECT store_sales.* FROM store_sales JOIN date_dim ON store_sales.ss_sold_date_sk = date_dim.d_date_sk JOIN customer ON store_sales.ss_customer_sk = customer.c_customer_sk LIMIT 148;56087221a8e978a7843456eaa957978f
437;SELECT inventory.* FROM inventory JOIN date_dim ON inventory.inv_date_sk = date_dim.d_date_sk JOIN warehouse ON inventory.inv_warehouse_sk = warehouse.w_warehouse_sk LIMIT 149;aa3648c0c602993a91cc3dce3402e8a1
438;SELECT inventory.* FROM inventory JOIN date_dim ON inventory.inv_date_sk = date_dim.d_date_sk LIMIT 168;c9c9c7b00b9537d89d3c10910572e2b9
439;SELECT catalog_sales.* FROM catalog_sales JOIN date_dim ON catalog_sales.cs_sold_date_sk = date_dim.d_date_sk LIMIT 59;d1821cfa6c0f5f511fcafab18f4e18ac
441;SELECT web_sales.* FROM web_sales JOIN date_dim ON web_sales.ws_sold_date_sk = date_dim.d_date_sk JOIN web_site ON web_sales.ws_web_site_sk = web_site.web_site_sk LIMIT 212;51d1741dd09c7bc5244e5119cd2af30a
442;SELECT catalog_sales.* FROM catalog_sales JOIN customer ON catalog_sales.cs_bill_customer_sk = customer.c_customer_sk JOIN date_dim ON catalog_sales.cs_sold_date_sk = date_dim.d_date_sk LIMIT 303;807780bedd363ef8198c67df52e191af
444;SELECT catalog_sales.* FROM catalog_sales JOIN item ON catalog_sales.cs_item_sk = item.i_item_sk JOIN date_dim ON catalog_sales.cs_sold_date_sk = date_dim.d_date_sk LIMIT 303;90c8adeb9b6bc7ef6cb01f2cf67bb380
445;SELECT inventory.* FROM inventory JOIN date_dim ON inventory.inv_date_sk = date_dim.d_date_sk JOIN warehouse ON inventory.inv_warehouse_sk = warehouse.w_warehouse_sk LIMIT 291;e94e30b1be5c0d66aa72d180bd6eabba
446;SELECT store_returns.* FROM store_returns JOIN customer ON store_returns.sr_customer_sk = customer.c_customer_sk JOIN date_dim ON store_returns.sr_returned_date_sk = date_dim.d_date_sk LIMIT 418;ca25cc09b12d292ead084c075b384d0c
447;SELECT web_returns.* FROM web_returns JOIN customer ON web_returns.wr_refunded_customer_sk = customer.c_customer_sk LIMIT 299;24911fe2e3b0cbfb493e3dccd5801373
448;SELECT inventory.* FROM inventory JOIN date_dim ON inventory.inv_date_sk = date_dim.d_date_sk JOIN warehouse ON inventory.inv_warehouse_sk = warehouse.w_warehouse_sk LIMIT 432;fb90de4ae4bee372766068027d0ee45d
449;SELECT catalog_sales.* FROM catalog_sales JOIN warehouse ON catalog_sales.cs_warehouse_sk = warehouse.w_warehouse_sk LIMIT 445;f27c7ac5cd43f4e05718c5685dd01d92
450;SELECT store_sales.* FROM store_sales JOIN store ON store_sales.ss_store_sk = store.s_store_sk LIMIT 470;d919e46f517f02f9fcf0827ebf892799
451;SELECT store_returns.* FROM store_returns JOIN item ON store_returns.sr_item_sk = item.i_item_sk JOIN customer ON store_returns.sr_customer_sk = customer.c_customer_sk LIMIT 94;9c107cf15a8cc34d7f74463507b85005
452;SELECT web_sales.* FROM web_sales JOIN date_dim ON web_sales.ws_sold_date_sk = date_dim.d_date_sk LIMIT 181;7273e4128a5f5d1d55473c68a363d461
454;SELECT store_returns.* FROM store_returns JOIN customer ON store_returns.sr_customer_sk = customer.c_customer_sk JOIN date_dim ON store_returns.sr_returned_date_sk = date_dim.d_date_sk LIMIT 311;a0ef06ee2c017f056372e25b7d454f3d
455;SELECT catalog_sales.* FROM catalog_sales JOIN warehouse ON catalog_sales.cs_warehouse_sk = warehouse.w_warehouse_sk JOIN date_dim ON catalog_sales.cs_sold_date_sk = date_dim.d_date_sk LIMIT 291;e9bf57b983ff3b50755c7400e3fc083f
456;SELECT store_returns.* FROM store_returns JOIN item ON store_returns.sr_item_sk = item.i_item_sk LIMIT 206;983bec9b0fd52f636a6c9456c04791a5
457;SELECT inventory.* FROM inventory JOIN date_dim ON inventory.inv_date_sk = date_dim.d_date_sk LIMIT 321;66a5f4ececd74b46be2c551c3619173d
458;SELECT catalog_sales.* FROM catalog_sales JOIN date_dim ON catalog_sales.cs_sold_date_sk = date_dim.d_date_sk LIMIT 398;4e6ef3128a2345756ff28093d8936db9
459;SELECT inventory.* FROM inventory JOIN date_dim ON inventory.inv_date_sk = date_dim.d_date_sk LIMIT 407;7b5c72a700023b34a8d8430500565122
460;SELECT web_returns.* FROM web_returns JOIN customer ON web_returns.wr_refunded_customer_sk = customer.c_customer_sk JOIN item ON web_returns.wr_item_sk = item.i_item_sk LIMIT 131;7ae1bd2c8a7dee9476487d5b31052029
462;SELECT store_returns.* FROM store_returns JOIN customer ON store_returns.sr_customer_sk = customer.c_customer_sk LIMIT 275;566542c130faa10eee6218314a34217f
464;SELECT web_sales.* FROM web_sales JOIN date_dim ON web_sales.ws_sold_date_sk = date_dim.d_date_sk LIMIT 104;76823a02c9d9aaf80046652200f96bf3
465;SELECT inventory.* FROM inventory JOIN item ON inventory.inv_item_sk = item.i_item_sk JOIN date_dim ON inventory.inv_date_sk = date_dim.d_date_sk LIMIT 174;7bd03385e14a0ea0d220c4903c90e560
466;SELECT store_sales.* FROM store_sales JOIN item ON store_sales.ss_item_sk = item.i_item_sk LIMIT 329;49dfa23d3f4754d585ae55a8b805c271
468;SELECT store_sales.* FROM store_sales JOIN customer ON store_sales.ss_customer_sk = customer.c_customer_sk JOIN item ON store_sales.ss_item_sk = item.i_item_sk LIMIT 308;7e095d000f922a6213178fccd77efc8a
469;SELECT web_returns.* FROM web_returns JOIN date_dim ON web_returns.wr_returned_date_sk = date_dim.d_date_sk LIMIT 356;e830bcefd7b5531b93c0c3eea1527adc
470;SELECT catalog_sales.* FROM catalog_sales JOIN warehouse ON catalog_sales.cs_warehouse_sk = warehouse.w_warehouse_sk JOIN item ON catalog_sales.cs_item_sk = item.i_item_sk LIMIT 68;7a8df948930fcd9587378f35b1d2a438
471;SELECT inventory.* FROM inventory JOIN warehouse ON inventory.inv_warehouse_sk = warehouse.w_warehouse_sk LIMIT 340;aad6434a33c249f2a63448ea5cfa2fec
472;SELECT store_sales.* FROM store_sales JOIN item ON store_sales.ss_item_sk = item.i_item_sk JOIN date_dim ON store_sales.ss_sold_date_sk = date_dim.d_date_sk LIMIT 387;55c0416db0edc0919b07af5c512176e9
473;SELECT web_sales.* FROM web_sales JOIN web_site ON web_sales.ws_web_site_sk = web_site.web_site_sk JOIN date_dim ON web_sales.ws_sold_date_sk = date_dim.d_date_sk LIMIT 347;d15d0cf58aced1d3314ca38fccd342bf
475;SELECT store_returns.* FROM store_returns JOIN customer ON store_returns.sr_customer_sk = customer.c_customer_sk LIMIT 198;8addf55ac9a1422696b531695799e228
476;SELECT store_returns.* FROM store_returns JOIN item ON store_returns.sr_item_sk = item.i_item_sk JOIN customer ON store_returns.sr_customer_sk = customer.c_customer_sk LIMIT 478;554ccff3992b5b4082ab28ef8b8d445f
477;SELECT web_returns.* FROM web_returns JOIN date_dim ON web_returns.wr_returned_date_sk = date_dim.d_date_sk JOIN customer ON web_returns.wr_refunded_customer_sk = customer.c_customer_sk LIMIT 440;f7c9ebde1eb8962fec20e3cd29a292f0
478;SELECT store_sales.* FROM store_sales JOIN date_dim ON store_sales.ss_sold_date_sk = date_dim.d_date_sk LIMIT 343;ddb07a1f78d37dfe8711723a3a3d951c
479;SELECT store_returns.* FROM store_returns JOIN date_dim ON store_returns.sr_returned_date_sk = date_dim.d_date_sk LIMIT 195;45652f0f5f13103aae547ad7c7c8f5fb
480;SELECT web_returns.* FROM web_returns JOIN date_dim ON web_returns.wr_returned_date_sk = date_dim.d_date_sk LIMIT 102;b2b8d16d832099f8d5572f76fbb5586d
481;SELECT catalog_sales.* FROM catalog_sales JOIN customer ON catalog_sales.cs_bill_customer_sk = customer.c_customer_sk JOIN date_dim ON catalog_sales.cs_sold_date_sk = date_dim.d_date_sk LIMIT 255;80ce30ce048b343cff4cf0015a90df21
482;SELECT store_sales.* FROM store_sales JOIN store ON store_sales.ss_store_sk = store.s_store_sk JOIN item ON store_sales.ss_item_sk = item.i_item_sk LIMIT 389;4bf516e10f6a8fd7fd5f1a20c88dd0e8
484;SELECT web_sales.* FROM web_sales JOIN customer ON web_sales.ws_bill_customer_sk = customer.c_customer_sk LIMIT 224;364313269e7acb3f61a7e81845989f69
486;SELECT inventory.* FROM inventory JOIN date_dim ON inventory.inv_date_sk = date_dim.d_date_sk LIMIT 101;f95d0fb2e7d177361c6069f83ece8d47
487;SELECT store_sales.* FROM store_sales JOIN date_dim ON store_sales.ss_sold_date_sk = date_dim.d_date_sk LIMIT 272;2b3633ef51d74be9dc2cdde5b230dc04
488;SELECT store_sales.* FROM store_sales JOIN date_dim ON store_sales.ss_sold_date_sk = date_dim.d_date_sk JOIN customer ON store_sales.ss_customer_sk = customer.c_customer_sk LIMIT 456;61b3a2da5d58bde2effdaff10278d20f
489;SELECT web_sales.* FROM web_sales JOIN customer ON web_sales.ws_bill_customer_sk = customer.c_customer_sk JOIN date_dim ON web_sales.ws_sold_date_sk = date_dim.d_date_sk LIMIT 83;af4630a953a54013296be257fb9ca58d
490;SELECT inventory.* FROM inventory JOIN warehouse ON inventory.inv_warehouse_sk = warehouse.w_warehouse_sk LIMIT 95;cd183af6e484680c9f21fe2ce3702ccb
491;SELECT web_returns.* FROM web_returns JOIN date_dim ON web_returns.wr_returned_date_sk = date_dim.d_date_sk JOIN item ON web_returns.wr_item_sk = item.i_item_sk LIMIT 235;d7d1b8cc871492b8156b5d10107289cd
492;SELECT inventory.* FROM inventory JOIN warehouse ON inventory.inv_warehouse_sk = warehouse.w_warehouse_sk JOIN date_dim ON inventory.inv_date_sk = date_dim.d_date_sk LIMIT 105;46a5939f2f5b2f29795e3371f3abb29f
494;SELECT store_returns.* FROM store_returns JOIN item ON store_returns.sr_item_sk = item.i_item_sk LIMIT 87;acbe905410ce77319274c23b0ac1df76
495;SELECT store_sales.* FROM store_sales JOIN customer ON store_sales.ss_customer_sk = customer.c_customer_sk JOIN date_dim ON store_sales.ss_sold_date_sk = date_dim.d_date_sk LIMIT 126;91847fc31bdd6825d8f4d33a4dc868ad
497;SELECT store_returns.* FROM store_returns JOIN date_dim ON store_returns.sr_returned_date_sk = date_dim.d_date_sk LIMIT 76;de0fe3ff25cc1c09fde95598911ecbe6
498;SELECT web_sales.* FROM web_sales JOIN date_dim ON web_sales.ws_sold_date_sk = date_dim.d_date_sk LIMIT 412;c7ae83e7d9e953acb1e3c9a3b86a9dbf
499;SELECT inventory.* FROM inventory JOIN date_dim ON inventory.inv_date_sk = date_dim.d_date_sk LIMIT 173;b7186058ba90778f0e226542110c728f
500;SELECT store_returns.* FROM store_returns JOIN date_dim ON store_returns.sr_returned_date_sk = date_dim.d_date_sk JOIN customer ON store_returns.sr_customer_sk = customer.c_customer_sk LIMIT 249;12b87b2cbf4fc790076dda349381e555
501;SELECT inventory.* FROM inventory JOIN item ON inventory.inv_item_sk = item.i_item_sk JOIN warehouse ON inventory.inv_warehouse_sk = warehouse.w_warehouse_sk LIMIT 104;cba8848cae6f57729d2744e622c72fe6
502;SELECT inventory.* FROM inventory JOIN item ON inventory.inv_item_sk = item.i_item_sk LIMIT 420;e09c1054435a0678b108457694acc31c
504;SELECT inventory.* FROM inventory JOIN date_dim ON inventory.inv_date_sk = date_dim.d_date_sk JOIN item ON inventory.inv_item_sk = item.i_item_sk LIMIT 133;8b52c31f6e743f828b277bb3d3630a69
505;SELECT web_sales.* FROM web_sales JOIN item ON web_sales.ws_item_sk = item.i_item_sk LIMIT 167;995078086a1920738e0d8ac87de5fd50
507;SELECT inventory.* FROM inventory JOIN date_dim ON inventory.inv_date_sk = date_dim.d_date_sk JOIN warehouse ON inventory.inv_warehouse_sk = warehouse.w_warehouse_sk LIMIT 471;ea0fc81e54adb9909abe34011eca1ff5
508;SELECT store_returns.* FROM store_returns JOIN item ON store_returns.sr_item_sk = item.i_item_sk LIMIT 268;32204e2872aa404db4c8eb991ae8e5be
509;SELECT catalog_sales.* FROM catalog_sales JOIN warehouse ON catalog_sales.cs_warehouse_sk = warehouse.w_warehouse_sk LIMIT 457;1eb0a9db17d075fe57091466f8aa3af8
510;SELECT inventory.* FROM inventory JOIN item ON inventory.inv_item_sk = item.i_item_sk LIMIT 142;cb5b7b4954eb721a9391ff5d49f5a2ec
511;SELECT web_returns.* FROM web_returns JOIN date_dim ON web_returns.wr_returned_date_sk = date_dim.d_date_sk LIMIT 177;3ccf53211338debfb7815ad1e27d5d50
512;SELECT catalog_sales.* FROM catalog_sales JOIN customer ON catalog_sales.cs_bill_customer_sk = customer.c_customer_sk LIMIT 228;e56ba61029b33caed20a5a4f673959b5
514;SELECT web_sales.* FROM web_sales JOIN web_site ON web_sales.ws_web_site_sk = web_site.web_site_sk LIMIT 208;acc854fc9ffdd15ca5b08a1069cd8446
515;SELECT inventory.* FROM inventory JOIN date_dim ON inventory.inv_date_sk = date_dim.d_date_sk JOIN warehouse ON inventory.inv_warehouse_sk = warehouse.w_warehouse_sk LIMIT 379;cc33d84f3995279d9866b859ddaa4a5a
516;SELECT web_sales.* FROM web_sales JOIN item ON web_sales.ws_item_sk = item.i_item_sk JOIN web_site ON web_sales.ws_web_site_sk = web_site.web_site_sk LIMIT 211;8f4cf89372fe5d04f2f46aa0a0f79848
517;SELECT catalog_sales.* FROM catalog_sales JOIN date_dim ON catalog_sales.cs_sold_date_sk = date_dim.d_date_sk LIMIT 151;db9ca66135aa23dcf23cc130a14480ec
518;SELECT web_returns.* FROM web_returns JOIN item ON web_returns.wr_item_sk = item.i_item_sk JOIN date_dim ON web_returns.wr_returned_date_sk = date_dim.d_date_sk LIMIT 187;d707a8723ad3d138f3e74779ea9bd563
519;SELECT web_returns.* FROM web_returns JOIN date_dim ON web_returns.wr_returned_date_sk = date_dim.d_date_sk JOIN customer ON web_returns.wr_refunded_customer_sk = customer.c_customer_sk LIMIT 77;5b31d3effe6f849231582d5a8efc597c
520;SELECT catalog_sales.* FROM catalog_sales JOIN date_dim ON catalog_sales.cs_sold_date_sk = date_dim.d_date_sk LIMIT 204;3f1dd3ef53b4d54e509bda26fbef4d4e
521;SELECT inventory.* FROM inventory JOIN item ON inventory.inv_item_sk = item.i_item_sk JOIN date_dim ON inventory.inv_date_sk = date_dim.d_date_sk LIMIT 305;72f52513a3ec24d0d5e20824e8ac1b6c
523;SELECT store_sales.* FROM store_sales JOIN customer ON store_sales.ss_customer_sk = customer.c_customer_sk JOIN store ON store_sales.ss_store_sk = store.s_store_sk LIMIT 108;a75f2edd62d9879b7fc329efe23da1d2
524;"SELECT w_substr, sm_type, LOWER(cc_name) AS cc_name_lower, SUM(CASE WHEN (cs_ship_date_sk - cs_sold_date_sk <= 26) THEN 1.0 ELSE 0.0 END) AS ""30 days"", SUM(CASE WHEN (cs_ship_date_sk - cs_sold_date_sk > 44) AND (cs_ship_date_sk - cs_sold_date_sk <= 41) THEN 1.0 ELSE 0.0 END) AS ""31-60 days"", SUM(CASE WHEN (cs_ship_date_sk - cs_sold_date_sk > 77) AND (cs_ship_date_sk - cs_sold_date_sk <= 87) THEN 1.0 ELSE 0.0 END) AS ""61-90 days"", SUM(CASE WHEN (cs_ship_date_sk - cs_sold_date_sk > 118) AND (cs_ship_date_sk - cs_sold_date_sk <= 97) THEN 1.0 ELSE 0.0 END) AS ""91-120 days"", SUM(CASE WHEN (cs_ship_date_sk - cs_sold_date_sk > 123) THEN 1.0 ELSE 0.0 END) AS "">120 days"" FROM catalog_sales, (SELECT SUBSTRING(w_warehouse_name FROM 1.0 FOR 26) AS w_substr, * FROM warehouse) AS sq1, ship_mode, call_center, date_dim WHERE d_month_seq BETWEEN 613 AND 1534 + 15 AND cs_ship_date_sk = d_date_sk AND cs_warehouse_sk = w_warehouse_sk AND cs_ship_mode_sk = sm_ship_mode_sk AND cs_call_center_sk = cc_call_center_sk GROUP BY w_substr, sm_type, cc_name ORDER BY w_substr NULLS FIRST, sm_type NULLS FIRST, cc_name_lower NULLS FIRST LIMIT 82";cd75c85511c11a7ca8a0819b60a5a943
525;SELECT web_returns.* FROM web_returns JOIN customer ON web_returns.wr_refunded_customer_sk = customer.c_customer_sk JOIN date_dim ON web_returns.wr_returned_date_sk = date_dim.d_date_sk LIMIT 417;fde7e2145a2889bb5f190bcf1999a539
526;SELECT web_returns.* FROM web_returns JOIN date_dim ON web_returns.wr_returned_date_sk = date_dim.d_date_sk JOIN item ON web_returns.wr_item_sk = item.i_item_sk LIMIT 344;93cdc7a88d104b0f4d7f6123eebf53de
527;SELECT inventory.* FROM inventory JOIN date_dim ON inventory.inv_date_sk = date_dim.d_date_sk JOIN item ON inventory.inv_item_sk = item.i_item_sk LIMIT 297;c0ef2cfc3b76a4a9936f2343f8cb45f9
528;SELECT store_sales.* FROM store_sales JOIN store ON store_sales.ss_store_sk = store.s_store_sk LIMIT 353;abdd32640aba620079ca0f2f20d11cc9
529;SELECT store_sales.* FROM store_sales JOIN date_dim ON store_sales.ss_sold_date_sk = date_dim.d_date_sk JOIN store ON store_sales.ss_store_sk = store.s_store_sk LIMIT 225;07cbf9f5eb0ce3f3eaa565a0350baa27
530;SELECT inventory.* FROM inventory JOIN date_dim ON inventory.inv_date_sk = date_dim.d_date_sk JOIN warehouse ON inventory.inv_warehouse_sk = warehouse.w_warehouse_sk LIMIT 67;5f4083abcc40f45d40dfd50285ffec8e
531;SELECT store_sales.* FROM store_sales JOIN item ON store_sales.ss_item_sk = item.i_item_sk LIMIT 74;03ca5be2d2c1526e20c0bf68d48b95ae
532;SELECT store_sales.* FROM store_sales JOIN item ON store_sales.ss_item_sk = item.i_item_sk LIMIT 171;a603b50cadf33bf6eba07a1498d59db0
533;SELECT store_returns.* FROM store_returns JOIN date_dim ON store_returns.sr_returned_date_sk = date_dim.d_date_sk LIMIT 294;2df0c73188ad7d9977d12435e7d05f23
534;SELECT web_returns.* FROM web_returns JOIN customer ON web_returns.wr_refunded_customer_sk = customer.c_customer_sk JOIN item ON web_returns.wr_item_sk = item.i_item_sk LIMIT 446;11155dcea62d555d82deab8f2c9869b8
535;SELECT web_sales.* FROM web_sales JOIN date_dim ON web_sales.ws_sold_date_sk = date_dim.d_date_sk LIMIT 152;03f50611f987719eb6145ecaaa9b42c0
536;SELECT web_sales.* FROM web_sales JOIN customer ON web_sales.ws_bill_customer_sk = customer.c_customer_sk LIMIT 137;7e0e8bc1556e3ebeccb975d22dded89d
537;"SELECT w_substr, sm_type, LOWER(cc_name) AS cc_name_lower, SUM(CASE WHEN (cs_ship_date_sk - cs_sold_date_sk <= 25) THEN 1.0 ELSE 0.0 END) AS ""30 days"", SUM(CASE WHEN (cs_ship_date_sk - cs_sold_date_sk > 44) AND (cs_ship_date_sk - cs_sold_date_sk <= 38) THEN 1.0 ELSE 0.0 END) AS ""31-60 days"", SUM(CASE WHEN (cs_ship_date_sk - cs_sold_date_sk > 31) AND (cs_ship_date_sk - cs_sold_date_sk <= 125) THEN 1.0 ELSE 0.0 END) AS ""61-90 days"", SUM(CASE WHEN (cs_ship_date_sk - cs_sold_date_sk > 82) AND (cs_ship_date_sk - cs_sold_date_sk <= 163) THEN 1.0 ELSE 0.0 END) AS ""91-120 days"", SUM(CASE WHEN (cs_ship_date_sk - cs_sold_date_sk > 91) THEN 1.0 ELSE 0.0 END) AS "">120 days"" FROM catalog_sales, (SELECT SUBSTRING(w_warehouse_name FROM 1.0 FOR 19) AS w_substr, * FROM warehouse) AS sq1, ship_mode, call_center, date_dim WHERE d_month_seq BETWEEN 641 AND 750 + 13 AND cs_ship_date_sk = d_date_sk AND cs_warehouse_sk = w_warehouse_sk AND cs_ship_mode_sk = sm_ship_mode_sk AND cs_call_center_sk = cc_call_center_sk GROUP BY w_substr, sm_type, cc_name ORDER BY w_substr NULLS FIRST, sm_type NULLS FIRST, cc_name_lower NULLS FIRST LIMIT 77";f1f602c80917b7c182795689c9e6cecd
538;SELECT web_returns.* FROM web_returns JOIN date_dim ON web_returns.wr_returned_date_sk = date_dim.d_date_sk LIMIT 62;7a33840b2d6dd68c5fb1e1024cbfc9dd
539;SELECT store_sales.* FROM store_sales JOIN date_dim ON store_sales.ss_sold_date_sk = date_dim.d_date_sk LIMIT 288;ffb423e97cd602ebff5cb597c543da92
540;SELECT inventory.* FROM inventory JOIN item ON inventory.inv_item_sk = item.i_item_sk JOIN date_dim ON inventory.inv_date_sk = date_dim.d_date_sk LIMIT 150;3e06cd7dd29d0286601d70aab6d8d345
541;SELECT web_returns.* FROM web_returns JOIN item ON web_returns.wr_item_sk = item.i_item_sk LIMIT 169;5eb9bd95c47076754d1d72f837c88c82
542;SELECT store_sales.* FROM store_sales JOIN item ON store_sales.ss_item_sk = item.i_item_sk JOIN customer ON store_sales.ss_customer_sk = customer.c_customer_sk LIMIT 461;5ee1d5306db3aa77282beb3909fd8bae
543;SELECT web_sales.* FROM web_sales JOIN web_site ON web_sales.ws_web_site_sk = web_site.web_site_sk LIMIT 257;c67786491f9c6335983d33e22f9d22fe
544;SELECT store_returns.* FROM store_returns JOIN customer ON store_returns.sr_customer_sk = customer.c_customer_sk JOIN item ON store_returns.sr_item_sk = item.i_item_sk LIMIT 346;4746bdba4198361f798849668e4aac5c
545;SELECT inventory.* FROM inventory JOIN date_dim ON inventory.inv_date_sk = date_dim.d_date_sk LIMIT 484;88cbf866663f91310f96a8144e6ff118
546;SELECT web_sales.* FROM web_sales JOIN date_dim ON web_sales.ws_sold_date_sk = date_dim.d_date_sk LIMIT 375;cd23e1774cee9b92be857b0d8f40c173
547;SELECT inventory.* FROM inventory JOIN warehouse ON inventory.inv_warehouse_sk = warehouse.w_warehouse_sk JOIN date_dim ON inventory.inv_date_sk = date_dim.d_date_sk LIMIT 287;d2d6f0d9f7eeac23ec25f4f04fea6eff
548;SELECT store_returns.* FROM store_returns JOIN date_dim ON store_returns.sr_returned_date_sk = date_dim.d_date_sk LIMIT 238;5821f5106c069402e07b44abfbde7d7f
549;SELECT web_sales.* FROM web_sales JOIN date_dim ON web_sales.ws_sold_date_sk = date_dim.d_date_sk LIMIT 261;6e89b5ef0192d8f0fa46354732231499
552;SELECT web_sales.* FROM web_sales JOIN date_dim ON web_sales.ws_sold_date_sk = date_dim.d_date_sk LIMIT 279;e1b453695402bf4f8be743b86c991998
553;SELECT store_returns.* FROM store_returns JOIN customer ON store_returns.sr_customer_sk = customer.c_customer_sk LIMIT 178;6e41b10266577c0125eb4e3e883cc97d
555;SELECT store_returns.* FROM store_returns JOIN item ON store_returns.sr_item_sk = item.i_item_sk LIMIT 195;11c1f8a2f44b6181e5a42f5987a2efed
556;SELECT store_sales.* FROM store_sales JOIN date_dim ON store_sales.ss_sold_date_sk = date_dim.d_date_sk JOIN item ON store_sales.ss_item_sk = item.i_item_sk LIMIT 64;dcd75555ceed11fbe3c3fa24ce620896
557;SELECT store_sales.* FROM store_sales JOIN date_dim ON store_sales.ss_sold_date_sk = date_dim.d_date_sk JOIN item ON store_sales.ss_item_sk = item.i_item_sk LIMIT 280;fe65d27a417a216fadd3d5b2b99b3866
558;SELECT catalog_sales.* FROM catalog_sales JOIN date_dim ON catalog_sales.cs_sold_date_sk = date_dim.d_date_sk LIMIT 220;f6c608143f092962f525d398cd4ab600
560;SELECT web_sales.* FROM web_sales JOIN customer ON web_sales.ws_bill_customer_sk = customer.c_customer_sk JOIN date_dim ON web_sales.ws_sold_date_sk = date_dim.d_date_sk LIMIT 84;ae315ed515c7ad7c39667102349c5ea4
561;SELECT store_returns.* FROM store_returns JOIN item ON store_returns.sr_item_sk = item.i_item_sk JOIN date_dim ON store_returns.sr_returned_date_sk = date_dim.d_date_sk LIMIT 133;6ab449c8d7744d166b348264349c1061
564;SELECT store_returns.* FROM store_returns JOIN item ON store_returns.sr_item_sk = item.i_item_sk JOIN date_dim ON store_returns.sr_returned_date_sk = date_dim.d_date_sk LIMIT 129;a616c3517e17f575a0c22d3bd13f3b68
565;SELECT store_returns.* FROM store_returns JOIN item ON store_returns.sr_item_sk = item.i_item_sk LIMIT 295;c05697b03c3a37a14aa6a9656e821994
566;SELECT web_sales.* FROM web_sales JOIN date_dim ON web_sales.ws_sold_date_sk = date_dim.d_date_sk JOIN customer ON web_sales.ws_bill_customer_sk = customer.c_customer_sk LIMIT 217;3d696ade7d51b2a73560f6806c974e15
567;SELECT dt.d_year, item.i_category_id, item.i_category, SUM(ss_ext_sales_price) FROM date_dim AS dt, store_sales, item WHERE dt.d_date_sk = store_sales.ss_sold_date_sk AND store_sales.ss_item_sk = item.i_item_sk AND item.i_manager_id = 1.0 AND dt.d_moy = 6 AND dt.d_year = 1416 GROUP BY dt.d_year, item.i_category_id, item.i_category ORDER BY SUM(ss_ext_sales_price) DESC NULLS LAST, dt.d_year, item.i_category_id, item.i_category LIMIT 72;6d16077b6e4b2dc24e9d8b92886c1344
569;SELECT store_returns.* FROM store_returns JOIN date_dim ON store_returns.sr_returned_date_sk = date_dim.d_date_sk JOIN customer ON store_returns.sr_customer_sk = customer.c_customer_sk LIMIT 205;5fcad261f7e5307a2c004c77dd91b8b9
570;SELECT web_sales.* FROM web_sales JOIN item ON web_sales.ws_item_sk = item.i_item_sk LIMIT 70;7562d9d3b7690daa52f6dc44046c7960
571;SELECT catalog_sales.* FROM catalog_sales JOIN date_dim ON catalog_sales.cs_sold_date_sk = date_dim.d_date_sk JOIN item ON catalog_sales.cs_item_sk = item.i_item_sk LIMIT 233;c43db86d5cd8cc51c1dc7c79f39ed7c7
572;SELECT catalog_sales.* FROM catalog_sales JOIN customer ON catalog_sales.cs_bill_customer_sk = customer.c_customer_sk JOIN item ON catalog_sales.cs_item_sk = item.i_item_sk LIMIT 204;54ef393a7520b85d0b4948210c77fecc
573;SELECT catalog_sales.* FROM catalog_sales JOIN customer ON catalog_sales.cs_bill_customer_sk = customer.c_customer_sk JOIN item ON catalog_sales.cs_item_sk = item.i_item_sk LIMIT 258;347af46a756d0da8e52e668293bbd3f6
574;SELECT inventory.* FROM inventory JOIN date_dim ON inventory.inv_date_sk = date_dim.d_date_sk JOIN warehouse ON inventory.inv_warehouse_sk = warehouse.w_warehouse_sk LIMIT 496;a70257417ecf2971ea65222fb3d2b3e5
575;SELECT store_returns.* FROM store_returns JOIN date_dim ON store_returns.sr_returned_date_sk = date_dim.d_date_sk JOIN customer ON store_returns.sr_customer_sk = customer.c_customer_sk LIMIT 175;2711535fe1240c79043246c1627210af
576;SELECT web_returns.* FROM web_returns JOIN date_dim ON web_returns.wr_returned_date_sk = date_dim.d_date_sk JOIN item ON web_returns.wr_item_sk = item.i_item_sk LIMIT 81;ce6aa39da9865072e016d0292f44c7b8
577;SELECT web_returns.* FROM web_returns JOIN customer ON web_returns.wr_refunded_customer_sk = customer.c_customer_sk JOIN date_dim ON web_returns.wr_returned_date_sk = date_dim.d_date_sk LIMIT 126;a64ea380f0d1202dd472ae209334cf85
578;SELECT web_sales.* FROM web_sales JOIN customer ON web_sales.ws_bill_customer_sk = customer.c_customer_sk JOIN date_dim ON web_sales.ws_sold_date_sk = date_dim.d_date_sk LIMIT 66;a407827e5af192fbf8ef01a7703cb205
579;SELECT web_sales.* FROM web_sales JOIN item ON web_sales.ws_item_sk = item.i_item_sk LIMIT 258;897e5a1a674922cd9ecc3c6c4ff99f2b
580;SELECT catalog_sales.* FROM catalog_sales JOIN customer ON catalog_sales.cs_bill_customer_sk = customer.c_customer_sk LIMIT 119;c174dabb0c55d5824968dcb589b01fb0
581;SELECT catalog_sales.* FROM catalog_sales JOIN warehouse ON catalog_sales.cs_warehouse_sk = warehouse.w_warehouse_sk LIMIT 236;bd23c54d81ae90aa894e30297c4836be
582;SELECT store_returns.* FROM store_returns JOIN customer ON store_returns.sr_customer_sk = customer.c_customer_sk LIMIT 421;386cea701683be4dcc5b69859903e65c
583;SELECT web_sales.* FROM web_sales JOIN customer ON web_sales.ws_bill_customer_sk = customer.c_customer_sk JOIN date_dim ON web_sales.ws_sold_date_sk = date_dim.d_date_sk LIMIT 334;2f32c05bc3cf69d089bdf64254c70e3b
584;SELECT store_sales.* FROM store_sales JOIN date_dim ON store_sales.ss_sold_date_sk = date_dim.d_date_sk JOIN item ON store_sales.ss_item_sk = item.i_item_sk LIMIT 482;200d9c1362adc721bdcbbb8d0ffa30dc
585;SELECT store_sales.* FROM store_sales JOIN store ON store_sales.ss_store_sk = store.s_store_sk LIMIT 390;764f6d9394da8fe3536c4b3a549b2d49
586;SELECT web_sales.* FROM web_sales JOIN customer ON web_sales.ws_bill_customer_sk = customer.c_customer_sk JOIN web_site ON web_sales.ws_web_site_sk = web_site.web_site_sk LIMIT 170;973e8f8396c5324eee6e09d45e9a673d
587;SELECT web_returns.* FROM web_returns JOIN item ON web_returns.wr_item_sk = item.i_item_sk JOIN date_dim ON web_returns.wr_returned_date_sk = date_dim.d_date_sk LIMIT 447;ba3b9085cba0bb73bec3e674fdafcde1
588;SELECT web_sales.* FROM web_sales JOIN web_site ON web_sales.ws_web_site_sk = web_site.web_site_sk JOIN date_dim ON web_sales.ws_sold_date_sk = date_dim.d_date_sk LIMIT 98;aaeb770e96982f543bb7bc79e26ca141
589;SELECT catalog_sales.* FROM catalog_sales JOIN customer ON catalog_sales.cs_bill_customer_sk = customer.c_customer_sk JOIN date_dim ON catalog_sales.cs_sold_date_sk = date_dim.d_date_sk LIMIT 59;a73de9fff71d6314c21dec2f7a3fcb95
590;SELECT catalog_sales.* FROM catalog_sales JOIN warehouse ON catalog_sales.cs_warehouse_sk = warehouse.w_warehouse_sk JOIN date_dim ON catalog_sales.cs_sold_date_sk = date_dim.d_date_sk LIMIT 155;8cb1b37c45e53e654e326603ab10f4c3
591;SELECT inventory.* FROM inventory JOIN warehouse ON inventory.inv_warehouse_sk = warehouse.w_warehouse_sk JOIN date_dim ON inventory.inv_date_sk = date_dim.d_date_sk LIMIT 394;d81775a30358d04e2a36ccd03f0482db
592;SELECT web_returns.* FROM web_returns JOIN date_dim ON web_returns.wr_returned_date_sk = date_dim.d_date_sk LIMIT 74;d0d1c2679bd1665f519a317e1ca4892b
593;SELECT store_returns.* FROM store_returns JOIN date_dim ON store_returns.sr_returned_date_sk = date_dim.d_date_sk LIMIT 84;471336e86a96e7126d56b0835cff7a69
594;SELECT web_returns.* FROM web_returns JOIN date_dim ON web_returns.wr_returned_date_sk = date_dim.d_date_sk JOIN item ON web_returns.wr_item_sk = item.i_item_sk LIMIT 206;92770d160fdb709b546da34b0eb8576f
596;SELECT web_returns.* FROM web_returns JOIN customer ON web_returns.wr_refunded_customer_sk = customer.c_customer_sk LIMIT 181;77a493ba723738f5ffc6daea651a6860
597;SELECT web_sales.* FROM web_sales JOIN date_dim ON web_sales.ws_sold_date_sk = date_dim.d_date_sk JOIN web_site ON web_sales.ws_web_site_sk = web_site.web_site_sk LIMIT 290;49d8e47b72f7fbc391f5ae13425a228d
598;SELECT store_sales.* FROM store_sales JOIN customer ON store_sales.ss_customer_sk = customer.c_customer_sk LIMIT 380;891382b33a7f8512332bf493bb3c4a58
599;SELECT store_returns.* FROM store_returns JOIN customer ON store_returns.sr_customer_sk = customer.c_customer_sk LIMIT 207;3da4dfb1648e5c5189fb3e911842d673
601;SELECT store_sales.* FROM store_sales JOIN customer ON store_sales.ss_customer_sk = customer.c_customer_sk LIMIT 227;cc3f16f040a51e44b0901b9617b19cdf
602;SELECT inventory.* FROM inventory JOIN warehouse ON inventory.inv_warehouse_sk = warehouse.w_warehouse_sk JOIN date_dim ON inventory.inv_date_sk = date_dim.d_date_sk LIMIT 199;ab6c64024abd054e23eabbd60b6f3714
603;SELECT inventory.* FROM inventory JOIN item ON inventory.inv_item_sk = item.i_item_sk JOIN warehouse ON inventory.inv_warehouse_sk = warehouse.w_warehouse_sk LIMIT 293;4443db45d7fc4bbe95ff857d919fc1ef
604;SELECT store_sales.* FROM store_sales JOIN date_dim ON store_sales.ss_sold_date_sk = date_dim.d_date_sk JOIN item ON store_sales.ss_item_sk = item.i_item_sk LIMIT 302;443bd5af367551450370c3850d697801
606;SELECT store_sales.* FROM store_sales JOIN item ON store_sales.ss_item_sk = item.i_item_sk LIMIT 394;66bedccd573c3ca4238a338b4f9bb639
607;SELECT dt.d_year, item.i_brand_id AS brand_id, item.i_brand AS brand, SUM(ss_ext_sales_price) AS ext_price FROM date_dim AS dt, store_sales, item WHERE dt.d_date_sk = store_sales.ss_sold_date_sk AND store_sales.ss_item_sk = item.i_item_sk AND item.i_manager_id = 1.0 AND dt.d_moy = 6 AND dt.d_year = 1182 GROUP BY dt.d_year, item.i_brand, item.i_brand_id ORDER BY dt.d_year, ext_price DESC NULLS LAST, brand_id LIMIT 81;a96610ad6d49b65383a99b8b9ffc324a
609;SELECT catalog_sales.* FROM catalog_sales JOIN date_dim ON catalog_sales.cs_sold_date_sk = date_dim.d_date_sk LIMIT 353;0b338533ef29ca28b5b3bb9a34c6563b
610;SELECT web_returns.* FROM web_returns JOIN date_dim ON web_returns.wr_returned_date_sk = date_dim.d_date_sk JOIN item ON web_returns.wr_item_sk = item.i_item_sk LIMIT 365;72d8f3cfbd5157ec58864f289a4e1c4e
611;SELECT store_returns.* FROM store_returns JOIN customer ON store_returns.sr_customer_sk = customer.c_customer_sk JOIN date_dim ON store_returns.sr_returned_date_sk = date_dim.d_date_sk LIMIT 299;81ca1890ab9eaf7153aa414fb12df987
612;SELECT web_returns.* FROM web_returns JOIN date_dim ON web_returns.wr_returned_date_sk = date_dim.d_date_sk JOIN item ON web_returns.wr_item_sk = item.i_item_sk LIMIT 182;81266985b5ada4ba46de3afc93cb5347
613;SELECT web_returns.* FROM web_returns JOIN date_dim ON web_returns.wr_returned_date_sk = date_dim.d_date_sk JOIN item ON web_returns.wr_item_sk = item.i_item_sk LIMIT 431;cd9dff160e52c2eee1cb50bf6c5edf41
614;SELECT store_sales.* FROM store_sales JOIN item ON store_sales.ss_item_sk = item.i_item_sk LIMIT 236;08b4a8f4ef01e1e2e0ab0627c4d26132
615;SELECT store_sales.* FROM store_sales JOIN date_dim ON store_sales.ss_sold_date_sk = date_dim.d_date_sk JOIN customer ON store_sales.ss_customer_sk = customer.c_customer_sk LIMIT 224;73ee906eb6754e169cd18e29cd1d1764
616;SELECT web_sales.* FROM web_sales JOIN web_site ON web_sales.ws_web_site_sk = web_site.web_site_sk JOIN item ON web_sales.ws_item_sk = item.i_item_sk LIMIT 413;4623db5b06606f4abf2991fd5b6ca7bd
617;SELECT catalog_sales.* FROM catalog_sales JOIN date_dim ON catalog_sales.cs_sold_date_sk = date_dim.d_date_sk LIMIT 453;e141e2308dd8202558b8f6e4ff849b70
618;SELECT web_returns.* FROM web_returns JOIN date_dim ON web_returns.wr_returned_date_sk = date_dim.d_date_sk JOIN customer ON web_returns.wr_refunded_customer_sk = customer.c_customer_sk LIMIT 416;3a2431ceeabdcfb134003dabea6954ad
619;SELECT store_sales.* FROM store_sales JOIN date_dim ON store_sales.ss_sold_date_sk = date_dim.d_date_sk JOIN customer ON store_sales.ss_customer_sk = customer.c_customer_sk LIMIT 484;a463913fc5a3da3980b7001d01a06342
620;SELECT web_sales.* FROM web_sales JOIN date_dim ON web_sales.ws_sold_date_sk = date_dim.d_date_sk LIMIT 270;b51f93b0663ba7897d2c97d66e0a030f
623;SELECT web_returns.* FROM web_returns JOIN date_dim ON web_returns.wr_returned_date_sk = date_dim.d_date_sk JOIN customer ON web_returns.wr_refunded_customer_sk = customer.c_customer_sk LIMIT 162;6e3f88f2b911536ffba8165344f4c293
624;SELECT store_sales.* FROM store_sales JOIN item ON store_sales.ss_item_sk = item.i_item_sk JOIN store ON store_sales.ss_store_sk = store.s_store_sk LIMIT 491;cce0d7d1fbae462e5896ffa313d85dd4
625;SELECT inventory.* FROM inventory JOIN item ON inventory.inv_item_sk = item.i_item_sk JOIN date_dim ON inventory.inv_date_sk = date_dim.d_date_sk LIMIT 273;a9c969b5f2b39e353fb0b88ff1c330b6
626;SELECT web_sales.* FROM web_sales JOIN web_site ON web_sales.ws_web_site_sk = web_site.web_site_sk JOIN item ON web_sales.ws_item_sk = item.i_item_sk LIMIT 355;0eb365a966dbbbaea6521b07dc8f5cfe
627;SELECT inventory.* FROM inventory JOIN item ON inventory.inv_item_sk = item.i_item_sk LIMIT 455;4c7d37bb6f83cbcf8571ef8ed8bffae6
628;SELECT store_returns.* FROM store_returns JOIN item ON store_returns.sr_item_sk = item.i_item_sk LIMIT 168;3e3120fa59a836de825e7e2417a375cc
629;SELECT store_sales.* FROM store_sales JOIN item ON store_sales.ss_item_sk = item.i_item_sk JOIN customer ON store_sales.ss_customer_sk = customer.c_customer_sk LIMIT 226;beb5fa3e0e9d18f1825e84f663e31c8e
630;SELECT store_returns.* FROM store_returns JOIN date_dim ON store_returns.sr_returned_date_sk = date_dim.d_date_sk LIMIT 493;ecfe2dca2c4821719999787a1ce56ead
631;SELECT catalog_sales.* FROM catalog_sales JOIN customer ON catalog_sales.cs_bill_customer_sk = customer.c_customer_sk JOIN date_dim ON catalog_sales.cs_sold_date_sk = date_dim.d_date_sk LIMIT 232;ed8c1d8b8dcb6f1d7912de159feb514a
632;SELECT web_sales.* FROM web_sales JOIN customer ON web_sales.ws_bill_customer_sk = customer.c_customer_sk JOIN item ON web_sales.ws_item_sk = item.i_item_sk LIMIT 293;af502d4a68ae4e93845042d48fee3152
633;SELECT web_sales.* FROM web_sales JOIN date_dim ON web_sales.ws_sold_date_sk = date_dim.d_date_sk JOIN item ON web_sales.ws_item_sk = item.i_item_sk LIMIT 211;9a6af880acbf6d3a1b23815a5eb12ab1
634;SELECT catalog_sales.* FROM catalog_sales JOIN warehouse ON catalog_sales.cs_warehouse_sk = warehouse.w_warehouse_sk LIMIT 282;512b4392b624e0275b668d7c5c1eca01
635;SELECT web_sales.* FROM web_sales JOIN customer ON web_sales.ws_bill_customer_sk = customer.c_customer_sk JOIN date_dim ON web_sales.ws_sold_date_sk = date_dim.d_date_sk LIMIT 107;f671e90e5e8b631c3382b87ce348ca86
637;SELECT store_sales.* FROM store_sales JOIN date_dim ON store_sales.ss_sold_date_sk = date_dim.d_date_sk JOIN store ON store_sales.ss_store_sk = store.s_store_sk LIMIT 327;6d57af39c7b81de5bb6e1be2c420727f
638;SELECT inventory.* FROM inventory JOIN date_dim ON inventory.inv_date_sk = date_dim.d_date_sk JOIN item ON inventory.inv_item_sk = item.i_item_sk LIMIT 296;3071ba39a2f734ea48349777fa880369
639;SELECT store_sales.* FROM store_sales JOIN customer ON store_sales.ss_customer_sk = customer.c_customer_sk JOIN date_dim ON store_sales.ss_sold_date_sk = date_dim.d_date_sk LIMIT 462;48a1e4674536c0ef8574fea28b8e125b
640;SELECT catalog_sales.* FROM catalog_sales JOIN date_dim ON catalog_sales.cs_sold_date_sk = date_dim.d_date_sk LIMIT 277;9bf527b949facb1f2a46bf9db01a716e
642;SELECT store_sales.* FROM store_sales JOIN date_dim ON store_sales.ss_sold_date_sk = date_dim.d_date_sk JOIN store ON store_sales.ss_store_sk = store.s_store_sk LIMIT 444;f2e31365d50e1c115d484646f9fd1c3f
643;SELECT DISTINCT (i_product_name) FROM item AS i1 WHERE i_manufact_id BETWEEN 687 AND 708 + 34 AND (SELECT COUNT(*) AS item_cnt FROM item WHERE (i_manufact = i1.i_manufact AND ((i_category = 'Women' AND (i_color = 'powder' OR i_color = 'khaki') AND (i_units = 'Ounce' OR i_units = 'Oz') AND (i_size = 'medium' OR i_size = 'extra large')) OR (i_category = 'Women' AND (i_color = 'brown' OR i_color = 'honeydew') AND (i_units = 'Bunch' OR i_units = 'Ton') AND (i_size = 'N/A' OR i_size = 'small')) OR (i_category = 'Men' AND (i_color = 'floral' OR i_color = 'deep') AND (i_units = 'N/A' OR i_units = 'Dozen') AND (i_size = 'petite' OR i_size = 'petite')) OR (i_category = 'Men' AND (i_color = 'light' OR i_color = 'cornflower') AND (i_units = 'Box' OR i_units = 'Pound') AND (i_size = 'medium' OR i_size = 'extra large')))) OR (i_manufact = i1.i_manufact AND ((i_category = 'Women' AND (i_color = 'midnight' OR i_color = 'snow') AND (i_units = 'Pallet' OR i_units = 'Gross') AND (i_size = 'medium' OR i_size = 'extra large')) OR (i_category = 'Women' AND (i_color = 'cyan' OR i_color = 'papaya') AND (i_units = 'Cup' OR i_units = 'Dram') AND (i_size = 'N/A' OR i_size = 'small')) OR (i_category = 'Men' AND (i_color = 'orange' OR i_color = 'frosted') AND (i_units = 'Each' OR i_units = 'Tbl') AND (i_size = 'petite' OR i_size = 'petite')) OR (i_category = 'Men' AND (i_color = 'forest' OR i_color = 'ghost') AND (i_units = 'Lb' OR i_units = 'Bundle') AND (i_size = 'medium' OR i_size = 'extra large'))))) > 0.0 ORDER BY i_product_name LIMIT 96;ce67579c47f6d08814a0c27f02a08634
645;SELECT store_sales.* FROM store_sales JOIN store ON store_sales.ss_store_sk = store.s_store_sk JOIN item ON store_sales.ss_item_sk = item.i_item_sk LIMIT 390;49782ee308fe3f3569e570094444fa60
646;SELECT store_sales.* FROM store_sales JOIN item ON store_sales.ss_item_sk = item.i_item_sk LIMIT 469;c5a5437ef0f16389ed1cfc8d2cb00ba3
647;SELECT store_returns.* FROM store_returns JOIN date_dim ON store_returns.sr_returned_date_sk = date_dim.d_date_sk LIMIT 271;bae30d4ef9e9c614f04c96c5b502b7b6
648;WITH all_sales AS (SELECT d_year, i_brand_id, i_class_id, i_category_id, i_manufact_id, SUM(sales_cnt) AS sales_cnt, SUM(sales_amt) AS sales_amt FROM (SELECT d_year, i_brand_id, i_class_id, i_category_id, i_manufact_id, cs_quantity - COALESCE(cr_return_quantity, 0) AS sales_cnt, cs_ext_sales_price - COALESCE(cr_return_amount, 0.0) AS sales_amt FROM catalog_sales JOIN item ON i_item_sk = cs_item_sk JOIN date_dim ON d_date_sk = cs_sold_date_sk LEFT JOIN catalog_returns ON (cs_order_number = cr_order_number AND cs_item_sk = cr_item_sk) WHERE i_category = 'Books' UNION SELECT d_year, i_brand_id, i_class_id, i_category_id, i_manufact_id, ss_quantity - COALESCE(sr_return_quantity, 0) AS sales_cnt, ss_ext_sales_price - COALESCE(sr_return_amt, 0.0) AS sales_amt FROM store_sales JOIN item ON i_item_sk = ss_item_sk JOIN date_dim ON d_date_sk = ss_sold_date_sk LEFT JOIN store_returns ON (ss_ticket_number = sr_ticket_number AND ss_item_sk = sr_item_sk) WHERE i_category = 'Books' UNION SELECT d_year, i_brand_id, i_class_id, i_category_id, i_manufact_id, ws_quantity - COALESCE(wr_return_quantity, 0) AS sales_cnt, ws_ext_sales_price - COALESCE(wr_return_amt, 0.0) AS sales_amt FROM web_sales JOIN item ON i_item_sk = ws_item_sk JOIN date_dim ON d_date_sk = ws_sold_date_sk LEFT JOIN web_returns ON (ws_order_number = wr_order_number AND ws_item_sk = wr_item_sk) WHERE i_category = 'Books') AS sales_detail GROUP BY d_year, i_brand_id, i_class_id, i_category_id, i_manufact_id) SELECT prev_yr.d_year AS prev_year, curr_yr.d_year AS year_, curr_yr.i_brand_id, curr_yr.i_class_id, curr_yr.i_category_id, curr_yr.i_manufact_id, prev_yr.sales_cnt AS prev_yr_cnt, curr_yr.sales_cnt AS curr_yr_cnt, curr_yr.sales_cnt - prev_yr.sales_cnt AS sales_cnt_diff, curr_yr.sales_amt - prev_yr.sales_amt AS sales_amt_diff FROM all_sales AS curr_yr, all_sales AS prev_yr WHERE curr_yr.i_brand_id = prev_yr.i_brand_id AND curr_yr.i_class_id = prev_yr.i_class_id AND curr_yr.i_category_id = prev_yr.i_category_id AND curr_yr.i_manufact_id = prev_yr.i_manufact_id AND curr_yr.d_year = 2002 AND prev_yr.d_year = 2002 - 1 AND CAST(curr_yr.sales_cnt AS DECIMAL(17, 2)) / NULLIF(CAST(prev_yr.sales_cnt AS DECIMAL(17, 2)), 0) < 0.9 ORDER BY sales_cnt_diff, sales_amt_diff LIMIT 100;a4c99f26425906358e1d8c6934b270da
650;SELECT store_returns.* FROM store_returns JOIN date_dim ON store_returns.sr_returned_date_sk = date_dim.d_date_sk JOIN item ON store_returns.sr_item_sk = item.i_item_sk LIMIT 469;908f681cd0bc8dc471d1ab4fff5a6e5f
651;SELECT a.ca_state AS state, COUNT(*) AS cnt FROM customer_address AS a, customer AS c, store_sales AS s, date_dim AS d WHERE  GROUP BY a.ca_state HAVING COUNT(*) >= 11 ORDER BY cnt NULLS FIRST, a.ca_state NULLS FIRST LIMIT 111;4b26af74241b25c59abb1af9ebbd62f7
652;SELECT w_state, i_item_id, SUM(CASE WHEN (CAST(d_date AS DATE) < CAST('2000-03-11' AS DATE)) THEN cs_sales_price - COALESCE(cr_refunded_cash, 0.0) ELSE 0.0 END) AS sales_before, SUM(CASE WHEN (CAST(d_date AS DATE) >= CAST('2000-03-11' AS DATE)) THEN cs_sales_price - COALESCE(cr_refunded_cash, 0.0) ELSE 0.0 END) AS sales_after FROM catalog_sales LEFT OUTER JOIN catalog_returns ON (cs_order_number = cr_order_number AND cs_item_sk = cr_item_sk), warehouse, item, date_dim WHERE i_current_price BETWEEN 0.99 AND 1 AND i_item_sk = cs_item_sk AND cs_warehouse_sk = w_warehouse_sk AND cs_sold_date_sk = d_date_sk AND d_date BETWEEN CAST('2000-02-10' AS DATE) AND CAST('2000-04-10' AS DATE) GROUP BY w_state, i_item_id ORDER BY w_state, i_item_id LIMIT 53;cb32c199a8c47a99dbd6418a1e6e3dff
653;SELECT catalog_sales.* FROM catalog_sales JOIN item ON catalog_sales.cs_item_sk = item.i_item_sk LIMIT 432;3feaa54b9056788bce04d79092d3d7ff
654;SELECT store_sales.* FROM store_sales JOIN date_dim ON store_sales.ss_sold_date_sk = date_dim.d_date_sk JOIN item ON store_sales.ss_item_sk = item.i_item_sk LIMIT 164;ae98b8fa825e9d82a6a9eca96153cb29
655;SELECT web_sales.* FROM web_sales JOIN date_dim ON web_sales.ws_sold_date_sk = date_dim.d_date_sk LIMIT 489;d4bcf7233b0e4ad222f2616023b7a501
656;SELECT web_returns.* FROM web_returns JOIN customer ON web_returns.wr_refunded_customer_sk = customer.c_customer_sk JOIN date_dim ON web_returns.wr_returned_date_sk = date_dim.d_date_sk LIMIT 54;4faee72c4b53cdeff57a1314992080ee
657;SELECT inventory.* FROM inventory JOIN date_dim ON inventory.inv_date_sk = date_dim.d_date_sk JOIN item ON inventory.inv_item_sk = item.i_item_sk LIMIT 95;fd864c2767ddae31141a55a6b1dd19cd
658;SELECT web_sales.* FROM web_sales JOIN date_dim ON web_sales.ws_sold_date_sk = date_dim.d_date_sk JOIN customer ON web_sales.ws_bill_customer_sk = customer.c_customer_sk LIMIT 386;bbf89c3df9e7c7f8201496a02e0150a4
660;SELECT inventory.* FROM inventory JOIN warehouse ON inventory.inv_warehouse_sk = warehouse.w_warehouse_sk LIMIT 473;e1ac978be922f9cbf0a541e3f59c41ba
661;SELECT inventory.* FROM inventory JOIN date_dim ON inventory.inv_date_sk = date_dim.d_date_sk JOIN warehouse ON inventory.inv_warehouse_sk = warehouse.w_warehouse_sk LIMIT 303;fb9e202208b6dfbff317832fd9f58b97
662;SELECT store_returns.* FROM store_returns JOIN customer ON store_returns.sr_customer_sk = customer.c_customer_sk JOIN date_dim ON store_returns.sr_returned_date_sk = date_dim.d_date_sk LIMIT 233;34397fe576b5c23e119c71d9d2cb4f86
663;SELECT store_returns.* FROM store_returns JOIN item ON store_returns.sr_item_sk = item.i_item_sk LIMIT 302;14b2b6c3665085b9981280125352a72c
664;SELECT web_sales.* FROM web_sales JOIN customer ON web_sales.ws_bill_customer_sk = customer.c_customer_sk LIMIT 78;a2dc944d97703f7d4b3e1a88a69d09b9
667;SELECT store_sales.* FROM store_sales JOIN customer ON store_sales.ss_customer_sk = customer.c_customer_sk LIMIT 408;c23f4ca83980bd91647c229ea4b7a6ea
668;SELECT catalog_sales.* FROM catalog_sales JOIN warehouse ON catalog_sales.cs_warehouse_sk = warehouse.w_warehouse_sk LIMIT 210;c166b4700ae448b548b2f2a71ca5b3f3
669;SELECT store_returns.* FROM store_returns JOIN item ON store_returns.sr_item_sk = item.i_item_sk JOIN date_dim ON store_returns.sr_returned_date_sk = date_dim.d_date_sk LIMIT 312;e0b30901cea37d6905ff1c58641e3162
670;SELECT store_returns.* FROM store_returns JOIN item ON store_returns.sr_item_sk = item.i_item_sk JOIN date_dim ON store_returns.sr_returned_date_sk = date_dim.d_date_sk LIMIT 251;f00777a6cf4ef39c1688a2204afa0a22
672;SELECT web_returns.* FROM web_returns JOIN customer ON web_returns.wr_refunded_customer_sk = customer.c_customer_sk JOIN item ON web_returns.wr_item_sk = item.i_item_sk LIMIT 329;ea3fc9e85379289ccb9771b62562a814
673;SELECT store_returns.* FROM store_returns JOIN item ON store_returns.sr_item_sk = item.i_item_sk JOIN customer ON store_returns.sr_customer_sk = customer.c_customer_sk LIMIT 231;ff808878538b0fd69197a65ea9d0ab8c
675;SELECT web_sales.* FROM web_sales JOIN date_dim ON web_sales.ws_sold_date_sk = date_dim.d_date_sk LIMIT 187;541ca7e0ca34968cf234a86bba1be232
676;SELECT catalog_sales.* FROM catalog_sales JOIN item ON catalog_sales.cs_item_sk = item.i_item_sk JOIN date_dim ON catalog_sales.cs_sold_date_sk = date_dim.d_date_sk LIMIT 365;a38321b6460d745647b352b65f396b69
678;SELECT inventory.* FROM inventory JOIN date_dim ON inventory.inv_date_sk = date_dim.d_date_sk JOIN item ON inventory.inv_item_sk = item.i_item_sk LIMIT 52;9c68b849894c29ed74d78a981cc84bf7
679;SELECT catalog_sales.* FROM catalog_sales JOIN warehouse ON catalog_sales.cs_warehouse_sk = warehouse.w_warehouse_sk JOIN date_dim ON catalog_sales.cs_sold_date_sk = date_dim.d_date_sk LIMIT 95;a51f54381d71324d377456c430667f0e
680;SELECT store_returns.* FROM store_returns JOIN customer ON store_returns.sr_customer_sk = customer.c_customer_sk JOIN date_dim ON store_returns.sr_returned_date_sk = date_dim.d_date_sk LIMIT 407;ab9cab8988293237b8ac76006fc93d1e
683;SELECT inventory.* FROM inventory JOIN date_dim ON inventory.inv_date_sk = date_dim.d_date_sk JOIN warehouse ON inventory.inv_warehouse_sk = warehouse.w_warehouse_sk LIMIT 317;8ba26e4aea42f16e80404d3b23c12669
684;SELECT inventory.* FROM inventory JOIN warehouse ON inventory.inv_warehouse_sk = warehouse.w_warehouse_sk JOIN date_dim ON inventory.inv_date_sk = date_dim.d_date_sk LIMIT 126;13e2b727b96992aa00556062091ce96a
685;SELECT web_returns.* FROM web_returns JOIN customer ON web_returns.wr_refunded_customer_sk = customer.c_customer_sk LIMIT 135;5f53b14f1babee2c6a7f72f702f9eb61
686;SELECT store_returns.* FROM store_returns JOIN customer ON store_returns.sr_customer_sk = customer.c_customer_sk JOIN date_dim ON store_returns.sr_returned_date_sk = date_dim.d_date_sk LIMIT 135;4dc7718c8714fff6f6b6f957d045a111
687;SELECT catalog_sales.* FROM catalog_sales JOIN date_dim ON catalog_sales.cs_sold_date_sk = date_dim.d_date_sk JOIN customer ON catalog_sales.cs_bill_customer_sk = customer.c_customer_sk LIMIT 301;88d05f2b0b4ebc184643bd0a1b5bb435
688;SELECT catalog_sales.* FROM catalog_sales JOIN item ON catalog_sales.cs_item_sk = item.i_item_sk LIMIT 214;33bbc48d9ea3de6f03a80ebaf3600694
689;SELECT store_returns.* FROM store_returns JOIN customer ON store_returns.sr_customer_sk = customer.c_customer_sk JOIN item ON store_returns.sr_item_sk = item.i_item_sk LIMIT 311;8da9ace9b9dad8e96a7ff06b77e0e3c8
690;SELECT web_returns.* FROM web_returns JOIN customer ON web_returns.wr_refunded_customer_sk = customer.c_customer_sk JOIN date_dim ON web_returns.wr_returned_date_sk = date_dim.d_date_sk LIMIT 466;3a4604f02ef376c93c5cb6c99a843679
691;SELECT store_returns.* FROM store_returns JOIN item ON store_returns.sr_item_sk = item.i_item_sk LIMIT 272;5d7c4a01048572a9f23e077ef7052893
692;SELECT catalog_sales.* FROM catalog_sales JOIN item ON catalog_sales.cs_item_sk = item.i_item_sk LIMIT 189;afa5be099f6d90591c4f04e3de2d822c
695;SELECT web_returns.* FROM web_returns JOIN customer ON web_returns.wr_refunded_customer_sk = customer.c_customer_sk JOIN item ON web_returns.wr_item_sk = item.i_item_sk LIMIT 482;747fac1b4827043d0c69f3cf9da08588
696;SELECT web_returns.* FROM web_returns JOIN item ON web_returns.wr_item_sk = item.i_item_sk LIMIT 208;de7e4723478ad110b38622688fba4564
697;SELECT catalog_sales.* FROM catalog_sales JOIN date_dim ON catalog_sales.cs_sold_date_sk = date_dim.d_date_sk JOIN customer ON catalog_sales.cs_bill_customer_sk = customer.c_customer_sk LIMIT 335;7f34e47dd3afd248e84e2977f25ef347
698;SELECT store_returns.* FROM store_returns JOIN item ON store_returns.sr_item_sk = item.i_item_sk LIMIT 419;c9cc9e38cbfb07481a65094f789d0eb2
700;SELECT store_sales.* FROM store_sales JOIN customer ON store_sales.ss_customer_sk = customer.c_customer_sk JOIN item ON store_sales.ss_item_sk = item.i_item_sk LIMIT 493;4bf4a017d0fde761fca63ca7c9feb697
701;SELECT web_returns.* FROM web_returns JOIN item ON web_returns.wr_item_sk = item.i_item_sk LIMIT 357;c4d818550e453b6801e8b290a80dfc59
702;SELECT catalog_sales.* FROM catalog_sales JOIN warehouse ON catalog_sales.cs_warehouse_sk = warehouse.w_warehouse_sk LIMIT 472;94d7d832633ab6bde0ed06d68e9ed899
703;SELECT web_sales.* FROM web_sales JOIN customer ON web_sales.ws_bill_customer_sk = customer.c_customer_sk LIMIT 366;a6a5cdf047e5a80511e439ae628c78ae
704;SELECT web_returns.* FROM web_returns JOIN item ON web_returns.wr_item_sk = item.i_item_sk LIMIT 282;76805207b1abcac38962320149ee8495
705;SELECT store_returns.* FROM store_returns JOIN item ON store_returns.sr_item_sk = item.i_item_sk JOIN date_dim ON store_returns.sr_returned_date_sk = date_dim.d_date_sk LIMIT 140;5881f5dbd67abc82f3c2e69079ba8873
706;SELECT catalog_sales.* FROM catalog_sales JOIN warehouse ON catalog_sales.cs_warehouse_sk = warehouse.w_warehouse_sk JOIN customer ON catalog_sales.cs_bill_customer_sk = customer.c_customer_sk LIMIT 204;61247e08d12a2314e2fc8d8146f81136
707;SELECT inventory.* FROM inventory JOIN item ON inventory.inv_item_sk = item.i_item_sk JOIN date_dim ON inventory.inv_date_sk = date_dim.d_date_sk LIMIT 355;52fedbe4f7a1643bae3d5d6d338f97aa
708;SELECT store_sales.* FROM store_sales JOIN customer ON store_sales.ss_customer_sk = customer.c_customer_sk JOIN item ON store_sales.ss_item_sk = item.i_item_sk LIMIT 298;c24aa9a0e55da1088cee02ee0e5d98dc
709;SELECT inventory.* FROM inventory JOIN item ON inventory.inv_item_sk = item.i_item_sk JOIN warehouse ON inventory.inv_warehouse_sk = warehouse.w_warehouse_sk LIMIT 90;40ec5f635f875ef17ce754b01d2070eb
710;SELECT catalog_sales.* FROM catalog_sales JOIN date_dim ON catalog_sales.cs_sold_date_sk = date_dim.d_date_sk JOIN warehouse ON catalog_sales.cs_warehouse_sk = warehouse.w_warehouse_sk LIMIT 441;56d611e2a8311bb87f5fefe1a7534101
711;SELECT store_sales.* FROM store_sales JOIN customer ON store_sales.ss_customer_sk = customer.c_customer_sk LIMIT 244;1af9ef321dacab88184a291f3de7b631
712;SELECT store_returns.* FROM store_returns JOIN customer ON store_returns.sr_customer_sk = customer.c_customer_sk JOIN date_dim ON store_returns.sr_returned_date_sk = date_dim.d_date_sk LIMIT 397;9edbcd02727ba91b678f535dae8d14c1
713;SELECT web_returns.* FROM web_returns JOIN customer ON web_returns.wr_refunded_customer_sk = customer.c_customer_sk JOIN date_dim ON web_returns.wr_returned_date_sk = date_dim.d_date_sk LIMIT 490;a994e8ed8e856bcaa8fadf04937c6366
717;SELECT store_returns.* FROM store_returns JOIN date_dim ON store_returns.sr_returned_date_sk = date_dim.d_date_sk LIMIT 134;154f21f8b20d8f7bdbca57d1e8045051
718;SELECT web_returns.* FROM web_returns JOIN item ON web_returns.wr_item_sk = item.i_item_sk LIMIT 177;c21223e37ac7cd963ba8c58a76728873
719;SELECT catalog_sales.* FROM catalog_sales JOIN warehouse ON catalog_sales.cs_warehouse_sk = warehouse.w_warehouse_sk LIMIT 366;c32fabadc04ad0c4fa40b1781add75f5
720;SELECT catalog_sales.* FROM catalog_sales JOIN date_dim ON catalog_sales.cs_sold_date_sk = date_dim.d_date_sk LIMIT 116;e88f8a7ffbb938fcb21feb3d1fae295a
721;SELECT inventory.* FROM inventory JOIN warehouse ON inventory.inv_warehouse_sk = warehouse.w_warehouse_sk LIMIT 276;b256ad2fc6be1e7975d436557895aaef
722;SELECT store_sales.* FROM store_sales JOIN item ON store_sales.ss_item_sk = item.i_item_sk JOIN date_dim ON store_sales.ss_sold_date_sk = date_dim.d_date_sk LIMIT 106;1e5a47a7e3ede300ea4c10608840e3c6
725;SELECT store_returns.* FROM store_returns JOIN customer ON store_returns.sr_customer_sk = customer.c_customer_sk LIMIT 196;b48073516918b99df6ff689a3fb68f1c
726;SELECT store_returns.* FROM store_returns JOIN date_dim ON store_returns.sr_returned_date_sk = date_dim.d_date_sk JOIN customer ON store_returns.sr_customer_sk = customer.c_customer_sk LIMIT 446;1915fa8c61574eb024509cb96aa61b3e
727;SELECT web_returns.* FROM web_returns JOIN item ON web_returns.wr_item_sk = item.i_item_sk LIMIT 210;768636f92b59fce07e60f739fa70c50d
728;SELECT catalog_sales.* FROM catalog_sales JOIN date_dim ON catalog_sales.cs_sold_date_sk = date_dim.d_date_sk LIMIT 337;137f4c3abe1c0739e3e32e62a11a7017
729;SELECT store_returns.* FROM store_returns JOIN date_dim ON store_returns.sr_returned_date_sk = date_dim.d_date_sk JOIN customer ON store_returns.sr_customer_sk = customer.c_customer_sk LIMIT 402;3db99f06e6f067888e369b94190829ff
730;SELECT store_returns.* FROM store_returns JOIN item ON store_returns.sr_item_sk = item.i_item_sk LIMIT 180;1b98dff03233cbf91c29ba1fa074d0ab
731;SELECT store_sales.* FROM store_sales JOIN date_dim ON store_sales.ss_sold_date_sk = date_dim.d_date_sk LIMIT 260;51ca1d253fb006a31b2cd352b48a3fc7
732;SELECT web_sales.* FROM web_sales JOIN item ON web_sales.ws_item_sk = item.i_item_sk LIMIT 327;216171d5ddf9702adabdf0b22d0a952a
733;SELECT store_returns.* FROM store_returns JOIN item ON store_returns.sr_item_sk = item.i_item_sk JOIN customer ON store_returns.sr_customer_sk = customer.c_customer_sk LIMIT 307;ebfe41448a1fb27a135e3718affa92fa
735;SELECT web_sales.* FROM web_sales JOIN customer ON web_sales.ws_bill_customer_sk = customer.c_customer_sk LIMIT 310;12bbc8246e80a29add1f609615d32f2b
736;SELECT web_returns.* FROM web_returns JOIN customer ON web_returns.wr_refunded_customer_sk = customer.c_customer_sk JOIN date_dim ON web_returns.wr_returned_date_sk = date_dim.d_date_sk LIMIT 221;f2623db0e02df06de1dbbce99aef4a70
737;SELECT catalog_sales.* FROM catalog_sales JOIN customer ON catalog_sales.cs_bill_customer_sk = customer.c_customer_sk JOIN item ON catalog_sales.cs_item_sk = item.i_item_sk LIMIT 50;02149d1c7f5e030a722e9fdaa8717257
738;SELECT web_returns.* FROM web_returns JOIN item ON web_returns.wr_item_sk = item.i_item_sk JOIN date_dim ON web_returns.wr_returned_date_sk = date_dim.d_date_sk LIMIT 203;d4d63386dd27cfb447798950ff083d28
741;SELECT catalog_sales.* FROM catalog_sales JOIN warehouse ON catalog_sales.cs_warehouse_sk = warehouse.w_warehouse_sk LIMIT 416;3130cc3522508b0c29c13c88a3a82d5d
742;SELECT web_returns.* FROM web_returns JOIN date_dim ON web_returns.wr_returned_date_sk = date_dim.d_date_sk LIMIT 152;41f30c7c87a4cdb5b2b2683ae8261445
743;SELECT web_returns.* FROM web_returns JOIN date_dim ON web_returns.wr_returned_date_sk = date_dim.d_date_sk JOIN customer ON web_returns.wr_refunded_customer_sk = customer.c_customer_sk LIMIT 284;db274dd7edf3a1e4d4b021014b8c62bc
744;SELECT store_sales.* FROM store_sales JOIN date_dim ON store_sales.ss_sold_date_sk = date_dim.d_date_sk JOIN item ON store_sales.ss_item_sk = item.i_item_sk LIMIT 126;acd24bf7859e17b13fda1d668202104c
745;SELECT web_sales.* FROM web_sales JOIN date_dim ON web_sales.ws_sold_date_sk = date_dim.d_date_sk JOIN item ON web_sales.ws_item_sk = item.i_item_sk LIMIT 213;e73032369c0e7dc06249f791db165551
746;SELECT web_sales.* FROM web_sales JOIN date_dim ON web_sales.ws_sold_date_sk = date_dim.d_date_sk LIMIT 190;da5fc47fef6e262b2c50f2e715d54a33
747;SELECT catalog_sales.* FROM catalog_sales JOIN item ON catalog_sales.cs_item_sk = item.i_item_sk LIMIT 478;f27e12ca6b057467d0315721ba545ea4
748;SELECT web_sales.* FROM web_sales JOIN web_site ON web_sales.ws_web_site_sk = web_site.web_site_sk JOIN item ON web_sales.ws_item_sk = item.i_item_sk LIMIT 323;3a52e09f9c1fc6162dadb3f0b9a1a55b
749;SELECT store_sales.* FROM store_sales JOIN date_dim ON store_sales.ss_sold_date_sk = date_dim.d_date_sk JOIN item ON store_sales.ss_item_sk = item.i_item_sk LIMIT 398;6b870e66f24c9aaf18ab2218a2c3a83a
750;SELECT web_sales.* FROM web_sales JOIN date_dim ON web_sales.ws_sold_date_sk = date_dim.d_date_sk JOIN customer ON web_sales.ws_bill_customer_sk = customer.c_customer_sk LIMIT 122;fda3c1087790de80997375990c8b4895
752;SELECT store_returns.* FROM store_returns JOIN customer ON store_returns.sr_customer_sk = customer.c_customer_sk LIMIT 402;12277be0bd9a27113f695e5e264eee34
753;SELECT store_returns.* FROM store_returns JOIN customer ON store_returns.sr_customer_sk = customer.c_customer_sk JOIN date_dim ON store_returns.sr_returned_date_sk = date_dim.d_date_sk LIMIT 243;841f4b5fd09d0fc6e8f78a6838ce2eff
754;SELECT catalog_sales.* FROM catalog_sales JOIN customer ON catalog_sales.cs_bill_customer_sk = customer.c_customer_sk LIMIT 445;d1d24d62c30ccf729df554270441c987
756;SELECT web_returns.* FROM web_returns JOIN date_dim ON web_returns.wr_returned_date_sk = date_dim.d_date_sk LIMIT 484;1b47368c51abfe2bac8228f1728e6b8f
757;SELECT web_sales.* FROM web_sales JOIN customer ON web_sales.ws_bill_customer_sk = customer.c_customer_sk JOIN web_site ON web_sales.ws_web_site_sk = web_site.web_site_sk LIMIT 317;57bac8325fdec0ab1b38933c7b889ac8
758;SELECT store_returns.* FROM store_returns JOIN date_dim ON store_returns.sr_returned_date_sk = date_dim.d_date_sk JOIN item ON store_returns.sr_item_sk = item.i_item_sk LIMIT 458;389de46460164bf12cdc073ced44c151
759;SELECT store_returns.* FROM store_returns JOIN item ON store_returns.sr_item_sk = item.i_item_sk JOIN date_dim ON store_returns.sr_returned_date_sk = date_dim.d_date_sk LIMIT 480;569085d558ae8161fd3e0f1c80a14119
760;SELECT store_returns.* FROM store_returns JOIN item ON store_returns.sr_item_sk = item.i_item_sk LIMIT 88;a24ac36a68654741a4910546272cc5b7
761;SELECT store_returns.* FROM store_returns JOIN item ON store_returns.sr_item_sk = item.i_item_sk JOIN customer ON store_returns.sr_customer_sk = customer.c_customer_sk LIMIT 212;a2c1eb8c23225df50bd09fefd13192a8
762;SELECT store_sales.* FROM store_sales JOIN store ON store_sales.ss_store_sk = store.s_store_sk JOIN customer ON store_sales.ss_customer_sk = customer.c_customer_sk LIMIT 92;d6a321be2f3cbb9d9e6f255a1046dda3
763;SELECT web_returns.* FROM web_returns JOIN item ON web_returns.wr_item_sk = item.i_item_sk JOIN customer ON web_returns.wr_refunded_customer_sk = customer.c_customer_sk LIMIT 365;67b491f128e5c8bbfc763c3ea2281ec9
764;SELECT store_sales.* FROM store_sales JOIN date_dim ON store_sales.ss_sold_date_sk = date_dim.d_date_sk LIMIT 421;8ff5f2b8300b8fda8edf90b1df7f1677
765;SELECT store_returns.* FROM store_returns JOIN customer ON store_returns.sr_customer_sk = customer.c_customer_sk LIMIT 469;6d63eebd17a0947a67544a1c6dbcb103
766;SELECT inventory.* FROM inventory JOIN warehouse ON inventory.inv_warehouse_sk = warehouse.w_warehouse_sk JOIN item ON inventory.inv_item_sk = item.i_item_sk LIMIT 306;50782f4fdb29bb886055591e06dbba0f
767;SELECT web_returns.* FROM web_returns JOIN item ON web_returns.wr_item_sk = item.i_item_sk LIMIT 285;20229817a7238abfd90e7d9c324c488b
770;SELECT inventory.* FROM inventory JOIN warehouse ON inventory.inv_warehouse_sk = warehouse.w_warehouse_sk JOIN item ON inventory.inv_item_sk = item.i_item_sk LIMIT 86;4afa8b5c2a158aa78ac65ac49d5ac3f0
771;SELECT web_returns.* FROM web_returns JOIN item ON web_returns.wr_item_sk = item.i_item_sk LIMIT 262;39d2b4469b0807d36f7969820c69b2a3
772;SELECT web_returns.* FROM web_returns JOIN customer ON web_returns.wr_refunded_customer_sk = customer.c_customer_sk JOIN date_dim ON web_returns.wr_returned_date_sk = date_dim.d_date_sk LIMIT 314;cb2323f97c7137cbc36854821095fc8f
774;WITH ws AS (SELECT d_year AS ws_sold_year, ws_item_sk, ws_bill_customer_sk AS ws_customer_sk, SUM(ws_quantity) AS ws_qty, SUM(ws_wholesale_cost) AS ws_wc, SUM(ws_sales_price) AS ws_sp FROM web_sales LEFT JOIN web_returns ON wr_order_number = ws_order_number AND ws_item_sk = wr_item_sk JOIN date_dim ON ws_sold_date_sk = d_date_sk WHERE wr_order_number IS NULL GROUP BY d_year, ws_item_sk, ws_bill_customer_sk), cs AS (SELECT d_year AS cs_sold_year, cs_item_sk, cs_bill_customer_sk AS cs_customer_sk, SUM(cs_quantity) AS cs_qty, SUM(cs_wholesale_cost) AS cs_wc, SUM(cs_sales_price) AS cs_sp FROM catalog_sales LEFT JOIN catalog_returns ON cr_order_number = cs_order_number AND cs_item_sk = cr_item_sk JOIN date_dim ON cs_sold_date_sk = d_date_sk WHERE cr_order_number IS NULL GROUP BY d_year, cs_item_sk, cs_bill_customer_sk), ss AS (SELECT d_year AS ss_sold_year, ss_item_sk, ss_customer_sk, SUM(ss_quantity) AS ss_qty, SUM(ss_wholesale_cost) AS ss_wc, SUM(ss_sales_price) AS ss_sp FROM store_sales LEFT JOIN store_returns ON sr_ticket_number = ss_ticket_number AND ss_item_sk = sr_item_sk JOIN date_dim ON ss_sold_date_sk = d_date_sk WHERE sr_ticket_number IS NULL GROUP BY d_year, ss_item_sk, ss_customer_sk) SELECT ss_sold_year, ss_item_sk, ss_customer_sk, ROUND(CAST((ss_qty * 1.0) AS DOUBLE PRECISION) / NULLIF((COALESCE(ws_qty, 0.0) + COALESCE(cs_qty, 0.0)), 0), 2) AS ratio, ss_qty AS store_qty, ss_wc AS store_wholesale_cost, ss_sp AS store_sales_price, COALESCE(ws_qty, 0.0) + COALESCE(cs_qty, 0.0) AS other_chan_qty, COALESCE(ws_wc, 0.0) + COALESCE(cs_wc, 0.0) AS other_chan_wholesale_cost, COALESCE(ws_sp, 0.0) + COALESCE(cs_sp, 0.0) AS other_chan_sales_price FROM ss LEFT JOIN ws ON (ws_sold_year = ss_sold_year AND ws_item_sk = ss_item_sk AND ws_customer_sk = ss_customer_sk) LEFT JOIN cs ON (cs_sold_year = ss_sold_year AND cs_item_sk = ss_item_sk AND cs_customer_sk = ss_customer_sk) WHERE (COALESCE(ws_qty, 0.0) > 0.0 OR COALESCE(cs_qty, 0.0) > 0.0) AND ss_sold_year = 1375 ORDER BY ss_sold_year, ss_item_sk, ss_customer_sk, ss_qty DESC NULLS LAST, ss_wc DESC NULLS LAST, ss_sp DESC NULLS LAST, other_chan_qty, other_chan_wholesale_cost, other_chan_sales_price, ratio LIMIT 131;5022abd37cfcee82e96e2978fb68dc49
775;SELECT store_returns.* FROM store_returns JOIN date_dim ON store_returns.sr_returned_date_sk = date_dim.d_date_sk JOIN item ON store_returns.sr_item_sk = item.i_item_sk LIMIT 324;3fb613e1114dc90d22e83804b5462eed
776;SELECT store_returns.* FROM store_returns JOIN customer ON store_returns.sr_customer_sk = customer.c_customer_sk JOIN date_dim ON store_returns.sr_returned_date_sk = date_dim.d_date_sk LIMIT 362;48c8559a145bd7a96661c1656cd2c1dc
778;SELECT inventory.* FROM inventory JOIN item ON inventory.inv_item_sk = item.i_item_sk LIMIT 331;5e171290b1f98774065517e16a19cf35
779;SELECT store_returns.* FROM store_returns JOIN customer ON store_returns.sr_customer_sk = customer.c_customer_sk JOIN date_dim ON store_returns.sr_returned_date_sk = date_dim.d_date_sk LIMIT 468;164136b20b0ae9b097a59b2cd7d7297e
780;SELECT store_returns.* FROM store_returns JOIN date_dim ON store_returns.sr_returned_date_sk = date_dim.d_date_sk LIMIT 186;483ace222c471a5b2d4639456e77a57f
781;SELECT catalog_sales.* FROM catalog_sales JOIN customer ON catalog_sales.cs_bill_customer_sk = customer.c_customer_sk LIMIT 321;9e935fdcb015c681069d6aa34228ff54
782;SELECT web_sales.* FROM web_sales JOIN date_dim ON web_sales.ws_sold_date_sk = date_dim.d_date_sk LIMIT 297;65d1dd91adc21342f2eaaa8f2cf63edb
783;SELECT inventory.* FROM inventory JOIN date_dim ON inventory.inv_date_sk = date_dim.d_date_sk LIMIT 129;b813d8e5d556f9c1303b5fba12b03a4e
784;SELECT store_sales.* FROM store_sales JOIN date_dim ON store_sales.ss_sold_date_sk = date_dim.d_date_sk JOIN item ON store_sales.ss_item_sk = item.i_item_sk LIMIT 171;b07bcbbf8d73a5ce0276141cdf1a94de
785;SELECT catalog_sales.* FROM catalog_sales JOIN customer ON catalog_sales.cs_bill_customer_sk = customer.c_customer_sk JOIN warehouse ON catalog_sales.cs_warehouse_sk = warehouse.w_warehouse_sk LIMIT 271;031b3d30c2a8c4f7bc364f5f2424f8d0
786;SELECT store_sales.* FROM store_sales JOIN date_dim ON store_sales.ss_sold_date_sk = date_dim.d_date_sk LIMIT 75;2ac82ca196351eb1c366e771f14b8c86
787;SELECT web_sales.* FROM web_sales JOIN date_dim ON web_sales.ws_sold_date_sk = date_dim.d_date_sk JOIN web_site ON web_sales.ws_web_site_sk = web_site.web_site_sk LIMIT 317;943409f973ef521142637f1d19db396b
788;SELECT catalog_sales.* FROM catalog_sales JOIN item ON catalog_sales.cs_item_sk = item.i_item_sk LIMIT 314;cae47c5b6d3c778ba8c358c731907c37
789;SELECT catalog_sales.* FROM catalog_sales JOIN item ON catalog_sales.cs_item_sk = item.i_item_sk JOIN customer ON catalog_sales.cs_bill_customer_sk = customer.c_customer_sk LIMIT 59;fc43f38129f1f191f9a1633ea248332a
790;SELECT web_sales.* FROM web_sales JOIN web_site ON web_sales.ws_web_site_sk = web_site.web_site_sk JOIN item ON web_sales.ws_item_sk = item.i_item_sk LIMIT 159;2c073ef7cab7b5fb165c16f4fef23106
791;SELECT catalog_sales.* FROM catalog_sales JOIN item ON catalog_sales.cs_item_sk = item.i_item_sk LIMIT 474;39233a53ea4eac477361100b6af0ec62
792;SELECT inventory.* FROM inventory JOIN warehouse ON inventory.inv_warehouse_sk = warehouse.w_warehouse_sk LIMIT 229;aa93f47f4e399b04ce22e34b363bc2df
793;SELECT store_sales.* FROM store_sales JOIN store ON store_sales.ss_store_sk = store.s_store_sk LIMIT 53;295afaf43389c542a489e65eedcb58ed
794;SELECT inventory.* FROM inventory JOIN item ON inventory.inv_item_sk = item.i_item_sk JOIN warehouse ON inventory.inv_warehouse_sk = warehouse.w_warehouse_sk LIMIT 53;33b27db92af05cd63c9f047699efed5c
795;SELECT web_returns.* FROM web_returns JOIN item ON web_returns.wr_item_sk = item.i_item_sk JOIN customer ON web_returns.wr_refunded_customer_sk = customer.c_customer_sk LIMIT 226;2a7e17db3ef5d6593a02765c981a2662
796;SELECT store_returns.* FROM store_returns JOIN customer ON store_returns.sr_customer_sk = customer.c_customer_sk JOIN date_dim ON store_returns.sr_returned_date_sk = date_dim.d_date_sk LIMIT 308;1022cad3b1896cc41c80c1613fe8793a
797;SELECT web_sales.* FROM web_sales JOIN item ON web_sales.ws_item_sk = item.i_item_sk JOIN date_dim ON web_sales.ws_sold_date_sk = date_dim.d_date_sk LIMIT 486;3808de90dc18aa859b5a78700b9d722d
798;SELECT web_sales.* FROM web_sales JOIN web_site ON web_sales.ws_web_site_sk = web_site.web_site_sk LIMIT 351;941d56c4a2d7a570ba9e9f9aa187df86
799;SELECT web_returns.* FROM web_returns JOIN customer ON web_returns.wr_refunded_customer_sk = customer.c_customer_sk JOIN item ON web_returns.wr_item_sk = item.i_item_sk LIMIT 227;eb2ef555d4588341c52e6d55eac63976
800;WITH ssr AS (SELECT s_store_id AS store_id, SUM(ss_ext_sales_price) AS sales, SUM(COALESCE(sr_return_amt, 0.0)) AS returns_, SUM(ss_net_profit - COALESCE(sr_net_loss, 0.0)) AS profit FROM store_sales LEFT OUTER JOIN store_returns ON (ss_item_sk = sr_item_sk AND ss_ticket_number = sr_ticket_number), date_dim, store, item, promotion WHERE ss_sold_date_sk = d_date_sk AND d_date BETWEEN CAST('2000-08-23' AS DATE) AND CAST('2000-09-22' AS DATE) AND ss_store_sk = s_store_sk AND ss_item_sk = i_item_sk AND i_current_price > 74 AND ss_promo_sk = p_promo_sk AND p_channel_tv = 'N' GROUP BY s_store_id), csr AS (SELECT cp_catalog_page_id AS catalog_page_id, SUM(cs_ext_sales_price) AS sales, SUM(COALESCE(cr_return_amount, 0.0)) AS returns_, SUM(cs_net_profit - COALESCE(cr_net_loss, 0.0)) AS profit FROM catalog_sales LEFT OUTER JOIN catalog_returns ON (cs_item_sk = cr_item_sk AND cs_order_number = cr_order_number), date_dim, catalog_page, promotion WHERE cs_sold_date_sk = d_date_sk AND d_date BETWEEN CAST('2000-08-23' AS DATE) AND CAST('2000-09-22' AS DATE) AND cs_catalog_page_sk = cp_catalog_page_sk AND cs_item_sk = i_item_sk AND i_current_price > 42 AND cs_promo_sk = p_promo_sk AND p_channel_tv = 'N' GROUP BY cp_catalog_page_id), wsr AS (SELECT web_site_id, SUM(ws_ext_sales_price) AS sales, SUM(COALESCE(wr_return_amt, 0.0)) AS returns_, SUM(ws_net_profit - COALESCE(wr_net_loss, 0.0)) AS profit FROM web_sales LEFT OUTER JOIN web_returns ON (ws_item_sk = wr_item_sk AND ws_order_number = wr_order_number), date_dim, web_site, item, promotion WHERE ws_sold_date_sk = d_date_sk AND d_date BETWEEN CAST('2000-08-23' AS DATE) AND CAST('2000-09-22' AS DATE) AND ws_web_site_sk = web_site_sk AND ws_item_sk = i_item_sk AND i_current_price > 72 AND ws_promo_sk = p_promo_sk AND p_channel_tv = 'N' GROUP BY web_site_id) SELECT channel, id, SUM(sales) AS sales, SUM(returns_) AS returns_, SUM(profit) AS profit FROM (SELECT 'store channel' AS channel, CONCAT('store', store_id) AS id, sales, returns_, profit FROM ssr UNION ALL SELECT 'catalog channel' AS channel, CONCAT('catalog_page', catalog_page_id) AS id, sales, returns_, profit FROM csr UNION ALL SELECT 'web channel' AS channel, CONCAT('web_site', web_site_id) AS id, sales, returns_, profit FROM wsr) AS x GROUP BY ROLLUP (channel, id) ORDER BY channel NULLS FIRST, id NULLS FIRST LIMIT 145;d8b821b4d27051813080400f00b6cde4
801;SELECT store_returns.* FROM store_returns JOIN date_dim ON store_returns.sr_returned_date_sk = date_dim.d_date_sk LIMIT 319;22f24c15c5e84c9c0604500c6f80e34a
803;SELECT web_sales.* FROM web_sales JOIN item ON web_sales.ws_item_sk = item.i_item_sk LIMIT 491;63224218b07d8441ed3a0f994183bdd3
804;SELECT inventory.* FROM inventory JOIN date_dim ON inventory.inv_date_sk = date_dim.d_date_sk JOIN warehouse ON inventory.inv_warehouse_sk = warehouse.w_warehouse_sk LIMIT 256;972507c3548c01a0e8ae75c6c05c104f
805;SELECT web_sales.* FROM web_sales JOIN item ON web_sales.ws_item_sk = item.i_item_sk LIMIT 116;396aa2b88e46d3f4b3db0d254be60235
806;SELECT web_sales.* FROM web_sales JOIN customer ON web_sales.ws_bill_customer_sk = customer.c_customer_sk LIMIT 389;d7cbcdbcd6d64436385bb80e70246dfe
807;SELECT store_returns.* FROM store_returns JOIN item ON store_returns.sr_item_sk = item.i_item_sk JOIN customer ON store_returns.sr_customer_sk = customer.c_customer_sk LIMIT 224;114487f43f8b8c08e11d6bacbe793cc2
808;SELECT inventory.* FROM inventory JOIN date_dim ON inventory.inv_date_sk = date_dim.d_date_sk JOIN warehouse ON inventory.inv_warehouse_sk = warehouse.w_warehouse_sk LIMIT 166;78fc2bb39dc19f53f828f9b914f079a8
809;SELECT web_sales.* FROM web_sales JOIN customer ON web_sales.ws_bill_customer_sk = customer.c_customer_sk LIMIT 361;31bb69cfdda4123d4b716d2d305f0eab
810;SELECT web_sales.* FROM web_sales JOIN item ON web_sales.ws_item_sk = item.i_item_sk JOIN date_dim ON web_sales.ws_sold_date_sk = date_dim.d_date_sk LIMIT 403;edf7bdfd063511c29f57efcc7c4e3933
811;SELECT catalog_sales.* FROM catalog_sales JOIN warehouse ON catalog_sales.cs_warehouse_sk = warehouse.w_warehouse_sk JOIN date_dim ON catalog_sales.cs_sold_date_sk = date_dim.d_date_sk LIMIT 255;c649fda9b2571381adda73b090bab4bf
812;SELECT web_sales.* FROM web_sales JOIN customer ON web_sales.ws_bill_customer_sk = customer.c_customer_sk JOIN date_dim ON web_sales.ws_sold_date_sk = date_dim.d_date_sk LIMIT 444;e7988971f186a845f6368bddd62244d5
813;SELECT store_returns.* FROM store_returns JOIN customer ON store_returns.sr_customer_sk = customer.c_customer_sk LIMIT 447;7b2fddf660aa92b1e54e075b0791610f
814;SELECT web_returns.* FROM web_returns JOIN item ON web_returns.wr_item_sk = item.i_item_sk LIMIT 70;faa23118a8ca265a3970012d1948fbaa
815;SELECT web_sales.* FROM web_sales JOIN date_dim ON web_sales.ws_sold_date_sk = date_dim.d_date_sk LIMIT 155;e7092641563447989ee0a3512e815bbe
816;SELECT store_sales.* FROM store_sales JOIN customer ON store_sales.ss_customer_sk = customer.c_customer_sk LIMIT 332;454cbaca7eb95d958cae85338a857ad4
817;SELECT web_returns.* FROM web_returns JOIN date_dim ON web_returns.wr_returned_date_sk = date_dim.d_date_sk JOIN customer ON web_returns.wr_refunded_customer_sk = customer.c_customer_sk LIMIT 356;b3e11ac3fa12ae376b521c770806a002
818;SELECT store_sales.* FROM store_sales JOIN item ON store_sales.ss_item_sk = item.i_item_sk JOIN store ON store_sales.ss_store_sk = store.s_store_sk LIMIT 135;9afa115e64151d5148578bd4ea67aeb8
819;SELECT inventory.* FROM inventory JOIN warehouse ON inventory.inv_warehouse_sk = warehouse.w_warehouse_sk LIMIT 312;d14a00fdac548b54bab9408c5a0a6661
820;SELECT inventory.* FROM inventory JOIN date_dim ON inventory.inv_date_sk = date_dim.d_date_sk JOIN item ON inventory.inv_item_sk = item.i_item_sk LIMIT 258;1666d9ea795ee99ff82286d257050a4a
821;SELECT store_sales.* FROM store_sales JOIN customer ON store_sales.ss_customer_sk = customer.c_customer_sk JOIN date_dim ON store_sales.ss_sold_date_sk = date_dim.d_date_sk LIMIT 340;5a3281a47083bee8c6962408c729810a
822;SELECT catalog_sales.* FROM catalog_sales JOIN item ON catalog_sales.cs_item_sk = item.i_item_sk LIMIT 161;d25b466b4e2745b1150c24058efa8f75
823;SELECT store_sales.* FROM store_sales JOIN date_dim ON store_sales.ss_sold_date_sk = date_dim.d_date_sk JOIN customer ON store_sales.ss_customer_sk = customer.c_customer_sk LIMIT 166;1ec6488ceb76625bc59c0eaaa3bb4f85
824;SELECT store_returns.* FROM store_returns JOIN customer ON store_returns.sr_customer_sk = customer.c_customer_sk LIMIT 76;bfe5ae8423cdd0666adf7d32c3d9c8a9
825;SELECT web_returns.* FROM web_returns JOIN customer ON web_returns.wr_refunded_customer_sk = customer.c_customer_sk JOIN date_dim ON web_returns.wr_returned_date_sk = date_dim.d_date_sk LIMIT 467;83fcc89be46cc4a98f33f8103d4b9d46
826;SELECT web_returns.* FROM web_returns JOIN customer ON web_returns.wr_refunded_customer_sk = customer.c_customer_sk JOIN item ON web_returns.wr_item_sk = item.i_item_sk LIMIT 95;a14deb0286055a01ce1e6d7c79b3b5dc
827;SELECT catalog_sales.* FROM catalog_sales JOIN item ON catalog_sales.cs_item_sk = item.i_item_sk JOIN date_dim ON catalog_sales.cs_sold_date_sk = date_dim.d_date_sk LIMIT 407;b44f0de00f8872aff8d8742e3a54f7df
829;SELECT store_returns.* FROM store_returns JOIN item ON store_returns.sr_item_sk = item.i_item_sk LIMIT 98;59cad35b92f13d803a431084bc2738af
830;SELECT web_sales.* FROM web_sales JOIN item ON web_sales.ws_item_sk = item.i_item_sk LIMIT 475;0e887bfedfb037e51339970bfed1223e
831;SELECT web_sales.* FROM web_sales JOIN date_dim ON web_sales.ws_sold_date_sk = date_dim.d_date_sk JOIN web_site ON web_sales.ws_web_site_sk = web_site.web_site_sk LIMIT 299;9c7745892e809d0c200e9d45ba9b3a6c
832;SELECT web_sales.* FROM web_sales JOIN item ON web_sales.ws_item_sk = item.i_item_sk JOIN date_dim ON web_sales.ws_sold_date_sk = date_dim.d_date_sk LIMIT 497;d5bd3b7f484e5dd4b57c55e274d19ccb
833;SELECT inventory.* FROM inventory JOIN warehouse ON inventory.inv_warehouse_sk = warehouse.w_warehouse_sk JOIN date_dim ON inventory.inv_date_sk = date_dim.d_date_sk LIMIT 83;87cac179dbb62604083d3a4613d7c92a
834;SELECT catalog_sales.* FROM catalog_sales JOIN customer ON catalog_sales.cs_bill_customer_sk = customer.c_customer_sk JOIN item ON catalog_sales.cs_item_sk = item.i_item_sk LIMIT 117;3998bdd9723b0c887ad003e1a1b0be20
835;SELECT web_sales.* FROM web_sales JOIN web_site ON web_sales.ws_web_site_sk = web_site.web_site_sk LIMIT 152;84775962fd50a6cd1297475523dfd481
837;SELECT catalog_sales.* FROM catalog_sales JOIN warehouse ON catalog_sales.cs_warehouse_sk = warehouse.w_warehouse_sk JOIN item ON catalog_sales.cs_item_sk = item.i_item_sk LIMIT 123;76ad9c0d61dcb2f632d29f1f78f66cdc
838;SELECT store_returns.* FROM store_returns JOIN date_dim ON store_returns.sr_returned_date_sk = date_dim.d_date_sk JOIN customer ON store_returns.sr_customer_sk = customer.c_customer_sk LIMIT 311;e8546272282c1f037d240c5a14cecd19
840;SELECT inventory.* FROM inventory JOIN warehouse ON inventory.inv_warehouse_sk = warehouse.w_warehouse_sk JOIN date_dim ON inventory.inv_date_sk = date_dim.d_date_sk LIMIT 288;3d7ef52400dcdb2e6e5382b9b86832d9
841;SELECT store_returns.* FROM store_returns JOIN customer ON store_returns.sr_customer_sk = customer.c_customer_sk LIMIT 249;84e16d47fe9cb80209981dceb11f865b
842;SELECT store_sales.* FROM store_sales JOIN item ON store_sales.ss_item_sk = item.i_item_sk LIMIT 470;9852e0d7be620e3d28b99a3b06e56c40
843;SELECT web_returns.* FROM web_returns JOIN date_dim ON web_returns.wr_returned_date_sk = date_dim.d_date_sk JOIN item ON web_returns.wr_item_sk = item.i_item_sk LIMIT 295;a004b3668ae94c6f81991bec8fdae3e3
844;SELECT store_sales.* FROM store_sales JOIN store ON store_sales.ss_store_sk = store.s_store_sk JOIN date_dim ON store_sales.ss_sold_date_sk = date_dim.d_date_sk LIMIT 84;f0bdf43c0c74934996b011f62bc4bdeb
846;SELECT inventory.* FROM inventory JOIN date_dim ON inventory.inv_date_sk = date_dim.d_date_sk LIMIT 257;be1691c3ff9b83fdb92d902235d27315
848;SELECT dt.d_year, item.i_brand_id AS brand_id, item.i_brand AS brand, SUM(ss_ext_sales_price) AS ext_price FROM date_dim AS dt, store_sales, item WHERE dt.d_date_sk = store_sales.ss_sold_date_sk AND store_sales.ss_item_sk = item.i_item_sk AND item.i_manager_id = 1.0 AND dt.d_moy = 14 AND dt.d_year = 2904 GROUP BY dt.d_year, item.i_brand, item.i_brand_id ORDER BY dt.d_year, ext_price DESC NULLS LAST, brand_id LIMIT 126;0210b7fd2c170345f4897e68b1cee83e
849;SELECT web_returns.* FROM web_returns JOIN item ON web_returns.wr_item_sk = item.i_item_sk LIMIT 325;f4b4de6311a3879e4f2d7c383ef08f62
850;SELECT store_returns.* FROM store_returns JOIN item ON store_returns.sr_item_sk = item.i_item_sk JOIN customer ON store_returns.sr_customer_sk = customer.c_customer_sk LIMIT 157;8e0da1e9ccf6e5f859446d8534bf2aff
851;SELECT catalog_sales.* FROM catalog_sales JOIN item ON catalog_sales.cs_item_sk = item.i_item_sk JOIN warehouse ON catalog_sales.cs_warehouse_sk = warehouse.w_warehouse_sk LIMIT 115;d22113962bd1e5f6a08cea2bb67a26b8
852;SELECT store_sales.* FROM store_sales JOIN customer ON store_sales.ss_customer_sk = customer.c_customer_sk JOIN store ON store_sales.ss_store_sk = store.s_store_sk LIMIT 461;685713989b9c339d2f57f5e52137274d
853;SELECT web_returns.* FROM web_returns JOIN item ON web_returns.wr_item_sk = item.i_item_sk LIMIT 203;55597fa25aa65b24ad4fc7baff3e6898
854;SELECT web_returns.* FROM web_returns JOIN item ON web_returns.wr_item_sk = item.i_item_sk JOIN customer ON web_returns.wr_refunded_customer_sk = customer.c_customer_sk LIMIT 293;6181d4a40717424247b70afe4708c45a
855;SELECT web_returns.* FROM web_returns JOIN date_dim ON web_returns.wr_returned_date_sk = date_dim.d_date_sk LIMIT 66;2c6ee2b317ebc3534736476c29493a00
857;SELECT store_sales.* FROM store_sales JOIN item ON store_sales.ss_item_sk = item.i_item_sk JOIN store ON store_sales.ss_store_sk = store.s_store_sk LIMIT 382;401829c2dcbe16c200ddd03bfeb89b24
859;SELECT inventory.* FROM inventory JOIN item ON inventory.inv_item_sk = item.i_item_sk JOIN date_dim ON inventory.inv_date_sk = date_dim.d_date_sk LIMIT 127;eed29c5f005d7e76bab842a2627eca3f
860;SELECT web_returns.* FROM web_returns JOIN item ON web_returns.wr_item_sk = item.i_item_sk JOIN customer ON web_returns.wr_refunded_customer_sk = customer.c_customer_sk LIMIT 447;d076775e604ca045e3eae274d4b928e2
861;SELECT web_sales.* FROM web_sales JOIN customer ON web_sales.ws_bill_customer_sk = customer.c_customer_sk LIMIT 281;9e273dd853c38cf6acfd3fc4e3380e7f
862;SELECT store_returns.* FROM store_returns JOIN item ON store_returns.sr_item_sk = item.i_item_sk JOIN date_dim ON store_returns.sr_returned_date_sk = date_dim.d_date_sk LIMIT 232;51993761b75d9da6cce943a929ac8e7c
865;SELECT catalog_sales.* FROM catalog_sales JOIN item ON catalog_sales.cs_item_sk = item.i_item_sk LIMIT 136;53f9d4215223885551380b8e828091ee
866;SELECT catalog_sales.* FROM catalog_sales JOIN item ON catalog_sales.cs_item_sk = item.i_item_sk LIMIT 123;db55c517f49106326feb22f1115fb7c9
867;SELECT web_sales.* FROM web_sales JOIN web_site ON web_sales.ws_web_site_sk = web_site.web_site_sk LIMIT 200;b7fb6060030f2dc272dc256e3f1e0f5d
868;SELECT web_sales.* FROM web_sales JOIN item ON web_sales.ws_item_sk = item.i_item_sk LIMIT 387;79c875cc7244b7566cf314024524431e
869;SELECT store_sales.* FROM store_sales JOIN customer ON store_sales.ss_customer_sk = customer.c_customer_sk JOIN store ON store_sales.ss_store_sk = store.s_store_sk LIMIT 78;50f63a51236968b972ef6769aa96f4f8
870;SELECT web_returns.* FROM web_returns JOIN date_dim ON web_returns.wr_returned_date_sk = date_dim.d_date_sk LIMIT 215;6c91fb2771a3faab962c44329a9e2316
871;SELECT store_sales.* FROM store_sales JOIN customer ON store_sales.ss_customer_sk = customer.c_customer_sk JOIN store ON store_sales.ss_store_sk = store.s_store_sk LIMIT 306;d2d3ae225c29ccd2bca62ece19acf0a1
872;SELECT web_sales.* FROM web_sales JOIN web_site ON web_sales.ws_web_site_sk = web_site.web_site_sk JOIN date_dim ON web_sales.ws_sold_date_sk = date_dim.d_date_sk LIMIT 358;3d22e09f29ae31cabfe0e23f7ef668f6
873;SELECT web_sales.* FROM web_sales JOIN customer ON web_sales.ws_bill_customer_sk = customer.c_customer_sk JOIN web_site ON web_sales.ws_web_site_sk = web_site.web_site_sk LIMIT 265;f76965f75371f8aeb7c28952a662fb6a
874;SELECT store_sales.* FROM store_sales JOIN item ON store_sales.ss_item_sk = item.i_item_sk JOIN customer ON store_sales.ss_customer_sk = customer.c_customer_sk LIMIT 160;281bd45850c7d7464ca0cbb97759392d
875;SELECT store_sales.* FROM store_sales JOIN item ON store_sales.ss_item_sk = item.i_item_sk LIMIT 92;f60e393418534fe2e3238b767591c49b
876;SELECT store_returns.* FROM store_returns JOIN date_dim ON store_returns.sr_returned_date_sk = date_dim.d_date_sk JOIN item ON store_returns.sr_item_sk = item.i_item_sk LIMIT 292;73f911029cc68d62c6250faa4d717f30
877;SELECT inventory.* FROM inventory JOIN item ON inventory.inv_item_sk = item.i_item_sk JOIN date_dim ON inventory.inv_date_sk = date_dim.d_date_sk LIMIT 167;9556e018e1c33aa6b49b0b2bb1698057
879;SELECT web_returns.* FROM web_returns JOIN date_dim ON web_returns.wr_returned_date_sk = date_dim.d_date_sk LIMIT 446;a60aad498f26c274a712766ca560acde
880;SELECT catalog_sales.* FROM catalog_sales JOIN item ON catalog_sales.cs_item_sk = item.i_item_sk LIMIT 153;e5676abb36de1ee14b0d3dc92169a49f
881;SELECT store_sales.* FROM store_sales JOIN customer ON store_sales.ss_customer_sk = customer.c_customer_sk JOIN date_dim ON store_sales.ss_sold_date_sk = date_dim.d_date_sk LIMIT 256;c630552e33231e943c0de48400efde75
882;SELECT a.ca_state AS state, COUNT(*) AS cnt FROM customer_address AS a, customer AS c, store_sales AS s, date_dim AS d, item AS i WHERE a.ca_address_sk = c.c_current_addr_sk AND c.c_customer_sk = s.ss_customer_sk AND s.ss_sold_date_sk = d.d_date_sk AND s.ss_item_sk = i.i_item_sk AND d.d_month_seq = (SELECT DISTINCT (d_month_seq) FROM date_dim WHERE d_year = 2162 AND d_moy = 1.0) AND i.i_current_price > 1 * (SELECT AVG(j.i_current_price) FROM item AS j WHERE j.i_category = i.i_category) GROUP BY a.ca_state HAVING COUNT(*) >= 6 ORDER BY cnt NULLS FIRST, a.ca_state NULLS FIRST LIMIT 143;b8a7fa92e4f2d54b20a8ea567f5ad2fa
883;SELECT inventory.* FROM inventory JOIN item ON inventory.inv_item_sk = item.i_item_sk LIMIT 446;c1887cb34c28e2b3a8dab14d8db69923
884;SELECT web_returns.* FROM web_returns JOIN item ON web_returns.wr_item_sk = item.i_item_sk JOIN date_dim ON web_returns.wr_returned_date_sk = date_dim.d_date_sk LIMIT 111;fb2984958b5153d1b79cb9918980f779
885;SELECT store_returns.* FROM store_returns JOIN customer ON store_returns.sr_customer_sk = customer.c_customer_sk JOIN date_dim ON store_returns.sr_returned_date_sk = date_dim.d_date_sk LIMIT 142;e7f150806917a9986fe848b5ec88a179
886;SELECT web_returns.* FROM web_returns JOIN date_dim ON web_returns.wr_returned_date_sk = date_dim.d_date_sk LIMIT 443;22fde786caf453e8a223517723d8a2da
887;SELECT catalog_sales.* FROM catalog_sales JOIN customer ON catalog_sales.cs_bill_customer_sk = customer.c_customer_sk LIMIT 492;cf3826c623d0cc5e9a51603039cf1e70
888;SELECT store_returns.* FROM store_returns JOIN customer ON store_returns.sr_customer_sk = customer.c_customer_sk JOIN item ON store_returns.sr_item_sk = item.i_item_sk LIMIT 314;544b1e89d3a754a46db9ec8dc0b4604f
889;SELECT store_returns.* FROM store_returns JOIN date_dim ON store_returns.sr_returned_date_sk = date_dim.d_date_sk JOIN item ON store_returns.sr_item_sk = item.i_item_sk LIMIT 117;694fb32d339d0952556c7d074d71dbb3
890;SELECT web_returns.* FROM web_returns JOIN date_dim ON web_returns.wr_returned_date_sk = date_dim.d_date_sk JOIN customer ON web_returns.wr_refunded_customer_sk = customer.c_customer_sk LIMIT 415;b4328dfae54d29da35aca5921f3c845f
891;SELECT inventory.* FROM inventory JOIN date_dim ON inventory.inv_date_sk = date_dim.d_date_sk JOIN item ON inventory.inv_item_sk = item.i_item_sk LIMIT 400;a835ed36885b53cb3de31203b6605954
892;SELECT inventory.* FROM inventory JOIN item ON inventory.inv_item_sk = item.i_item_sk LIMIT 349;24398af28ae35eb84068e2e5754985af
893;SELECT dt.d_year, item.i_category_id, item.i_category, SUM(ss_ext_sales_price) FROM date_dim AS dt, store_sales, item WHERE dt.d_date_sk = store_sales.ss_sold_date_sk AND store_sales.ss_item_sk = item.i_item_sk AND item.i_manager_id = 1 AND dt.d_moy = 11 AND dt.d_year = 2000 GROUP BY dt.d_year, item.i_category_id, item.i_category ORDER BY SUM(ss_ext_sales_price) DESC NULLS LAST, dt.d_year, item.i_category_id, item.i_category LIMIT 100;b3c9e7538484ece63ff55463bcb412f2
894;SELECT store_sales.* FROM store_sales JOIN date_dim ON store_sales.ss_sold_date_sk = date_dim.d_date_sk JOIN customer ON store_sales.ss_customer_sk = customer.c_customer_sk LIMIT 377;e97984d763fef0aa37b6444b29aafedb
895;SELECT store_sales.* FROM store_sales JOIN customer ON store_sales.ss_customer_sk = customer.c_customer_sk LIMIT 107;f419e80a2674fb55edc4ddd4ca7c0b14
896;SELECT web_sales.* FROM web_sales JOIN item ON web_sales.ws_item_sk = item.i_item_sk JOIN date_dim ON web_sales.ws_sold_date_sk = date_dim.d_date_sk LIMIT 496;ed81b76d046d93055a2a8a5ebf9ae7d3
897;SELECT store_sales.* FROM store_sales JOIN customer ON store_sales.ss_customer_sk = customer.c_customer_sk LIMIT 320;b7309dc8f76b2c0f0b43d0135196b09c
898;SELECT web_sales.* FROM web_sales JOIN date_dim ON web_sales.ws_sold_date_sk = date_dim.d_date_sk JOIN web_site ON web_sales.ws_web_site_sk = web_site.web_site_sk LIMIT 360;ea5c50d46aed9b973f98bde449c0c6a6
899;SELECT store_sales.* FROM store_sales JOIN store ON store_sales.ss_store_sk = store.s_store_sk LIMIT 165;cacc4a474a904863860f3fc3520adeb4
900;SELECT catalog_sales.* FROM catalog_sales JOIN warehouse ON catalog_sales.cs_warehouse_sk = warehouse.w_warehouse_sk JOIN date_dim ON catalog_sales.cs_sold_date_sk = date_dim.d_date_sk LIMIT 332;bbf0fb1c86d4c56af392ee8022d40153
901;SELECT inventory.* FROM inventory JOIN item ON inventory.inv_item_sk = item.i_item_sk LIMIT 320;f42106364b53a5e95920f75a84c8af8b
902;SELECT store_returns.* FROM store_returns JOIN item ON store_returns.sr_item_sk = item.i_item_sk JOIN date_dim ON store_returns.sr_returned_date_sk = date_dim.d_date_sk LIMIT 92;e674c32c1cbf3f64148698b90a902f44
903;SELECT web_sales.* FROM web_sales JOIN item ON web_sales.ws_item_sk = item.i_item_sk LIMIT 267;55eadd4df2fd13895911e3ce9d104918
904;SELECT store_sales.* FROM store_sales JOIN customer ON store_sales.ss_customer_sk = customer.c_customer_sk JOIN store ON store_sales.ss_store_sk = store.s_store_sk LIMIT 295;4a29bf268d1a808372b0065142f5ebaa
905;SELECT catalog_sales.* FROM catalog_sales JOIN date_dim ON catalog_sales.cs_sold_date_sk = date_dim.d_date_sk LIMIT 349;95956f80f68f24ad0454cae55b85971c
906;SELECT inventory.* FROM inventory JOIN item ON inventory.inv_item_sk = item.i_item_sk LIMIT 170;6fab7943ceb481c72f25a6739dc3ba95
907;SELECT catalog_sales.* FROM catalog_sales JOIN date_dim ON catalog_sales.cs_sold_date_sk = date_dim.d_date_sk JOIN warehouse ON catalog_sales.cs_warehouse_sk = warehouse.w_warehouse_sk LIMIT 132;7646db1002204a5fc232798e4f6c0297
908;SELECT store_returns.* FROM store_returns JOIN customer ON store_returns.sr_customer_sk = customer.c_customer_sk JOIN item ON store_returns.sr_item_sk = item.i_item_sk LIMIT 277;d3e8877fe47af1d77af03716f2dbd3af
909;SELECT web_sales.* FROM web_sales JOIN web_site ON web_sales.ws_web_site_sk = web_site.web_site_sk JOIN customer ON web_sales.ws_bill_customer_sk = customer.c_customer_sk LIMIT 58;0bdd9d497a74d30cbd89d720e960d96f
910;SELECT store_returns.* FROM store_returns JOIN date_dim ON store_returns.sr_returned_date_sk = date_dim.d_date_sk LIMIT 430;c6d9777fd4a41b2a74411b1088e6b799
911;SELECT store_sales.* FROM store_sales JOIN customer ON store_sales.ss_customer_sk = customer.c_customer_sk JOIN date_dim ON store_sales.ss_sold_date_sk = date_dim.d_date_sk LIMIT 484;d8d9b2585d70d80b5da9bfa0c67dafad
912;SELECT store_sales.* FROM store_sales JOIN item ON store_sales.ss_item_sk = item.i_item_sk LIMIT 289;a81fd0348e235267b07e2ac73b313ed3
913;SELECT catalog_sales.* FROM catalog_sales JOIN date_dim ON catalog_sales.cs_sold_date_sk = date_dim.d_date_sk JOIN item ON catalog_sales.cs_item_sk = item.i_item_sk LIMIT 134;ca8773d60a4460cab85ed9ee20fb3492
914;SELECT catalog_sales.* FROM catalog_sales JOIN date_dim ON catalog_sales.cs_sold_date_sk = date_dim.d_date_sk JOIN warehouse ON catalog_sales.cs_warehouse_sk = warehouse.w_warehouse_sk LIMIT 472;68235091e3c45da32acfd765486c7325
915;SELECT catalog_sales.* FROM catalog_sales JOIN item ON catalog_sales.cs_item_sk = item.i_item_sk JOIN warehouse ON catalog_sales.cs_warehouse_sk = warehouse.w_warehouse_sk LIMIT 478;63405bc148f04a8a1cc47cef9353267b
916;SELECT store_returns.* FROM store_returns JOIN item ON store_returns.sr_item_sk = item.i_item_sk JOIN date_dim ON store_returns.sr_returned_date_sk = date_dim.d_date_sk LIMIT 74;bcee1a7f755170cb6f971c68b193a8a5
917;SELECT store_returns.* FROM store_returns JOIN date_dim ON store_returns.sr_returned_date_sk = date_dim.d_date_sk JOIN customer ON store_returns.sr_customer_sk = customer.c_customer_sk LIMIT 369;6d8323128112e4e5b213836df5c61ed0
918;SELECT store_sales.* FROM store_sales JOIN date_dim ON store_sales.ss_sold_date_sk = date_dim.d_date_sk LIMIT 266;2cfd0d40b5a9dfa8d272a3627a6260d5
919;SELECT web_returns.* FROM web_returns JOIN date_dim ON web_returns.wr_returned_date_sk = date_dim.d_date_sk LIMIT 491;e4fcf676122eb73c680c1fec6c653b74
920;SELECT store_returns.* FROM store_returns JOIN item ON store_returns.sr_item_sk = item.i_item_sk JOIN date_dim ON store_returns.sr_returned_date_sk = date_dim.d_date_sk LIMIT 299;e82f1371e08a0e0a9540392fc4bc496b
922;SELECT inventory.* FROM inventory JOIN warehouse ON inventory.inv_warehouse_sk = warehouse.w_warehouse_sk JOIN item ON inventory.inv_item_sk = item.i_item_sk LIMIT 308;5c578d12a0c3722a02c8120176c44163
923;SELECT store_returns.* FROM store_returns JOIN date_dim ON store_returns.sr_returned_date_sk = date_dim.d_date_sk JOIN item ON store_returns.sr_item_sk = item.i_item_sk LIMIT 495;ef833b48d155fa7ce2662dcb56551381
924;SELECT catalog_sales.* FROM catalog_sales JOIN item ON catalog_sales.cs_item_sk = item.i_item_sk LIMIT 151;65cbd2e5a43d8dc4072a04ba3d210884
925;SELECT store_returns.* FROM store_returns JOIN item ON store_returns.sr_item_sk = item.i_item_sk LIMIT 152;17328ce71359f1625ae150e94ffe4368
926;SELECT w_state, i_item_id, SUM(CASE WHEN (CAST(d_date AS DATE) < CAST('2000-03-11' AS DATE)) THEN cs_sales_price - COALESCE(cr_refunded_cash, 0.0) ELSE 0.0 END) AS sales_before, SUM(CASE WHEN (CAST(d_date AS DATE) >= CAST('2000-03-11' AS DATE)) THEN cs_sales_price - COALESCE(cr_refunded_cash, 0.0) ELSE 0.0 END) AS sales_after FROM catalog_sales LEFT OUTER JOIN catalog_returns ON (cs_order_number = cr_order_number AND cs_item_sk = cr_item_sk), warehouse, item WHERE i_current_price BETWEEN 0.99 AND 1 AND i_item_sk = cs_item_sk AND cs_warehouse_sk = w_warehouse_sk AND cs_sold_date_sk = d_date_sk AND d_date BETWEEN CAST('2000-02-10' AS DATE) AND CAST('2000-04-10' AS DATE) GROUP BY w_state, i_item_id ORDER BY w_state, i_item_id LIMIT 74;5a0957acba29f096f3b6371f7bca4917
927;SELECT web_sales.* FROM web_sales JOIN item ON web_sales.ws_item_sk = item.i_item_sk JOIN web_site ON web_sales.ws_web_site_sk = web_site.web_site_sk LIMIT 491;fa3c4ba51a42cc4770d62714fafb1a30
928;SELECT store_returns.* FROM store_returns JOIN customer ON store_returns.sr_customer_sk = customer.c_customer_sk LIMIT 172;5b3807ac5cc50f4bdfd6e9cc8d8c6d45
929;SELECT catalog_sales.* FROM catalog_sales JOIN customer ON catalog_sales.cs_bill_customer_sk = customer.c_customer_sk JOIN warehouse ON catalog_sales.cs_warehouse_sk = warehouse.w_warehouse_sk LIMIT 481;bafc3d080e8c707ac02cb4e910bd1154
930;SELECT w_state, i_item_id, SUM(CASE WHEN (CAST(d_date AS DATE) < CAST('2000-03-11' AS DATE)) THEN cs_sales_price - COALESCE(cr_refunded_cash, 0.0) ELSE 0.0 END) AS sales_before, SUM(CASE WHEN (CAST(d_date AS DATE) >= CAST('2000-03-11' AS DATE)) THEN cs_sales_price - COALESCE(cr_refunded_cash, 0.0) ELSE 0.0 END) AS sales_after FROM catalog_sales LEFT OUTER JOIN catalog_returns ON (cs_order_number = cr_order_number AND cs_item_sk = cr_item_sk), warehouse, item, date_dim WHERE i_current_price BETWEEN 0.99 AND 1 AND i_item_sk = cs_item_sk AND cs_warehouse_sk = w_warehouse_sk AND cs_sold_date_sk = d_date_sk AND d_date BETWEEN CAST('2000-02-10' AS DATE) AND CAST('2000-04-10' AS DATE) GROUP BY w_state, i_item_id ORDER BY w_state, i_item_id LIMIT 96;c97b3727221753f2202873e7d0eb666c
931;SELECT web_returns.* FROM web_returns JOIN item ON web_returns.wr_item_sk = item.i_item_sk LIMIT 352;ef4a3666d84ebf4cb1da09861eae16d8
932;SELECT store_sales.* FROM store_sales JOIN item ON store_sales.ss_item_sk = item.i_item_sk LIMIT 354;cc3bc51caf01200abec1c9a96482ae20
933;SELECT store_returns.* FROM store_returns JOIN item ON store_returns.sr_item_sk = item.i_item_sk JOIN customer ON store_returns.sr_customer_sk = customer.c_customer_sk LIMIT 380;ffce8b964f850a69abe7170dc6542d36
934;SELECT catalog_sales.* FROM catalog_sales JOIN date_dim ON catalog_sales.cs_sold_date_sk = date_dim.d_date_sk LIMIT 78;f505d932979c36d7537366d476251206
935;SELECT web_sales.* FROM web_sales JOIN customer ON web_sales.ws_bill_customer_sk = customer.c_customer_sk JOIN web_site ON web_sales.ws_web_site_sk = web_site.web_site_sk LIMIT 387;afabd33c577f0a310a63b1fb5b2696b3
936;SELECT catalog_sales.* FROM catalog_sales JOIN warehouse ON catalog_sales.cs_warehouse_sk = warehouse.w_warehouse_sk JOIN item ON catalog_sales.cs_item_sk = item.i_item_sk LIMIT 386;6aedbce404082324b1fa61bc3b778843
937;SELECT web_sales.* FROM web_sales JOIN web_site ON web_sales.ws_web_site_sk = web_site.web_site_sk LIMIT 204;b56c1ba94ee499451d8930b7f0f061ba
938;SELECT inventory.* FROM inventory JOIN date_dim ON inventory.inv_date_sk = date_dim.d_date_sk LIMIT 441;8e25c7ca2450ff965ed245e305144e69
939;SELECT store_returns.* FROM store_returns JOIN customer ON store_returns.sr_customer_sk = customer.c_customer_sk JOIN item ON store_returns.sr_item_sk = item.i_item_sk LIMIT 391;710f0041d58ad51e8d5fb0a9b6808fde
940;SELECT inventory.* FROM inventory JOIN warehouse ON inventory.inv_warehouse_sk = warehouse.w_warehouse_sk LIMIT 431;bdb0c01a7df605739eec0bdf4be9d0ce
941;SELECT catalog_sales.* FROM catalog_sales JOIN date_dim ON catalog_sales.cs_sold_date_sk = date_dim.d_date_sk LIMIT 198;5c9f60a9f099b82b282f2d2aa407f8b8
942;SELECT inventory.* FROM inventory JOIN date_dim ON inventory.inv_date_sk = date_dim.d_date_sk LIMIT 402;6f58620af72fb8e3bb296e95f7c90e28
943;SELECT store_sales.* FROM store_sales JOIN customer ON store_sales.ss_customer_sk = customer.c_customer_sk JOIN date_dim ON store_sales.ss_sold_date_sk = date_dim.d_date_sk LIMIT 444;5f75267b3aa9cd9f2328a389e6bbccfc
944;SELECT store_returns.* FROM store_returns JOIN customer ON store_returns.sr_customer_sk = customer.c_customer_sk LIMIT 182;353b408ca94d6f97fe48558c6538e4ee
945;SELECT web_sales.* FROM web_sales JOIN customer ON web_sales.ws_bill_customer_sk = customer.c_customer_sk LIMIT 367;f4c4c8e80450ef0eb985c3db4d89bdf3
946;SELECT store_returns.* FROM store_returns JOIN item ON store_returns.sr_item_sk = item.i_item_sk LIMIT 365;612a159e53dd5dc5dca8a5763451c0db
947;SELECT inventory.* FROM inventory JOIN date_dim ON inventory.inv_date_sk = date_dim.d_date_sk LIMIT 140;017e7e7838a8b6c9e51368f6d84eefa9
948;SELECT web_sales.* FROM web_sales JOIN web_site ON web_sales.ws_web_site_sk = web_site.web_site_sk JOIN customer ON web_sales.ws_bill_customer_sk = customer.c_customer_sk LIMIT 110;b9573d933eb4b177ac762198eb688dc5
949;SELECT web_sales.* FROM web_sales JOIN item ON web_sales.ws_item_sk = item.i_item_sk LIMIT 486;92ad961387dfc5c5d06137e91096f811
950;SELECT web_returns.* FROM web_returns JOIN date_dim ON web_returns.wr_returned_date_sk = date_dim.d_date_sk JOIN item ON web_returns.wr_item_sk = item.i_item_sk LIMIT 439;739fa39258bc041c49c715f6b2782352
951;SELECT store_sales.* FROM store_sales JOIN item ON store_sales.ss_item_sk = item.i_item_sk LIMIT 432;01e899537ea23e5c67793e6cc67312f9
952;SELECT store_sales.* FROM store_sales JOIN store ON store_sales.ss_store_sk = store.s_store_sk JOIN customer ON store_sales.ss_customer_sk = customer.c_customer_sk LIMIT 99;f0fab3915a3861eb313f3b6b7408933d
953;SELECT store_sales.* FROM store_sales JOIN customer ON store_sales.ss_customer_sk = customer.c_customer_sk JOIN store ON store_sales.ss_store_sk = store.s_store_sk LIMIT 120;b8521da005fd212421657c647f8793cb
954;SELECT web_returns.* FROM web_returns JOIN item ON web_returns.wr_item_sk = item.i_item_sk LIMIT 474;c73ba6411113e1cd15575adbaf9fb91e
955;SELECT catalog_sales.* FROM catalog_sales JOIN customer ON catalog_sales.cs_bill_customer_sk = customer.c_customer_sk JOIN date_dim ON catalog_sales.cs_sold_date_sk = date_dim.d_date_sk LIMIT 305;7cfcb108a5c9fe5d2ab600d6c63dbfdb
956;SELECT inventory.* FROM inventory JOIN item ON inventory.inv_item_sk = item.i_item_sk JOIN date_dim ON inventory.inv_date_sk = date_dim.d_date_sk LIMIT 87;489fa49204006e13f3df8e2c7baf9494
959;SELECT web_sales.* FROM web_sales JOIN customer ON web_sales.ws_bill_customer_sk = customer.c_customer_sk JOIN web_site ON web_sales.ws_web_site_sk = web_site.web_site_sk LIMIT 440;cde7929166a17b481d8d0edf2d08e839
960;SELECT web_returns.* FROM web_returns JOIN date_dim ON web_returns.wr_returned_date_sk = date_dim.d_date_sk JOIN item ON web_returns.wr_item_sk = item.i_item_sk LIMIT 376;cca19806804582de8708e9cba73a19db
961;SELECT inventory.* FROM inventory JOIN item ON inventory.inv_item_sk = item.i_item_sk LIMIT 272;2ea85b0e3e47cf9c9da052baa334fa56
962;SELECT web_returns.* FROM web_returns JOIN customer ON web_returns.wr_refunded_customer_sk = customer.c_customer_sk LIMIT 206;aaa50448472bfdf0e0f61cd4802714f7
963;SELECT store_returns.* FROM store_returns JOIN customer ON store_returns.sr_customer_sk = customer.c_customer_sk JOIN item ON store_returns.sr_item_sk = item.i_item_sk LIMIT 173;ba9f57c8e28afd25c051a796e4121b67
964;SELECT store_sales.* FROM store_sales JOIN store ON store_sales.ss_store_sk = store.s_store_sk LIMIT 96;a5816875b525f16b0c3b0e514832afb0
965;SELECT store_returns.* FROM store_returns JOIN date_dim ON store_returns.sr_returned_date_sk = date_dim.d_date_sk LIMIT 453;139f8cf21e05197ba51ccb8b7cef023f
966;SELECT inventory.* FROM inventory JOIN warehouse ON inventory.inv_warehouse_sk = warehouse.w_warehouse_sk LIMIT 201;c1ff26898d7d00b010c9cc0960d7d79a
967;SELECT catalog_sales.* FROM catalog_sales JOIN date_dim ON catalog_sales.cs_sold_date_sk = date_dim.d_date_sk JOIN customer ON catalog_sales.cs_bill_customer_sk = customer.c_customer_sk LIMIT 443;45a5db35448a6603e42cb1843506e7ed
968;SELECT store_returns.* FROM store_returns JOIN customer ON store_returns.sr_customer_sk = customer.c_customer_sk LIMIT 442;f4c3eb38b8031a219c749e15cf8ac091
969;SELECT store_returns.* FROM store_returns JOIN item ON store_returns.sr_item_sk = item.i_item_sk LIMIT 117;ad4863c1b086697f26b59d3c07e912f7
970;SELECT store_returns.* FROM store_returns JOIN customer ON store_returns.sr_customer_sk = customer.c_customer_sk LIMIT 261;a2693849844ec56a1ce39676524bf5a6
972;SELECT i_item_desc, w_warehouse_name, d1.d_week_seq, SUM(CASE WHEN p_promo_sk IS NULL THEN 1.0 ELSE 0.0 END) AS no_promo, SUM(CASE WHEN NOT p_promo_sk IS NULL THEN 1.0 ELSE 0.0 END) AS promo, COUNT(*) AS total_cnt FROM catalog_sales JOIN inventory ON (cs_item_sk = inv_item_sk) JOIN warehouse ON (w_warehouse_sk = inv_warehouse_sk) JOIN item ON (i_item_sk = cs_item_sk) JOIN customer_demographics ON (cs_bill_cdemo_sk = cd_demo_sk) JOIN household_demographics ON (cs_bill_hdemo_sk = hd_demo_sk) JOIN date_dim AS d1 ON (cs_sold_date_sk = d1.d_date_sk) JOIN date_dim AS d2 ON (inv_date_sk = d2.d_date_sk) JOIN date_dim AS d3 ON (cs_ship_date_sk = d3.d_date_sk) LEFT OUTER JOIN promotion ON (cs_promo_sk = p_promo_sk) LEFT OUTER JOIN catalog_returns ON (cr_item_sk = cs_item_sk AND cr_order_number = cs_order_number) WHERE d1.d_week_seq = d2.d_week_seq AND inv_quantity_on_hand < cs_quantity AND d3.d_date > d1.d_date + 5 AND hd_buy_potential = '>10000' AND d1.d_year = 2577 AND cd_marital_status = 'D' GROUP BY i_item_desc, w_warehouse_name, d1.d_week_seq ORDER BY total_cnt DESC, i_item_desc NULLS FIRST, w_warehouse_name NULLS FIRST, d1.d_week_seq NULLS FIRST LIMIT 143;d16b68a71deb6190ad44e2c5fa582962
973;WITH ws AS (SELECT d_year AS ws_sold_year, ws_item_sk, ws_bill_customer_sk AS ws_customer_sk, SUM(ws_quantity) AS ws_qty, SUM(ws_wholesale_cost) AS ws_wc, SUM(ws_sales_price) AS ws_sp FROM web_sales LEFT JOIN web_returns ON wr_order_number = ws_order_number AND ws_item_sk = wr_item_sk JOIN date_dim ON ws_sold_date_sk = d_date_sk WHERE wr_order_number IS NULL GROUP BY d_year, ws_item_sk, ws_bill_customer_sk), cs AS (SELECT d_year AS cs_sold_year, cs_item_sk, cs_bill_customer_sk AS cs_customer_sk, SUM(cs_quantity) AS cs_qty, SUM(cs_wholesale_cost) AS cs_wc, SUM(cs_sales_price) AS cs_sp FROM catalog_sales LEFT JOIN catalog_returns ON cr_order_number = cs_order_number AND cs_item_sk = cr_item_sk JOIN date_dim ON cs_sold_date_sk = d_date_sk WHERE cr_order_number IS NULL GROUP BY d_year, cs_item_sk, cs_bill_customer_sk), ss AS (SELECT d_year AS ss_sold_year, ss_item_sk, ss_customer_sk, SUM(ss_quantity) AS ss_qty, SUM(ss_wholesale_cost) AS ss_wc, SUM(ss_sales_price) AS ss_sp FROM store_sales LEFT JOIN store_returns ON sr_ticket_number = ss_ticket_number AND ss_item_sk = sr_item_sk JOIN date_dim ON ss_sold_date_sk = d_date_sk WHERE sr_ticket_number IS NULL GROUP BY d_year, ss_item_sk, ss_customer_sk) SELECT ss_sold_year, ss_item_sk, ss_customer_sk, ROUND(CAST((ss_qty * 1.0) AS DOUBLE PRECISION) / NULLIF((COALESCE(ws_qty, 0.0) + COALESCE(cs_qty, 0.0)), 0), 1) AS ratio, ss_qty AS store_qty, ss_wc AS store_wholesale_cost, ss_sp AS store_sales_price, COALESCE(ws_qty, 0.0) + COALESCE(cs_qty, 0.0) AS other_chan_qty, COALESCE(ws_wc, 0.0) + COALESCE(cs_wc, 0.0) AS other_chan_wholesale_cost, COALESCE(ws_sp, 0.0) + COALESCE(cs_sp, 0.0) AS other_chan_sales_price FROM ss LEFT JOIN ws ON (ws_sold_year = ss_sold_year AND ws_item_sk = ss_item_sk AND ws_customer_sk = ss_customer_sk) LEFT JOIN cs ON (cs_sold_year = ss_sold_year AND cs_item_sk = ss_item_sk AND cs_customer_sk = ss_customer_sk) WHERE (COALESCE(ws_qty, 0.0) > 0.0 OR COALESCE(cs_qty, 0.0) > 0.0) AND ss_sold_year = 1566 ORDER BY ss_sold_year, ss_item_sk, ss_customer_sk, ss_qty DESC NULLS LAST, ss_wc DESC NULLS LAST, ss_sp DESC NULLS LAST, other_chan_qty, other_chan_wholesale_cost, other_chan_sales_price, ratio LIMIT 90;81b9447349f118c366dc491281c8a5c6
974;SELECT w_state, i_item_id, SUM(CASE WHEN (CAST(d_date AS DATE) < CAST('2000-03-11' AS DATE)) THEN cs_sales_price - COALESCE(cr_refunded_cash, 0.0) ELSE 0.0 END) AS sales_before, SUM(CASE WHEN (CAST(d_date AS DATE) >= CAST('2000-03-11' AS DATE)) THEN cs_sales_price - COALESCE(cr_refunded_cash, 0.0) ELSE 0.0 END) AS sales_after FROM catalog_sales LEFT OUTER JOIN catalog_returns ON (cs_order_number = cr_order_number AND cs_item_sk = cr_item_sk), item, date_dim WHERE i_current_price BETWEEN 0.99 AND 2 AND i_item_sk = cs_item_sk AND cs_warehouse_sk = w_warehouse_sk AND cs_sold_date_sk = d_date_sk AND d_date BETWEEN CAST('2000-02-10' AS DATE) AND CAST('2000-04-10' AS DATE) GROUP BY w_state, i_item_id ORDER BY w_state, i_item_id LIMIT 141;80b2a9dc7ff123c3d5589d7b25dba4ef
975;SELECT web_sales.* FROM web_sales JOIN web_site ON web_sales.ws_web_site_sk = web_site.web_site_sk JOIN customer ON web_sales.ws_bill_customer_sk = customer.c_customer_sk LIMIT 114;101f2f5fb71e0ef3d0201fa84993c0ec
976;SELECT web_returns.* FROM web_returns JOIN date_dim ON web_returns.wr_returned_date_sk = date_dim.d_date_sk LIMIT 397;a42433fb9fd1ac1f53681311f41edda3
977;SELECT store_sales.* FROM store_sales JOIN date_dim ON store_sales.ss_sold_date_sk = date_dim.d_date_sk LIMIT 172;1c6489f1891f782ea919e397c7f3d0bf
978;SELECT catalog_sales.* FROM catalog_sales JOIN warehouse ON catalog_sales.cs_warehouse_sk = warehouse.w_warehouse_sk LIMIT 413;70cad2469800b74f1c1311d3a3c1855e
979;SELECT web_returns.* FROM web_returns JOIN date_dim ON web_returns.wr_returned_date_sk = date_dim.d_date_sk JOIN item ON web_returns.wr_item_sk = item.i_item_sk LIMIT 66;925c9646dc4f9f36f068f5710b659a8d
980;SELECT web_sales.* FROM web_sales JOIN web_site ON web_sales.ws_web_site_sk = web_site.web_site_sk LIMIT 485;13cf54bd000281eef0624d1a4b8afc85
981;SELECT a.ca_state AS state, COUNT(*) AS cnt FROM customer_address AS a, customer AS c, store_sales AS s, item AS i WHERE  GROUP BY a.ca_state HAVING COUNT(*) >= 12 ORDER BY cnt NULLS FIRST, a.ca_state NULLS FIRST LIMIT 128;36a60df07c37a22e7c40c0bfbd410487
982;SELECT web_sales.* FROM web_sales JOIN customer ON web_sales.ws_bill_customer_sk = customer.c_customer_sk LIMIT 429;6918224b1e96e2edcb1cc75f5aeed62f
983;SELECT web_sales.* FROM web_sales JOIN item ON web_sales.ws_item_sk = item.i_item_sk JOIN date_dim ON web_sales.ws_sold_date_sk = date_dim.d_date_sk LIMIT 417;ea09f6a476506afb8434058086a4f725
984;SELECT store_sales.* FROM store_sales JOIN item ON store_sales.ss_item_sk = item.i_item_sk LIMIT 261;f05ad5bc08e5c01791014d0533430870
985;SELECT store_sales.* FROM store_sales JOIN date_dim ON store_sales.ss_sold_date_sk = date_dim.d_date_sk LIMIT 245;d2081986dd5fc56e57945ad2446ad3c0
986;SELECT web_returns.* FROM web_returns JOIN customer ON web_returns.wr_refunded_customer_sk = customer.c_customer_sk JOIN item ON web_returns.wr_item_sk = item.i_item_sk LIMIT 222;e6182f5a77a469f3a7d720ab39eb8241
987;SELECT store_returns.* FROM store_returns JOIN item ON store_returns.sr_item_sk = item.i_item_sk JOIN date_dim ON store_returns.sr_returned_date_sk = date_dim.d_date_sk LIMIT 298;07bc819401bbbee7d80200a01d5cef81
988;SELECT catalog_sales.* FROM catalog_sales JOIN item ON catalog_sales.cs_item_sk = item.i_item_sk LIMIT 315;a5b5ee0534da9f6736fa082d8d7386c2
989;SELECT catalog_sales.* FROM catalog_sales JOIN warehouse ON catalog_sales.cs_warehouse_sk = warehouse.w_warehouse_sk LIMIT 423;e32a69bc2d3bcbeb41ca3c6538496384
990;SELECT web_returns.* FROM web_returns JOIN item ON web_returns.wr_item_sk = item.i_item_sk LIMIT 213;9876013b7e556a133d4719285da36b5e
991;SELECT inventory.* FROM inventory JOIN item ON inventory.inv_item_sk = item.i_item_sk LIMIT 314;532bf00ac4e283a534ba5474d60b01f1
992;SELECT store_sales.* FROM store_sales JOIN store ON store_sales.ss_store_sk = store.s_store_sk JOIN customer ON store_sales.ss_customer_sk = customer.c_customer_sk LIMIT 154;40d315a2fe876d7797e61d09139e0273
993;"SELECT w_substr, sm_type, web_name, SUM(CASE WHEN (ws_ship_date_sk - ws_sold_date_sk <= 27) THEN 1.0 ELSE 0.0 END) AS ""30 days"", SUM(CASE WHEN (ws_ship_date_sk - ws_sold_date_sk > 43) AND (ws_ship_date_sk - ws_sold_date_sk <= 51) THEN 1.0 ELSE 0.0 END) AS ""31-60 days"", SUM(CASE WHEN (ws_ship_date_sk - ws_sold_date_sk > 66) AND (ws_ship_date_sk - ws_sold_date_sk <= 51) THEN 1.0 ELSE 0.0 END) AS ""61-90 days"", SUM(CASE WHEN (ws_ship_date_sk - ws_sold_date_sk > 118) AND (ws_ship_date_sk - ws_sold_date_sk <= 135) THEN 1.0 ELSE 0.0 END) AS ""91-120 days"", SUM(CASE WHEN (ws_ship_date_sk - ws_sold_date_sk > 150) THEN 1.0 ELSE 0.0 END) AS "">120 days"" FROM web_sales, (SELECT SUBSTRING(w_warehouse_name FROM 1.0 FOR 24) AS w_substr, * FROM warehouse) AS sq1, ship_mode, web_site, date_dim WHERE d_month_seq BETWEEN 817 AND 748 + 12 AND ws_ship_date_sk = d_date_sk AND ws_warehouse_sk = w_warehouse_sk AND ws_ship_mode_sk = sm_ship_mode_sk AND ws_web_site_sk = web_site_sk GROUP BY w_substr, sm_type, web_name ORDER BY 1.0 NULLS FIRST, 1 NULLS FIRST, 2 NULLS FIRST LIMIT 65";c4d0b1dd4e1a1cb0e1dd9dc76458e1fc
994;SELECT web_sales.* FROM web_sales JOIN date_dim ON web_sales.ws_sold_date_sk = date_dim.d_date_sk JOIN web_site ON web_sales.ws_web_site_sk = web_site.web_site_sk LIMIT 266;e31244ee8b49ac0c7b9d08721adcc3bb
996;SELECT web_sales.* FROM web_sales JOIN customer ON web_sales.ws_bill_customer_sk = customer.c_customer_sk JOIN date_dim ON web_sales.ws_sold_date_sk = date_dim.d_date_sk LIMIT 419;4b824a93320c9c2dafbd28bcac5464a3
997;SELECT store_returns.* FROM store_returns JOIN date_dim ON store_returns.sr_returned_date_sk = date_dim.d_date_sk JOIN customer ON store_returns.sr_customer_sk = customer.c_customer_sk LIMIT 110;82e80195385774da04684570edcad9c5
998;SELECT inventory.* FROM inventory JOIN date_dim ON inventory.inv_date_sk = date_dim.d_date_sk JOIN warehouse ON inventory.inv_warehouse_sk = warehouse.w_warehouse_sk LIMIT 334;619e5ece2217e10e86c8339dcf845598
1000;SELECT store_returns.* FROM store_returns JOIN customer ON store_returns.sr_customer_sk = customer.c_customer_sk LIMIT 232;680d421062e219c01803fbc8d84021b8
1001;SELECT inventory.* FROM inventory JOIN warehouse ON inventory.inv_warehouse_sk = warehouse.w_warehouse_sk JOIN date_dim ON inventory.inv_date_sk = date_dim.d_date_sk LIMIT 297;803d45aed3d5a398bb5a6b74cd3dc107
1002;SELECT catalog_sales.* FROM catalog_sales JOIN warehouse ON catalog_sales.cs_warehouse_sk = warehouse.w_warehouse_sk JOIN date_dim ON catalog_sales.cs_sold_date_sk = date_dim.d_date_sk LIMIT 273;485fe7bbb3098d13ba4d82b7dda5e848
1003;SELECT w_state, i_item_id, SUM(CASE WHEN (CAST(d_date AS DATE) < CAST('2000-03-11' AS DATE)) THEN cs_sales_price - COALESCE(cr_refunded_cash, 0) ELSE 0 END) AS sales_before, SUM(CASE WHEN (CAST(d_date AS DATE) >= CAST('2000-03-11' AS DATE)) THEN cs_sales_price - COALESCE(cr_refunded_cash, 0) ELSE 0 END) AS sales_after FROM catalog_sales LEFT OUTER JOIN catalog_returns ON (cs_order_number = cr_order_number AND cs_item_sk = cr_item_sk), warehouse, item, date_dim WHERE i_current_price BETWEEN 0.99 AND 1.49 AND i_item_sk = cs_item_sk AND cs_warehouse_sk = w_warehouse_sk AND cs_sold_date_sk = d_date_sk AND d_date BETWEEN CAST('2000-02-10' AS DATE) AND CAST('2000-04-10' AS DATE) GROUP BY w_state, i_item_id ORDER BY w_state, i_item_id LIMIT 100;669d7f67f62e8c008a35503320653825
1004;SELECT inventory.* FROM inventory JOIN item ON inventory.inv_item_sk = item.i_item_sk JOIN date_dim ON inventory.inv_date_sk = date_dim.d_date_sk LIMIT 326;e5d348eec5d9c342f3c150e2c9d8c855
1006;SELECT store_returns.* FROM store_returns JOIN item ON store_returns.sr_item_sk = item.i_item_sk LIMIT 280;4a147a25ca4d1b07b9cb0e281f0aad7d
1007;SELECT web_returns.* FROM web_returns JOIN customer ON web_returns.wr_refunded_customer_sk = customer.c_customer_sk JOIN date_dim ON web_returns.wr_returned_date_sk = date_dim.d_date_sk LIMIT 482;157f06b9c9d8f4781b109e3a252026e8
1008;SELECT web_sales.* FROM web_sales JOIN date_dim ON web_sales.ws_sold_date_sk = date_dim.d_date_sk LIMIT 222;b2f16c493e4aabdb0b2471755219a99a
1009;SELECT catalog_sales.* FROM catalog_sales JOIN customer ON catalog_sales.cs_bill_customer_sk = customer.c_customer_sk JOIN item ON catalog_sales.cs_item_sk = item.i_item_sk LIMIT 232;31901d0038036cca5e6c759eed7c5a23
1010;SELECT store_sales.* FROM store_sales JOIN store ON store_sales.ss_store_sk = store.s_store_sk JOIN item ON store_sales.ss_item_sk = item.i_item_sk LIMIT 177;e05a5bb774412cc2f8344c6a11f9ae5e
1011;SELECT inventory.* FROM inventory JOIN date_dim ON inventory.inv_date_sk = date_dim.d_date_sk JOIN warehouse ON inventory.inv_warehouse_sk = warehouse.w_warehouse_sk LIMIT 137;a3599e1ee09b2aac6bb93205f58f6fc9
1012;SELECT store_sales.* FROM store_sales JOIN customer ON store_sales.ss_customer_sk = customer.c_customer_sk LIMIT 445;72afa43b3df9bfb22c39a8b253eebef4
1013;SELECT inventory.* FROM inventory JOIN item ON inventory.inv_item_sk = item.i_item_sk JOIN date_dim ON inventory.inv_date_sk = date_dim.d_date_sk LIMIT 108;a87590246984d8e8e6bb75bacc844c7b
1014;SELECT web_returns.* FROM web_returns JOIN date_dim ON web_returns.wr_returned_date_sk = date_dim.d_date_sk JOIN customer ON web_returns.wr_refunded_customer_sk = customer.c_customer_sk LIMIT 211;62d7723c2ce98192c330e44b566d08c4
1015;SELECT store_returns.* FROM store_returns JOIN customer ON store_returns.sr_customer_sk = customer.c_customer_sk LIMIT 157;a15b5301027578dac158a46ba12ee6f2
1016;SELECT store_returns.* FROM store_returns JOIN date_dim ON store_returns.sr_returned_date_sk = date_dim.d_date_sk JOIN item ON store_returns.sr_item_sk = item.i_item_sk LIMIT 100;af2db5129d58ccf4808637c68810edd9
1017;SELECT web_sales.* FROM web_sales JOIN customer ON web_sales.ws_bill_customer_sk = customer.c_customer_sk JOIN item ON web_sales.ws_item_sk = item.i_item_sk LIMIT 144;3b1423ec6882f8d9936e3979a053ab33
1018;SELECT store_sales.* FROM store_sales JOIN item ON store_sales.ss_item_sk = item.i_item_sk JOIN date_dim ON store_sales.ss_sold_date_sk = date_dim.d_date_sk LIMIT 176;cf177ed0b6252405d7a8217928adeb19
1019;SELECT web_returns.* FROM web_returns JOIN item ON web_returns.wr_item_sk = item.i_item_sk JOIN date_dim ON web_returns.wr_returned_date_sk = date_dim.d_date_sk LIMIT 396;ff85bc4a3a18833793b717f52635559e
1020;SELECT store_sales.* FROM store_sales JOIN item ON store_sales.ss_item_sk = item.i_item_sk LIMIT 337;61725ee651b9892de6999d3c7a8a6d85
1021;SELECT web_returns.* FROM web_returns JOIN date_dim ON web_returns.wr_returned_date_sk = date_dim.d_date_sk JOIN item ON web_returns.wr_item_sk = item.i_item_sk LIMIT 345;43eac16325f19067cceced1527e8bb7a
1022;SELECT web_sales.* FROM web_sales JOIN web_site ON web_sales.ws_web_site_sk = web_site.web_site_sk JOIN date_dim ON web_sales.ws_sold_date_sk = date_dim.d_date_sk LIMIT 79;ff6729345ecaecaf6b551a21cfce64fb
1023;SELECT store_sales.* FROM store_sales JOIN customer ON store_sales.ss_customer_sk = customer.c_customer_sk LIMIT 470;d04a11e969fc2cd4ebce9f81ac9ca9a8
1024;SELECT web_returns.* FROM web_returns JOIN date_dim ON web_returns.wr_returned_date_sk = date_dim.d_date_sk JOIN item ON web_returns.wr_item_sk = item.i_item_sk LIMIT 189;c2191e7318e873d7bde38f99a880cfca
1025;SELECT store_sales.* FROM store_sales JOIN customer ON store_sales.ss_customer_sk = customer.c_customer_sk LIMIT 309;91da9bb577b29b61d90da510c0df21ed
1026;SELECT web_returns.* FROM web_returns JOIN date_dim ON web_returns.wr_returned_date_sk = date_dim.d_date_sk JOIN item ON web_returns.wr_item_sk = item.i_item_sk LIMIT 135;93cd8ce5fb3fde3321e92723ca8ec9e5
1027;SELECT store_sales.* FROM store_sales JOIN date_dim ON store_sales.ss_sold_date_sk = date_dim.d_date_sk JOIN item ON store_sales.ss_item_sk = item.i_item_sk LIMIT 233;f83254c3bc20c429798fa21454e3d69f
1028;SELECT store_returns.* FROM store_returns JOIN customer ON store_returns.sr_customer_sk = customer.c_customer_sk LIMIT 98;195ac9b942f0f2ef58648191da162a9e
1029;SELECT store_sales.* FROM store_sales JOIN customer ON store_sales.ss_customer_sk = customer.c_customer_sk JOIN date_dim ON store_sales.ss_sold_date_sk = date_dim.d_date_sk LIMIT 258;77cb18e489ecbfc722df9efe136117c5
1030;SELECT catalog_sales.* FROM catalog_sales JOIN warehouse ON catalog_sales.cs_warehouse_sk = warehouse.w_warehouse_sk LIMIT 409;251cbaf8add9cde2aab71772bdd3c158
1031;SELECT store_sales.* FROM store_sales JOIN customer ON store_sales.ss_customer_sk = customer.c_customer_sk LIMIT 481;9ea349c384313db128cfc285f43cb2d6
1033;SELECT store_sales.* FROM store_sales JOIN store ON store_sales.ss_store_sk = store.s_store_sk LIMIT 378;3b17343c8ab72be7a84c5195910004cd
1034;SELECT catalog_sales.* FROM catalog_sales JOIN customer ON catalog_sales.cs_bill_customer_sk = customer.c_customer_sk JOIN item ON catalog_sales.cs_item_sk = item.i_item_sk LIMIT 275;f4ab40b12d46365bfef39ffb8e5c9531
1035;SELECT catalog_sales.* FROM catalog_sales JOIN date_dim ON catalog_sales.cs_sold_date_sk = date_dim.d_date_sk LIMIT 79;6828e4cb6743c6e19357e5dfb472d01a
1036;SELECT web_sales.* FROM web_sales JOIN date_dim ON web_sales.ws_sold_date_sk = date_dim.d_date_sk JOIN web_site ON web_sales.ws_web_site_sk = web_site.web_site_sk LIMIT 73;d9af0c3af7c31d16d8eae94c1d7e66ed
1037;SELECT web_returns.* FROM web_returns JOIN customer ON web_returns.wr_refunded_customer_sk = customer.c_customer_sk LIMIT 472;75f6135e10f790365bc4ebbb3de539ee
1039;SELECT store_returns.* FROM store_returns JOIN item ON store_returns.sr_item_sk = item.i_item_sk LIMIT 442;3ca89e477b985b3e403d6cce14984f26
1040;SELECT web_returns.* FROM web_returns JOIN customer ON web_returns.wr_refunded_customer_sk = customer.c_customer_sk JOIN date_dim ON web_returns.wr_returned_date_sk = date_dim.d_date_sk LIMIT 328;09f82f9f63a7c9941796e14110aa3c8e
1041;SELECT web_sales.* FROM web_sales JOIN item ON web_sales.ws_item_sk = item.i_item_sk LIMIT 113;91f92405bd143167496e8faf37fcf339
1042;SELECT web_sales.* FROM web_sales JOIN item ON web_sales.ws_item_sk = item.i_item_sk JOIN date_dim ON web_sales.ws_sold_date_sk = date_dim.d_date_sk LIMIT 490;ddefe35369d627556aee1ebc2230ee76
1043;SELECT inventory.* FROM inventory JOIN date_dim ON inventory.inv_date_sk = date_dim.d_date_sk LIMIT 455;15f9f96a1852ec07081ce1f33543522e
1044;SELECT inventory.* FROM inventory JOIN warehouse ON inventory.inv_warehouse_sk = warehouse.w_warehouse_sk JOIN item ON inventory.inv_item_sk = item.i_item_sk LIMIT 390;f3ce7488b4ece4d465755d716e1247e7
1045;SELECT store_returns.* FROM store_returns JOIN item ON store_returns.sr_item_sk = item.i_item_sk LIMIT 359;31861c37a251b8a3e7bbc4e81403f75c
1046;SELECT catalog_sales.* FROM catalog_sales JOIN date_dim ON catalog_sales.cs_sold_date_sk = date_dim.d_date_sk LIMIT 194;c5fe07304590b259aa94d396b8114d61
1047;SELECT store_sales.* FROM store_sales JOIN date_dim ON store_sales.ss_sold_date_sk = date_dim.d_date_sk LIMIT 488;47725100a61a35ba5ad6bc77d9ecc495
1048;SELECT inventory.* FROM inventory JOIN warehouse ON inventory.inv_warehouse_sk = warehouse.w_warehouse_sk LIMIT 445;4d06650350d53402a25f298acac12a13
1049;SELECT catalog_sales.* FROM catalog_sales JOIN customer ON catalog_sales.cs_bill_customer_sk = customer.c_customer_sk LIMIT 142;2a6ca6896298d65181bbd09509dd282a
1050;SELECT web_sales.* FROM web_sales JOIN customer ON web_sales.ws_bill_customer_sk = customer.c_customer_sk JOIN item ON web_sales.ws_item_sk = item.i_item_sk LIMIT 334;254b62d93d8e8504190756263e4358df
1051;SELECT web_sales.* FROM web_sales JOIN item ON web_sales.ws_item_sk = item.i_item_sk LIMIT 297;ed3a39943a6548641307ea1c8117dc83
1052;SELECT inventory.* FROM inventory JOIN warehouse ON inventory.inv_warehouse_sk = warehouse.w_warehouse_sk JOIN item ON inventory.inv_item_sk = item.i_item_sk LIMIT 187;e522757361a035b727d4939031319caf
1053;SELECT inventory.* FROM inventory JOIN item ON inventory.inv_item_sk = item.i_item_sk JOIN date_dim ON inventory.inv_date_sk = date_dim.d_date_sk LIMIT 112;4fcf19bd6f3ad55a45fe53baada232c5
1054;SELECT store_returns.* FROM store_returns JOIN date_dim ON store_returns.sr_returned_date_sk = date_dim.d_date_sk LIMIT 395;1f0a1a05f51aa1975a3592bedd59ec71
1055;SELECT web_returns.* FROM web_returns JOIN item ON web_returns.wr_item_sk = item.i_item_sk JOIN date_dim ON web_returns.wr_returned_date_sk = date_dim.d_date_sk LIMIT 103;85e4ffdf2826477852c45f0648d9721c
1058;SELECT inventory.* FROM inventory JOIN item ON inventory.inv_item_sk = item.i_item_sk LIMIT 180;9526301acab8035f98c91d88a5cee36f
1059;SELECT store_returns.* FROM store_returns JOIN customer ON store_returns.sr_customer_sk = customer.c_customer_sk JOIN item ON store_returns.sr_item_sk = item.i_item_sk LIMIT 71;1c31e2398d548777190a475dfbc111b6
1060;SELECT store_returns.* FROM store_returns JOIN customer ON store_returns.sr_customer_sk = customer.c_customer_sk JOIN item ON store_returns.sr_item_sk = item.i_item_sk LIMIT 474;791efa8d37d9cb4b7590c6c3f4237b3e
1061;SELECT catalog_sales.* FROM catalog_sales JOIN date_dim ON catalog_sales.cs_sold_date_sk = date_dim.d_date_sk JOIN item ON catalog_sales.cs_item_sk = item.i_item_sk LIMIT 365;1ce1e154b25f7f27758119f28733a443
1062;SELECT store_returns.* FROM store_returns JOIN date_dim ON store_returns.sr_returned_date_sk = date_dim.d_date_sk LIMIT 494;e063581f6bc9b418fcfe7399feb2b2be
1063;SELECT store_sales.* FROM store_sales JOIN item ON store_sales.ss_item_sk = item.i_item_sk LIMIT 172;5b25a9de7450db271943de679c39f9ac
1064;SELECT inventory.* FROM inventory JOIN warehouse ON inventory.inv_warehouse_sk = warehouse.w_warehouse_sk JOIN item ON inventory.inv_item_sk = item.i_item_sk LIMIT 152;e9a88b3cceb9887fbd8a8398f61583e8
1065;SELECT catalog_sales.* FROM catalog_sales JOIN customer ON catalog_sales.cs_bill_customer_sk = customer.c_customer_sk LIMIT 419;3ae51778c9376a289ae3b290efd37c60
1066;SELECT store_returns.* FROM store_returns JOIN item ON store_returns.sr_item_sk = item.i_item_sk LIMIT 105;eb2cb95ea6cbf6961fa6009e6b41131c
1067;SELECT web_sales.* FROM web_sales JOIN customer ON web_sales.ws_bill_customer_sk = customer.c_customer_sk LIMIT 291;f710d410a0b60f753e9998442aea42b2
1068;SELECT store_returns.* FROM store_returns JOIN date_dim ON store_returns.sr_returned_date_sk = date_dim.d_date_sk JOIN item ON store_returns.sr_item_sk = item.i_item_sk LIMIT 102;995e9b0f296f1fbd85f9442d583eda21
1069;SELECT inventory.* FROM inventory JOIN item ON inventory.inv_item_sk = item.i_item_sk LIMIT 75;3196a8d11796c6b5980f4abece97e9c4
1070;SELECT web_returns.* FROM web_returns JOIN item ON web_returns.wr_item_sk = item.i_item_sk JOIN customer ON web_returns.wr_refunded_customer_sk = customer.c_customer_sk LIMIT 428;60b4c45e403ea7b566ee1f4f57b1b50e
1071;SELECT catalog_sales.* FROM catalog_sales JOIN customer ON catalog_sales.cs_bill_customer_sk = customer.c_customer_sk LIMIT 226;2da9452e5f538a9d375a3fc10673f978
1073;SELECT store_returns.* FROM store_returns JOIN date_dim ON store_returns.sr_returned_date_sk = date_dim.d_date_sk JOIN item ON store_returns.sr_item_sk = item.i_item_sk LIMIT 142;0d0c983e673c67fcd917fcdad58efa37
1074;SELECT inventory.* FROM inventory JOIN warehouse ON inventory.inv_warehouse_sk = warehouse.w_warehouse_sk JOIN item ON inventory.inv_item_sk = item.i_item_sk LIMIT 351;85a04b5fb5a8279c93bf1e1c27bd196a
1075;SELECT catalog_sales.* FROM catalog_sales JOIN date_dim ON catalog_sales.cs_sold_date_sk = date_dim.d_date_sk JOIN customer ON catalog_sales.cs_bill_customer_sk = customer.c_customer_sk LIMIT 326;56c74b998ef4efc5a245427f5533f587
1076;SELECT web_returns.* FROM web_returns JOIN item ON web_returns.wr_item_sk = item.i_item_sk LIMIT 199;e884659994422a73da1896305addbc6e
1077;SELECT store_returns.* FROM store_returns JOIN date_dim ON store_returns.sr_returned_date_sk = date_dim.d_date_sk JOIN customer ON store_returns.sr_customer_sk = customer.c_customer_sk LIMIT 141;6eb40affe849d48f0ca598cfde8d8beb
1078;SELECT web_returns.* FROM web_returns JOIN customer ON web_returns.wr_refunded_customer_sk = customer.c_customer_sk JOIN item ON web_returns.wr_item_sk = item.i_item_sk LIMIT 60;3ada45297fe93ff6c282c5a4dfa4e713
1080;SELECT inventory.* FROM inventory JOIN date_dim ON inventory.inv_date_sk = date_dim.d_date_sk JOIN warehouse ON inventory.inv_warehouse_sk = warehouse.w_warehouse_sk LIMIT 198;6daddc01633396659c1644258af0ec69
1081;SELECT web_returns.* FROM web_returns JOIN customer ON web_returns.wr_refunded_customer_sk = customer.c_customer_sk LIMIT 315;2523ae1f59c37ec21bad77c1263c8c1e
1083;SELECT catalog_sales.* FROM catalog_sales JOIN customer ON catalog_sales.cs_bill_customer_sk = customer.c_customer_sk JOIN item ON catalog_sales.cs_item_sk = item.i_item_sk LIMIT 281;255653d8196e4ecbcb24853a000fd39d
1084;SELECT store_returns.* FROM store_returns JOIN customer ON store_returns.sr_customer_sk = customer.c_customer_sk JOIN item ON store_returns.sr_item_sk = item.i_item_sk LIMIT 260;9311b3ce2af4527b28465d30649936ce
1085;SELECT store_returns.* FROM store_returns JOIN item ON store_returns.sr_item_sk = item.i_item_sk LIMIT 171;68c3b2ecaa3ab6a12394a1fd706bd409
1086;SELECT inventory.* FROM inventory JOIN date_dim ON inventory.inv_date_sk = date_dim.d_date_sk JOIN item ON inventory.inv_item_sk = item.i_item_sk LIMIT 139;fa5ef64db36736da51b122a033789329
1088;SELECT web_sales.* FROM web_sales JOIN customer ON web_sales.ws_bill_customer_sk = customer.c_customer_sk JOIN web_site ON web_sales.ws_web_site_sk = web_site.web_site_sk LIMIT 114;86859127b71253af6d4473aaf353e441
1090;SELECT web_sales.* FROM web_sales JOIN web_site ON web_sales.ws_web_site_sk = web_site.web_site_sk JOIN date_dim ON web_sales.ws_sold_date_sk = date_dim.d_date_sk LIMIT 94;9df0fdb7ac59f8b5076c39d4eec99705
1091;SELECT web_sales.* FROM web_sales JOIN date_dim ON web_sales.ws_sold_date_sk = date_dim.d_date_sk JOIN customer ON web_sales.ws_bill_customer_sk = customer.c_customer_sk LIMIT 67;10ee81637e4d2b896ca453ff9345aa5c
1092;SELECT catalog_sales.* FROM catalog_sales JOIN item ON catalog_sales.cs_item_sk = item.i_item_sk JOIN warehouse ON catalog_sales.cs_warehouse_sk = warehouse.w_warehouse_sk LIMIT 255;1851f25e1ad069934814d9eb6572cfa5
1094;SELECT store_sales.* FROM store_sales JOIN item ON store_sales.ss_item_sk = item.i_item_sk LIMIT 275;a26c82fe23cc68f4beff3c2b08aa7179
1095;SELECT web_sales.* FROM web_sales JOIN date_dim ON web_sales.ws_sold_date_sk = date_dim.d_date_sk JOIN item ON web_sales.ws_item_sk = item.i_item_sk LIMIT 89;5861b8d248518e51557fd10c93374690
1096;SELECT web_sales.* FROM web_sales JOIN web_site ON web_sales.ws_web_site_sk = web_site.web_site_sk LIMIT 91;c9c3ecf4f01c6b7934d5ee1835b90f44
1097;SELECT channel, item, return_ratio, return_rank, currency_rank FROM (SELECT 'web' AS channel, web.item, web.return_ratio, web.return_rank, web.currency_rank FROM (SELECT item, return_ratio, currency_ratio, RANK() OVER (ORDER BY return_ratio) AS return_rank, RANK() OVER (ORDER BY currency_ratio) AS currency_rank FROM (SELECT ws.ws_item_sk AS item, (CAST(SUM(COALESCE(wr.wr_return_quantity, 0.0)) AS DECIMAL(7, 5)) / NULLIF(CAST(SUM(COALESCE(ws.ws_quantity, 0.0)) AS DECIMAL(19, 4)), 0)) AS return_ratio, (CAST(SUM(COALESCE(wr.wr_return_amt, 0.0)) AS DECIMAL(13, 5)) / NULLIF(CAST(SUM(COALESCE(ws.ws_net_paid, 0.0)) AS DECIMAL(13, 5)), 0)) AS currency_ratio FROM web_sales AS ws LEFT OUTER JOIN web_returns AS wr ON (ws.ws_order_number = wr.wr_order_number AND ws.ws_item_sk = wr.wr_item_sk), date_dim WHERE wr.wr_return_amt > 13286 AND ws.ws_net_profit > 1.0 AND ws.ws_net_paid > 0.0 AND ws.ws_quantity > 0.0 AND ws_sold_date_sk = d_date_sk AND d_year = 1583 AND d_moy = 12 GROUP BY ws.ws_item_sk) AS in_web) AS web WHERE (web.return_rank <= 12 OR web.currency_rank <= 10) UNION SELECT 'catalog' AS channel, catalog.item, catalog.return_ratio, catalog.return_rank, catalog.currency_rank FROM (SELECT item, return_ratio, currency_ratio, RANK() OVER (ORDER BY return_ratio) AS return_rank, RANK() OVER (ORDER BY currency_ratio) AS currency_rank FROM (SELECT cs.cs_item_sk AS item, (CAST(SUM(COALESCE(cr.cr_return_quantity, 0.0)) AS DECIMAL(9, 2)) / NULLIF(CAST(SUM(COALESCE(cs.cs_quantity, 0.0)) AS DECIMAL(8, 4)), 0)) AS return_ratio, (CAST(SUM(COALESCE(cr.cr_return_amount, 0.0)) AS DECIMAL(13, 5)) / NULLIF(CAST(SUM(COALESCE(cs.cs_net_paid, 0.0)) AS DECIMAL(13, 3)), 0)) AS currency_ratio FROM catalog_sales AS cs LEFT OUTER JOIN catalog_returns AS cr ON (cs.cs_order_number = cr.cr_order_number AND cs.cs_item_sk = cr.cr_item_sk), date_dim WHERE cr.cr_return_amount > 12263 AND cs.cs_net_profit > 1.0 AND cs.cs_net_paid > 0.0 AND cs.cs_quantity > 0.0 AND cs_sold_date_sk = d_date_sk AND d_year = 1652 AND d_moy = 17 GROUP BY cs.cs_item_sk) AS in_cat) AS CATALOG WHERE (catalog.return_rank <= 11 OR catalog.currency_rank <= 5) UNION SELECT 'store' AS channel, store.item, store.return_ratio, store.return_rank, store.currency_rank FROM (SELECT item, return_ratio, currency_ratio, RANK() OVER (ORDER BY return_ratio) AS return_rank, RANK() OVER (ORDER BY currency_ratio) AS currency_rank FROM (SELECT sts.ss_item_sk AS item, (CAST(SUM(COALESCE(sr.sr_return_quantity, 0.0)) AS DECIMAL(21, 2)) / NULLIF(CAST(SUM(COALESCE(sts.ss_quantity, 0.0)) AS DECIMAL(9, 5)), 0)) AS return_ratio, (CAST(SUM(COALESCE(sr.sr_return_amt, 0.0)) AS DECIMAL(17, 4)) / NULLIF(CAST(SUM(COALESCE(sts.ss_net_paid, 0.0)) AS DECIMAL(20, 3)), 0)) AS currency_ratio FROM store_sales AS sts LEFT OUTER JOIN store_returns AS sr ON (sts.ss_ticket_number = sr.sr_ticket_number AND sts.ss_item_sk = sr.sr_item_sk), date_dim WHERE sr.sr_return_amt > 7282 AND sts.ss_net_profit > 1.0 AND sts.ss_net_paid > 0.0 AND sts.ss_quantity > 0.0 AND ss_sold_date_sk = d_date_sk AND d_year = 2163 AND d_moy = 17 GROUP BY sts.ss_item_sk) AS in_store) AS store WHERE (store.return_rank <= 14 OR store.currency_rank <= 8)) AS sq1 ORDER BY 1.0 NULLS FIRST, 5 NULLS FIRST, 7 NULLS FIRST, 2 NULLS FIRST LIMIT 52;8ccb1303b4a2e1cf2b88bf834da5b85b
1098;SELECT catalog_sales.* FROM catalog_sales JOIN item ON catalog_sales.cs_item_sk = item.i_item_sk LIMIT 417;417397d0ea2a3363b900846ef5540c9b
1099;SELECT inventory.* FROM inventory JOIN warehouse ON inventory.inv_warehouse_sk = warehouse.w_warehouse_sk JOIN date_dim ON inventory.inv_date_sk = date_dim.d_date_sk LIMIT 250;6ddfbb952a5af28294304367e0339ce6
1100;SELECT web_sales.* FROM web_sales JOIN date_dim ON web_sales.ws_sold_date_sk = date_dim.d_date_sk LIMIT 243;b5a3e37a5fb513428bef9402194c5602
1101;SELECT store_sales.* FROM store_sales JOIN customer ON store_sales.ss_customer_sk = customer.c_customer_sk JOIN date_dim ON store_sales.ss_sold_date_sk = date_dim.d_date_sk LIMIT 412;d91b9423ca89d7057bcf333254a621e1
1102;SELECT store_returns.* FROM store_returns JOIN date_dim ON store_returns.sr_returned_date_sk = date_dim.d_date_sk LIMIT 77;4c41a09a1502a8eb4b403ab8d9d85a88
1104;SELECT inventory.* FROM inventory JOIN item ON inventory.inv_item_sk = item.i_item_sk LIMIT 118;c88520d2734e7cc85eff64b9e080d2e9
1105;WITH ws AS (SELECT d_year AS ws_sold_year, ws_item_sk, ws_bill_customer_sk AS ws_customer_sk, SUM(ws_quantity) AS ws_qty, SUM(ws_wholesale_cost) AS ws_wc, SUM(ws_sales_price) AS ws_sp FROM web_sales LEFT JOIN web_returns ON wr_order_number = ws_order_number AND ws_item_sk = wr_item_sk JOIN date_dim ON ws_sold_date_sk = d_date_sk WHERE wr_order_number IS NULL GROUP BY d_year, ws_item_sk, ws_bill_customer_sk), cs AS (SELECT d_year AS cs_sold_year, cs_item_sk, cs_bill_customer_sk AS cs_customer_sk, SUM(cs_quantity) AS cs_qty, SUM(cs_wholesale_cost) AS cs_wc, SUM(cs_sales_price) AS cs_sp FROM catalog_sales LEFT JOIN catalog_returns ON cr_order_number = cs_order_number AND cs_item_sk = cr_item_sk JOIN date_dim ON cs_sold_date_sk = d_date_sk WHERE cr_order_number IS NULL GROUP BY d_year, cs_item_sk, cs_bill_customer_sk), ss AS (SELECT d_year AS ss_sold_year, ss_item_sk, ss_customer_sk, SUM(ss_quantity) AS ss_qty, SUM(ss_wholesale_cost) AS ss_wc, SUM(ss_sales_price) AS ss_sp FROM store_sales LEFT JOIN store_returns ON sr_ticket_number = ss_ticket_number AND ss_item_sk = sr_item_sk JOIN date_dim ON ss_sold_date_sk = d_date_sk WHERE sr_ticket_number IS NULL GROUP BY d_year, ss_item_sk, ss_customer_sk) SELECT ss_sold_year, ss_item_sk, ss_customer_sk, ROUND(CAST((ss_qty * 1.0) AS DOUBLE PRECISION) / NULLIF((COALESCE(ws_qty, 0.0) + COALESCE(cs_qty, 0.0)), 0), 2) AS ratio, ss_qty AS store_qty, ss_wc AS store_wholesale_cost, ss_sp AS store_sales_price, COALESCE(ws_qty, 0.0) + COALESCE(cs_qty, 0.0) AS other_chan_qty, COALESCE(ws_wc, 0.0) + COALESCE(cs_wc, 0.0) AS other_chan_wholesale_cost, COALESCE(ws_sp, 0.0) + COALESCE(cs_sp, 0.0) AS other_chan_sales_price FROM ss LEFT JOIN ws ON (ws_sold_year = ss_sold_year AND ws_item_sk = ss_item_sk AND ws_customer_sk = ss_customer_sk) LEFT JOIN cs ON (cs_sold_year = ss_sold_year AND cs_item_sk = ss_item_sk AND cs_customer_sk = ss_customer_sk) WHERE (COALESCE(ws_qty, 0.0) > 0.0 OR COALESCE(cs_qty, 0.0) > 0.0) AND ss_sold_year = 2551 ORDER BY ss_sold_year, ss_item_sk, ss_customer_sk, ss_qty DESC NULLS LAST, ss_wc DESC NULLS LAST, ss_sp DESC NULLS LAST, other_chan_qty, other_chan_wholesale_cost, other_chan_sales_price, ratio LIMIT 81;adbaf50e492fa7f863c32a008d4e1ce5
1106;SELECT inventory.* FROM inventory JOIN item ON inventory.inv_item_sk = item.i_item_sk LIMIT 298;7005cdb3a992e1175aec31d1ff5bf3a4
1107;SELECT web_sales.* FROM web_sales JOIN date_dim ON web_sales.ws_sold_date_sk = date_dim.d_date_sk JOIN customer ON web_sales.ws_bill_customer_sk = customer.c_customer_sk LIMIT 465;02c21eb14c2ac3d704d5a61705c2a5dc
1108;SELECT store_sales.* FROM store_sales JOIN customer ON store_sales.ss_customer_sk = customer.c_customer_sk JOIN item ON store_sales.ss_item_sk = item.i_item_sk LIMIT 431;b918c91631e686ebed0c08cf19fc1505
1109;SELECT store_sales.* FROM store_sales JOIN store ON store_sales.ss_store_sk = store.s_store_sk JOIN date_dim ON store_sales.ss_sold_date_sk = date_dim.d_date_sk LIMIT 225;6880e0739c6396cb47d74663785c0209
1110;SELECT inventory.* FROM inventory JOIN date_dim ON inventory.inv_date_sk = date_dim.d_date_sk LIMIT 325;1497315b5da4c8ac739a0f1ab5dae682
1111;SELECT store_sales.* FROM store_sales JOIN date_dim ON store_sales.ss_sold_date_sk = date_dim.d_date_sk JOIN customer ON store_sales.ss_customer_sk = customer.c_customer_sk LIMIT 354;6ea504a7ea366cf97d1bd4b7ba163ff8
1112;SELECT web_returns.* FROM web_returns JOIN item ON web_returns.wr_item_sk = item.i_item_sk LIMIT 78;2196fa64378203475283bf33f228b85c
1113;SELECT store_sales.* FROM store_sales JOIN item ON store_sales.ss_item_sk = item.i_item_sk LIMIT 117;acc34672ece7eed3fdcad460e6b43774
1114;SELECT store_sales.* FROM store_sales JOIN customer ON store_sales.ss_customer_sk = customer.c_customer_sk JOIN item ON store_sales.ss_item_sk = item.i_item_sk LIMIT 305;ca91186ae9150ec1dd637922b880dc21
1115;SELECT web_returns.* FROM web_returns JOIN date_dim ON web_returns.wr_returned_date_sk = date_dim.d_date_sk JOIN customer ON web_returns.wr_refunded_customer_sk = customer.c_customer_sk LIMIT 302;868ff28cc3a7120365e9d25d711aa46d
1116;SELECT store_sales.* FROM store_sales JOIN item ON store_sales.ss_item_sk = item.i_item_sk JOIN date_dim ON store_sales.ss_sold_date_sk = date_dim.d_date_sk LIMIT 95;3c204022616e4e3fa8b67dc59770fb7b
1118;SELECT store_returns.* FROM store_returns JOIN date_dim ON store_returns.sr_returned_date_sk = date_dim.d_date_sk LIMIT 499;006b683b593c090e82fb4b13d2aeddbc
1119;SELECT store_returns.* FROM store_returns JOIN date_dim ON store_returns.sr_returned_date_sk = date_dim.d_date_sk JOIN item ON store_returns.sr_item_sk = item.i_item_sk LIMIT 72;f8f5a6068234b31ce391a7fd93c4db59
1120;SELECT web_sales.* FROM web_sales JOIN date_dim ON web_sales.ws_sold_date_sk = date_dim.d_date_sk JOIN customer ON web_sales.ws_bill_customer_sk = customer.c_customer_sk LIMIT 152;5587a29a222dc2f4fecb0d54e0222de1
1121;SELECT catalog_sales.* FROM catalog_sales JOIN customer ON catalog_sales.cs_bill_customer_sk = customer.c_customer_sk JOIN date_dim ON catalog_sales.cs_sold_date_sk = date_dim.d_date_sk LIMIT 483;ac7e042deddd9a68f0e267f6a020d288
1122;SELECT catalog_sales.* FROM catalog_sales JOIN date_dim ON catalog_sales.cs_sold_date_sk = date_dim.d_date_sk JOIN warehouse ON catalog_sales.cs_warehouse_sk = warehouse.w_warehouse_sk LIMIT 446;017b629be8ec3a4fed8f3c80228fed3e
1123;SELECT catalog_sales.* FROM catalog_sales JOIN date_dim ON catalog_sales.cs_sold_date_sk = date_dim.d_date_sk JOIN item ON catalog_sales.cs_item_sk = item.i_item_sk LIMIT 327;0e96eca391638d5e06ee0004819f4147
1124;SELECT store_returns.* FROM store_returns JOIN customer ON store_returns.sr_customer_sk = customer.c_customer_sk JOIN item ON store_returns.sr_item_sk = item.i_item_sk LIMIT 162;812a7ae739a1fc47671fa1d78fb575b8
1126;SELECT store_sales.* FROM store_sales JOIN customer ON store_sales.ss_customer_sk = customer.c_customer_sk LIMIT 268;06391e55f94b7a15e3b68ee7e254bcb0
1127;SELECT web_sales.* FROM web_sales JOIN customer ON web_sales.ws_bill_customer_sk = customer.c_customer_sk LIMIT 335;8bd7338ee1b501cb71689a21245b0abd
1128;SELECT catalog_sales.* FROM catalog_sales JOIN date_dim ON catalog_sales.cs_sold_date_sk = date_dim.d_date_sk LIMIT 196;5939cc21d417f7e72df2355e96a9b9ae
1129;SELECT store_sales.* FROM store_sales JOIN store ON store_sales.ss_store_sk = store.s_store_sk LIMIT 497;4e3a89241500b9de857980a1aa4368c7
1130;SELECT web_returns.* FROM web_returns JOIN item ON web_returns.wr_item_sk = item.i_item_sk JOIN customer ON web_returns.wr_refunded_customer_sk = customer.c_customer_sk LIMIT 249;8bbe4c7766c99dce5b423f701e9c72e7
1131;SELECT catalog_sales.* FROM catalog_sales JOIN customer ON catalog_sales.cs_bill_customer_sk = customer.c_customer_sk JOIN date_dim ON catalog_sales.cs_sold_date_sk = date_dim.d_date_sk LIMIT 472;750d884a4b7c126f9511a407d60750db
1133;SELECT inventory.* FROM inventory JOIN item ON inventory.inv_item_sk = item.i_item_sk LIMIT 409;2f9a6318843fbff118bafa68cfd87d7e
1134;SELECT web_returns.* FROM web_returns JOIN item ON web_returns.wr_item_sk = item.i_item_sk JOIN customer ON web_returns.wr_refunded_customer_sk = customer.c_customer_sk LIMIT 445;ed2522a46edf8fae8715a9eb608e5acd
1135;SELECT web_returns.* FROM web_returns JOIN item ON web_returns.wr_item_sk = item.i_item_sk LIMIT 407;edaea0c96da615da6996aecf0701a077
1136;SELECT store_sales.* FROM store_sales JOIN item ON store_sales.ss_item_sk = item.i_item_sk LIMIT 227;410e40f36ccae28bffdde056c2c37748
1138;SELECT web_sales.* FROM web_sales JOIN item ON web_sales.ws_item_sk = item.i_item_sk LIMIT 248;36787ba4884d016922865c0809adbb8e
1140;SELECT web_sales.* FROM web_sales JOIN item ON web_sales.ws_item_sk = item.i_item_sk LIMIT 329;f68eb9e398ae642d198c845541a3eb95
1143;SELECT i_item_desc, w_warehouse_name, d1.d_week_seq, SUM(CASE WHEN p_promo_sk IS NULL THEN 1.0 ELSE 0.0 END) AS no_promo, SUM(CASE WHEN NOT p_promo_sk IS NULL THEN 1.0 ELSE 0.0 END) AS promo, COUNT(*) AS total_cnt FROM catalog_sales JOIN inventory ON (cs_item_sk = inv_item_sk) JOIN warehouse ON (w_warehouse_sk = inv_warehouse_sk) JOIN item ON (i_item_sk = cs_item_sk) JOIN customer_demographics ON (cs_bill_cdemo_sk = cd_demo_sk) JOIN household_demographics ON (cs_bill_hdemo_sk = hd_demo_sk) JOIN date_dim AS d1 ON (cs_sold_date_sk = d1.d_date_sk) JOIN date_dim AS d2 ON (inv_date_sk = d2.d_date_sk) JOIN date_dim AS d3 ON (cs_ship_date_sk = d3.d_date_sk) LEFT OUTER JOIN promotion ON (cs_promo_sk = p_promo_sk) LEFT OUTER JOIN catalog_returns ON (cr_item_sk = cs_item_sk AND cr_order_number = cs_order_number) WHERE d1.d_week_seq = d2.d_week_seq AND inv_quantity_on_hand < cs_quantity AND d3.d_date > d1.d_date + 5 AND hd_buy_potential = '>10000' AND d1.d_year = 2446 AND cd_marital_status = 'D' GROUP BY i_item_desc, w_warehouse_name, d1.d_week_seq ORDER BY total_cnt DESC, i_item_desc NULLS FIRST, w_warehouse_name NULLS FIRST, d1.d_week_seq NULLS FIRST LIMIT 128;8c27cb514e0a90b17f3e84977a74328f
1144;SELECT store_returns.* FROM store_returns JOIN customer ON store_returns.sr_customer_sk = customer.c_customer_sk LIMIT 230;5c055c307141963a67dd20241730be5b
1145;SELECT store_returns.* FROM store_returns JOIN item ON store_returns.sr_item_sk = item.i_item_sk JOIN date_dim ON store_returns.sr_returned_date_sk = date_dim.d_date_sk LIMIT 201;1271f13a228f59a92a2d188ea3946f7a
1146;SELECT store_returns.* FROM store_returns JOIN date_dim ON store_returns.sr_returned_date_sk = date_dim.d_date_sk LIMIT 158;8f6826ff7ae027874a50a58c6e6a98a9
1147;SELECT catalog_sales.* FROM catalog_sales JOIN date_dim ON catalog_sales.cs_sold_date_sk = date_dim.d_date_sk JOIN warehouse ON catalog_sales.cs_warehouse_sk = warehouse.w_warehouse_sk LIMIT 311;b00bd040e1a01ec274891394db7fc3d6
1148;SELECT web_sales.* FROM web_sales JOIN customer ON web_sales.ws_bill_customer_sk = customer.c_customer_sk LIMIT 133;f07e0cd7d0565b5edaba936b2c0c0e70
1149;SELECT store_returns.* FROM store_returns JOIN date_dim ON store_returns.sr_returned_date_sk = date_dim.d_date_sk JOIN item ON store_returns.sr_item_sk = item.i_item_sk LIMIT 294;d8f837f63934d4c7bad5f96b649d3481
1150;SELECT store_returns.* FROM store_returns JOIN date_dim ON store_returns.sr_returned_date_sk = date_dim.d_date_sk JOIN customer ON store_returns.sr_customer_sk = customer.c_customer_sk LIMIT 229;7911b638ccf58ccc360010fd9179e74b
1151;SELECT DISTINCT (i_product_name) FROM item AS i1 WHERE i_manufact_id BETWEEN 539 AND 678 + 28 AND (SELECT COUNT(*) AS item_cnt FROM item WHERE (i_manufact = i1.i_manufact AND ((i_category = 'Women' AND (i_color = 'powder' OR i_color = 'khaki') AND (i_units = 'Ounce' OR i_units = 'Oz') AND (i_size = 'medium' OR i_size = 'extra large')) OR (i_category = 'Women' AND (i_color = 'brown' OR i_color = 'honeydew') AND (i_units = 'Bunch' OR i_units = 'Ton') AND (i_size = 'N/A' OR i_size = 'small')) OR (i_category = 'Men' AND (i_color = 'floral' OR i_color = 'deep') AND (i_units = 'N/A' OR i_units = 'Dozen') AND (i_size = 'petite' OR i_size = 'petite')) OR (i_category = 'Men' AND (i_color = 'light' OR i_color = 'cornflower') AND (i_units = 'Box' OR i_units = 'Pound') AND (i_size = 'medium' OR i_size = 'extra large')))) OR (i_manufact = i1.i_manufact AND ((i_category = 'Women' AND (i_color = 'midnight' OR i_color = 'snow') AND (i_units = 'Pallet' OR i_units = 'Gross') AND (i_size = 'medium' OR i_size = 'extra large')) OR (i_category = 'Women' AND (i_color = 'cyan' OR i_color = 'papaya') AND (i_units = 'Cup' OR i_units = 'Dram') AND (i_size = 'N/A' OR i_size = 'small')) OR (i_category = 'Men' AND (i_color = 'orange' OR i_color = 'frosted') AND (i_units = 'Each' OR i_units = 'Tbl') AND (i_size = 'petite' OR i_size = 'petite')) OR (i_category = 'Men' AND (i_color = 'forest' OR i_color = 'ghost') AND (i_units = 'Lb' OR i_units = 'Bundle') AND (i_size = 'medium' OR i_size = 'extra large'))))) > 0.0 ORDER BY i_product_name LIMIT 54;53f1e3b1f47bd437a7e4fa97137f7098
1152;SELECT web_sales.* FROM web_sales JOIN customer ON web_sales.ws_bill_customer_sk = customer.c_customer_sk LIMIT 412;2f0c18494e826d393b44a20d2567a9f5
1153;SELECT inventory.* FROM inventory JOIN warehouse ON inventory.inv_warehouse_sk = warehouse.w_warehouse_sk LIMIT 152;85dc09723c4a523365f90cc6b7ed1c36
1154;SELECT store_sales.* FROM store_sales JOIN store ON store_sales.ss_store_sk = store.s_store_sk JOIN customer ON store_sales.ss_customer_sk = customer.c_customer_sk LIMIT 228;ade2e45819830f7833cc14342ced8a91
1155;SELECT inventory.* FROM inventory JOIN item ON inventory.inv_item_sk = item.i_item_sk LIMIT 374;ecbc496ef8a1657c81a658a8c5c8b925
1156;SELECT web_returns.* FROM web_returns JOIN date_dim ON web_returns.wr_returned_date_sk = date_dim.d_date_sk JOIN item ON web_returns.wr_item_sk = item.i_item_sk LIMIT 465;8333f7608cf6b4031b996c71b9e83528
1157;SELECT inventory.* FROM inventory JOIN warehouse ON inventory.inv_warehouse_sk = warehouse.w_warehouse_sk LIMIT 88;104ee0894621bded8ef1eb68303c648f
1158;SELECT web_sales.* FROM web_sales JOIN date_dim ON web_sales.ws_sold_date_sk = date_dim.d_date_sk LIMIT 164;6effd5753f26449a3e84fc230faa2987
1159;SELECT store_returns.* FROM store_returns JOIN date_dim ON store_returns.sr_returned_date_sk = date_dim.d_date_sk JOIN customer ON store_returns.sr_customer_sk = customer.c_customer_sk LIMIT 106;e1bf290fb3d21597ccefd765032381fb
1162;SELECT web_returns.* FROM web_returns JOIN item ON web_returns.wr_item_sk = item.i_item_sk LIMIT 363;cf62161cb0a17205de109e032f33069e
1163;SELECT web_sales.* FROM web_sales JOIN item ON web_sales.ws_item_sk = item.i_item_sk LIMIT 101;97abe3b36a9509ee6dfea1fd0878c71a
1164;SELECT store_sales.* FROM store_sales JOIN customer ON store_sales.ss_customer_sk = customer.c_customer_sk JOIN date_dim ON store_sales.ss_sold_date_sk = date_dim.d_date_sk LIMIT 289;23ef52e4ee30f86609a2c07f481b31d2
1165;SELECT store_returns.* FROM store_returns JOIN item ON store_returns.sr_item_sk = item.i_item_sk JOIN customer ON store_returns.sr_customer_sk = customer.c_customer_sk LIMIT 291;00fcf7c8c663b02cae16fe5a9db72a59
1166;SELECT web_sales.* FROM web_sales JOIN web_site ON web_sales.ws_web_site_sk = web_site.web_site_sk JOIN customer ON web_sales.ws_bill_customer_sk = customer.c_customer_sk LIMIT 168;13a79486c4f87f2143b71824e5c3cdfd
1167;SELECT web_sales.* FROM web_sales JOIN customer ON web_sales.ws_bill_customer_sk = customer.c_customer_sk LIMIT 342;f901a6b0a3f6db3a672ebf9eb6186deb
1170;SELECT store_sales.* FROM store_sales JOIN date_dim ON store_sales.ss_sold_date_sk = date_dim.d_date_sk LIMIT 316;a0f028a25eb33011ae7e7cb688d70a4f
1172;SELECT catalog_sales.* FROM catalog_sales JOIN customer ON catalog_sales.cs_bill_customer_sk = customer.c_customer_sk JOIN date_dim ON catalog_sales.cs_sold_date_sk = date_dim.d_date_sk LIMIT 81;67e36f38b1652b785ae7d0ab6ef9c874
1173;SELECT catalog_sales.* FROM catalog_sales JOIN warehouse ON catalog_sales.cs_warehouse_sk = warehouse.w_warehouse_sk LIMIT 375;3c1fde2ff13d1404da111c3aea35ee4f
1174;SELECT store_returns.* FROM store_returns JOIN date_dim ON store_returns.sr_returned_date_sk = date_dim.d_date_sk LIMIT 342;68f0bfc15a1393626273b6801ab4ffc0
1175;SELECT store_sales.* FROM store_sales JOIN date_dim ON store_sales.ss_sold_date_sk = date_dim.d_date_sk JOIN customer ON store_sales.ss_customer_sk = customer.c_customer_sk LIMIT 331;23693205f636aa9d8eb3a9542998ae80
1176;SELECT store_sales.* FROM store_sales JOIN store ON store_sales.ss_store_sk = store.s_store_sk LIMIT 486;bd530e753c4c5bbb57f4e4f874d6bc8f
1177;SELECT store_sales.* FROM store_sales JOIN store ON store_sales.ss_store_sk = store.s_store_sk LIMIT 212;43765d89992bc27666a2d873afc6cdac
1178;SELECT inventory.* FROM inventory JOIN date_dim ON inventory.inv_date_sk = date_dim.d_date_sk LIMIT 239;b2ef0188d465bb79d8dbf00df5397fbd
1180;SELECT store_sales.* FROM store_sales JOIN store ON store_sales.ss_store_sk = store.s_store_sk LIMIT 358;c937455fc1b19a5a021d06966c80b8e9
1181;SELECT inventory.* FROM inventory JOIN date_dim ON inventory.inv_date_sk = date_dim.d_date_sk LIMIT 217;787e3a2881fe06d3f301c2bf6a57d2aa
1182;SELECT catalog_sales.* FROM catalog_sales JOIN customer ON catalog_sales.cs_bill_customer_sk = customer.c_customer_sk JOIN date_dim ON catalog_sales.cs_sold_date_sk = date_dim.d_date_sk LIMIT 239;65d38dcf1e27f89b7ce7e853f9a8b44f
1183;SELECT store_sales.* FROM store_sales JOIN date_dim ON store_sales.ss_sold_date_sk = date_dim.d_date_sk LIMIT 406;fa12303d28efdf7249b5aec6a21a288b
1185;SELECT catalog_sales.* FROM catalog_sales JOIN item ON catalog_sales.cs_item_sk = item.i_item_sk LIMIT 223;9df60ca0c7d8e3a58de01fe904913b47
1186;SELECT store_returns.* FROM store_returns JOIN date_dim ON store_returns.sr_returned_date_sk = date_dim.d_date_sk LIMIT 277;862829edf9dfaaee38fcb1225453dcab
1188;SELECT store_sales.* FROM store_sales JOIN customer ON store_sales.ss_customer_sk = customer.c_customer_sk LIMIT 67;c575fd1379ec64f5f777dc231345b7d9
1191;SELECT inventory.* FROM inventory JOIN date_dim ON inventory.inv_date_sk = date_dim.d_date_sk LIMIT 339;ebaf7919e10ce44e8aa21e6057d7e9af
1192;SELECT web_sales.* FROM web_sales JOIN item ON web_sales.ws_item_sk = item.i_item_sk JOIN web_site ON web_sales.ws_web_site_sk = web_site.web_site_sk LIMIT 281;d09ade1dae4f1ec5ba41405417e94ffa
1193;SELECT store_returns.* FROM store_returns JOIN customer ON store_returns.sr_customer_sk = customer.c_customer_sk JOIN date_dim ON store_returns.sr_returned_date_sk = date_dim.d_date_sk LIMIT 441;87cb149989c4486edad386999f851177
1194;SELECT web_returns.* FROM web_returns JOIN date_dim ON web_returns.wr_returned_date_sk = date_dim.d_date_sk JOIN item ON web_returns.wr_item_sk = item.i_item_sk LIMIT 77;a55c46277843a39e57881f8e8be554e8
1195;SELECT DISTINCT (i_product_name) FROM item AS i1 WHERE i_manufact_id BETWEEN 375 AND 616 + 41 AND (SELECT COUNT(*) AS item_cnt FROM item WHERE (i_manufact = i1.i_manufact AND ((i_category = 'Women' AND (i_color = 'powder' OR i_color = 'khaki') AND (i_units = 'Ounce' OR i_units = 'Oz') AND (i_size = 'medium' OR i_size = 'extra large')) OR (i_category = 'Women' AND (i_color = 'brown' OR i_color = 'honeydew') AND (i_units = 'Bunch' OR i_units = 'Ton') AND (i_size = 'N/A' OR i_size = 'small')) OR (i_category = 'Men' AND (i_color = 'floral' OR i_color = 'deep') AND (i_units = 'N/A' OR i_units = 'Dozen') AND (i_size = 'petite' OR i_size = 'petite')) OR (i_category = 'Men' AND (i_color = 'light' OR i_color = 'cornflower') AND (i_units = 'Box' OR i_units = 'Pound') AND (i_size = 'medium' OR i_size = 'extra large')))) OR (i_manufact = i1.i_manufact AND ((i_category = 'Women' AND (i_color = 'midnight' OR i_color = 'snow') AND (i_units = 'Pallet' OR i_units = 'Gross') AND (i_size = 'medium' OR i_size = 'extra large')) OR (i_category = 'Women' AND (i_color = 'cyan' OR i_color = 'papaya') AND (i_units = 'Cup' OR i_units = 'Dram') AND (i_size = 'N/A' OR i_size = 'small')) OR (i_category = 'Men' AND (i_color = 'orange' OR i_color = 'frosted') AND (i_units = 'Each' OR i_units = 'Tbl') AND (i_size = 'petite' OR i_size = 'petite')) OR (i_category = 'Men' AND (i_color = 'forest' OR i_color = 'ghost') AND (i_units = 'Lb' OR i_units = 'Bundle') AND (i_size = 'medium' OR i_size = 'extra large'))))) > 0.0 ORDER BY i_product_name LIMIT 116;5e953baac3352492de7c407a52e18217
1196;"SELECT w_substr, sm_type, LOWER(cc_name) AS cc_name_lower, SUM(CASE WHEN (cs_ship_date_sk - cs_sold_date_sk <= 39) THEN 1.0 ELSE 0.0 END) AS ""30 days"", SUM(CASE WHEN (cs_ship_date_sk - cs_sold_date_sk > 27) AND (cs_ship_date_sk - cs_sold_date_sk <= 85) THEN 1.0 ELSE 0.0 END) AS ""31-60 days"", SUM(CASE WHEN (cs_ship_date_sk - cs_sold_date_sk > 73) AND (cs_ship_date_sk - cs_sold_date_sk <= 98) THEN 1.0 ELSE 0.0 END) AS ""61-90 days"", SUM(CASE WHEN (cs_ship_date_sk - cs_sold_date_sk > 133) AND (cs_ship_date_sk - cs_sold_date_sk <= 147) THEN 1.0 ELSE 0.0 END) AS ""91-120 days"", SUM(CASE WHEN (cs_ship_date_sk - cs_sold_date_sk > 87) THEN 1.0 ELSE 0.0 END) AS "">120 days"" FROM catalog_sales, (SELECT SUBSTRING(w_warehouse_name FROM 1.0 FOR 10) AS w_substr, * FROM warehouse) AS sq1, ship_mode, call_center WHERE d_month_seq BETWEEN 1284 AND 1107 + 12 AND cs_ship_date_sk = d_date_sk AND cs_warehouse_sk = w_warehouse_sk AND cs_ship_mode_sk = sm_ship_mode_sk AND cs_call_center_sk = cc_call_center_sk GROUP BY w_substr, sm_type, cc_name ORDER BY w_substr NULLS FIRST, sm_type NULLS FIRST, cc_name_lower NULLS FIRST LIMIT 139";3ad07877dbfef4d4c50f0fd72e0aadb9
1197;SELECT store_returns.* FROM store_returns JOIN date_dim ON store_returns.sr_returned_date_sk = date_dim.d_date_sk LIMIT 269;63095b687df2c9d6148f017e28ca7cbd
1198;SELECT inventory.* FROM inventory JOIN item ON inventory.inv_item_sk = item.i_item_sk LIMIT 108;efc1994d06149c888f9c9a725ded9a3a
1199;SELECT store_sales.* FROM store_sales JOIN store ON store_sales.ss_store_sk = store.s_store_sk JOIN date_dim ON store_sales.ss_sold_date_sk = date_dim.d_date_sk LIMIT 266;56f7b5c650b94a5bee612796c0472ce4
1201;SELECT web_sales.* FROM web_sales JOIN customer ON web_sales.ws_bill_customer_sk = customer.c_customer_sk JOIN web_site ON web_sales.ws_web_site_sk = web_site.web_site_sk LIMIT 326;3b7f049fa50b2df1ee54af24ed2ca7fc
1203;SELECT store_sales.* FROM store_sales JOIN store ON store_sales.ss_store_sk = store.s_store_sk LIMIT 343;2a4290216a20bec860591b32997a2724
1205;SELECT inventory.* FROM inventory JOIN date_dim ON inventory.inv_date_sk = date_dim.d_date_sk LIMIT 445;3c3cd55a42dc07e021f36d6141103481
1206;SELECT store_returns.* FROM store_returns JOIN item ON store_returns.sr_item_sk = item.i_item_sk JOIN customer ON store_returns.sr_customer_sk = customer.c_customer_sk LIMIT 476;795f39b5b60a1683798184c531415f76
1207;SELECT web_returns.* FROM web_returns JOIN date_dim ON web_returns.wr_returned_date_sk = date_dim.d_date_sk LIMIT 266;4e39575f30763f3ad5612bd84f1608f1
1208;SELECT inventory.* FROM inventory JOIN warehouse ON inventory.inv_warehouse_sk = warehouse.w_warehouse_sk JOIN date_dim ON inventory.inv_date_sk = date_dim.d_date_sk LIMIT 493;e40b9d48de0e31e3dbed12fd354023b3
1209;SELECT web_returns.* FROM web_returns JOIN date_dim ON web_returns.wr_returned_date_sk = date_dim.d_date_sk LIMIT 274;27a1f4e9a8dcb2673aedf5ebd8d73e06
1210;SELECT store_sales.* FROM store_sales JOIN store ON store_sales.ss_store_sk = store.s_store_sk LIMIT 191;c588e384121e6bc144aaf822ff0d1c02
1211;SELECT web_returns.* FROM web_returns JOIN customer ON web_returns.wr_refunded_customer_sk = customer.c_customer_sk LIMIT 165;6150b35719d2104ccdc16c7bd30873b5
1212;SELECT web_returns.* FROM web_returns JOIN date_dim ON web_returns.wr_returned_date_sk = date_dim.d_date_sk LIMIT 101;64e067f0b257d0dd3de028043230d7a5
1213;SELECT inventory.* FROM inventory JOIN item ON inventory.inv_item_sk = item.i_item_sk JOIN warehouse ON inventory.inv_warehouse_sk = warehouse.w_warehouse_sk LIMIT 135;5fe677937beb4f1bdebc80b9905d64d9
1214;SELECT store_sales.* FROM store_sales JOIN store ON store_sales.ss_store_sk = store.s_store_sk LIMIT 179;33a544197cf76a62a052f7478f2ddd41
1216;SELECT inventory.* FROM inventory JOIN item ON inventory.inv_item_sk = item.i_item_sk LIMIT 88;44c6c91cf5579b75aa5de53e64cbe8ac
1217;SELECT web_returns.* FROM web_returns JOIN customer ON web_returns.wr_refunded_customer_sk = customer.c_customer_sk LIMIT 419;5057ccecc7d7e3105954e5b6ef67d6cf
1218;SELECT store_returns.* FROM store_returns JOIN date_dim ON store_returns.sr_returned_date_sk = date_dim.d_date_sk LIMIT 276;7d3520332cebe5023b261e67e4d688de
1219;SELECT inventory.* FROM inventory JOIN item ON inventory.inv_item_sk = item.i_item_sk LIMIT 221;70e773ac4f60c0ced86fdc6a9e73cd08
1220;SELECT web_sales.* FROM web_sales JOIN customer ON web_sales.ws_bill_customer_sk = customer.c_customer_sk LIMIT 377;ed8869b1e653e938e51f217cc36ca1e9
1221;SELECT store_sales.* FROM store_sales JOIN store ON store_sales.ss_store_sk = store.s_store_sk LIMIT 51;a50c3881448732d2f23da648e539c2d4
1222;SELECT store_returns.* FROM store_returns JOIN date_dim ON store_returns.sr_returned_date_sk = date_dim.d_date_sk JOIN customer ON store_returns.sr_customer_sk = customer.c_customer_sk LIMIT 412;b24236984ab5978802efd6b9c8a13eb8
1223;SELECT store_returns.* FROM store_returns JOIN customer ON store_returns.sr_customer_sk = customer.c_customer_sk JOIN date_dim ON store_returns.sr_returned_date_sk = date_dim.d_date_sk LIMIT 284;577c10900c42660bf011c629e4882f32
1224;SELECT store_sales.* FROM store_sales JOIN date_dim ON store_sales.ss_sold_date_sk = date_dim.d_date_sk JOIN store ON store_sales.ss_store_sk = store.s_store_sk LIMIT 418;fb680827cd70aa3596e36f6f8c39d57f
1226;SELECT store_sales.* FROM store_sales JOIN date_dim ON store_sales.ss_sold_date_sk = date_dim.d_date_sk JOIN customer ON store_sales.ss_customer_sk = customer.c_customer_sk LIMIT 302;5d699edfbf8efde7ed72002b81b0a12f
1227;SELECT store_returns.* FROM store_returns JOIN customer ON store_returns.sr_customer_sk = customer.c_customer_sk JOIN item ON store_returns.sr_item_sk = item.i_item_sk LIMIT 259;725e26cdde839c34862e5ad743855d2e
1228;SELECT web_returns.* FROM web_returns JOIN item ON web_returns.wr_item_sk = item.i_item_sk LIMIT 180;20ae23e33cabed5d639efda9cb8c6457
1229;SELECT store_returns.* FROM store_returns JOIN item ON store_returns.sr_item_sk = item.i_item_sk JOIN date_dim ON store_returns.sr_returned_date_sk = date_dim.d_date_sk LIMIT 394;0fd9863fea1df2894fc2ea79e3d3e648
1230;SELECT catalog_sales.* FROM catalog_sales JOIN date_dim ON catalog_sales.cs_sold_date_sk = date_dim.d_date_sk JOIN item ON catalog_sales.cs_item_sk = item.i_item_sk LIMIT 131;0277721285a398b69737e3c6897b85e4
1231;WITH all_sales AS (SELECT d_year, i_brand_id, i_class_id, i_category_id, i_manufact_id, SUM(sales_cnt) AS sales_cnt, SUM(sales_amt) AS sales_amt FROM (SELECT d_year, i_brand_id, i_class_id, i_category_id, i_manufact_id, cs_quantity - COALESCE(cr_return_quantity, 0.0) AS sales_cnt, cs_ext_sales_price - COALESCE(cr_return_amount, 0.0) AS sales_amt FROM catalog_sales JOIN item ON i_item_sk = cs_item_sk JOIN date_dim ON d_date_sk = cs_sold_date_sk LEFT JOIN catalog_returns ON (cs_order_number = cr_order_number AND cs_item_sk = cr_item_sk) WHERE i_category = 'Books' UNION SELECT d_year, i_brand_id, i_class_id, i_category_id, i_manufact_id, ss_quantity - COALESCE(sr_return_quantity, 0.0) AS sales_cnt, ss_ext_sales_price - COALESCE(sr_return_amt, 0.0) AS sales_amt FROM store_sales JOIN item ON i_item_sk = ss_item_sk JOIN date_dim ON d_date_sk = ss_sold_date_sk LEFT JOIN store_returns ON (ss_ticket_number = sr_ticket_number AND ss_item_sk = sr_item_sk) WHERE i_category = 'Books' UNION SELECT d_year, i_brand_id, i_class_id, i_category_id, i_manufact_id, ws_quantity - COALESCE(wr_return_quantity, 0.0) AS sales_cnt, ws_ext_sales_price - COALESCE(wr_return_amt, 0.0) AS sales_amt FROM web_sales JOIN item ON i_item_sk = ws_item_sk JOIN date_dim ON d_date_sk = ws_sold_date_sk LEFT JOIN web_returns ON (ws_order_number = wr_order_number AND ws_item_sk = wr_item_sk) WHERE i_category = 'Books') AS sales_detail GROUP BY d_year, i_brand_id, i_class_id, i_category_id, i_manufact_id) SELECT prev_yr.d_year AS prev_year, curr_yr.d_year AS year_, curr_yr.i_brand_id, curr_yr.i_class_id, curr_yr.i_category_id, curr_yr.i_manufact_id, prev_yr.sales_cnt AS prev_yr_cnt, curr_yr.sales_cnt AS curr_yr_cnt, curr_yr.sales_cnt - prev_yr.sales_cnt AS sales_cnt_diff, curr_yr.sales_amt - prev_yr.sales_amt AS sales_amt_diff FROM all_sales AS curr_yr, all_sales AS prev_yr WHERE curr_yr.i_brand_id = prev_yr.i_brand_id AND curr_yr.i_class_id = prev_yr.i_class_id AND curr_yr.i_category_id = prev_yr.i_category_id AND curr_yr.i_manufact_id = prev_yr.i_manufact_id AND curr_yr.d_year = 2141 AND prev_yr.d_year = 1394 - 1.0 AND CAST(curr_yr.sales_cnt AS DECIMAL(16, 2)) / NULLIF(CAST(prev_yr.sales_cnt AS DECIMAL(21, 1)), 0) < 0.9 ORDER BY sales_cnt_diff, sales_amt_diff LIMIT 78;41d9d8f116199b25d1f50697afddff9b
1232;SELECT inventory.* FROM inventory JOIN date_dim ON inventory.inv_date_sk = date_dim.d_date_sk JOIN warehouse ON inventory.inv_warehouse_sk = warehouse.w_warehouse_sk LIMIT 467;f4848509cae3e351edebb7a107e541aa
1233;SELECT catalog_sales.* FROM catalog_sales JOIN customer ON catalog_sales.cs_bill_customer_sk = customer.c_customer_sk LIMIT 282;4e2ef876cacf3bdab7b9d3dacf62ca90
1234;SELECT catalog_sales.* FROM catalog_sales JOIN item ON catalog_sales.cs_item_sk = item.i_item_sk LIMIT 107;b3f0dca3f3bd0da25251dc897764448f
1235;SELECT web_returns.* FROM web_returns JOIN item ON web_returns.wr_item_sk = item.i_item_sk JOIN date_dim ON web_returns.wr_returned_date_sk = date_dim.d_date_sk LIMIT 288;5e529bb37d19baa0bfc22a02a5446e1f
1236;SELECT store_returns.* FROM store_returns JOIN item ON store_returns.sr_item_sk = item.i_item_sk JOIN date_dim ON store_returns.sr_returned_date_sk = date_dim.d_date_sk LIMIT 471;e819fcd838feb67a4ad5e5b8167a1620
1237;SELECT channel, item, return_ratio, return_rank, currency_rank FROM (SELECT 'web' AS channel, web.item, web.return_ratio, web.return_rank, web.currency_rank FROM (SELECT item, return_ratio, currency_ratio, RANK() OVER (ORDER BY return_ratio) AS return_rank, RANK() OVER (ORDER BY currency_ratio) AS currency_rank FROM (SELECT ws.ws_item_sk AS item, (CAST(SUM(COALESCE(wr.wr_return_quantity, 0.0)) AS DECIMAL(8, 5)) / NULLIF(CAST(SUM(COALESCE(ws.ws_quantity, 0.0)) AS DECIMAL(17, 5)), 0)) AS return_ratio, (CAST(SUM(COALESCE(wr.wr_return_amt, 0.0)) AS DECIMAL(19, 5)) / NULLIF(CAST(SUM(COALESCE(ws.ws_net_paid, 0.0)) AS DECIMAL(21, 3)), 0)) AS currency_ratio FROM web_sales AS ws LEFT OUTER JOIN web_returns AS wr ON (ws.ws_order_number = wr.wr_order_number AND ws.ws_item_sk = wr.wr_item_sk), date_dim WHERE wr.wr_return_amt > 14565 AND ws.ws_net_profit > 1.0 AND ws.ws_net_paid > 0.0 AND ws.ws_quantity > 0.0 AND ws_sold_date_sk = d_date_sk AND d_year = 2612 AND d_moy = 11 GROUP BY ws.ws_item_sk) AS in_web) AS web WHERE (web.return_rank <= 13 OR web.currency_rank <= 14) UNION SELECT 'catalog' AS channel, catalog.item, catalog.return_ratio, catalog.return_rank, catalog.currency_rank FROM (SELECT item, return_ratio, currency_ratio, RANK() OVER (ORDER BY return_ratio) AS return_rank, RANK() OVER (ORDER BY currency_ratio) AS currency_rank FROM (SELECT cs.cs_item_sk AS item, (CAST(SUM(COALESCE(cr.cr_return_quantity, 0.0)) AS DECIMAL(11, 4)) / NULLIF(CAST(SUM(COALESCE(cs.cs_quantity, 0.0)) AS DECIMAL(22, 4)), 0)) AS return_ratio, (CAST(SUM(COALESCE(cr.cr_return_amount, 0.0)) AS DECIMAL(8, 3)) / NULLIF(CAST(SUM(COALESCE(cs.cs_net_paid, 0.0)) AS DECIMAL(10, 3)), 0)) AS currency_ratio FROM catalog_sales AS cs LEFT OUTER JOIN catalog_returns AS cr ON (cs.cs_order_number = cr.cr_order_number AND cs.cs_item_sk = cr.cr_item_sk), date_dim WHERE cr.cr_return_amount > 10112 AND cs.cs_net_profit > 1.0 AND cs.cs_net_paid > 0.0 AND cs.cs_quantity > 0.0 AND cs_sold_date_sk = d_date_sk AND d_year = 2854 AND d_moy = 12 GROUP BY cs.cs_item_sk) AS in_cat) AS CATALOG WHERE (catalog.return_rank <= 13 OR catalog.currency_rank <= 6) UNION SELECT 'store' AS channel, store.item, store.return_ratio, store.return_rank, store.currency_rank FROM (SELECT item, return_ratio, currency_ratio, RANK() OVER (ORDER BY return_ratio) AS return_rank, RANK() OVER (ORDER BY currency_ratio) AS currency_rank FROM (SELECT sts.ss_item_sk AS item, (CAST(SUM(COALESCE(sr.sr_return_quantity, 0.0)) AS DECIMAL(15, 5)) / NULLIF(CAST(SUM(COALESCE(sts.ss_quantity, 0.0)) AS DECIMAL(18, 2)), 0)) AS return_ratio, (CAST(SUM(COALESCE(sr.sr_return_amt, 0.0)) AS DECIMAL(10, 4)) / NULLIF(CAST(SUM(COALESCE(sts.ss_net_paid, 0.0)) AS DECIMAL(8, 5)), 0)) AS currency_ratio FROM store_sales AS sts LEFT OUTER JOIN store_returns AS sr ON (sts.ss_ticket_number = sr.sr_ticket_number AND sts.ss_item_sk = sr.sr_item_sk), date_dim WHERE sr.sr_return_amt > 6653 AND sts.ss_net_profit > 1.0 AND sts.ss_net_paid > 0.0 AND sts.ss_quantity > 0.0 AND ss_sold_date_sk = d_date_sk AND d_year = 1589 AND d_moy = 10 GROUP BY sts.ss_item_sk) AS in_store) AS store WHERE (store.return_rank <= 7 OR store.currency_rank <= 14)) AS sq1 ORDER BY 1.0 NULLS FIRST, 3 NULLS FIRST, 2 NULLS FIRST, 1 NULLS FIRST LIMIT 95;442861ce64a8e500e14df511da4218d0
1238;SELECT catalog_sales.* FROM catalog_sales JOIN warehouse ON catalog_sales.cs_warehouse_sk = warehouse.w_warehouse_sk JOIN customer ON catalog_sales.cs_bill_customer_sk = customer.c_customer_sk LIMIT 121;ce7af8fd614acecc1efa7f33f22639bd
1239;SELECT web_returns.* FROM web_returns JOIN customer ON web_returns.wr_refunded_customer_sk = customer.c_customer_sk JOIN date_dim ON web_returns.wr_returned_date_sk = date_dim.d_date_sk LIMIT 357;02ae3d70b70b2f2bfcc95c217c3afb95
1240;SELECT web_sales.* FROM web_sales JOIN web_site ON web_sales.ws_web_site_sk = web_site.web_site_sk JOIN date_dim ON web_sales.ws_sold_date_sk = date_dim.d_date_sk LIMIT 197;941a988b04986391eed29e494f4d03b9
1243;SELECT web_sales.* FROM web_sales JOIN item ON web_sales.ws_item_sk = item.i_item_sk LIMIT 226;b240dd9191e3c82b3dc02cbcf926b152
1244;SELECT store_returns.* FROM store_returns JOIN customer ON store_returns.sr_customer_sk = customer.c_customer_sk LIMIT 387;45eb0742d6addac9b5da3cc07b7bd42d
1245;SELECT store_returns.* FROM store_returns JOIN customer ON store_returns.sr_customer_sk = customer.c_customer_sk JOIN item ON store_returns.sr_item_sk = item.i_item_sk LIMIT 256;c8905ad77206cadab92c637bfa80ac6d
1246;SELECT inventory.* FROM inventory JOIN date_dim ON inventory.inv_date_sk = date_dim.d_date_sk LIMIT 329;d638b6f4ea4df6a8454e2ee013513218
1247;SELECT catalog_sales.* FROM catalog_sales JOIN date_dim ON catalog_sales.cs_sold_date_sk = date_dim.d_date_sk LIMIT 319;3fe6f7b5f1790cc44bd838fda592cad8
1248;SELECT web_sales.* FROM web_sales JOIN customer ON web_sales.ws_bill_customer_sk = customer.c_customer_sk LIMIT 382;6a62fab67013a8cbff44707235b88f3a
1249;SELECT web_sales.* FROM web_sales JOIN item ON web_sales.ws_item_sk = item.i_item_sk JOIN date_dim ON web_sales.ws_sold_date_sk = date_dim.d_date_sk LIMIT 86;83f46e7ae00739f56d77f6f7456c20f8
1251;SELECT store_returns.* FROM store_returns JOIN customer ON store_returns.sr_customer_sk = customer.c_customer_sk JOIN item ON store_returns.sr_item_sk = item.i_item_sk LIMIT 405;378f8223d46926c77ab6ab2652f315c8
1252;SELECT store_returns.* FROM store_returns JOIN date_dim ON store_returns.sr_returned_date_sk = date_dim.d_date_sk LIMIT 377;c0a1541da4a8af92a810e394f1b9a249
1253;SELECT web_returns.* FROM web_returns JOIN date_dim ON web_returns.wr_returned_date_sk = date_dim.d_date_sk LIMIT 399;ec52c17cb65c3a6d59f68ccae5c546b8
1254;SELECT web_sales.* FROM web_sales JOIN date_dim ON web_sales.ws_sold_date_sk = date_dim.d_date_sk JOIN web_site ON web_sales.ws_web_site_sk = web_site.web_site_sk LIMIT 382;592cde046571c21d5a01967759d4c6af
1255;SELECT catalog_sales.* FROM catalog_sales JOIN customer ON catalog_sales.cs_bill_customer_sk = customer.c_customer_sk LIMIT 57;1d97c7cd0ab8c9d508e1ffdf70b4a274
1256;SELECT web_sales.* FROM web_sales JOIN web_site ON web_sales.ws_web_site_sk = web_site.web_site_sk LIMIT 56;15c412568f61bf893bb37a9009aaa704
1257;SELECT web_sales.* FROM web_sales JOIN date_dim ON web_sales.ws_sold_date_sk = date_dim.d_date_sk LIMIT 57;07808158dbd5abf5889cd088a14540c0
1258;SELECT web_returns.* FROM web_returns JOIN date_dim ON web_returns.wr_returned_date_sk = date_dim.d_date_sk LIMIT 431;9a9fe22dfa526466933d434efb736bb8
1259;SELECT store_returns.* FROM store_returns JOIN item ON store_returns.sr_item_sk = item.i_item_sk LIMIT 351;8340c59968267c9a6c50d6be22ac76ac
1260;SELECT store_sales.* FROM store_sales JOIN customer ON store_sales.ss_customer_sk = customer.c_customer_sk LIMIT 311;5bcd53299a481e8a417c8ddbb17c975b
1261;SELECT web_sales.* FROM web_sales JOIN customer ON web_sales.ws_bill_customer_sk = customer.c_customer_sk LIMIT 135;766c4803ece060036832dd70a3e4e92a
1262;SELECT inventory.* FROM inventory JOIN date_dim ON inventory.inv_date_sk = date_dim.d_date_sk JOIN item ON inventory.inv_item_sk = item.i_item_sk LIMIT 302;411170ac901a252fbe7db9ff11047971
1263;SELECT catalog_sales.* FROM catalog_sales JOIN item ON catalog_sales.cs_item_sk = item.i_item_sk LIMIT 347;312f72bed3a7410fa1d53616ba6abdd2
1265;SELECT store_returns.* FROM store_returns JOIN customer ON store_returns.sr_customer_sk = customer.c_customer_sk LIMIT 170;3f22c18ebaabef44d7e2b1f480c0c260
1266;SELECT catalog_sales.* FROM catalog_sales JOIN customer ON catalog_sales.cs_bill_customer_sk = customer.c_customer_sk LIMIT 161;504d5df05899e9211877ca1aaf42bae7
1267;SELECT store_sales.* FROM store_sales JOIN store ON store_sales.ss_store_sk = store.s_store_sk LIMIT 136;698652a7970d720509ca7465ef0cfd4f
1268;SELECT catalog_sales.* FROM catalog_sales JOIN customer ON catalog_sales.cs_bill_customer_sk = customer.c_customer_sk JOIN item ON catalog_sales.cs_item_sk = item.i_item_sk LIMIT 367;8f541502c0017fe79ab0a8e6e3109826
1269;SELECT web_sales.* FROM web_sales JOIN date_dim ON web_sales.ws_sold_date_sk = date_dim.d_date_sk JOIN customer ON web_sales.ws_bill_customer_sk = customer.c_customer_sk LIMIT 65;946b4ede8f5ad151677c2fdd76474087
1270;SELECT store_sales.* FROM store_sales JOIN customer ON store_sales.ss_customer_sk = customer.c_customer_sk JOIN store ON store_sales.ss_store_sk = store.s_store_sk LIMIT 192;03fe23b409fb66d85c0182dd4742950a
1271;SELECT store_sales.* FROM store_sales JOIN date_dim ON store_sales.ss_sold_date_sk = date_dim.d_date_sk LIMIT 332;a6abe84d7074832c06ae15c9c00fe16f
1272;SELECT web_sales.* FROM web_sales JOIN date_dim ON web_sales.ws_sold_date_sk = date_dim.d_date_sk JOIN web_site ON web_sales.ws_web_site_sk = web_site.web_site_sk LIMIT 323;81430ba400924e29d7eaad7f7aa6db96
1273;SELECT store_sales.* FROM store_sales JOIN customer ON store_sales.ss_customer_sk = customer.c_customer_sk JOIN store ON store_sales.ss_store_sk = store.s_store_sk LIMIT 410;39409beccfc36199eb08aa2bd1e10ce4
1274;SELECT store_returns.* FROM store_returns JOIN customer ON store_returns.sr_customer_sk = customer.c_customer_sk LIMIT 420;edf53f27ab8b525db2dcd5b64e1a36c9
1275;SELECT store_sales.* FROM store_sales JOIN date_dim ON store_sales.ss_sold_date_sk = date_dim.d_date_sk LIMIT 241;28549ef76d80d324f00354053e7f6242
1276;SELECT web_sales.* FROM web_sales JOIN customer ON web_sales.ws_bill_customer_sk = customer.c_customer_sk LIMIT 232;bd82db397bc8b38a5f79aa60b54c9757
1278;SELECT web_returns.* FROM web_returns JOIN date_dim ON web_returns.wr_returned_date_sk = date_dim.d_date_sk LIMIT 448;743fa3dfe55c74c9065ea125ea32ef6c
1279;SELECT catalog_sales.* FROM catalog_sales JOIN item ON catalog_sales.cs_item_sk = item.i_item_sk JOIN warehouse ON catalog_sales.cs_warehouse_sk = warehouse.w_warehouse_sk LIMIT 390;2cf0614f3d7077e86b5e8ff1245a8341
1280;SELECT web_sales.* FROM web_sales JOIN item ON web_sales.ws_item_sk = item.i_item_sk LIMIT 271;5ccfbe434dfbbcc60f390eb2cce547b4
1281;SELECT channel, item, return_ratio, return_rank, currency_rank FROM (SELECT 'web' AS channel, web.item, web.return_ratio, web.return_rank, web.currency_rank FROM (SELECT item, return_ratio, currency_ratio, RANK() OVER (ORDER BY return_ratio) AS return_rank, RANK() OVER (ORDER BY currency_ratio) AS currency_rank FROM (SELECT ws.ws_item_sk AS item, (CAST(SUM(COALESCE(wr.wr_return_quantity, 0.0)) AS DECIMAL(7, 2)) / NULLIF(CAST(SUM(COALESCE(ws.ws_quantity, 0.0)) AS DECIMAL(9, 5)), 0)) AS return_ratio, (CAST(SUM(COALESCE(wr.wr_return_amt, 0.0)) AS DECIMAL(8, 5)) / NULLIF(CAST(SUM(COALESCE(ws.ws_net_paid, 0.0)) AS DECIMAL(9, 4)), 0)) AS currency_ratio FROM web_sales AS ws LEFT OUTER JOIN web_returns AS wr ON (ws.ws_order_number = wr.wr_order_number AND ws.ws_item_sk = wr.wr_item_sk), date_dim WHERE wr.wr_return_amt > 5856 AND ws.ws_net_profit > 1.0 AND ws.ws_net_paid > 0.0 AND ws.ws_quantity > 0.0 AND ws_sold_date_sk = d_date_sk AND d_year = 1551 AND d_moy = 7 GROUP BY ws.ws_item_sk) AS in_web) AS web WHERE (web.return_rank <= 8 OR web.currency_rank <= 7) UNION SELECT 'catalog' AS channel, catalog.item, catalog.return_ratio, catalog.return_rank, catalog.currency_rank FROM (SELECT item, return_ratio, currency_ratio, RANK() OVER (ORDER BY return_ratio) AS return_rank, RANK() OVER (ORDER BY currency_ratio) AS currency_rank FROM (SELECT cs.cs_item_sk AS item, (CAST(SUM(COALESCE(cr.cr_return_quantity, 0.0)) AS DECIMAL(10, 3)) / NULLIF(CAST(SUM(COALESCE(cs.cs_quantity, 0.0)) AS DECIMAL(17, 3)), 0)) AS return_ratio, (CAST(SUM(COALESCE(cr.cr_return_amount, 0.0)) AS DECIMAL(15, 2)) / NULLIF(CAST(SUM(COALESCE(cs.cs_net_paid, 0.0)) AS DECIMAL(20, 4)), 0)) AS currency_ratio FROM catalog_sales AS cs LEFT OUTER JOIN catalog_returns AS cr ON (cs.cs_order_number = cr.cr_order_number AND cs.cs_item_sk = cr.cr_item_sk) WHERE cr.cr_return_amount > 8896 AND cs.cs_net_profit > 1.0 AND cs.cs_net_paid > 0.0 AND cs.cs_quantity > 0.0 AND cs_sold_date_sk = d_date_sk AND d_year = 1686 AND d_moy = 15 GROUP BY cs.cs_item_sk) AS in_cat) AS CATALOG WHERE (catalog.return_rank <= 11 OR catalog.currency_rank <= 14) UNION SELECT 'store' AS channel, store.item, store.return_ratio, store.return_rank, store.currency_rank FROM (SELECT item, return_ratio, currency_ratio, RANK() OVER (ORDER BY return_ratio) AS return_rank, RANK() OVER (ORDER BY currency_ratio) AS currency_rank FROM (SELECT sts.ss_item_sk AS item, (CAST(SUM(COALESCE(sr.sr_return_quantity, 0.0)) AS DECIMAL(22, 3)) / NULLIF(CAST(SUM(COALESCE(sts.ss_quantity, 0.0)) AS DECIMAL(14, 3)), 0)) AS return_ratio, (CAST(SUM(COALESCE(sr.sr_return_amt, 0.0)) AS DECIMAL(13, 5)) / NULLIF(CAST(SUM(COALESCE(sts.ss_net_paid, 0.0)) AS DECIMAL(8, 3)), 0)) AS currency_ratio FROM store_sales AS sts LEFT OUTER JOIN store_returns AS sr ON (sts.ss_ticket_number = sr.sr_ticket_number AND sts.ss_item_sk = sr.sr_item_sk), date_dim WHERE sr.sr_return_amt > 10562 AND sts.ss_net_profit > 1.0 AND sts.ss_net_paid > 0.0 AND sts.ss_quantity > 0.0 AND ss_sold_date_sk = d_date_sk AND d_year = 1665 AND d_moy = 12 GROUP BY sts.ss_item_sk) AS in_store) AS store WHERE (store.return_rank <= 12 OR store.currency_rank <= 10)) AS sq1 ORDER BY 1.0 NULLS FIRST, 4 NULLS FIRST, 3 NULLS FIRST, 2 NULLS FIRST LIMIT 93;bd9b1f2dba8532a9e9b5f7203f47c09b
1282;SELECT web_sales.* FROM web_sales JOIN web_site ON web_sales.ws_web_site_sk = web_site.web_site_sk LIMIT 353;0bb34b56416326ecf6d8c874ebb0cc60
1283;SELECT store_returns.* FROM store_returns JOIN customer ON store_returns.sr_customer_sk = customer.c_customer_sk JOIN date_dim ON store_returns.sr_returned_date_sk = date_dim.d_date_sk LIMIT 453;c0962345ac737a57f3e5f8ff18c20c07
1284;SELECT inventory.* FROM inventory JOIN date_dim ON inventory.inv_date_sk = date_dim.d_date_sk JOIN warehouse ON inventory.inv_warehouse_sk = warehouse.w_warehouse_sk LIMIT 133;985061a4ed19648f37246ba7e8352a9c
1285;SELECT catalog_sales.* FROM catalog_sales JOIN item ON catalog_sales.cs_item_sk = item.i_item_sk JOIN date_dim ON catalog_sales.cs_sold_date_sk = date_dim.d_date_sk LIMIT 132;3613b99b806bbf4b7ec568e13f0235b8
1286;SELECT web_returns.* FROM web_returns JOIN date_dim ON web_returns.wr_returned_date_sk = date_dim.d_date_sk JOIN customer ON web_returns.wr_refunded_customer_sk = customer.c_customer_sk LIMIT 214;c801b05acf62ae7ef33dd6deb7b8bb6a
1287;SELECT web_sales.* FROM web_sales JOIN date_dim ON web_sales.ws_sold_date_sk = date_dim.d_date_sk JOIN item ON web_sales.ws_item_sk = item.i_item_sk LIMIT 432;e061363c8d95e74fe3f524da1821630d
1288;SELECT store_sales.* FROM store_sales JOIN item ON store_sales.ss_item_sk = item.i_item_sk LIMIT 312;4cb3a55db9b931dd7db6ceeb3caff947
1289;SELECT store_sales.* FROM store_sales JOIN customer ON store_sales.ss_customer_sk = customer.c_customer_sk JOIN item ON store_sales.ss_item_sk = item.i_item_sk LIMIT 50;93a2e15aec3d5ef12122e75d82d81a3a
1290;SELECT inventory.* FROM inventory JOIN item ON inventory.inv_item_sk = item.i_item_sk LIMIT 235;56546224e0af38b196247f47cd5c18c6
1291;SELECT web_sales.* FROM web_sales JOIN date_dim ON web_sales.ws_sold_date_sk = date_dim.d_date_sk JOIN customer ON web_sales.ws_bill_customer_sk = customer.c_customer_sk LIMIT 494;3f5939de29b46a67ad351030d4ec2840
1292;SELECT store_returns.* FROM store_returns JOIN date_dim ON store_returns.sr_returned_date_sk = date_dim.d_date_sk LIMIT 298;3470558ce7fc802f0a2f4db30b40036f
1293;SELECT catalog_sales.* FROM catalog_sales JOIN warehouse ON catalog_sales.cs_warehouse_sk = warehouse.w_warehouse_sk LIMIT 368;a91f63b53b13979050c13a3c747fa1f0
1294;SELECT web_sales.* FROM web_sales JOIN item ON web_sales.ws_item_sk = item.i_item_sk JOIN date_dim ON web_sales.ws_sold_date_sk = date_dim.d_date_sk LIMIT 156;bba264d3ece439e266c99aa0b3d4481d
1295;SELECT store_sales.* FROM store_sales JOIN date_dim ON store_sales.ss_sold_date_sk = date_dim.d_date_sk LIMIT 461;9d87c3feafecf60ebcda74da66579f96
1296;SELECT web_sales.* FROM web_sales JOIN item ON web_sales.ws_item_sk = item.i_item_sk JOIN customer ON web_sales.ws_bill_customer_sk = customer.c_customer_sk LIMIT 419;38333146969b6913719ca2b5ad6c3256
1297;SELECT catalog_sales.* FROM catalog_sales JOIN customer ON catalog_sales.cs_bill_customer_sk = customer.c_customer_sk LIMIT 63;c2ddd223a47d717e149353dfb9ed9a56
1298;SELECT catalog_sales.* FROM catalog_sales JOIN warehouse ON catalog_sales.cs_warehouse_sk = warehouse.w_warehouse_sk JOIN item ON catalog_sales.cs_item_sk = item.i_item_sk LIMIT 60;156047357cf863518d8c69fdb4f12e8f
1299;SELECT inventory.* FROM inventory JOIN date_dim ON inventory.inv_date_sk = date_dim.d_date_sk JOIN item ON inventory.inv_item_sk = item.i_item_sk LIMIT 202;5e19b50936d447588683f9e25e8b542d
1300;SELECT catalog_sales.* FROM catalog_sales JOIN warehouse ON catalog_sales.cs_warehouse_sk = warehouse.w_warehouse_sk LIMIT 215;3d3c03d47e4301d2a2f376aa2236ef01
1301;SELECT catalog_sales.* FROM catalog_sales JOIN item ON catalog_sales.cs_item_sk = item.i_item_sk JOIN date_dim ON catalog_sales.cs_sold_date_sk = date_dim.d_date_sk LIMIT 239;b28ff402b11d9f152c2205970b9084c2
1302;SELECT store_sales.* FROM store_sales JOIN date_dim ON store_sales.ss_sold_date_sk = date_dim.d_date_sk JOIN item ON store_sales.ss_item_sk = item.i_item_sk LIMIT 389;3d7063803ec9a99b92ee45de2768883f
1303;SELECT web_sales.* FROM web_sales JOIN item ON web_sales.ws_item_sk = item.i_item_sk LIMIT 389;c3e82848a791e71162e430015a06d3bd
1304;SELECT web_sales.* FROM web_sales JOIN customer ON web_sales.ws_bill_customer_sk = customer.c_customer_sk JOIN item ON web_sales.ws_item_sk = item.i_item_sk LIMIT 94;ac42fd6672b3eb75c5f2352d133276fb
1305;SELECT web_sales.* FROM web_sales JOIN date_dim ON web_sales.ws_sold_date_sk = date_dim.d_date_sk JOIN item ON web_sales.ws_item_sk = item.i_item_sk LIMIT 404;09019f2030f86c93e400e1a6915f1add
1306;SELECT catalog_sales.* FROM catalog_sales JOIN customer ON catalog_sales.cs_bill_customer_sk = customer.c_customer_sk JOIN date_dim ON catalog_sales.cs_sold_date_sk = date_dim.d_date_sk LIMIT 288;f7235cfdf48e190499eabfec09935389
1307;SELECT store_sales.* FROM store_sales JOIN item ON store_sales.ss_item_sk = item.i_item_sk JOIN customer ON store_sales.ss_customer_sk = customer.c_customer_sk LIMIT 107;71f99583e8c7df1e00045867d3a55040
1308;SELECT web_sales.* FROM web_sales JOIN customer ON web_sales.ws_bill_customer_sk = customer.c_customer_sk JOIN item ON web_sales.ws_item_sk = item.i_item_sk LIMIT 286;b0ea8c5f62b47ad0e53321d459f87a03
1309;SELECT web_sales.* FROM web_sales JOIN item ON web_sales.ws_item_sk = item.i_item_sk LIMIT 473;be0c0cd34c1f9b1aba588e3bf0e90549
1310;SELECT store_returns.* FROM store_returns JOIN item ON store_returns.sr_item_sk = item.i_item_sk JOIN date_dim ON store_returns.sr_returned_date_sk = date_dim.d_date_sk LIMIT 265;dd77f854e30b00edacbe36053dac1a3b
1311;SELECT catalog_sales.* FROM catalog_sales JOIN item ON catalog_sales.cs_item_sk = item.i_item_sk JOIN customer ON catalog_sales.cs_bill_customer_sk = customer.c_customer_sk LIMIT 243;acae567ec6518a17908ae848a91f5a7f
1312;SELECT store_returns.* FROM store_returns JOIN date_dim ON store_returns.sr_returned_date_sk = date_dim.d_date_sk JOIN customer ON store_returns.sr_customer_sk = customer.c_customer_sk LIMIT 338;eaeba3a6c16e6510ca645b41f9c884d9
1313;SELECT web_returns.* FROM web_returns JOIN item ON web_returns.wr_item_sk = item.i_item_sk JOIN customer ON web_returns.wr_refunded_customer_sk = customer.c_customer_sk LIMIT 238;49d3712ab004718b18b4136567caba18
1315;SELECT store_returns.* FROM store_returns JOIN item ON store_returns.sr_item_sk = item.i_item_sk JOIN customer ON store_returns.sr_customer_sk = customer.c_customer_sk LIMIT 413;03e79bcaad62d681b8aa2384e0cdf69d
1317;SELECT inventory.* FROM inventory JOIN item ON inventory.inv_item_sk = item.i_item_sk LIMIT 346;0248d6f1e6199651e007e73f065c9a24
1318;SELECT store_sales.* FROM store_sales JOIN item ON store_sales.ss_item_sk = item.i_item_sk LIMIT 496;0a7b7711b945a38a7f02c920a2d2c188
1319;SELECT web_returns.* FROM web_returns JOIN item ON web_returns.wr_item_sk = item.i_item_sk LIMIT 497;b37300ceb46091012ad2d598203e2c4e
1320;SELECT store_sales.* FROM store_sales JOIN customer ON store_sales.ss_customer_sk = customer.c_customer_sk JOIN item ON store_sales.ss_item_sk = item.i_item_sk LIMIT 408;b5f3f2295cca18e31df149d57db95a75
1322;SELECT web_returns.* FROM web_returns JOIN date_dim ON web_returns.wr_returned_date_sk = date_dim.d_date_sk LIMIT 332;05d6e3123086fb976b0c85819f23641b
1323;SELECT store_sales.* FROM store_sales JOIN date_dim ON store_sales.ss_sold_date_sk = date_dim.d_date_sk JOIN store ON store_sales.ss_store_sk = store.s_store_sk LIMIT 191;468c2e9935c1f3267b434549bd2dd10d
1324;SELECT store_sales.* FROM store_sales JOIN date_dim ON store_sales.ss_sold_date_sk = date_dim.d_date_sk LIMIT 203;58efc2c918614673d8e35741569e62be
1325;SELECT web_returns.* FROM web_returns JOIN date_dim ON web_returns.wr_returned_date_sk = date_dim.d_date_sk LIMIT 198;f6afdd301a5ddf0b161a6c29c9459136
1326;SELECT catalog_sales.* FROM catalog_sales JOIN customer ON catalog_sales.cs_bill_customer_sk = customer.c_customer_sk LIMIT 130;35a506e14afc34a6e70f0d185ea8185b
1327;SELECT web_sales.* FROM web_sales JOIN item ON web_sales.ws_item_sk = item.i_item_sk LIMIT 487;db36694c0c369f74e443d33fc26a4b64
1329;SELECT web_sales.* FROM web_sales JOIN date_dim ON web_sales.ws_sold_date_sk = date_dim.d_date_sk LIMIT 311;3c1a09abdb92afc93cd35d76e211ba96
1330;SELECT catalog_sales.* FROM catalog_sales JOIN date_dim ON catalog_sales.cs_sold_date_sk = date_dim.d_date_sk LIMIT 364;f7c7caacb9b052aadba242aa54f8e01c
1331;SELECT store_sales.* FROM store_sales JOIN item ON store_sales.ss_item_sk = item.i_item_sk JOIN date_dim ON store_sales.ss_sold_date_sk = date_dim.d_date_sk LIMIT 246;61c8337f486b7f6dda28a4d26389c187
1332;SELECT catalog_sales.* FROM catalog_sales JOIN item ON catalog_sales.cs_item_sk = item.i_item_sk JOIN warehouse ON catalog_sales.cs_warehouse_sk = warehouse.w_warehouse_sk LIMIT 248;736056b6421915e627aa2c524f1da237
1333;SELECT web_sales.* FROM web_sales JOIN customer ON web_sales.ws_bill_customer_sk = customer.c_customer_sk LIMIT 329;87dccde96b667b9651e7ddb1c70d06e1
1334;SELECT web_sales.* FROM web_sales JOIN item ON web_sales.ws_item_sk = item.i_item_sk LIMIT 251;a7115d96bb55e9862502aebed734335e
1335;SELECT store_sales.* FROM store_sales JOIN item ON store_sales.ss_item_sk = item.i_item_sk LIMIT 239;f933f004c1d2f071c6d27b98d38e1c8c
1336;SELECT store_returns.* FROM store_returns JOIN item ON store_returns.sr_item_sk = item.i_item_sk LIMIT 409;761bd13c594301777eed4a851dd686b8
1337;SELECT store_sales.* FROM store_sales JOIN store ON store_sales.ss_store_sk = store.s_store_sk LIMIT 299;b59853f3e6e3c8726beed2c3466babb8
1338;SELECT store_sales.* FROM store_sales JOIN date_dim ON store_sales.ss_sold_date_sk = date_dim.d_date_sk LIMIT 339;6f355db493d1590333ce4900946805ab
1339;SELECT store_returns.* FROM store_returns JOIN item ON store_returns.sr_item_sk = item.i_item_sk LIMIT 172;5a7e81297f920fc5bdd3496d34546955
1340;SELECT web_returns.* FROM web_returns JOIN date_dim ON web_returns.wr_returned_date_sk = date_dim.d_date_sk JOIN item ON web_returns.wr_item_sk = item.i_item_sk LIMIT 209;3856636e607f403f5688f48185705ed9
1341;SELECT web_returns.* FROM web_returns JOIN customer ON web_returns.wr_refunded_customer_sk = customer.c_customer_sk JOIN item ON web_returns.wr_item_sk = item.i_item_sk LIMIT 78;4202db392c221b0bc178dec3073e7cb6
1342;SELECT inventory.* FROM inventory JOIN date_dim ON inventory.inv_date_sk = date_dim.d_date_sk LIMIT 326;c295964051dea72cce18a7c34fa47ba7
1343;SELECT store_returns.* FROM store_returns JOIN date_dim ON store_returns.sr_returned_date_sk = date_dim.d_date_sk JOIN customer ON store_returns.sr_customer_sk = customer.c_customer_sk LIMIT 305;ca3d33921464b519c7ed1e25a6ff4d9c
1346;SELECT channel, item, return_ratio, return_rank, currency_rank FROM (SELECT 'web' AS channel, web.item, web.return_ratio, web.return_rank, web.currency_rank FROM (SELECT item, return_ratio, currency_ratio, RANK() OVER (ORDER BY return_ratio) AS return_rank, RANK() OVER (ORDER BY currency_ratio) AS currency_rank FROM (SELECT ws.ws_item_sk AS item, (CAST(SUM(COALESCE(wr.wr_return_quantity, 0.0)) AS DECIMAL(18, 2)) / NULLIF(CAST(SUM(COALESCE(ws.ws_quantity, 0.0)) AS DECIMAL(20, 3)), 0)) AS return_ratio, (CAST(SUM(COALESCE(wr.wr_return_amt, 0.0)) AS DECIMAL(17, 5)) / NULLIF(CAST(SUM(COALESCE(ws.ws_net_paid, 0.0)) AS DECIMAL(11, 2)), 0)) AS currency_ratio FROM web_sales AS ws LEFT OUTER JOIN web_returns AS wr ON (ws.ws_order_number = wr.wr_order_number AND ws.ws_item_sk = wr.wr_item_sk), date_dim WHERE wr.wr_return_amt > 13599 AND ws.ws_net_profit > 1.0 AND ws.ws_net_paid > 0.0 AND ws.ws_quantity > 0.0 AND ws_sold_date_sk = d_date_sk AND d_year = 1317 AND d_moy = 16 GROUP BY ws.ws_item_sk) AS in_web) AS web WHERE (web.return_rank <= 10 OR web.currency_rank <= 7) UNION SELECT 'catalog' AS channel, catalog.item, catalog.return_ratio, catalog.return_rank, catalog.currency_rank FROM (SELECT item, return_ratio, currency_ratio, RANK() OVER (ORDER BY return_ratio) AS return_rank, RANK() OVER (ORDER BY currency_ratio) AS currency_rank FROM (SELECT cs.cs_item_sk AS item, (CAST(SUM(COALESCE(cr.cr_return_quantity, 0.0)) AS DECIMAL(11, 5)) / NULLIF(CAST(SUM(COALESCE(cs.cs_quantity, 0.0)) AS DECIMAL(11, 3)), 0)) AS return_ratio, (CAST(SUM(COALESCE(cr.cr_return_amount, 0.0)) AS DECIMAL(14, 5)) / NULLIF(CAST(SUM(COALESCE(cs.cs_net_paid, 0.0)) AS DECIMAL(13, 3)), 0)) AS currency_ratio FROM catalog_sales AS cs LEFT OUTER JOIN catalog_returns AS cr ON (cs.cs_order_number = cr.cr_order_number AND cs.cs_item_sk = cr.cr_item_sk), date_dim WHERE cr.cr_return_amount > 7584 AND cs.cs_net_profit > 1.0 AND cs.cs_net_paid > 0.0 AND cs.cs_quantity > 0.0 AND cs_sold_date_sk = d_date_sk AND d_year = 1870 AND d_moy = 7 GROUP BY cs.cs_item_sk) AS in_cat) AS CATALOG WHERE (catalog.return_rank <= 7 OR catalog.currency_rank <= 5) UNION SELECT 'store' AS channel, store.item, store.return_ratio, store.return_rank, store.currency_rank FROM (SELECT item, return_ratio, currency_ratio, RANK() OVER (ORDER BY return_ratio) AS return_rank, RANK() OVER (ORDER BY currency_ratio) AS currency_rank FROM (SELECT sts.ss_item_sk AS item, (CAST(SUM(COALESCE(sr.sr_return_quantity, 0.0)) AS DECIMAL(22, 5)) / NULLIF(CAST(SUM(COALESCE(sts.ss_quantity, 0.0)) AS DECIMAL(17, 2)), 0)) AS return_ratio, (CAST(SUM(COALESCE(sr.sr_return_amt, 0.0)) AS DECIMAL(11, 2)) / NULLIF(CAST(SUM(COALESCE(sts.ss_net_paid, 0.0)) AS DECIMAL(17, 2)), 0)) AS currency_ratio FROM store_sales AS sts LEFT OUTER JOIN store_returns AS sr ON (sts.ss_ticket_number = sr.sr_ticket_number AND sts.ss_item_sk = sr.sr_item_sk), date_dim WHERE sr.sr_return_amt > 5099 AND sts.ss_net_profit > 1.0 AND sts.ss_net_paid > 0.0 AND sts.ss_quantity > 0.0 AND ss_sold_date_sk = d_date_sk AND d_year = 1036 AND d_moy = 10 GROUP BY sts.ss_item_sk) AS in_store) AS store WHERE (store.return_rank <= 12 OR store.currency_rank <= 8)) AS sq1 ORDER BY 1.0 NULLS FIRST, 5 NULLS FIRST, 3 NULLS FIRST, 2 NULLS FIRST LIMIT 110;9b0f07a7c77c4aa1b724d9da4a843a73
1347;SELECT inventory.* FROM inventory JOIN item ON inventory.inv_item_sk = item.i_item_sk JOIN date_dim ON inventory.inv_date_sk = date_dim.d_date_sk LIMIT 386;40e08fee5f98921398378d8284495938
1349;SELECT dt.d_year, item.i_brand_id AS brand_id, item.i_brand AS brand, SUM(ss_ext_sales_price) AS ext_price FROM date_dim AS dt, store_sales, item WHERE dt.d_date_sk = store_sales.ss_sold_date_sk AND store_sales.ss_item_sk = item.i_item_sk AND item.i_manager_id = 1.0 AND dt.d_moy = 6 AND dt.d_year = 2023 GROUP BY dt.d_year, item.i_brand, item.i_brand_id ORDER BY dt.d_year, ext_price DESC NULLS LAST, brand_id LIMIT 65;9ef0ad9740a1084590988e9ee3a372c6
1350;SELECT store_sales.* FROM store_sales JOIN date_dim ON store_sales.ss_sold_date_sk = date_dim.d_date_sk JOIN store ON store_sales.ss_store_sk = store.s_store_sk LIMIT 198;b7bc0bb6b1b836f2cf98de7c80ddddbd
1351;SELECT store_sales.* FROM store_sales JOIN store ON store_sales.ss_store_sk = store.s_store_sk JOIN customer ON store_sales.ss_customer_sk = customer.c_customer_sk LIMIT 436;e36eff74088db99e9c2e0ed91b472fcc
1352;SELECT web_returns.* FROM web_returns JOIN customer ON web_returns.wr_refunded_customer_sk = customer.c_customer_sk JOIN date_dim ON web_returns.wr_returned_date_sk = date_dim.d_date_sk LIMIT 243;281aa5e83eea0a9ea9b5e92b5e876a83
1353;SELECT catalog_sales.* FROM catalog_sales JOIN item ON catalog_sales.cs_item_sk = item.i_item_sk LIMIT 131;7205e879157ca71e7671ef479d055588
1354;SELECT catalog_sales.* FROM catalog_sales JOIN customer ON catalog_sales.cs_bill_customer_sk = customer.c_customer_sk LIMIT 397;67e962e4e306e2c8d0c139247533ac45
1355;SELECT web_sales.* FROM web_sales JOIN customer ON web_sales.ws_bill_customer_sk = customer.c_customer_sk JOIN item ON web_sales.ws_item_sk = item.i_item_sk LIMIT 103;5f052b48968bc03fe73f99cfdb81e1d8
1356;SELECT store_returns.* FROM store_returns JOIN date_dim ON store_returns.sr_returned_date_sk = date_dim.d_date_sk LIMIT 154;fcfccce05c22c63f50698173e4e6f308
1357;SELECT catalog_sales.* FROM catalog_sales JOIN customer ON catalog_sales.cs_bill_customer_sk = customer.c_customer_sk LIMIT 330;a2c97c9e4859bebf579177ef95a90ff8
1358;SELECT web_sales.* FROM web_sales JOIN customer ON web_sales.ws_bill_customer_sk = customer.c_customer_sk JOIN item ON web_sales.ws_item_sk = item.i_item_sk LIMIT 227;f2e1668ccde0853b93f8a2b9ed5f499c
1359;SELECT w_state, i_item_id, SUM(CASE WHEN (CAST(d_date AS DATE) < CAST('2000-03-11' AS DATE)) THEN cs_sales_price - COALESCE(cr_refunded_cash, 0.0) ELSE 0.0 END) AS sales_before, SUM(CASE WHEN (CAST(d_date AS DATE) >= CAST('2000-03-11' AS DATE)) THEN cs_sales_price - COALESCE(cr_refunded_cash, 0.0) ELSE 0.0 END) AS sales_after FROM catalog_sales LEFT OUTER JOIN catalog_returns ON (cs_order_number = cr_order_number AND cs_item_sk = cr_item_sk), item, date_dim WHERE i_current_price BETWEEN 0.99 AND 1 AND i_item_sk = cs_item_sk AND cs_warehouse_sk = w_warehouse_sk AND cs_sold_date_sk = d_date_sk AND d_date BETWEEN CAST('2000-02-10' AS DATE) AND CAST('2000-04-10' AS DATE) GROUP BY w_state, i_item_id ORDER BY w_state, i_item_id LIMIT 96;712821c45b2f79c0a1711c10ff6bed71
1361;SELECT web_returns.* FROM web_returns JOIN date_dim ON web_returns.wr_returned_date_sk = date_dim.d_date_sk JOIN item ON web_returns.wr_item_sk = item.i_item_sk LIMIT 59;c2f620a374eb6d20be9bc36c79db5600
1362;SELECT store_sales.* FROM store_sales JOIN customer ON store_sales.ss_customer_sk = customer.c_customer_sk JOIN store ON store_sales.ss_store_sk = store.s_store_sk LIMIT 373;75343860329bf776ecb34c4d2c6d26b7
1363;SELECT store_sales.* FROM store_sales JOIN item ON store_sales.ss_item_sk = item.i_item_sk LIMIT 409;0c0a8b7e1fedb7b6cab781933eca8046
1364;SELECT catalog_sales.* FROM catalog_sales JOIN date_dim ON catalog_sales.cs_sold_date_sk = date_dim.d_date_sk LIMIT 325;8ab62ef0861bb770273637aff6da5494
1365;SELECT store_sales.* FROM store_sales JOIN item ON store_sales.ss_item_sk = item.i_item_sk JOIN date_dim ON store_sales.ss_sold_date_sk = date_dim.d_date_sk LIMIT 436;1c015e3843f4949288b87e8baaebb4aa
1367;SELECT web_returns.* FROM web_returns JOIN item ON web_returns.wr_item_sk = item.i_item_sk LIMIT 81;3173bc97924cb92b246f9787d385708a
1368;SELECT store_returns.* FROM store_returns JOIN date_dim ON store_returns.sr_returned_date_sk = date_dim.d_date_sk LIMIT 139;69ba80e7ec6f5402e7965ec44741d129
1369;SELECT store_returns.* FROM store_returns JOIN date_dim ON store_returns.sr_returned_date_sk = date_dim.d_date_sk JOIN customer ON store_returns.sr_customer_sk = customer.c_customer_sk LIMIT 440;0c23defe2967624b4809367dc2bf9b2a
1370;SELECT inventory.* FROM inventory JOIN item ON inventory.inv_item_sk = item.i_item_sk JOIN warehouse ON inventory.inv_warehouse_sk = warehouse.w_warehouse_sk LIMIT 92;066c90fd893d7a95533b30e4c91d2a77
1371;SELECT web_returns.* FROM web_returns JOIN date_dim ON web_returns.wr_returned_date_sk = date_dim.d_date_sk JOIN customer ON web_returns.wr_refunded_customer_sk = customer.c_customer_sk LIMIT 125;a13845548424ec7535b72f8947c87576
1372;SELECT DISTINCT (i_product_name) FROM item AS i1 WHERE i_manufact_id BETWEEN 759 AND 503 + 28 AND (SELECT COUNT(*) AS item_cnt FROM item WHERE (i_manufact = i1.i_manufact AND ((i_category = 'Women' AND (i_color = 'powder' OR i_color = 'khaki') AND (i_units = 'Ounce' OR i_units = 'Oz') AND (i_size = 'medium' OR i_size = 'extra large')) OR (i_category = 'Women' AND (i_color = 'brown' OR i_color = 'honeydew') AND (i_units = 'Bunch' OR i_units = 'Ton') AND (i_size = 'N/A' OR i_size = 'small')) OR (i_category = 'Men' AND (i_color = 'floral' OR i_color = 'deep') AND (i_units = 'N/A' OR i_units = 'Dozen') AND (i_size = 'petite' OR i_size = 'petite')) OR (i_category = 'Men' AND (i_color = 'light' OR i_color = 'cornflower') AND (i_units = 'Box' OR i_units = 'Pound') AND (i_size = 'medium' OR i_size = 'extra large')))) OR (i_manufact = i1.i_manufact AND ((i_category = 'Women' AND (i_color = 'midnight' OR i_color = 'snow') AND (i_units = 'Pallet' OR i_units = 'Gross') AND (i_size = 'medium' OR i_size = 'extra large')) OR (i_category = 'Women' AND (i_color = 'cyan' OR i_color = 'papaya') AND (i_units = 'Cup' OR i_units = 'Dram') AND (i_size = 'N/A' OR i_size = 'small')) OR (i_category = 'Men' AND (i_color = 'orange' OR i_color = 'frosted') AND (i_units = 'Each' OR i_units = 'Tbl') AND (i_size = 'petite' OR i_size = 'petite')) OR (i_category = 'Men' AND (i_color = 'forest' OR i_color = 'ghost') AND (i_units = 'Lb' OR i_units = 'Bundle') AND (i_size = 'medium' OR i_size = 'extra large'))))) > 0.0 ORDER BY i_product_name LIMIT 121;b05faef9430ac8f8bcc00ddfcbaf53ee
1373;SELECT inventory.* FROM inventory JOIN date_dim ON inventory.inv_date_sk = date_dim.d_date_sk JOIN warehouse ON inventory.inv_warehouse_sk = warehouse.w_warehouse_sk LIMIT 89;e1506d597806e26c1dca3a983110ab41
1375;SELECT store_sales.* FROM store_sales JOIN item ON store_sales.ss_item_sk = item.i_item_sk JOIN customer ON store_sales.ss_customer_sk = customer.c_customer_sk LIMIT 431;143d30d40ce2dfaaea93bf515d45b5d7
1376;SELECT web_returns.* FROM web_returns JOIN item ON web_returns.wr_item_sk = item.i_item_sk JOIN date_dim ON web_returns.wr_returned_date_sk = date_dim.d_date_sk LIMIT 378;89f64e89dbd879d732967152eb04ce30
1377;SELECT inventory.* FROM inventory JOIN date_dim ON inventory.inv_date_sk = date_dim.d_date_sk JOIN warehouse ON inventory.inv_warehouse_sk = warehouse.w_warehouse_sk LIMIT 410;1d4602f929eb7fc314ad53b4b2a7ea4a
1378;SELECT catalog_sales.* FROM catalog_sales JOIN item ON catalog_sales.cs_item_sk = item.i_item_sk LIMIT 67;db8b263215d77e5cbf9c2d922e937c77
1379;SELECT web_sales.* FROM web_sales JOIN item ON web_sales.ws_item_sk = item.i_item_sk LIMIT 386;c9fd5df0077f75ea8f1c2a6d29a4125a
1381;SELECT store_sales.* FROM store_sales JOIN item ON store_sales.ss_item_sk = item.i_item_sk LIMIT 380;ba730d1c57c2cc3de946b1d9d9b4d1a9
1382;SELECT catalog_sales.* FROM catalog_sales JOIN item ON catalog_sales.cs_item_sk = item.i_item_sk LIMIT 209;03131f66b4a7b13f9d4b968d71701e6a
1383;SELECT web_sales.* FROM web_sales JOIN item ON web_sales.ws_item_sk = item.i_item_sk LIMIT 91;2c239c3ec20c99af4717b3164b6c99da
1384;SELECT catalog_sales.* FROM catalog_sales JOIN warehouse ON catalog_sales.cs_warehouse_sk = warehouse.w_warehouse_sk JOIN customer ON catalog_sales.cs_bill_customer_sk = customer.c_customer_sk LIMIT 186;4e1efaf3981f49e02018b85090a05183
1385;SELECT web_returns.* FROM web_returns JOIN date_dim ON web_returns.wr_returned_date_sk = date_dim.d_date_sk JOIN customer ON web_returns.wr_refunded_customer_sk = customer.c_customer_sk LIMIT 324;e757d7cf6640644818ef72d823dd2aed
1386;SELECT catalog_sales.* FROM catalog_sales JOIN date_dim ON catalog_sales.cs_sold_date_sk = date_dim.d_date_sk LIMIT 413;d295cd593bfcd9dcc9e4e5beeaea0ecf
1387;SELECT store_returns.* FROM store_returns JOIN customer ON store_returns.sr_customer_sk = customer.c_customer_sk JOIN date_dim ON store_returns.sr_returned_date_sk = date_dim.d_date_sk LIMIT 274;e558686f0fc8cb6b7e00a0bbea83bb36
1389;SELECT catalog_sales.* FROM catalog_sales JOIN warehouse ON catalog_sales.cs_warehouse_sk = warehouse.w_warehouse_sk JOIN customer ON catalog_sales.cs_bill_customer_sk = customer.c_customer_sk LIMIT 139;e127f6b3e1b1e92061f3a14f4cad25ab
1390;SELECT store_returns.* FROM store_returns JOIN item ON store_returns.sr_item_sk = item.i_item_sk JOIN customer ON store_returns.sr_customer_sk = customer.c_customer_sk LIMIT 426;47c22e9eb693673ee18757c831c1eb5c
1391;WITH ssr AS (SELECT s_store_id AS store_id, SUM(ss_ext_sales_price) AS sales, SUM(COALESCE(sr_return_amt, 0.0)) AS returns_, SUM(ss_net_profit - COALESCE(sr_net_loss, 0.0)) AS profit FROM store_sales LEFT OUTER JOIN store_returns ON (ss_item_sk = sr_item_sk AND ss_ticket_number = sr_ticket_number), date_dim, store, item, promotion WHERE ss_sold_date_sk = d_date_sk AND d_date BETWEEN CAST('2000-08-23' AS DATE) AND CAST('2000-09-22' AS DATE) AND ss_store_sk = s_store_sk AND ss_item_sk = i_item_sk AND i_current_price > 62 AND ss_promo_sk = p_promo_sk AND p_channel_tv = 'N' GROUP BY s_store_id), csr AS (SELECT cp_catalog_page_id AS catalog_page_id, SUM(cs_ext_sales_price) AS sales, SUM(COALESCE(cr_return_amount, 0.0)) AS returns_, SUM(cs_net_profit - COALESCE(cr_net_loss, 0.0)) AS profit FROM catalog_sales LEFT OUTER JOIN catalog_returns ON (cs_item_sk = cr_item_sk AND cs_order_number = cr_order_number), date_dim, catalog_page, item, promotion WHERE cs_sold_date_sk = d_date_sk AND d_date BETWEEN CAST('2000-08-23' AS DATE) AND CAST('2000-09-22' AS DATE) AND cs_catalog_page_sk = cp_catalog_page_sk AND cs_item_sk = i_item_sk AND i_current_price > 40 AND cs_promo_sk = p_promo_sk AND p_channel_tv = 'N' GROUP BY cp_catalog_page_id), wsr AS (SELECT web_site_id, SUM(ws_ext_sales_price) AS sales, SUM(COALESCE(wr_return_amt, 0.0)) AS returns_, SUM(ws_net_profit - COALESCE(wr_net_loss, 0.0)) AS profit FROM web_sales LEFT OUTER JOIN web_returns ON (ws_item_sk = wr_item_sk AND ws_order_number = wr_order_number), date_dim, web_site, promotion WHERE ws_sold_date_sk = d_date_sk AND d_date BETWEEN CAST('2000-08-23' AS DATE) AND CAST('2000-09-22' AS DATE) AND ws_web_site_sk = web_site_sk AND ws_item_sk = i_item_sk AND i_current_price > 53 AND ws_promo_sk = p_promo_sk AND p_channel_tv = 'N' GROUP BY web_site_id) SELECT channel, id, SUM(sales) AS sales, SUM(returns_) AS returns_, SUM(profit) AS profit FROM (SELECT 'store channel' AS channel, CONCAT('store', store_id) AS id, sales, returns_, profit FROM ssr UNION ALL SELECT 'catalog channel' AS channel, CONCAT('catalog_page', catalog_page_id) AS id, sales, returns_, profit FROM csr UNION ALL SELECT 'web channel' AS channel, CONCAT('web_site', web_site_id) AS id, sales, returns_, profit FROM wsr) AS x GROUP BY ROLLUP (channel, id) ORDER BY channel NULLS FIRST, id NULLS FIRST LIMIT 114;b0e9934588f76a739949d296f65eeab7
1392;SELECT web_sales.* FROM web_sales JOIN customer ON web_sales.ws_bill_customer_sk = customer.c_customer_sk JOIN item ON web_sales.ws_item_sk = item.i_item_sk LIMIT 187;5a92ecf35ff0977f2536aaa656303620
1394;SELECT store_returns.* FROM store_returns JOIN date_dim ON store_returns.sr_returned_date_sk = date_dim.d_date_sk JOIN item ON store_returns.sr_item_sk = item.i_item_sk LIMIT 275;89627f973c5f444ff59c2854802ee517
1395;SELECT catalog_sales.* FROM catalog_sales JOIN warehouse ON catalog_sales.cs_warehouse_sk = warehouse.w_warehouse_sk LIMIT 330;3cb4d84c0aae509cbc33a432751b9b3a
1396;SELECT inventory.* FROM inventory JOIN date_dim ON inventory.inv_date_sk = date_dim.d_date_sk JOIN item ON inventory.inv_item_sk = item.i_item_sk LIMIT 279;59665e0916bf17e63f7eccf85c779c78
1397;SELECT inventory.* FROM inventory JOIN date_dim ON inventory.inv_date_sk = date_dim.d_date_sk JOIN warehouse ON inventory.inv_warehouse_sk = warehouse.w_warehouse_sk LIMIT 224;19f9e620a3c8d4a4277ab475ade68214
1398;SELECT catalog_sales.* FROM catalog_sales JOIN date_dim ON catalog_sales.cs_sold_date_sk = date_dim.d_date_sk JOIN item ON catalog_sales.cs_item_sk = item.i_item_sk LIMIT 452;8ed62c4fff4536786b8debe221cdda5d
1399;SELECT store_sales.* FROM store_sales JOIN store ON store_sales.ss_store_sk = store.s_store_sk JOIN customer ON store_sales.ss_customer_sk = customer.c_customer_sk LIMIT 408;daafccc0fe841bc3b4f22a47d0da7fe0
1401;SELECT web_returns.* FROM web_returns JOIN customer ON web_returns.wr_refunded_customer_sk = customer.c_customer_sk JOIN date_dim ON web_returns.wr_returned_date_sk = date_dim.d_date_sk LIMIT 231;c1da90c107129f3254f52eda4435bd1b
1402;SELECT web_sales.* FROM web_sales JOIN customer ON web_sales.ws_bill_customer_sk = customer.c_customer_sk JOIN item ON web_sales.ws_item_sk = item.i_item_sk LIMIT 292;40c3681ec062830febee683e1998e82a
1403;SELECT store_sales.* FROM store_sales JOIN customer ON store_sales.ss_customer_sk = customer.c_customer_sk JOIN date_dim ON store_sales.ss_sold_date_sk = date_dim.d_date_sk LIMIT 291;d881778383babc403ba61a6d8100b532
1405;SELECT store_sales.* FROM store_sales JOIN store ON store_sales.ss_store_sk = store.s_store_sk LIMIT 75;b95b458ce0ece496f2eecdda52b6f666
1406;SELECT web_sales.* FROM web_sales JOIN item ON web_sales.ws_item_sk = item.i_item_sk JOIN customer ON web_sales.ws_bill_customer_sk = customer.c_customer_sk LIMIT 354;178876e3114285809958395b009e4a9f
1407;SELECT inventory.* FROM inventory JOIN date_dim ON inventory.inv_date_sk = date_dim.d_date_sk JOIN item ON inventory.inv_item_sk = item.i_item_sk LIMIT 180;4316ad9c6cd756f15cf281265d5eabe3
1409;SELECT web_returns.* FROM web_returns JOIN item ON web_returns.wr_item_sk = item.i_item_sk LIMIT 383;7fd300b3b03b38c62254a509aafe37a6
1411;SELECT store_sales.* FROM store_sales JOIN customer ON store_sales.ss_customer_sk = customer.c_customer_sk LIMIT 490;29769352017519a89a63f234794db271
1412;SELECT web_returns.* FROM web_returns JOIN item ON web_returns.wr_item_sk = item.i_item_sk LIMIT 449;91bfbe4141c9f285e5eb67edd7678a08
1413;SELECT web_sales.* FROM web_sales JOIN date_dim ON web_sales.ws_sold_date_sk = date_dim.d_date_sk JOIN web_site ON web_sales.ws_web_site_sk = web_site.web_site_sk LIMIT 449;911e198dfe8e65cdcf0b4e468bf0c76e
1414;SELECT catalog_sales.* FROM catalog_sales JOIN warehouse ON catalog_sales.cs_warehouse_sk = warehouse.w_warehouse_sk JOIN item ON catalog_sales.cs_item_sk = item.i_item_sk LIMIT 465;9ae6a303a6e1eb7d47df40b17e7ed17b
1415;SELECT catalog_sales.* FROM catalog_sales JOIN warehouse ON catalog_sales.cs_warehouse_sk = warehouse.w_warehouse_sk LIMIT 469;c44f8390fb07e018181fd92f03b935d7
1416;SELECT dt.d_year, SUM(ss_ext_sales_price) FROM date_dim AS dt, store_sales WHERE  GROUP BY dt.d_year ORDER BY SUM(ss_ext_sales_price) DESC NULLS LAST, dt.d_year LIMIT 113;d03cd878fa268a38703411c8cbdd385d
1417;SELECT store_sales.* FROM store_sales JOIN item ON store_sales.ss_item_sk = item.i_item_sk JOIN customer ON store_sales.ss_customer_sk = customer.c_customer_sk LIMIT 296;08d27a59f8567dd0fd314fc0ac592d9a
1418;SELECT web_returns.* FROM web_returns JOIN customer ON web_returns.wr_refunded_customer_sk = customer.c_customer_sk LIMIT 261;c45b9e02ec4b024f832c845d4b37aff2
1419;SELECT web_returns.* FROM web_returns JOIN customer ON web_returns.wr_refunded_customer_sk = customer.c_customer_sk LIMIT 496;45ac8852319bea013a41175b42d99f16
1421;SELECT catalog_sales.* FROM catalog_sales JOIN customer ON catalog_sales.cs_bill_customer_sk = customer.c_customer_sk LIMIT 396;2f754066623661ae1cd258e12c7454ec
1422;SELECT web_returns.* FROM web_returns JOIN date_dim ON web_returns.wr_returned_date_sk = date_dim.d_date_sk JOIN item ON web_returns.wr_item_sk = item.i_item_sk LIMIT 443;74361c5c73308fc3b5122afd97b58698
1424;SELECT store_returns.* FROM store_returns JOIN item ON store_returns.sr_item_sk = item.i_item_sk JOIN date_dim ON store_returns.sr_returned_date_sk = date_dim.d_date_sk LIMIT 127;aac767ec3397e8c8738a82dbc03a67cd
1425;SELECT inventory.* FROM inventory JOIN warehouse ON inventory.inv_warehouse_sk = warehouse.w_warehouse_sk JOIN date_dim ON inventory.inv_date_sk = date_dim.d_date_sk LIMIT 236;033e71c0ace60b965a94aea17c6bc85e
1426;SELECT web_returns.* FROM web_returns JOIN customer ON web_returns.wr_refunded_customer_sk = customer.c_customer_sk JOIN item ON web_returns.wr_item_sk = item.i_item_sk LIMIT 454;3571b71318e1d2fc8aa72d47003f9a19
1427;SELECT inventory.* FROM inventory JOIN date_dim ON inventory.inv_date_sk = date_dim.d_date_sk JOIN warehouse ON inventory.inv_warehouse_sk = warehouse.w_warehouse_sk LIMIT 497;16f0f0e4013c4e11393b8787a3f1c4c5
1428;SELECT web_returns.* FROM web_returns JOIN date_dim ON web_returns.wr_returned_date_sk = date_dim.d_date_sk JOIN customer ON web_returns.wr_refunded_customer_sk = customer.c_customer_sk LIMIT 275;60acaa1920df254df91dc34abd2954e0
1429;SELECT inventory.* FROM inventory JOIN item ON inventory.inv_item_sk = item.i_item_sk LIMIT 246;1e1fd2ae83ddfd1fda99c74efeddf255
1430;SELECT web_returns.* FROM web_returns JOIN item ON web_returns.wr_item_sk = item.i_item_sk LIMIT 492;1d726f5b4948a66cb5992c879c111ba0
1431;SELECT catalog_sales.* FROM catalog_sales JOIN item ON catalog_sales.cs_item_sk = item.i_item_sk LIMIT 112;ef862ed7d98d5333aa0d8cc447256c33
1432;SELECT store_returns.* FROM store_returns JOIN item ON store_returns.sr_item_sk = item.i_item_sk LIMIT 182;d912197225476a9566384d856e899682
1433;SELECT catalog_sales.* FROM catalog_sales JOIN warehouse ON catalog_sales.cs_warehouse_sk = warehouse.w_warehouse_sk LIMIT 319;83b0eebf757b222bc841097510d4e27c
1434;SELECT store_returns.* FROM store_returns JOIN date_dim ON store_returns.sr_returned_date_sk = date_dim.d_date_sk JOIN item ON store_returns.sr_item_sk = item.i_item_sk LIMIT 115;b98631a0c2359bec35bf4cb4265edeab
1435;SELECT web_sales.* FROM web_sales JOIN item ON web_sales.ws_item_sk = item.i_item_sk JOIN date_dim ON web_sales.ws_sold_date_sk = date_dim.d_date_sk LIMIT 384;087c61e3cc92578f263fe87939701a2b
1436;SELECT inventory.* FROM inventory JOIN warehouse ON inventory.inv_warehouse_sk = warehouse.w_warehouse_sk LIMIT 339;444b685c8a4bb1d67e61af05440dc230
1437;SELECT store_returns.* FROM store_returns JOIN item ON store_returns.sr_item_sk = item.i_item_sk LIMIT 427;a8ac885382ea9e57b72c44f0130a9274
1438;SELECT inventory.* FROM inventory JOIN item ON inventory.inv_item_sk = item.i_item_sk JOIN warehouse ON inventory.inv_warehouse_sk = warehouse.w_warehouse_sk LIMIT 177;23c7dab9f8132d63dbda1234112364ef
1441;SELECT web_sales.* FROM web_sales JOIN web_site ON web_sales.ws_web_site_sk = web_site.web_site_sk LIMIT 303;ec886438c89c87db3792a125530d13b4
1442;SELECT ss_customer_sk, SUM(act_sales) AS sumsales FROM (SELECT ss_item_sk, ss_ticket_number, ss_customer_sk, CASE WHEN NOT sr_return_quantity IS NULL THEN (ss_quantity - sr_return_quantity) * ss_sales_price ELSE (ss_quantity * ss_sales_price) END AS act_sales FROM store_sales LEFT OUTER JOIN store_returns ON (sr_item_sk = ss_item_sk AND sr_ticket_number = ss_ticket_number), reason WHERE sr_reason_sk = r_reason_sk AND r_reason_desc = 'reason 28') AS t GROUP BY ss_customer_sk ORDER BY sumsales NULLS FIRST, ss_customer_sk NULLS FIRST LIMIT 100;263aca861c120f18faaf2cff9e4deddf
1443;SELECT store_returns.* FROM store_returns JOIN customer ON store_returns.sr_customer_sk = customer.c_customer_sk JOIN item ON store_returns.sr_item_sk = item.i_item_sk LIMIT 153;889702b5ab5369ba44bd24a6f18715e2
1444;SELECT web_returns.* FROM web_returns JOIN customer ON web_returns.wr_refunded_customer_sk = customer.c_customer_sk JOIN date_dim ON web_returns.wr_returned_date_sk = date_dim.d_date_sk LIMIT 193;d0f0a937b82cf9c3bdab149d3a5e200b
1445;SELECT web_sales.* FROM web_sales JOIN customer ON web_sales.ws_bill_customer_sk = customer.c_customer_sk LIMIT 260;1d98a3574e4d4ef10dd7ead8d4ecb208
1446;SELECT catalog_sales.* FROM catalog_sales JOIN customer ON catalog_sales.cs_bill_customer_sk = customer.c_customer_sk JOIN item ON catalog_sales.cs_item_sk = item.i_item_sk LIMIT 359;3b895d1f34667057a0c5886e180ab38a
1447;SELECT inventory.* FROM inventory JOIN item ON inventory.inv_item_sk = item.i_item_sk JOIN warehouse ON inventory.inv_warehouse_sk = warehouse.w_warehouse_sk LIMIT 60;c0a425fbc8dc920ffa2d6d27dd561d8b
1448;SELECT store_sales.* FROM store_sales JOIN store ON store_sales.ss_store_sk = store.s_store_sk JOIN customer ON store_sales.ss_customer_sk = customer.c_customer_sk LIMIT 343;aac4aba5c37bc61fbef42f80bb9c7a9b
1449;SELECT catalog_sales.* FROM catalog_sales JOIN customer ON catalog_sales.cs_bill_customer_sk = customer.c_customer_sk JOIN warehouse ON catalog_sales.cs_warehouse_sk = warehouse.w_warehouse_sk LIMIT 350;28ff58bc47ab4788d991a4a65935149d
1450;SELECT web_returns.* FROM web_returns JOIN date_dim ON web_returns.wr_returned_date_sk = date_dim.d_date_sk JOIN item ON web_returns.wr_item_sk = item.i_item_sk LIMIT 252;df81bf7a78df21f6fa4110fe0f94465b
1451;SELECT store_returns.* FROM store_returns JOIN item ON store_returns.sr_item_sk = item.i_item_sk JOIN customer ON store_returns.sr_customer_sk = customer.c_customer_sk LIMIT 418;c4cbba79856f9929029a419bcf8ca25c
1452;SELECT catalog_sales.* FROM catalog_sales JOIN warehouse ON catalog_sales.cs_warehouse_sk = warehouse.w_warehouse_sk JOIN customer ON catalog_sales.cs_bill_customer_sk = customer.c_customer_sk LIMIT 73;8f2cf7b4b9a584a74150484081f40fe4
1456;SELECT web_returns.* FROM web_returns JOIN date_dim ON web_returns.wr_returned_date_sk = date_dim.d_date_sk JOIN customer ON web_returns.wr_refunded_customer_sk = customer.c_customer_sk LIMIT 384;82df69cb6589f5e337d8f0b125a4c7ab
1458;SELECT store_returns.* FROM store_returns JOIN item ON store_returns.sr_item_sk = item.i_item_sk JOIN customer ON store_returns.sr_customer_sk = customer.c_customer_sk LIMIT 146;787e6a7163af25a2437f1da3a2feb034
1459;SELECT store_sales.* FROM store_sales JOIN customer ON store_sales.ss_customer_sk = customer.c_customer_sk LIMIT 418;bf5db5091f0b87e223831013dd19d330
1460;SELECT store_returns.* FROM store_returns JOIN date_dim ON store_returns.sr_returned_date_sk = date_dim.d_date_sk JOIN item ON store_returns.sr_item_sk = item.i_item_sk LIMIT 133;061e93d2313caff51efb9adefab53d59
1461;SELECT store_sales.* FROM store_sales JOIN customer ON store_sales.ss_customer_sk = customer.c_customer_sk LIMIT 225;c765c9efc61cc76d3252ced408e4f84c
1462;SELECT store_sales.* FROM store_sales JOIN customer ON store_sales.ss_customer_sk = customer.c_customer_sk JOIN date_dim ON store_sales.ss_sold_date_sk = date_dim.d_date_sk LIMIT 231;3e36c7a26c46a44e48a4881e90af2205
1463;SELECT store_returns.* FROM store_returns JOIN date_dim ON store_returns.sr_returned_date_sk = date_dim.d_date_sk JOIN customer ON store_returns.sr_customer_sk = customer.c_customer_sk LIMIT 279;89f2cae022b7c7fc24033ab90c25906b
1464;SELECT inventory.* FROM inventory JOIN warehouse ON inventory.inv_warehouse_sk = warehouse.w_warehouse_sk LIMIT 189;2fdfc33f3c5df9c23bf54b3fd7723ad8
1465;SELECT inventory.* FROM inventory JOIN warehouse ON inventory.inv_warehouse_sk = warehouse.w_warehouse_sk JOIN date_dim ON inventory.inv_date_sk = date_dim.d_date_sk LIMIT 379;c4e331380721d4c166c03ccaef97bb3e
1466;SELECT a.ca_state AS state, COUNT(*) AS cnt FROM customer_address AS a, customer AS c, store_sales AS s, date_dim AS d, item AS i WHERE a.ca_address_sk = c.c_current_addr_sk AND c.c_customer_sk = s.ss_customer_sk AND s.ss_sold_date_sk = d.d_date_sk AND s.ss_item_sk = i.i_item_sk AND d.d_month_seq = (SELECT DISTINCT (d_month_seq) FROM date_dim WHERE d_year = 1164 AND d_moy = 1.0) AND i.i_current_price > 0 * (SELECT AVG(j.i_current_price) FROM item AS j WHERE j.i_category = i.i_category) GROUP BY a.ca_state HAVING COUNT(*) >= 14 ORDER BY cnt NULLS FIRST, a.ca_state NULLS FIRST LIMIT 80;a4d1d4883f66bd07f923568563d30a2b
1467;SELECT store_returns.* FROM store_returns JOIN date_dim ON store_returns.sr_returned_date_sk = date_dim.d_date_sk JOIN item ON store_returns.sr_item_sk = item.i_item_sk LIMIT 351;a33785ace60b85d9f537678af49ada6d
1468;SELECT web_returns.* FROM web_returns JOIN date_dim ON web_returns.wr_returned_date_sk = date_dim.d_date_sk LIMIT 485;3b7a3f084ba51856504fa2e7b1d18c02
1469;SELECT store_sales.* FROM store_sales JOIN date_dim ON store_sales.ss_sold_date_sk = date_dim.d_date_sk LIMIT 470;d30e252f94c4e00f4906acae504f867e
1470;SELECT w_state, i_item_id, SUM(CASE WHEN (CAST(d_date AS DATE) < CAST('2000-03-11' AS DATE)) THEN cs_sales_price - COALESCE(cr_refunded_cash, 0.0) ELSE 0.0 END) AS sales_before, SUM(CASE WHEN (CAST(d_date AS DATE) >= CAST('2000-03-11' AS DATE)) THEN cs_sales_price - COALESCE(cr_refunded_cash, 0.0) ELSE 0.0 END) AS sales_after FROM catalog_sales LEFT OUTER JOIN catalog_returns ON (cs_order_number = cr_order_number AND cs_item_sk = cr_item_sk), warehouse, date_dim WHERE i_current_price BETWEEN 0.99 AND 1 AND i_item_sk = cs_item_sk AND cs_warehouse_sk = w_warehouse_sk AND cs_sold_date_sk = d_date_sk AND d_date BETWEEN CAST('2000-02-10' AS DATE) AND CAST('2000-04-10' AS DATE) GROUP BY w_state, i_item_id ORDER BY w_state, i_item_id LIMIT 56;bcd0f65afae60d764db42196fcc8e774
1471;SELECT web_returns.* FROM web_returns JOIN customer ON web_returns.wr_refunded_customer_sk = customer.c_customer_sk JOIN date_dim ON web_returns.wr_returned_date_sk = date_dim.d_date_sk LIMIT 270;46bb6d9adc599da1ff65ca5c4d9ec924
1472;SELECT inventory.* FROM inventory JOIN date_dim ON inventory.inv_date_sk = date_dim.d_date_sk LIMIT 254;a5147248cbd23127cf08936cb21526aa
1473;SELECT store_sales.* FROM store_sales JOIN date_dim ON store_sales.ss_sold_date_sk = date_dim.d_date_sk JOIN store ON store_sales.ss_store_sk = store.s_store_sk LIMIT 89;988dc1d722a84a8705636d83641b4022
1474;SELECT catalog_sales.* FROM catalog_sales JOIN date_dim ON catalog_sales.cs_sold_date_sk = date_dim.d_date_sk JOIN item ON catalog_sales.cs_item_sk = item.i_item_sk LIMIT 194;524920d0ea8eb53b8e8c54918a594af5
1475;SELECT catalog_sales.* FROM catalog_sales JOIN item ON catalog_sales.cs_item_sk = item.i_item_sk LIMIT 132;a3303ea116d98c7aa00df9822a5bf9a0
1476;SELECT web_returns.* FROM web_returns JOIN date_dim ON web_returns.wr_returned_date_sk = date_dim.d_date_sk LIMIT 208;c6c8c2bd93bd5989f7fb97a836dda57c
1477;SELECT catalog_sales.* FROM catalog_sales JOIN item ON catalog_sales.cs_item_sk = item.i_item_sk JOIN customer ON catalog_sales.cs_bill_customer_sk = customer.c_customer_sk LIMIT 300;a73fd20e72b28310dd93f06eb4e3c29a
1478;SELECT web_sales.* FROM web_sales JOIN item ON web_sales.ws_item_sk = item.i_item_sk JOIN date_dim ON web_sales.ws_sold_date_sk = date_dim.d_date_sk LIMIT 347;2aa2ee35ae309c5b4eef1b9edc86e915
1479;SELECT web_returns.* FROM web_returns JOIN date_dim ON web_returns.wr_returned_date_sk = date_dim.d_date_sk LIMIT 366;2dda81df16bd6a2167df0556904c59f3
1480;SELECT store_sales.* FROM store_sales JOIN date_dim ON store_sales.ss_sold_date_sk = date_dim.d_date_sk LIMIT 374;0c416b02a7fa14324b5be0d92ca0e343
1481;SELECT store_returns.* FROM store_returns JOIN customer ON store_returns.sr_customer_sk = customer.c_customer_sk LIMIT 348;f8c32267db8571e7e0b552b3409d32f8
1482;SELECT web_returns.* FROM web_returns JOIN date_dim ON web_returns.wr_returned_date_sk = date_dim.d_date_sk LIMIT 142;06fcd47827171d15f3e68d2e395fb9fb
1483;SELECT web_sales.* FROM web_sales JOIN date_dim ON web_sales.ws_sold_date_sk = date_dim.d_date_sk JOIN customer ON web_sales.ws_bill_customer_sk = customer.c_customer_sk LIMIT 147;16a75facb3c08e0ad309aab06a2c0dc7
1484;SELECT inventory.* FROM inventory JOIN item ON inventory.inv_item_sk = item.i_item_sk LIMIT 183;7a8cdc8fac4b2b3a5114d2442d7cc6af
1485;SELECT inventory.* FROM inventory JOIN warehouse ON inventory.inv_warehouse_sk = warehouse.w_warehouse_sk LIMIT 261;2d72186d15f093b84f78494b9343946a
1486;SELECT catalog_sales.* FROM catalog_sales JOIN customer ON catalog_sales.cs_bill_customer_sk = customer.c_customer_sk JOIN date_dim ON catalog_sales.cs_sold_date_sk = date_dim.d_date_sk LIMIT 273;f869cc8ecc272506c9dcbf2c54e69325
1487;SELECT store_returns.* FROM store_returns JOIN date_dim ON store_returns.sr_returned_date_sk = date_dim.d_date_sk JOIN customer ON store_returns.sr_customer_sk = customer.c_customer_sk LIMIT 287;683cc0e7b4fe4a354d15f0644184a65e
1488;SELECT store_sales.* FROM store_sales JOIN customer ON store_sales.ss_customer_sk = customer.c_customer_sk LIMIT 295;3f68b2ca72302694f5883ab9267568dc
1490;SELECT store_returns.* FROM store_returns JOIN item ON store_returns.sr_item_sk = item.i_item_sk LIMIT 120;492aac5b6f5d2a2c1a6c1c07be6ae9ac
1491;SELECT store_returns.* FROM store_returns JOIN item ON store_returns.sr_item_sk = item.i_item_sk JOIN customer ON store_returns.sr_customer_sk = customer.c_customer_sk LIMIT 350;b318d2ac5a4389f4524c4683324f34f3
1492;SELECT web_returns.* FROM web_returns JOIN date_dim ON web_returns.wr_returned_date_sk = date_dim.d_date_sk JOIN customer ON web_returns.wr_refunded_customer_sk = customer.c_customer_sk LIMIT 241;2677e2546a3dd969d037553bceeb46c1
1493;SELECT web_returns.* FROM web_returns JOIN date_dim ON web_returns.wr_returned_date_sk = date_dim.d_date_sk JOIN customer ON web_returns.wr_refunded_customer_sk = customer.c_customer_sk LIMIT 482;d8b8a5f52076a27341b45bdd97ba14e1
1494;SELECT inventory.* FROM inventory JOIN warehouse ON inventory.inv_warehouse_sk = warehouse.w_warehouse_sk JOIN item ON inventory.inv_item_sk = item.i_item_sk LIMIT 177;4224e8e88c245016415bb4293217af90
1495;SELECT web_sales.* FROM web_sales JOIN date_dim ON web_sales.ws_sold_date_sk = date_dim.d_date_sk JOIN item ON web_sales.ws_item_sk = item.i_item_sk LIMIT 199;ac6aa9157d3f8037ff2733d5e1fc23e8
1497;SELECT store_returns.* FROM store_returns JOIN customer ON store_returns.sr_customer_sk = customer.c_customer_sk LIMIT 132;f164a32bab5401a7b44cd3a5c7c753b3
1498;SELECT web_sales.* FROM web_sales JOIN item ON web_sales.ws_item_sk = item.i_item_sk JOIN customer ON web_sales.ws_bill_customer_sk = customer.c_customer_sk LIMIT 175;50ffdc567ce8d50d7b0d74b044dbda7c
1499;SELECT web_sales.* FROM web_sales JOIN date_dim ON web_sales.ws_sold_date_sk = date_dim.d_date_sk LIMIT 352;db92627b549beae2356cdce1991869a8
1500;SELECT web_returns.* FROM web_returns JOIN date_dim ON web_returns.wr_returned_date_sk = date_dim.d_date_sk LIMIT 432;9e789791b4756ade70e27574cbd575ca
1502;SELECT store_sales.* FROM store_sales JOIN date_dim ON store_sales.ss_sold_date_sk = date_dim.d_date_sk LIMIT 276;42172d155c3ebb7018ea08994de16fd8
1503;SELECT catalog_sales.* FROM catalog_sales JOIN customer ON catalog_sales.cs_bill_customer_sk = customer.c_customer_sk JOIN date_dim ON catalog_sales.cs_sold_date_sk = date_dim.d_date_sk LIMIT 369;81802d0eb6e063c1b45971f2d16295a2
1504;SELECT catalog_sales.* FROM catalog_sales JOIN date_dim ON catalog_sales.cs_sold_date_sk = date_dim.d_date_sk JOIN customer ON catalog_sales.cs_bill_customer_sk = customer.c_customer_sk LIMIT 438;7cbbfd7444999c2f8e9b5cbe599da078
1505;SELECT inventory.* FROM inventory JOIN date_dim ON inventory.inv_date_sk = date_dim.d_date_sk JOIN warehouse ON inventory.inv_warehouse_sk = warehouse.w_warehouse_sk LIMIT 73;9dd354f28e9214e61cc9fb7d49196acf
1506;SELECT store_sales.* FROM store_sales JOIN date_dim ON store_sales.ss_sold_date_sk = date_dim.d_date_sk JOIN customer ON store_sales.ss_customer_sk = customer.c_customer_sk LIMIT 425;4257fc79b739684e53dcb98e18389b2c
1507;SELECT inventory.* FROM inventory JOIN warehouse ON inventory.inv_warehouse_sk = warehouse.w_warehouse_sk LIMIT 182;6328c24e5f4de3bd78caf16ecf40061a
1508;SELECT w_state, i_item_id, SUM(CASE WHEN (CAST(d_date AS DATE) < CAST('2000-03-11' AS DATE)) THEN cs_sales_price - COALESCE(cr_refunded_cash, 0.0) ELSE 0.0 END) AS sales_before, SUM(CASE WHEN (CAST(d_date AS DATE) >= CAST('2000-03-11' AS DATE)) THEN cs_sales_price - COALESCE(cr_refunded_cash, 0.0) ELSE 0.0 END) AS sales_after FROM catalog_sales LEFT OUTER JOIN catalog_returns ON (cs_order_number = cr_order_number AND cs_item_sk = cr_item_sk), warehouse, item, date_dim WHERE i_current_price BETWEEN 0.99 AND 1 AND i_item_sk = cs_item_sk AND cs_warehouse_sk = w_warehouse_sk AND cs_sold_date_sk = d_date_sk AND d_date BETWEEN CAST('2000-02-10' AS DATE) AND CAST('2000-04-10' AS DATE) GROUP BY w_state, i_item_id ORDER BY w_state, i_item_id LIMIT 54;0408763beacde5796bd096faf748a285
1509;SELECT web_returns.* FROM web_returns JOIN date_dim ON web_returns.wr_returned_date_sk = date_dim.d_date_sk LIMIT 357;df4189f11384a9fb4846eb15be9bcf56
1510;SELECT web_sales.* FROM web_sales JOIN item ON web_sales.ws_item_sk = item.i_item_sk LIMIT 193;d8103e3c3d656f080d78166647ec6ab0
1511;SELECT store_sales.* FROM store_sales JOIN item ON store_sales.ss_item_sk = item.i_item_sk JOIN customer ON store_sales.ss_customer_sk = customer.c_customer_sk LIMIT 162;05e2a27eef4a4246f53b250549f4b2ea
1512;WITH all_sales AS (SELECT d_year, i_brand_id, i_class_id, i_category_id, i_manufact_id, SUM(sales_cnt) AS sales_cnt, SUM(sales_amt) AS sales_amt FROM (SELECT d_year, i_brand_id, i_class_id, i_category_id, i_manufact_id, cs_quantity - COALESCE(cr_return_quantity, 0.0) AS sales_cnt, cs_ext_sales_price - COALESCE(cr_return_amount, 0.0) AS sales_amt FROM catalog_sales JOIN item ON i_item_sk = cs_item_sk JOIN date_dim ON d_date_sk = cs_sold_date_sk LEFT JOIN catalog_returns ON (cs_order_number = cr_order_number AND cs_item_sk = cr_item_sk) WHERE i_category = 'Books' UNION SELECT d_year, i_brand_id, i_class_id, i_category_id, i_manufact_id, ss_quantity - COALESCE(sr_return_quantity, 0.0) AS sales_cnt, ss_ext_sales_price - COALESCE(sr_return_amt, 0.0) AS sales_amt FROM store_sales JOIN item ON i_item_sk = ss_item_sk JOIN date_dim ON d_date_sk = ss_sold_date_sk LEFT JOIN store_returns ON (ss_ticket_number = sr_ticket_number AND ss_item_sk = sr_item_sk) WHERE i_category = 'Books' UNION SELECT d_year, i_brand_id, i_class_id, i_category_id, i_manufact_id, ws_quantity - COALESCE(wr_return_quantity, 0.0) AS sales_cnt, ws_ext_sales_price - COALESCE(wr_return_amt, 0.0) AS sales_amt FROM web_sales JOIN item ON i_item_sk = ws_item_sk JOIN date_dim ON d_date_sk = ws_sold_date_sk LEFT JOIN web_returns ON (ws_order_number = wr_order_number AND ws_item_sk = wr_item_sk) WHERE i_category = 'Books') AS sales_detail GROUP BY d_year, i_brand_id, i_class_id, i_category_id, i_manufact_id) SELECT prev_yr.d_year AS prev_year, curr_yr.d_year AS year_, curr_yr.i_brand_id, curr_yr.i_class_id, curr_yr.i_category_id, curr_yr.i_manufact_id, prev_yr.sales_cnt AS prev_yr_cnt, curr_yr.sales_cnt AS curr_yr_cnt, curr_yr.sales_cnt - prev_yr.sales_cnt AS sales_cnt_diff, curr_yr.sales_amt - prev_yr.sales_amt AS sales_amt_diff FROM all_sales AS curr_yr, all_sales AS prev_yr WHERE curr_yr.i_brand_id = prev_yr.i_brand_id AND curr_yr.i_class_id = prev_yr.i_class_id AND curr_yr.i_category_id = prev_yr.i_category_id AND curr_yr.i_manufact_id = prev_yr.i_manufact_id AND curr_yr.d_year = 2387 AND prev_yr.d_year = 2839 - 1.0 AND CAST(curr_yr.sales_cnt AS DECIMAL(9, 2)) / NULLIF(CAST(prev_yr.sales_cnt AS DECIMAL(24, 2)), 0) < 0.9 ORDER BY sales_cnt_diff, sales_amt_diff LIMIT 103;2cce6b5916d8e0e1ec18539851d45da3
1513;SELECT store_sales.* FROM store_sales JOIN customer ON store_sales.ss_customer_sk = customer.c_customer_sk JOIN date_dim ON store_sales.ss_sold_date_sk = date_dim.d_date_sk LIMIT 310;4637af3853ab1cae4c0045da1a089c7b
1514;SELECT store_returns.* FROM store_returns JOIN item ON store_returns.sr_item_sk = item.i_item_sk JOIN date_dim ON store_returns.sr_returned_date_sk = date_dim.d_date_sk LIMIT 228;ece50ce29619060268bca574a71f2dc2
1515;SELECT web_sales.* FROM web_sales JOIN item ON web_sales.ws_item_sk = item.i_item_sk JOIN date_dim ON web_sales.ws_sold_date_sk = date_dim.d_date_sk LIMIT 167;2da9ef7503ca49b3c0424a2b8b6ef84f
1516;SELECT web_sales.* FROM web_sales JOIN item ON web_sales.ws_item_sk = item.i_item_sk JOIN date_dim ON web_sales.ws_sold_date_sk = date_dim.d_date_sk LIMIT 209;3f136bab8edfdc64e02b1036376dce3a
1517;SELECT inventory.* FROM inventory JOIN item ON inventory.inv_item_sk = item.i_item_sk JOIN warehouse ON inventory.inv_warehouse_sk = warehouse.w_warehouse_sk LIMIT 79;7255216aebc37f1ce0ab9946496f97e1
1518;SELECT web_returns.* FROM web_returns JOIN date_dim ON web_returns.wr_returned_date_sk = date_dim.d_date_sk LIMIT 292;6e5194ca5c937d2c76018bd845895146
1519;SELECT web_returns.* FROM web_returns JOIN customer ON web_returns.wr_refunded_customer_sk = customer.c_customer_sk JOIN date_dim ON web_returns.wr_returned_date_sk = date_dim.d_date_sk LIMIT 477;59747ad68b2a1075a00ec6950dadbac2
1520;SELECT inventory.* FROM inventory JOIN warehouse ON inventory.inv_warehouse_sk = warehouse.w_warehouse_sk JOIN date_dim ON inventory.inv_date_sk = date_dim.d_date_sk LIMIT 474;d3d9e4ed079090126995e2094ba2a75c
1521;SELECT inventory.* FROM inventory JOIN item ON inventory.inv_item_sk = item.i_item_sk LIMIT 273;cd9011e9805086a69fad5d2f0bc4e93f
1522;SELECT web_returns.* FROM web_returns JOIN date_dim ON web_returns.wr_returned_date_sk = date_dim.d_date_sk LIMIT 325;e2f494ed4b43db1fc2a7076f1a64a197
1523;SELECT store_returns.* FROM store_returns JOIN item ON store_returns.sr_item_sk = item.i_item_sk JOIN date_dim ON store_returns.sr_returned_date_sk = date_dim.d_date_sk LIMIT 420;821b71c4158097c965771a76cdcff35b
1524;SELECT store_sales.* FROM store_sales JOIN customer ON store_sales.ss_customer_sk = customer.c_customer_sk JOIN store ON store_sales.ss_store_sk = store.s_store_sk LIMIT 464;84e5c9870c0859f4fe55b64851d18ad4
1527;SELECT web_sales.* FROM web_sales JOIN date_dim ON web_sales.ws_sold_date_sk = date_dim.d_date_sk LIMIT 93;abc82648e93a703cd4f3159f35677307
1528;SELECT catalog_sales.* FROM catalog_sales JOIN date_dim ON catalog_sales.cs_sold_date_sk = date_dim.d_date_sk JOIN item ON catalog_sales.cs_item_sk = item.i_item_sk LIMIT 94;5fe192747efb3387d7bcd4300ab500b7
1529;SELECT inventory.* FROM inventory JOIN date_dim ON inventory.inv_date_sk = date_dim.d_date_sk JOIN item ON inventory.inv_item_sk = item.i_item_sk LIMIT 264;d6a43573bb0d374051b5de301e31a288
1530;SELECT web_returns.* FROM web_returns JOIN customer ON web_returns.wr_refunded_customer_sk = customer.c_customer_sk LIMIT 284;776149bec245e95d86ee5e5c47432f7a
1531;SELECT catalog_sales.* FROM catalog_sales JOIN item ON catalog_sales.cs_item_sk = item.i_item_sk LIMIT 438;c95ef380e68a774e3d4764dea53da489
1532;SELECT catalog_sales.* FROM catalog_sales JOIN customer ON catalog_sales.cs_bill_customer_sk = customer.c_customer_sk JOIN date_dim ON catalog_sales.cs_sold_date_sk = date_dim.d_date_sk LIMIT 204;71db630bfd65947555d57ff4d3ab15ec
1533;SELECT store_returns.* FROM store_returns JOIN date_dim ON store_returns.sr_returned_date_sk = date_dim.d_date_sk LIMIT 438;5760e43b76db576923a1c9b4a26f9809
1535;SELECT inventory.* FROM inventory JOIN warehouse ON inventory.inv_warehouse_sk = warehouse.w_warehouse_sk LIMIT 347;82a4b87f65c71396671fedb7b5ef9644
1536;SELECT catalog_sales.* FROM catalog_sales JOIN warehouse ON catalog_sales.cs_warehouse_sk = warehouse.w_warehouse_sk LIMIT 206;a6b2d426c49f1ddf0d1c2b0ee480e174
1537;SELECT store_sales.* FROM store_sales JOIN store ON store_sales.ss_store_sk = store.s_store_sk JOIN date_dim ON store_sales.ss_sold_date_sk = date_dim.d_date_sk LIMIT 131;f40b24f25cd144948d8b918b22ea6b5d
1538;SELECT store_returns.* FROM store_returns JOIN customer ON store_returns.sr_customer_sk = customer.c_customer_sk JOIN item ON store_returns.sr_item_sk = item.i_item_sk LIMIT 149;3eb5e8d984c2d3284f856095ad4c2a9f
1541;SELECT store_returns.* FROM store_returns JOIN date_dim ON store_returns.sr_returned_date_sk = date_dim.d_date_sk LIMIT 153;07242958c202b38251aeb38740788480
1542;SELECT store_sales.* FROM store_sales JOIN store ON store_sales.ss_store_sk = store.s_store_sk LIMIT 494;1cad85f725181ef007877cf16aa7b000
1543;SELECT store_returns.* FROM store_returns JOIN item ON store_returns.sr_item_sk = item.i_item_sk LIMIT 312;179628c803f300ab75b0a13e62b1987d
1544;SELECT web_sales.* FROM web_sales JOIN item ON web_sales.ws_item_sk = item.i_item_sk JOIN customer ON web_sales.ws_bill_customer_sk = customer.c_customer_sk LIMIT 152;763e23581ba626530d3dce7922c81d58
1545;SELECT inventory.* FROM inventory JOIN warehouse ON inventory.inv_warehouse_sk = warehouse.w_warehouse_sk JOIN item ON inventory.inv_item_sk = item.i_item_sk LIMIT 60;0bfd17a5ddb5b4c524380b1b49a70109
1546;SELECT inventory.* FROM inventory JOIN date_dim ON inventory.inv_date_sk = date_dim.d_date_sk LIMIT 178;906d7769d5c3a046abd10487fdb4e580
1547;SELECT web_sales.* FROM web_sales JOIN item ON web_sales.ws_item_sk = item.i_item_sk JOIN date_dim ON web_sales.ws_sold_date_sk = date_dim.d_date_sk LIMIT 270;5e1896597c47faf8b9d9ded7fec79e1e
1548;SELECT store_sales.* FROM store_sales JOIN date_dim ON store_sales.ss_sold_date_sk = date_dim.d_date_sk LIMIT 349;471013eb81a62bbdd58a10b6aa501584
1550;SELECT web_returns.* FROM web_returns JOIN customer ON web_returns.wr_refunded_customer_sk = customer.c_customer_sk JOIN date_dim ON web_returns.wr_returned_date_sk = date_dim.d_date_sk LIMIT 351;6e0bfcb8567c5483c6e5cb29c6826e6c
1551;SELECT inventory.* FROM inventory JOIN item ON inventory.inv_item_sk = item.i_item_sk LIMIT 107;7e084857e61d36643fff877e7c35d4ce
1552;SELECT store_sales.* FROM store_sales JOIN item ON store_sales.ss_item_sk = item.i_item_sk LIMIT 343;9221af3936db22d645a4e57e429a66f6
1554;SELECT web_returns.* FROM web_returns JOIN customer ON web_returns.wr_refunded_customer_sk = customer.c_customer_sk JOIN date_dim ON web_returns.wr_returned_date_sk = date_dim.d_date_sk LIMIT 492;bd591b1fe8cf3633704e06b416a30f97
1555;SELECT store_returns.* FROM store_returns JOIN item ON store_returns.sr_item_sk = item.i_item_sk JOIN customer ON store_returns.sr_customer_sk = customer.c_customer_sk LIMIT 338;47507259b009ca4129f469b2d4a88197
1556;SELECT catalog_sales.* FROM catalog_sales JOIN item ON catalog_sales.cs_item_sk = item.i_item_sk JOIN customer ON catalog_sales.cs_bill_customer_sk = customer.c_customer_sk LIMIT 499;da282d6e6c6c7a48c2c340fee52b27fd
1557;SELECT web_returns.* FROM web_returns JOIN item ON web_returns.wr_item_sk = item.i_item_sk LIMIT 478;9e2ca7fdb96b1dda61ab2b397159c558
1558;SELECT store_sales.* FROM store_sales JOIN store ON store_sales.ss_store_sk = store.s_store_sk JOIN item ON store_sales.ss_item_sk = item.i_item_sk LIMIT 188;2645d844edfc484c4ff28f7108d6aa98
1559;SELECT inventory.* FROM inventory JOIN item ON inventory.inv_item_sk = item.i_item_sk LIMIT 123;e37a97694874386d7de7befdfb42e49c
1560;SELECT web_returns.* FROM web_returns JOIN date_dim ON web_returns.wr_returned_date_sk = date_dim.d_date_sk JOIN customer ON web_returns.wr_refunded_customer_sk = customer.c_customer_sk LIMIT 437;19af3fa8298b440c34c9d64d05f34f15
1561;SELECT store_sales.* FROM store_sales JOIN item ON store_sales.ss_item_sk = item.i_item_sk LIMIT 315;511c5c10bcd7bdd21c29d499b16a85e1
1563;SELECT store_sales.* FROM store_sales JOIN item ON store_sales.ss_item_sk = item.i_item_sk JOIN customer ON store_sales.ss_customer_sk = customer.c_customer_sk LIMIT 445;d4f889553f79359afe39933b32a5d409
1564;SELECT store_sales.* FROM store_sales JOIN item ON store_sales.ss_item_sk = item.i_item_sk JOIN store ON store_sales.ss_store_sk = store.s_store_sk LIMIT 408;7b438f255753943ff461c9bb549782c1
1565;SELECT web_returns.* FROM web_returns JOIN customer ON web_returns.wr_refunded_customer_sk = customer.c_customer_sk JOIN date_dim ON web_returns.wr_returned_date_sk = date_dim.d_date_sk LIMIT 89;ed321501693ffd765ce7a6373ebc40a4
1566;SELECT catalog_sales.* FROM catalog_sales JOIN item ON catalog_sales.cs_item_sk = item.i_item_sk LIMIT 491;9e181f929d44f8d7a7070fc71e5889bc
1567;SELECT catalog_sales.* FROM catalog_sales JOIN item ON catalog_sales.cs_item_sk = item.i_item_sk JOIN customer ON catalog_sales.cs_bill_customer_sk = customer.c_customer_sk LIMIT 136;cc2aeb535d1cfa9eed45d1d702897ddb
1568;SELECT inventory.* FROM inventory JOIN item ON inventory.inv_item_sk = item.i_item_sk LIMIT 59;247d9db2cec4d5d9916c90a6ec883bf5
1569;SELECT web_returns.* FROM web_returns JOIN customer ON web_returns.wr_refunded_customer_sk = customer.c_customer_sk LIMIT 263;9d214e2111b5a734edc0db69cb9737fa
1571;SELECT web_sales.* FROM web_sales JOIN item ON web_sales.ws_item_sk = item.i_item_sk JOIN date_dim ON web_sales.ws_sold_date_sk = date_dim.d_date_sk LIMIT 299;50fb6c2b4d89b3d0cc438c09ee78be38
1572;SELECT web_sales.* FROM web_sales JOIN date_dim ON web_sales.ws_sold_date_sk = date_dim.d_date_sk JOIN item ON web_sales.ws_item_sk = item.i_item_sk LIMIT 193;2b1b3eeef2d04d18ad85ee29e455e5ee
1573;SELECT store_returns.* FROM store_returns JOIN item ON store_returns.sr_item_sk = item.i_item_sk LIMIT 479;3ebd365287a9647e6b7f606360123834
1574;SELECT store_sales.* FROM store_sales JOIN customer ON store_sales.ss_customer_sk = customer.c_customer_sk JOIN store ON store_sales.ss_store_sk = store.s_store_sk LIMIT 233;c7219a335d45a0ba40118308f42a5fba
1575;SELECT inventory.* FROM inventory JOIN item ON inventory.inv_item_sk = item.i_item_sk JOIN warehouse ON inventory.inv_warehouse_sk = warehouse.w_warehouse_sk LIMIT 117;e02db04037adead95aa05598a90f682d
1576;SELECT store_returns.* FROM store_returns JOIN date_dim ON store_returns.sr_returned_date_sk = date_dim.d_date_sk LIMIT 444;0ed3b4eb1006fcb04e551eed62ff89ce
1577;SELECT inventory.* FROM inventory JOIN warehouse ON inventory.inv_warehouse_sk = warehouse.w_warehouse_sk LIMIT 310;143648b03aa969b131e5874cc5ff4d5a
1578;SELECT catalog_sales.* FROM catalog_sales JOIN item ON catalog_sales.cs_item_sk = item.i_item_sk LIMIT 145;58d946fa8842e12cd32fccd7c83dc6e7
1579;SELECT web_returns.* FROM web_returns JOIN date_dim ON web_returns.wr_returned_date_sk = date_dim.d_date_sk JOIN customer ON web_returns.wr_refunded_customer_sk = customer.c_customer_sk LIMIT 116;dba5b12c57962312ebfa38976e7c4d7d
1580;SELECT inventory.* FROM inventory JOIN item ON inventory.inv_item_sk = item.i_item_sk JOIN date_dim ON inventory.inv_date_sk = date_dim.d_date_sk LIMIT 390;4ae06267287c77f7d653738bcc015098
1581;SELECT catalog_sales.* FROM catalog_sales JOIN customer ON catalog_sales.cs_bill_customer_sk = customer.c_customer_sk JOIN item ON catalog_sales.cs_item_sk = item.i_item_sk LIMIT 53;c7f509e4b1afae59ffe38414c5e1764b
1582;SELECT web_sales.* FROM web_sales JOIN date_dim ON web_sales.ws_sold_date_sk = date_dim.d_date_sk JOIN item ON web_sales.ws_item_sk = item.i_item_sk LIMIT 156;7630d73532be22d11e8e2cd5cddaec99
1583;SELECT web_sales.* FROM web_sales JOIN customer ON web_sales.ws_bill_customer_sk = customer.c_customer_sk JOIN date_dim ON web_sales.ws_sold_date_sk = date_dim.d_date_sk LIMIT 108;830f45b92ebf6c0fa726b30f1f28bf42
1584;SELECT web_returns.* FROM web_returns JOIN date_dim ON web_returns.wr_returned_date_sk = date_dim.d_date_sk LIMIT 219;480cbe7df61e3e46994b9dcf513d6c6f
1585;SELECT catalog_sales.* FROM catalog_sales JOIN warehouse ON catalog_sales.cs_warehouse_sk = warehouse.w_warehouse_sk LIMIT 90;ec027810ef94d3014c056cb5e22c23a5
1586;SELECT web_sales.* FROM web_sales JOIN customer ON web_sales.ws_bill_customer_sk = customer.c_customer_sk JOIN web_site ON web_sales.ws_web_site_sk = web_site.web_site_sk LIMIT 67;2cf6ffa0bb56a125b09d6ae0c09c4437
1587;SELECT web_sales.* FROM web_sales JOIN web_site ON web_sales.ws_web_site_sk = web_site.web_site_sk LIMIT 356;8ef873a6450389af0512354e292d098b
1588;SELECT store_sales.* FROM store_sales JOIN store ON store_sales.ss_store_sk = store.s_store_sk JOIN customer ON store_sales.ss_customer_sk = customer.c_customer_sk LIMIT 285;0a78b44bb79ac3dca8545f7c81b02abd
1589;SELECT catalog_sales.* FROM catalog_sales JOIN item ON catalog_sales.cs_item_sk = item.i_item_sk JOIN date_dim ON catalog_sales.cs_sold_date_sk = date_dim.d_date_sk LIMIT 314;fa0c9e203eb6f063ff813a0620895043
1590;SELECT store_returns.* FROM store_returns JOIN customer ON store_returns.sr_customer_sk = customer.c_customer_sk JOIN date_dim ON store_returns.sr_returned_date_sk = date_dim.d_date_sk LIMIT 255;be57d36e898f939e4547f5e3254a8a9e
1591;SELECT store_sales.* FROM store_sales JOIN store ON store_sales.ss_store_sk = store.s_store_sk LIMIT 360;69c367cc4641a4b46424a959b395c0bd
1592;SELECT web_sales.* FROM web_sales JOIN customer ON web_sales.ws_bill_customer_sk = customer.c_customer_sk JOIN item ON web_sales.ws_item_sk = item.i_item_sk LIMIT 376;efe6058eb17368a6cb70fb7374994a29
1593;SELECT store_sales.* FROM store_sales JOIN date_dim ON store_sales.ss_sold_date_sk = date_dim.d_date_sk JOIN store ON store_sales.ss_store_sk = store.s_store_sk LIMIT 260;5f9a760018a26d295c98e55e63c7e3ab
1594;SELECT store_sales.* FROM store_sales JOIN store ON store_sales.ss_store_sk = store.s_store_sk LIMIT 201;e4a4cb8145bde479e13298165352b2be
1595;SELECT store_sales.* FROM store_sales JOIN customer ON store_sales.ss_customer_sk = customer.c_customer_sk LIMIT 128;1eb069887173c4a3af9b2d4de29e199a
1596;SELECT catalog_sales.* FROM catalog_sales JOIN date_dim ON catalog_sales.cs_sold_date_sk = date_dim.d_date_sk LIMIT 310;3753717906912a596c30cc490b3986ed
1597;SELECT store_returns.* FROM store_returns JOIN item ON store_returns.sr_item_sk = item.i_item_sk LIMIT 229;04206ec23ae4723d49ffb65e95c30575
1598;SELECT web_sales.* FROM web_sales JOIN web_site ON web_sales.ws_web_site_sk = web_site.web_site_sk LIMIT 165;53e6e99cf3eff83f1dc5695cdbb3fab2
1599;SELECT web_returns.* FROM web_returns JOIN customer ON web_returns.wr_refunded_customer_sk = customer.c_customer_sk JOIN item ON web_returns.wr_item_sk = item.i_item_sk LIMIT 459;2ca64d9ccbcf61022062340530eab312
1600;SELECT web_sales.* FROM web_sales JOIN date_dim ON web_sales.ws_sold_date_sk = date_dim.d_date_sk LIMIT 477;b99eb6a4bd5327b96908f4afbec00d9a
1601;SELECT catalog_sales.* FROM catalog_sales JOIN date_dim ON catalog_sales.cs_sold_date_sk = date_dim.d_date_sk LIMIT 290;c3a668d5c91767d5f28e14dc00560a4e
1602;SELECT web_sales.* FROM web_sales JOIN item ON web_sales.ws_item_sk = item.i_item_sk JOIN date_dim ON web_sales.ws_sold_date_sk = date_dim.d_date_sk LIMIT 335;f873a953215edd90b4b6946e9291ade4
1603;SELECT web_sales.* FROM web_sales JOIN date_dim ON web_sales.ws_sold_date_sk = date_dim.d_date_sk JOIN web_site ON web_sales.ws_web_site_sk = web_site.web_site_sk LIMIT 500;50554c2f5ab8bc377a4c3f6705d5544f
1604;SELECT store_sales.* FROM store_sales JOIN store ON store_sales.ss_store_sk = store.s_store_sk LIMIT 259;b85b0edff52c66163dd533ef9fe9922d
1606;SELECT web_sales.* FROM web_sales JOIN date_dim ON web_sales.ws_sold_date_sk = date_dim.d_date_sk JOIN web_site ON web_sales.ws_web_site_sk = web_site.web_site_sk LIMIT 244;fff6f65013cec62d190e090e5673a53d
1607;SELECT catalog_sales.* FROM catalog_sales JOIN customer ON catalog_sales.cs_bill_customer_sk = customer.c_customer_sk LIMIT 303;dc57c3deaa9e26bd3162cf1bc832abd5
1608;SELECT web_returns.* FROM web_returns JOIN item ON web_returns.wr_item_sk = item.i_item_sk LIMIT 329;da9a994c3accad60d3fa4aa5b6796108
1610;SELECT web_sales.* FROM web_sales JOIN web_site ON web_sales.ws_web_site_sk = web_site.web_site_sk JOIN item ON web_sales.ws_item_sk = item.i_item_sk LIMIT 319;44b8d9bafd7d5d9628bb231223db1b32
1611;SELECT catalog_sales.* FROM catalog_sales JOIN warehouse ON catalog_sales.cs_warehouse_sk = warehouse.w_warehouse_sk LIMIT 334;c92b638e8f3a97b88f78b7ee41c65f71
1612;SELECT store_sales.* FROM store_sales JOIN date_dim ON store_sales.ss_sold_date_sk = date_dim.d_date_sk LIMIT 375;c615c0590f77b06555e3ac3bb4cb75ca
1614;SELECT store_returns.* FROM store_returns JOIN date_dim ON store_returns.sr_returned_date_sk = date_dim.d_date_sk LIMIT 393;5974b859d045674eee7d4de55fa1f68c
1616;SELECT catalog_sales.* FROM catalog_sales JOIN item ON catalog_sales.cs_item_sk = item.i_item_sk JOIN customer ON catalog_sales.cs_bill_customer_sk = customer.c_customer_sk LIMIT 202;f7f2ef86d7ca25c84229e1b8a4d33946
1617;SELECT catalog_sales.* FROM catalog_sales JOIN customer ON catalog_sales.cs_bill_customer_sk = customer.c_customer_sk JOIN date_dim ON catalog_sales.cs_sold_date_sk = date_dim.d_date_sk LIMIT 77;e312b422e4ad35699c066ae1b0f54d6a
1618;SELECT web_sales.* FROM web_sales JOIN customer ON web_sales.ws_bill_customer_sk = customer.c_customer_sk LIMIT 375;e54dfb44a4abe0c38e623c0795ad53b7
1619;SELECT store_returns.* FROM store_returns JOIN item ON store_returns.sr_item_sk = item.i_item_sk LIMIT 55;7192c0c42fbad3a9ab74c758a33807a9
1620;SELECT web_sales.* FROM web_sales JOIN customer ON web_sales.ws_bill_customer_sk = customer.c_customer_sk JOIN item ON web_sales.ws_item_sk = item.i_item_sk LIMIT 462;eee7832e7234704a468deb97e1358b24
1621;SELECT web_sales.* FROM web_sales JOIN customer ON web_sales.ws_bill_customer_sk = customer.c_customer_sk JOIN web_site ON web_sales.ws_web_site_sk = web_site.web_site_sk LIMIT 177;d581174652423fc84f64ccf3f8637fdd
1622;SELECT web_sales.* FROM web_sales JOIN web_site ON web_sales.ws_web_site_sk = web_site.web_site_sk LIMIT 396;8de427759e153a9670215532429791ff
1623;SELECT web_returns.* FROM web_returns JOIN date_dim ON web_returns.wr_returned_date_sk = date_dim.d_date_sk LIMIT 370;be75d304c87fa74252cfdbad0d292c80
1624;SELECT inventory.* FROM inventory JOIN warehouse ON inventory.inv_warehouse_sk = warehouse.w_warehouse_sk JOIN item ON inventory.inv_item_sk = item.i_item_sk LIMIT 225;8e1757cf6a830f1f29dfd3ea070611e4
1625;SELECT web_returns.* FROM web_returns JOIN customer ON web_returns.wr_refunded_customer_sk = customer.c_customer_sk LIMIT 190;bc2eaf82091ed8d66f0c48186c9cbcfc
1626;SELECT catalog_sales.* FROM catalog_sales JOIN date_dim ON catalog_sales.cs_sold_date_sk = date_dim.d_date_sk JOIN item ON catalog_sales.cs_item_sk = item.i_item_sk LIMIT 149;3dd6b8528316a1dd5c5112f7acf7b40b
1627;SELECT inventory.* FROM inventory JOIN warehouse ON inventory.inv_warehouse_sk = warehouse.w_warehouse_sk JOIN item ON inventory.inv_item_sk = item.i_item_sk LIMIT 483;52f3499ba76b22621637b142268b4df0
1628;SELECT catalog_sales.* FROM catalog_sales JOIN item ON catalog_sales.cs_item_sk = item.i_item_sk JOIN customer ON catalog_sales.cs_bill_customer_sk = customer.c_customer_sk LIMIT 444;6ff39f45550d1b90584483643c9b8db4
1629;SELECT web_returns.* FROM web_returns JOIN customer ON web_returns.wr_refunded_customer_sk = customer.c_customer_sk LIMIT 311;64feba10a22eb8edf704a4f88300960b
1630;SELECT store_sales.* FROM store_sales JOIN item ON store_sales.ss_item_sk = item.i_item_sk JOIN customer ON store_sales.ss_customer_sk = customer.c_customer_sk LIMIT 174;4dc6c64e59277d03b03b5063cd06e3c7
1631;"SELECT w_substr, sm_type, web_name, SUM(CASE WHEN (ws_ship_date_sk - ws_sold_date_sk <= 23) THEN 1.0 ELSE 0.0 END) AS ""30 days"", SUM(CASE WHEN (ws_ship_date_sk - ws_sold_date_sk > 24) AND (ws_ship_date_sk - ws_sold_date_sk <= 56) THEN 1.0 ELSE 0.0 END) AS ""31-60 days"", SUM(CASE WHEN (ws_ship_date_sk - ws_sold_date_sk > 33) AND (ws_ship_date_sk - ws_sold_date_sk <= 92) THEN 1.0 ELSE 0.0 END) AS ""61-90 days"", SUM(CASE WHEN (ws_ship_date_sk - ws_sold_date_sk > 92) AND (ws_ship_date_sk - ws_sold_date_sk <= 95) THEN 1.0 ELSE 0.0 END) AS ""91-120 days"", SUM(CASE WHEN (ws_ship_date_sk - ws_sold_date_sk > 136) THEN 1.0 ELSE 0.0 END) AS "">120 days"" FROM web_sales, (SELECT SUBSTRING(w_warehouse_name FROM 1.0 FOR 20) AS w_substr, * FROM warehouse) AS sq1, ship_mode, web_site, date_dim WHERE d_month_seq BETWEEN 1097 AND 1656 + 12 AND ws_ship_date_sk = d_date_sk AND ws_warehouse_sk = w_warehouse_sk AND ws_ship_mode_sk = sm_ship_mode_sk AND ws_web_site_sk = web_site_sk GROUP BY w_substr, sm_type, web_name ORDER BY 1.0 NULLS FIRST, 1 NULLS FIRST, 3 NULLS FIRST LIMIT 98";bc9d5f9fd1e4e87d3d2a8fea1100b231
1632;SELECT catalog_sales.* FROM catalog_sales JOIN item ON catalog_sales.cs_item_sk = item.i_item_sk JOIN date_dim ON catalog_sales.cs_sold_date_sk = date_dim.d_date_sk LIMIT 399;7507e3e66871bdb200bb9afd78b55817
1633;SELECT store_sales.* FROM store_sales JOIN item ON store_sales.ss_item_sk = item.i_item_sk JOIN customer ON store_sales.ss_customer_sk = customer.c_customer_sk LIMIT 129;6737808f53d28f7e8af45ae6936a32ed
1634;SELECT dt.d_year, item.i_brand_id AS brand_id, item.i_brand AS brand, SUM(ss_ext_sales_price) AS sum_agg FROM date_dim AS dt, store_sales, item WHERE dt.d_date_sk = store_sales.ss_sold_date_sk AND store_sales.ss_item_sk = item.i_item_sk AND item.i_manufact_id = 142 AND dt.d_moy = 8 GROUP BY dt.d_year, item.i_brand, item.i_brand_id ORDER BY dt.d_year, sum_agg DESC NULLS LAST, brand_id LIMIT 98;edab6c1e6621759ac0f4502e28fac0f5
1635;SELECT web_sales.* FROM web_sales JOIN web_site ON web_sales.ws_web_site_sk = web_site.web_site_sk LIMIT 325;bb0bf22e47974969105755bb8e945425
1636;SELECT web_sales.* FROM web_sales JOIN customer ON web_sales.ws_bill_customer_sk = customer.c_customer_sk JOIN web_site ON web_sales.ws_web_site_sk = web_site.web_site_sk LIMIT 358;3fee4bed74f97f981dfa9036c857f915
1637;SELECT store_sales.* FROM store_sales JOIN item ON store_sales.ss_item_sk = item.i_item_sk JOIN customer ON store_sales.ss_customer_sk = customer.c_customer_sk LIMIT 413;cf07e517cd7299dfe7c5510f9dd06646
1638;SELECT store_sales.* FROM store_sales JOIN customer ON store_sales.ss_customer_sk = customer.c_customer_sk LIMIT 169;bf3860f49f49846f1c76987f8391c594
1639;SELECT web_sales.* FROM web_sales JOIN customer ON web_sales.ws_bill_customer_sk = customer.c_customer_sk LIMIT 297;70c7c8ec3ef7260f2021a2e23196f7ef
1640;SELECT store_sales.* FROM store_sales JOIN date_dim ON store_sales.ss_sold_date_sk = date_dim.d_date_sk LIMIT 109;f93bdaed56e932260ca65abf6c37f59b
1641;SELECT catalog_sales.* FROM catalog_sales JOIN warehouse ON catalog_sales.cs_warehouse_sk = warehouse.w_warehouse_sk JOIN item ON catalog_sales.cs_item_sk = item.i_item_sk LIMIT 290;03db960ff5a33e49989019d1b0b46e42
1642;SELECT catalog_sales.* FROM catalog_sales JOIN customer ON catalog_sales.cs_bill_customer_sk = customer.c_customer_sk LIMIT 156;5c7e012b953559a982e5c42be711a71a
1643;SELECT web_returns.* FROM web_returns JOIN date_dim ON web_returns.wr_returned_date_sk = date_dim.d_date_sk LIMIT 68;2e121b5da8daee0a1ac1544b5ac23802
1645;SELECT store_returns.* FROM store_returns JOIN date_dim ON store_returns.sr_returned_date_sk = date_dim.d_date_sk LIMIT 488;9c15985aff30632db99b75469efb4745
1646;SELECT catalog_sales.* FROM catalog_sales JOIN date_dim ON catalog_sales.cs_sold_date_sk = date_dim.d_date_sk JOIN warehouse ON catalog_sales.cs_warehouse_sk = warehouse.w_warehouse_sk LIMIT 429;0861c255ebfe1d4ffe5535935f6f9acf
1648;SELECT web_returns.* FROM web_returns JOIN customer ON web_returns.wr_refunded_customer_sk = customer.c_customer_sk LIMIT 177;4ce3b29f600320939a24973c3a78ded1
1649;SELECT web_sales.* FROM web_sales JOIN customer ON web_sales.ws_bill_customer_sk = customer.c_customer_sk LIMIT 125;229143520f1cce6caeffb453179cbc2e
1650;SELECT store_returns.* FROM store_returns JOIN item ON store_returns.sr_item_sk = item.i_item_sk JOIN date_dim ON store_returns.sr_returned_date_sk = date_dim.d_date_sk LIMIT 407;2acffa7d1e08391cab3a62c21e52d17c
1652;SELECT store_returns.* FROM store_returns JOIN customer ON store_returns.sr_customer_sk = customer.c_customer_sk LIMIT 393;c2796f1aa1932a773b9e1304cf55bfff
1654;SELECT web_returns.* FROM web_returns JOIN customer ON web_returns.wr_refunded_customer_sk = customer.c_customer_sk LIMIT 115;b0989c16d489db4b6fded61c81671e01
1655;SELECT web_sales.* FROM web_sales JOIN item ON web_sales.ws_item_sk = item.i_item_sk LIMIT 443;db12421bd39c50ccb21c01df2f76b410
1656;SELECT catalog_sales.* FROM catalog_sales JOIN warehouse ON catalog_sales.cs_warehouse_sk = warehouse.w_warehouse_sk LIMIT 499;239626a7dae6d210c6a916961442a20d
1657;SELECT store_sales.* FROM store_sales JOIN date_dim ON store_sales.ss_sold_date_sk = date_dim.d_date_sk JOIN store ON store_sales.ss_store_sk = store.s_store_sk LIMIT 389;eecf4185bccec1bab0e8ef4cee9d1371
1658;SELECT store_returns.* FROM store_returns JOIN customer ON store_returns.sr_customer_sk = customer.c_customer_sk JOIN date_dim ON store_returns.sr_returned_date_sk = date_dim.d_date_sk LIMIT 230;50fcba1a8b6551a3106b8de0931343b2
1659;SELECT catalog_sales.* FROM catalog_sales JOIN date_dim ON catalog_sales.cs_sold_date_sk = date_dim.d_date_sk JOIN warehouse ON catalog_sales.cs_warehouse_sk = warehouse.w_warehouse_sk LIMIT 356;adfbde1d69dceae05c7743f5a9d4bc33
1660;SELECT web_sales.* FROM web_sales JOIN customer ON web_sales.ws_bill_customer_sk = customer.c_customer_sk JOIN item ON web_sales.ws_item_sk = item.i_item_sk LIMIT 423;cbe6c9d25901543ac6be0f9795a9aca2
1661;WITH ssr AS (SELECT s_store_id AS store_id, SUM(ss_ext_sales_price) AS sales, SUM(COALESCE(sr_return_amt, 0.0)) AS returns_, SUM(ss_net_profit - COALESCE(sr_net_loss, 0.0)) AS profit FROM store_sales LEFT OUTER JOIN store_returns ON (ss_item_sk = sr_item_sk AND ss_ticket_number = sr_ticket_number), date_dim, store, item, promotion WHERE ss_sold_date_sk = d_date_sk AND d_date BETWEEN CAST('2000-08-23' AS DATE) AND CAST('2000-09-22' AS DATE) AND ss_store_sk = s_store_sk AND ss_item_sk = i_item_sk AND i_current_price > 70 AND ss_promo_sk = p_promo_sk AND p_channel_tv = 'N' GROUP BY s_store_id), csr AS (SELECT cp_catalog_page_id AS catalog_page_id, SUM(cs_ext_sales_price) AS sales, SUM(COALESCE(cr_return_amount, 0.0)) AS returns_, SUM(cs_net_profit - COALESCE(cr_net_loss, 0.0)) AS profit FROM catalog_sales LEFT OUTER JOIN catalog_returns ON (cs_item_sk = cr_item_sk AND cs_order_number = cr_order_number), date_dim, catalog_page, item, promotion WHERE cs_sold_date_sk = d_date_sk AND d_date BETWEEN CAST('2000-08-23' AS DATE) AND CAST('2000-09-22' AS DATE) AND cs_catalog_page_sk = cp_catalog_page_sk AND cs_item_sk = i_item_sk AND i_current_price > 43 AND cs_promo_sk = p_promo_sk AND p_channel_tv = 'N' GROUP BY cp_catalog_page_id), wsr AS (SELECT web_site_id, SUM(ws_ext_sales_price) AS sales, SUM(COALESCE(wr_return_amt, 0.0)) AS returns_, SUM(ws_net_profit - COALESCE(wr_net_loss, 0.0)) AS profit FROM web_sales LEFT OUTER JOIN web_returns ON (ws_item_sk = wr_item_sk AND ws_order_number = wr_order_number), date_dim, web_site, item, promotion WHERE ws_sold_date_sk = d_date_sk AND d_date BETWEEN CAST('2000-08-23' AS DATE) AND CAST('2000-09-22' AS DATE) AND ws_web_site_sk = web_site_sk AND ws_item_sk = i_item_sk AND i_current_price > 46 AND ws_promo_sk = p_promo_sk AND p_channel_tv = 'N' GROUP BY web_site_id) SELECT channel, id, SUM(sales) AS sales, SUM(returns_) AS returns_, SUM(profit) AS profit FROM (SELECT 'store channel' AS channel, CONCAT('store', store_id) AS id, sales, returns_, profit FROM ssr UNION ALL SELECT 'catalog channel' AS channel, CONCAT('catalog_page', catalog_page_id) AS id, sales, returns_, profit FROM csr UNION ALL SELECT 'web channel' AS channel, CONCAT('web_site', web_site_id) AS id, sales, returns_, profit FROM wsr) AS x GROUP BY ROLLUP (channel, id) ORDER BY channel NULLS FIRST, id NULLS FIRST LIMIT 65;540f25217a081177d155ee8497cd1be7
1662;SELECT store_sales.* FROM store_sales JOIN item ON store_sales.ss_item_sk = item.i_item_sk LIMIT 405;6bf0e2c8dd46397b103010da2ff3edca
1663;SELECT web_sales.* FROM web_sales JOIN customer ON web_sales.ws_bill_customer_sk = customer.c_customer_sk JOIN date_dim ON web_sales.ws_sold_date_sk = date_dim.d_date_sk LIMIT 166;1471c734e5a07fec0b8b700c08a4f774
1665;SELECT inventory.* FROM inventory JOIN item ON inventory.inv_item_sk = item.i_item_sk LIMIT 51;635f9a87e6c7d4140603bf275e4e33aa
1666;SELECT inventory.* FROM inventory JOIN warehouse ON inventory.inv_warehouse_sk = warehouse.w_warehouse_sk JOIN date_dim ON inventory.inv_date_sk = date_dim.d_date_sk LIMIT 364;9ccb8e3157a6ccd43fed883b4cdda6a3
1667;SELECT store_returns.* FROM store_returns JOIN item ON store_returns.sr_item_sk = item.i_item_sk LIMIT 271;aa1173fe0e6bbfc9c8e007c78d25e5a2
1668;SELECT inventory.* FROM inventory JOIN item ON inventory.inv_item_sk = item.i_item_sk JOIN warehouse ON inventory.inv_warehouse_sk = warehouse.w_warehouse_sk LIMIT 75;690e51fd00ba52fac9164eb6b6673763
1670;SELECT web_returns.* FROM web_returns JOIN item ON web_returns.wr_item_sk = item.i_item_sk LIMIT 281;897902b58ab6571c39e8f9639875c1f7
1672;SELECT catalog_sales.* FROM catalog_sales JOIN customer ON catalog_sales.cs_bill_customer_sk = customer.c_customer_sk JOIN item ON catalog_sales.cs_item_sk = item.i_item_sk LIMIT 488;1aacc4c608f749765291b45fdf94bc80
1674;SELECT inventory.* FROM inventory JOIN date_dim ON inventory.inv_date_sk = date_dim.d_date_sk LIMIT 69;0f36fa061e3e49ef39a3e48083754dcd
1677;SELECT inventory.* FROM inventory JOIN item ON inventory.inv_item_sk = item.i_item_sk JOIN warehouse ON inventory.inv_warehouse_sk = warehouse.w_warehouse_sk LIMIT 298;8428eff75f2130593b7587a7b3bc0f86
1678;SELECT inventory.* FROM inventory JOIN date_dim ON inventory.inv_date_sk = date_dim.d_date_sk JOIN item ON inventory.inv_item_sk = item.i_item_sk LIMIT 172;8d86dc5ed425bcd8f6b4d4e571315bbf
1680;SELECT inventory.* FROM inventory JOIN item ON inventory.inv_item_sk = item.i_item_sk JOIN date_dim ON inventory.inv_date_sk = date_dim.d_date_sk LIMIT 434;bbc04edf4f7f08d28a16110f075c349f
1681;SELECT store_sales.* FROM store_sales JOIN store ON store_sales.ss_store_sk = store.s_store_sk LIMIT 250;d38dd6527efbe84191ef65f46224a5bb
1682;SELECT web_sales.* FROM web_sales JOIN web_site ON web_sales.ws_web_site_sk = web_site.web_site_sk LIMIT 445;2f72d7ff565659754cb11f6906486a7b
1683;SELECT store_returns.* FROM store_returns JOIN date_dim ON store_returns.sr_returned_date_sk = date_dim.d_date_sk LIMIT 270;c69281f44495303d7b8d110a24797bd7
1684;SELECT store_sales.* FROM store_sales JOIN store ON store_sales.ss_store_sk = store.s_store_sk JOIN item ON store_sales.ss_item_sk = item.i_item_sk LIMIT 278;14505ec02aaf71292259b101013c3936
1685;SELECT web_returns.* FROM web_returns JOIN item ON web_returns.wr_item_sk = item.i_item_sk LIMIT 266;c1c6302cfc715696614b9a4ad884f640
1686;SELECT web_returns.* FROM web_returns JOIN customer ON web_returns.wr_refunded_customer_sk = customer.c_customer_sk JOIN date_dim ON web_returns.wr_returned_date_sk = date_dim.d_date_sk LIMIT 468;f7a467cfca4ae8242ee5aa17a4f99f8a
1687;SELECT inventory.* FROM inventory JOIN warehouse ON inventory.inv_warehouse_sk = warehouse.w_warehouse_sk JOIN date_dim ON inventory.inv_date_sk = date_dim.d_date_sk LIMIT 269;00efb2677029b8dca469db71729700d2
1689;SELECT store_returns.* FROM store_returns JOIN item ON store_returns.sr_item_sk = item.i_item_sk JOIN customer ON store_returns.sr_customer_sk = customer.c_customer_sk LIMIT 496;3b6e6b8a0ff99aa15312904a81ef3b03
1690;SELECT catalog_sales.* FROM catalog_sales JOIN warehouse ON catalog_sales.cs_warehouse_sk = warehouse.w_warehouse_sk JOIN item ON catalog_sales.cs_item_sk = item.i_item_sk LIMIT 177;df0cc57610946361b7178f1ac478918c
1691;SELECT web_returns.* FROM web_returns JOIN date_dim ON web_returns.wr_returned_date_sk = date_dim.d_date_sk JOIN item ON web_returns.wr_item_sk = item.i_item_sk LIMIT 60;4170716ead535e9974c6a9e38f64dd2a
1692;SELECT store_returns.* FROM store_returns JOIN date_dim ON store_returns.sr_returned_date_sk = date_dim.d_date_sk JOIN customer ON store_returns.sr_customer_sk = customer.c_customer_sk LIMIT 343;25950ba50510ae04fd736652f8491895
1693;SELECT store_sales.* FROM store_sales JOIN customer ON store_sales.ss_customer_sk = customer.c_customer_sk JOIN store ON store_sales.ss_store_sk = store.s_store_sk LIMIT 162;c3bf56d2b721f30d8e890edb9e58c5a8
1694;SELECT store_returns.* FROM store_returns JOIN item ON store_returns.sr_item_sk = item.i_item_sk JOIN date_dim ON store_returns.sr_returned_date_sk = date_dim.d_date_sk LIMIT 286;94aa50cb9e8a8c1761929e15b3c0d138
1696;SELECT inventory.* FROM inventory JOIN warehouse ON inventory.inv_warehouse_sk = warehouse.w_warehouse_sk LIMIT 233;86174f4c5f8c291fab45052b425219b1
1697;SELECT store_sales.* FROM store_sales JOIN date_dim ON store_sales.ss_sold_date_sk = date_dim.d_date_sk JOIN customer ON store_sales.ss_customer_sk = customer.c_customer_sk LIMIT 413;7e038cf6d7c90c70ff5f92613c538b8d
1698;SELECT web_returns.* FROM web_returns JOIN date_dim ON web_returns.wr_returned_date_sk = date_dim.d_date_sk JOIN item ON web_returns.wr_item_sk = item.i_item_sk LIMIT 407;68d55e79b377f3dc9476a5afd960958f
1699;SELECT store_returns.* FROM store_returns JOIN customer ON store_returns.sr_customer_sk = customer.c_customer_sk LIMIT 325;be9abe13a5f742bc191592653fca9c4f
1700;SELECT store_sales.* FROM store_sales JOIN store ON store_sales.ss_store_sk = store.s_store_sk JOIN date_dim ON store_sales.ss_sold_date_sk = date_dim.d_date_sk LIMIT 391;ef1d4e7958eb36273bc5d1baca837f8b
1702;SELECT store_returns.* FROM store_returns JOIN item ON store_returns.sr_item_sk = item.i_item_sk JOIN date_dim ON store_returns.sr_returned_date_sk = date_dim.d_date_sk LIMIT 431;87d2192d08e0b11f1f569879d4a07fde
1703;SELECT web_returns.* FROM web_returns JOIN customer ON web_returns.wr_refunded_customer_sk = customer.c_customer_sk JOIN date_dim ON web_returns.wr_returned_date_sk = date_dim.d_date_sk LIMIT 288;4f76650f609b394d9b405c365d52d808
1704;SELECT store_returns.* FROM store_returns JOIN customer ON store_returns.sr_customer_sk = customer.c_customer_sk LIMIT 351;718e14001f2d179b3e9aec8ddfba3d4e
1705;SELECT web_sales.* FROM web_sales JOIN customer ON web_sales.ws_bill_customer_sk = customer.c_customer_sk LIMIT 323;3c839db4231abddcc5d5c49a9a32398a
1706;SELECT inventory.* FROM inventory JOIN warehouse ON inventory.inv_warehouse_sk = warehouse.w_warehouse_sk LIMIT 324;64d04d45b436ff385b9247daf587a4e6
1707;SELECT web_returns.* FROM web_returns JOIN item ON web_returns.wr_item_sk = item.i_item_sk JOIN date_dim ON web_returns.wr_returned_date_sk = date_dim.d_date_sk LIMIT 351;ebf9261fcc257ff6eeb64b08439f3c65
1708;SELECT catalog_sales.* FROM catalog_sales JOIN item ON catalog_sales.cs_item_sk = item.i_item_sk JOIN date_dim ON catalog_sales.cs_sold_date_sk = date_dim.d_date_sk LIMIT 221;23d14d784a915dd8014db20a843d9f71
1709;SELECT web_returns.* FROM web_returns JOIN item ON web_returns.wr_item_sk = item.i_item_sk JOIN date_dim ON web_returns.wr_returned_date_sk = date_dim.d_date_sk LIMIT 59;1952c8c7144e875eff1dee2706e2f968
1710;SELECT web_returns.* FROM web_returns JOIN item ON web_returns.wr_item_sk = item.i_item_sk LIMIT 371;ec932fa64c8ac2b866d7542f13067e89
1711;SELECT catalog_sales.* FROM catalog_sales JOIN item ON catalog_sales.cs_item_sk = item.i_item_sk LIMIT 88;bf1cfe39f839207a5845f8e32d5c4fa1
1712;SELECT inventory.* FROM inventory JOIN date_dim ON inventory.inv_date_sk = date_dim.d_date_sk LIMIT 274;4c6dd579108cffa00c0db9d772b9c690
1714;SELECT store_returns.* FROM store_returns JOIN date_dim ON store_returns.sr_returned_date_sk = date_dim.d_date_sk LIMIT 497;baeb6a0a4a3c1ea9f686dbca65e3c845
1716;SELECT store_returns.* FROM store_returns JOIN date_dim ON store_returns.sr_returned_date_sk = date_dim.d_date_sk JOIN customer ON store_returns.sr_customer_sk = customer.c_customer_sk LIMIT 129;6f7391a36dfcbc8dcbf04e6bfd955ab7
1717;SELECT store_returns.* FROM store_returns JOIN item ON store_returns.sr_item_sk = item.i_item_sk JOIN date_dim ON store_returns.sr_returned_date_sk = date_dim.d_date_sk LIMIT 172;2ed553dcea3b19f3869bba1ed31e16bd
1719;SELECT catalog_sales.* FROM catalog_sales JOIN item ON catalog_sales.cs_item_sk = item.i_item_sk LIMIT 140;fa6a3d0e3d97295fe5e5c6cd80e5d30a
1720;SELECT inventory.* FROM inventory JOIN item ON inventory.inv_item_sk = item.i_item_sk JOIN warehouse ON inventory.inv_warehouse_sk = warehouse.w_warehouse_sk LIMIT 74;4e9d5a3d80a27d67fb7f2568f472b9e9
1721;SELECT store_sales.* FROM store_sales JOIN store ON store_sales.ss_store_sk = store.s_store_sk JOIN item ON store_sales.ss_item_sk = item.i_item_sk LIMIT 343;e265ca3d905b2983e8170fc3f0787f30
1723;SELECT inventory.* FROM inventory JOIN item ON inventory.inv_item_sk = item.i_item_sk JOIN warehouse ON inventory.inv_warehouse_sk = warehouse.w_warehouse_sk LIMIT 460;04998b554577d1360f7cd7e3286cb63e
1724;SELECT web_sales.* FROM web_sales JOIN customer ON web_sales.ws_bill_customer_sk = customer.c_customer_sk JOIN item ON web_sales.ws_item_sk = item.i_item_sk LIMIT 371;482988ec6c25d2239f1f5a021fe86de2
1726;SELECT web_returns.* FROM web_returns JOIN customer ON web_returns.wr_refunded_customer_sk = customer.c_customer_sk LIMIT 287;b08136adb70c5c1661b93e59f4c7369e
1727;SELECT web_returns.* FROM web_returns JOIN item ON web_returns.wr_item_sk = item.i_item_sk JOIN date_dim ON web_returns.wr_returned_date_sk = date_dim.d_date_sk LIMIT 257;0c6e38d40275818ca6fb84ca5e6d81d4
1728;SELECT inventory.* FROM inventory JOIN date_dim ON inventory.inv_date_sk = date_dim.d_date_sk JOIN item ON inventory.inv_item_sk = item.i_item_sk LIMIT 76;a020b11fcf2ebfaebeb372660f7c419c
1729;SELECT web_sales.* FROM web_sales JOIN item ON web_sales.ws_item_sk = item.i_item_sk JOIN date_dim ON web_sales.ws_sold_date_sk = date_dim.d_date_sk LIMIT 272;0351a7788540e45a242a9ba3a3367828
1730;SELECT catalog_sales.* FROM catalog_sales JOIN warehouse ON catalog_sales.cs_warehouse_sk = warehouse.w_warehouse_sk JOIN customer ON catalog_sales.cs_bill_customer_sk = customer.c_customer_sk LIMIT 316;ff8132683e2e3f1374ff8bd32dbae7cd
1732;SELECT inventory.* FROM inventory JOIN item ON inventory.inv_item_sk = item.i_item_sk LIMIT 70;6f9a87dcffeb0e2dccdcfade8bf09883
1733;SELECT store_sales.* FROM store_sales JOIN date_dim ON store_sales.ss_sold_date_sk = date_dim.d_date_sk JOIN customer ON store_sales.ss_customer_sk = customer.c_customer_sk LIMIT 135;8d5d9ea6e8d60cae074001390ff86b5d
1735;SELECT catalog_sales.* FROM catalog_sales JOIN customer ON catalog_sales.cs_bill_customer_sk = customer.c_customer_sk LIMIT 78;ac6c7a2f560a2db8d19751a9e99dc152
1736;SELECT store_sales.* FROM store_sales JOIN date_dim ON store_sales.ss_sold_date_sk = date_dim.d_date_sk LIMIT 325;dcfc0519429a8c4987e73004483c433f
1737;SELECT inventory.* FROM inventory JOIN warehouse ON inventory.inv_warehouse_sk = warehouse.w_warehouse_sk LIMIT 366;32c5f1ede28bd272963da2fd8b5c5d85
1738;SELECT web_returns.* FROM web_returns JOIN date_dim ON web_returns.wr_returned_date_sk = date_dim.d_date_sk LIMIT 212;0838977a70c7ce883412da9b780dd816
1739;SELECT catalog_sales.* FROM catalog_sales JOIN warehouse ON catalog_sales.cs_warehouse_sk = warehouse.w_warehouse_sk JOIN date_dim ON catalog_sales.cs_sold_date_sk = date_dim.d_date_sk LIMIT 71;2310012931069712e89cd82e3f5d6552
1740;SELECT store_sales.* FROM store_sales JOIN store ON store_sales.ss_store_sk = store.s_store_sk JOIN date_dim ON store_sales.ss_sold_date_sk = date_dim.d_date_sk LIMIT 167;60449ebc87f7c1e89b696408a4073970
1741;SELECT store_returns.* FROM store_returns JOIN customer ON store_returns.sr_customer_sk = customer.c_customer_sk JOIN item ON store_returns.sr_item_sk = item.i_item_sk LIMIT 155;c237d5c271924e281ee7b3af387b4d88
1742;SELECT web_returns.* FROM web_returns JOIN item ON web_returns.wr_item_sk = item.i_item_sk JOIN customer ON web_returns.wr_refunded_customer_sk = customer.c_customer_sk LIMIT 284;e403f2c186f12c21c7ebd29c17a5d39a
1743;SELECT web_returns.* FROM web_returns JOIN customer ON web_returns.wr_refunded_customer_sk = customer.c_customer_sk JOIN date_dim ON web_returns.wr_returned_date_sk = date_dim.d_date_sk LIMIT 409;605e892b55226b69efd1e5f86b88a9a7
1744;SELECT catalog_sales.* FROM catalog_sales JOIN date_dim ON catalog_sales.cs_sold_date_sk = date_dim.d_date_sk JOIN customer ON catalog_sales.cs_bill_customer_sk = customer.c_customer_sk LIMIT 137;169c0bd878a6ea8faff8cce558f940b3
1745;SELECT catalog_sales.* FROM catalog_sales JOIN warehouse ON catalog_sales.cs_warehouse_sk = warehouse.w_warehouse_sk JOIN item ON catalog_sales.cs_item_sk = item.i_item_sk LIMIT 72;ae8380ae1cf2b6efe350362f781fdd50
1746;SELECT catalog_sales.* FROM catalog_sales JOIN item ON catalog_sales.cs_item_sk = item.i_item_sk LIMIT 195;82a2867d1e73de3b8098066e68e67165
1747;SELECT web_returns.* FROM web_returns JOIN date_dim ON web_returns.wr_returned_date_sk = date_dim.d_date_sk LIMIT 88;4fc4767fe0a11ad21997cf856a7352e8
1748;SELECT store_sales.* FROM store_sales JOIN date_dim ON store_sales.ss_sold_date_sk = date_dim.d_date_sk JOIN item ON store_sales.ss_item_sk = item.i_item_sk LIMIT 448;d50e9e52db88f9f88b3e7dc04dc19a72
1749;SELECT catalog_sales.* FROM catalog_sales JOIN customer ON catalog_sales.cs_bill_customer_sk = customer.c_customer_sk JOIN date_dim ON catalog_sales.cs_sold_date_sk = date_dim.d_date_sk LIMIT 318;e83168cb983445c4c69410ad9e6c7e3e
1751;SELECT web_returns.* FROM web_returns JOIN item ON web_returns.wr_item_sk = item.i_item_sk JOIN date_dim ON web_returns.wr_returned_date_sk = date_dim.d_date_sk LIMIT 314;27e2cfb4ae4b9fef8001f909871c9337
1752;SELECT store_sales.* FROM store_sales JOIN date_dim ON store_sales.ss_sold_date_sk = date_dim.d_date_sk JOIN customer ON store_sales.ss_customer_sk = customer.c_customer_sk LIMIT 137;c7ff857e75459bb3dad3eb2bfe099227
1753;SELECT web_sales.* FROM web_sales JOIN item ON web_sales.ws_item_sk = item.i_item_sk JOIN customer ON web_sales.ws_bill_customer_sk = customer.c_customer_sk LIMIT 222;d68be8fe06b91d4c5c078f0a20183405
1754;SELECT web_returns.* FROM web_returns JOIN date_dim ON web_returns.wr_returned_date_sk = date_dim.d_date_sk LIMIT 175;11a62038124126e40337f8943c034518
1755;SELECT inventory.* FROM inventory JOIN item ON inventory.inv_item_sk = item.i_item_sk LIMIT 62;016b54bbf86179856dbfbb421d6acd5d
1756;SELECT store_returns.* FROM store_returns JOIN date_dim ON store_returns.sr_returned_date_sk = date_dim.d_date_sk LIMIT 268;060de00e6b45bb667c03f35faa940484
1758;SELECT catalog_sales.* FROM catalog_sales JOIN date_dim ON catalog_sales.cs_sold_date_sk = date_dim.d_date_sk LIMIT 288;172559aa697b70e3491470ad066e7ce4
1759;SELECT web_sales.* FROM web_sales JOIN date_dim ON web_sales.ws_sold_date_sk = date_dim.d_date_sk JOIN item ON web_sales.ws_item_sk = item.i_item_sk LIMIT 462;35c1a8b88cbe1bd8d7a3ea6efb88bdbc
1760;SELECT web_sales.* FROM web_sales JOIN item ON web_sales.ws_item_sk = item.i_item_sk LIMIT 293;59818e7f62e24a5b4d193e4d5dd4c91f
1761;SELECT catalog_sales.* FROM catalog_sales JOIN warehouse ON catalog_sales.cs_warehouse_sk = warehouse.w_warehouse_sk JOIN customer ON catalog_sales.cs_bill_customer_sk = customer.c_customer_sk LIMIT 212;4b9c5d211b7ef5953367ad02b65a20a4
1762;SELECT catalog_sales.* FROM catalog_sales JOIN warehouse ON catalog_sales.cs_warehouse_sk = warehouse.w_warehouse_sk LIMIT 190;20c3c357c5b116ec5d1b45c1be7f1ed0
1763;SELECT web_returns.* FROM web_returns JOIN date_dim ON web_returns.wr_returned_date_sk = date_dim.d_date_sk JOIN item ON web_returns.wr_item_sk = item.i_item_sk LIMIT 329;9f2c5f6846046e9d9d86c6d4aad73772
1764;SELECT web_sales.* FROM web_sales JOIN web_site ON web_sales.ws_web_site_sk = web_site.web_site_sk JOIN date_dim ON web_sales.ws_sold_date_sk = date_dim.d_date_sk LIMIT 68;20e659b450125619f204f86b3be2db13
1765;SELECT store_sales.* FROM store_sales JOIN date_dim ON store_sales.ss_sold_date_sk = date_dim.d_date_sk JOIN customer ON store_sales.ss_customer_sk = customer.c_customer_sk LIMIT 462;35a1164b26dfe0ef5fe0b15eb40cead9
1768;SELECT web_returns.* FROM web_returns JOIN customer ON web_returns.wr_refunded_customer_sk = customer.c_customer_sk LIMIT 220;a429a33f6b695171a739b7807646f7d7
1769;SELECT store_sales.* FROM store_sales JOIN customer ON store_sales.ss_customer_sk = customer.c_customer_sk JOIN date_dim ON store_sales.ss_sold_date_sk = date_dim.d_date_sk LIMIT 295;b5656cf765f2039cbe701bc0685b196c
1770;SELECT web_returns.* FROM web_returns JOIN item ON web_returns.wr_item_sk = item.i_item_sk LIMIT 72;b0d39cb17414d0f3742af98b47ffaf87
1771;SELECT catalog_sales.* FROM catalog_sales JOIN customer ON catalog_sales.cs_bill_customer_sk = customer.c_customer_sk LIMIT 278;a7f327999a96fdf6b7bb7234d02c67c7
1772;SELECT catalog_sales.* FROM catalog_sales JOIN item ON catalog_sales.cs_item_sk = item.i_item_sk JOIN date_dim ON catalog_sales.cs_sold_date_sk = date_dim.d_date_sk LIMIT 400;99b84c7e1f41f4ec1cbc2ca5c3c7c971
1773;SELECT web_returns.* FROM web_returns JOIN customer ON web_returns.wr_refunded_customer_sk = customer.c_customer_sk LIMIT 153;aefd3c0ffe4871a536dbc6f2ac87fa46
1774;SELECT inventory.* FROM inventory JOIN date_dim ON inventory.inv_date_sk = date_dim.d_date_sk JOIN item ON inventory.inv_item_sk = item.i_item_sk LIMIT 248;e19291e78bc32ca95162159202ab5b8f
1775;SELECT web_returns.* FROM web_returns JOIN item ON web_returns.wr_item_sk = item.i_item_sk JOIN customer ON web_returns.wr_refunded_customer_sk = customer.c_customer_sk LIMIT 63;87fc682fccd3bbfe4252bb7baaa76473
1776;SELECT store_sales.* FROM store_sales JOIN store ON store_sales.ss_store_sk = store.s_store_sk LIMIT 63;4b6438f40f22c2d6d6a1c045771bb5c8
1778;SELECT web_sales.* FROM web_sales JOIN date_dim ON web_sales.ws_sold_date_sk = date_dim.d_date_sk LIMIT 63;3a9c7801cf304c33b9e249cf35629c55
1779;SELECT web_returns.* FROM web_returns JOIN date_dim ON web_returns.wr_returned_date_sk = date_dim.d_date_sk JOIN item ON web_returns.wr_item_sk = item.i_item_sk LIMIT 321;85f2459957568ff417fea0392da0a250
1780;SELECT web_sales.* FROM web_sales JOIN date_dim ON web_sales.ws_sold_date_sk = date_dim.d_date_sk JOIN customer ON web_sales.ws_bill_customer_sk = customer.c_customer_sk LIMIT 211;b9f06eff9fc42c16a053fecc55efe593
1781;SELECT web_sales.* FROM web_sales JOIN date_dim ON web_sales.ws_sold_date_sk = date_dim.d_date_sk LIMIT 206;8c4bbf75a591d1fb05015723c00efd26
1782;SELECT store_sales.* FROM store_sales JOIN customer ON store_sales.ss_customer_sk = customer.c_customer_sk JOIN date_dim ON store_sales.ss_sold_date_sk = date_dim.d_date_sk LIMIT 119;e4723ae9f66c3529425872fed1e8138e
1783;"SELECT w_substr, sm_type, LOWER(cc_name) AS cc_name_lower, SUM(CASE WHEN (cs_ship_date_sk - cs_sold_date_sk <= 30) THEN 1 ELSE 0 END) AS ""30 days"", SUM(CASE WHEN (cs_ship_date_sk - cs_sold_date_sk > 30) AND (cs_ship_date_sk - cs_sold_date_sk <= 60) THEN 1 ELSE 0 END) AS ""31-60 days"", SUM(CASE WHEN (cs_ship_date_sk - cs_sold_date_sk > 60) AND (cs_ship_date_sk - cs_sold_date_sk <= 90) THEN 1 ELSE 0 END) AS ""61-90 days"", SUM(CASE WHEN (cs_ship_date_sk - cs_sold_date_sk > 90) AND (cs_ship_date_sk - cs_sold_date_sk <= 120) THEN 1 ELSE 0 END) AS ""91-120 days"", SUM(CASE WHEN (cs_ship_date_sk - cs_sold_date_sk > 120) THEN 1 ELSE 0 END) AS "">120 days"" FROM catalog_sales, (SELECT SUBSTRING(w_warehouse_name FROM 1 FOR 20) AS w_substr, * FROM warehouse) AS sq1, ship_mode, call_center, date_dim WHERE d_month_seq BETWEEN 1200 AND 1200 + 11 AND cs_ship_date_sk = d_date_sk AND cs_warehouse_sk = w_warehouse_sk AND cs_ship_mode_sk = sm_ship_mode_sk AND cs_call_center_sk = cc_call_center_sk GROUP BY w_substr, sm_type, cc_name ORDER BY w_substr NULLS FIRST, sm_type NULLS FIRST, cc_name_lower NULLS FIRST LIMIT 100";ae3a4b8cb3bd4078171a1558a711fad1
1785;SELECT inventory.* FROM inventory JOIN warehouse ON inventory.inv_warehouse_sk = warehouse.w_warehouse_sk JOIN date_dim ON inventory.inv_date_sk = date_dim.d_date_sk LIMIT 298;381415755f7b58488dd69556b4ef815a
1786;SELECT store_sales.* FROM store_sales JOIN item ON store_sales.ss_item_sk = item.i_item_sk JOIN store ON store_sales.ss_store_sk = store.s_store_sk LIMIT 68;c30b20189aaa0f54b2399848c5f39635
1787;SELECT catalog_sales.* FROM catalog_sales JOIN customer ON catalog_sales.cs_bill_customer_sk = customer.c_customer_sk LIMIT 415;486e5fd9335e4509fc4efb41d2505ef7
1788;SELECT inventory.* FROM inventory JOIN item ON inventory.inv_item_sk = item.i_item_sk JOIN warehouse ON inventory.inv_warehouse_sk = warehouse.w_warehouse_sk LIMIT 379;8c5af562df7a9598b3fd428fbda03093
1789;SELECT web_returns.* FROM web_returns JOIN customer ON web_returns.wr_refunded_customer_sk = customer.c_customer_sk LIMIT 173;ea1f611031bf19616d6cf485c2cbf127
1790;SELECT web_returns.* FROM web_returns JOIN item ON web_returns.wr_item_sk = item.i_item_sk LIMIT 268;1d7f426c3e4b97d6d9852e2cba9df986
1792;SELECT catalog_sales.* FROM catalog_sales JOIN warehouse ON catalog_sales.cs_warehouse_sk = warehouse.w_warehouse_sk JOIN customer ON catalog_sales.cs_bill_customer_sk = customer.c_customer_sk LIMIT 355;4fd64a8605d8fcf426bf5f1ddfab743c
1793;SELECT web_sales.* FROM web_sales JOIN web_site ON web_sales.ws_web_site_sk = web_site.web_site_sk LIMIT 239;5dcb3df00ee719abe7807e0e37b591d6
1795;SELECT web_returns.* FROM web_returns JOIN customer ON web_returns.wr_refunded_customer_sk = customer.c_customer_sk LIMIT 500;4e0887747975f9440a19fa49a4f76d40
1796;SELECT inventory.* FROM inventory JOIN date_dim ON inventory.inv_date_sk = date_dim.d_date_sk JOIN item ON inventory.inv_item_sk = item.i_item_sk LIMIT 495;cdd935ed48dc3e3df3d80db290a149a3
1797;SELECT catalog_sales.* FROM catalog_sales JOIN warehouse ON catalog_sales.cs_warehouse_sk = warehouse.w_warehouse_sk LIMIT 87;8183b8cc04d06e34d1e8e5a00e7a04cd
1798;SELECT web_returns.* FROM web_returns JOIN date_dim ON web_returns.wr_returned_date_sk = date_dim.d_date_sk LIMIT 256;0e6524e15fb67f0cb712e56cc5cfa588
1800;SELECT store_sales.* FROM store_sales JOIN item ON store_sales.ss_item_sk = item.i_item_sk LIMIT 79;b487303977bba364cc6401cc4aaec9c5
1802;SELECT web_sales.* FROM web_sales JOIN date_dim ON web_sales.ws_sold_date_sk = date_dim.d_date_sk JOIN web_site ON web_sales.ws_web_site_sk = web_site.web_site_sk LIMIT 237;58b2e299e63df3caf99363842079c84b
1803;SELECT web_returns.* FROM web_returns JOIN date_dim ON web_returns.wr_returned_date_sk = date_dim.d_date_sk LIMIT 351;606995ed83da01f2682c464fa0e086e3
1805;SELECT store_returns.* FROM store_returns JOIN customer ON store_returns.sr_customer_sk = customer.c_customer_sk JOIN item ON store_returns.sr_item_sk = item.i_item_sk LIMIT 138;23a11fd84b2a184c3e0091ec762e527d
1806;SELECT web_sales.* FROM web_sales JOIN web_site ON web_sales.ws_web_site_sk = web_site.web_site_sk JOIN item ON web_sales.ws_item_sk = item.i_item_sk LIMIT 441;460298074263060d51813616855d58df
1807;WITH ssr AS (SELECT s_store_id AS store_id, SUM(ss_ext_sales_price) AS sales, SUM(COALESCE(sr_return_amt, 0)) AS returns_, SUM(ss_net_profit - COALESCE(sr_net_loss, 0)) AS profit FROM store_sales LEFT OUTER JOIN store_returns ON (ss_item_sk = sr_item_sk AND ss_ticket_number = sr_ticket_number), date_dim, store, item, promotion WHERE ss_sold_date_sk = d_date_sk AND d_date BETWEEN CAST('2000-08-23' AS DATE) AND CAST('2000-09-22' AS DATE) AND ss_store_sk = s_store_sk AND ss_item_sk = i_item_sk AND i_current_price > 50 AND ss_promo_sk = p_promo_sk AND p_channel_tv = 'N' GROUP BY s_store_id), csr AS (SELECT cp_catalog_page_id AS catalog_page_id, SUM(cs_ext_sales_price) AS sales, SUM(COALESCE(cr_return_amount, 0)) AS returns_, SUM(cs_net_profit - COALESCE(cr_net_loss, 0)) AS profit FROM catalog_sales LEFT OUTER JOIN catalog_returns ON (cs_item_sk = cr_item_sk AND cs_order_number = cr_order_number), date_dim, catalog_page, item, promotion WHERE cs_sold_date_sk = d_date_sk AND d_date BETWEEN CAST('2000-08-23' AS DATE) AND CAST('2000-09-22' AS DATE) AND cs_catalog_page_sk = cp_catalog_page_sk AND cs_item_sk = i_item_sk AND i_current_price > 50 AND cs_promo_sk = p_promo_sk AND p_channel_tv = 'N' GROUP BY cp_catalog_page_id), wsr AS (SELECT web_site_id, SUM(ws_ext_sales_price) AS sales, SUM(COALESCE(wr_return_amt, 0)) AS returns_, SUM(ws_net_profit - COALESCE(wr_net_loss, 0)) AS profit FROM web_sales LEFT OUTER JOIN web_returns ON (ws_item_sk = wr_item_sk AND ws_order_number = wr_order_number), date_dim, web_site, item, promotion WHERE ws_sold_date_sk = d_date_sk AND d_date BETWEEN CAST('2000-08-23' AS DATE) AND CAST('2000-09-22' AS DATE) AND ws_web_site_sk = web_site_sk AND ws_item_sk = i_item_sk AND i_current_price > 50 AND ws_promo_sk = p_promo_sk AND p_channel_tv = 'N' GROUP BY web_site_id) SELECT channel, id, SUM(sales) AS sales, SUM(returns_) AS returns_, SUM(profit) AS profit FROM (SELECT 'store channel' AS channel, CONCAT('store', store_id) AS id, sales, returns_, profit FROM ssr UNION ALL SELECT 'catalog channel' AS channel, CONCAT('catalog_page', catalog_page_id) AS id, sales, returns_, profit FROM csr UNION ALL SELECT 'web channel' AS channel, CONCAT('web_site', web_site_id) AS id, sales, returns_, profit FROM wsr) AS x GROUP BY ROLLUP (channel, id) ORDER BY channel NULLS FIRST, id NULLS FIRST LIMIT 100;44171872d198aea57a54d9f0975165a8
1808;SELECT catalog_sales.* FROM catalog_sales JOIN item ON catalog_sales.cs_item_sk = item.i_item_sk LIMIT 389;5f48df4cd029013a232f1435952d1cea
1809;SELECT web_returns.* FROM web_returns JOIN date_dim ON web_returns.wr_returned_date_sk = date_dim.d_date_sk JOIN item ON web_returns.wr_item_sk = item.i_item_sk LIMIT 236;3d6dfb436787caeeebfb449a8faeba11
1810;SELECT store_sales.* FROM store_sales JOIN date_dim ON store_sales.ss_sold_date_sk = date_dim.d_date_sk LIMIT 348;b85f53a7a821390a3554788d82db4f23
1811;SELECT inventory.* FROM inventory JOIN date_dim ON inventory.inv_date_sk = date_dim.d_date_sk JOIN item ON inventory.inv_item_sk = item.i_item_sk LIMIT 209;0d86274fe13ec3dcd6c4d9032610bb2f
1812;SELECT inventory.* FROM inventory JOIN date_dim ON inventory.inv_date_sk = date_dim.d_date_sk JOIN warehouse ON inventory.inv_warehouse_sk = warehouse.w_warehouse_sk LIMIT 249;52ad2e357979cdfb302d7a526eef2b84
1814;SELECT store_returns.* FROM store_returns JOIN date_dim ON store_returns.sr_returned_date_sk = date_dim.d_date_sk JOIN item ON store_returns.sr_item_sk = item.i_item_sk LIMIT 236;bdadb63e1f7ae60b60bb7682462688b0
1815;SELECT store_returns.* FROM store_returns JOIN date_dim ON store_returns.sr_returned_date_sk = date_dim.d_date_sk JOIN item ON store_returns.sr_item_sk = item.i_item_sk LIMIT 94;28cec42606c8e31a4d95b0a85ce3ab49
1816;SELECT catalog_sales.* FROM catalog_sales JOIN item ON catalog_sales.cs_item_sk = item.i_item_sk LIMIT 482;cd623d74a6e3f9be01da26e2987abc87
1817;SELECT web_returns.* FROM web_returns JOIN item ON web_returns.wr_item_sk = item.i_item_sk LIMIT 422;a1bf0c1565bf9f970985d628966bed38
1818;SELECT web_returns.* FROM web_returns JOIN date_dim ON web_returns.wr_returned_date_sk = date_dim.d_date_sk JOIN customer ON web_returns.wr_refunded_customer_sk = customer.c_customer_sk LIMIT 289;c1ad585d178df5571d3043866a27ec53
1819;SELECT web_sales.* FROM web_sales JOIN item ON web_sales.ws_item_sk = item.i_item_sk JOIN web_site ON web_sales.ws_web_site_sk = web_site.web_site_sk LIMIT 187;418185fa71db7b8a65a07f3bb53c13df
1820;SELECT store_returns.* FROM store_returns JOIN date_dim ON store_returns.sr_returned_date_sk = date_dim.d_date_sk JOIN customer ON store_returns.sr_customer_sk = customer.c_customer_sk LIMIT 380;9d4672607e47fc723334705c7b7e5492
1821;SELECT web_returns.* FROM web_returns JOIN item ON web_returns.wr_item_sk = item.i_item_sk JOIN date_dim ON web_returns.wr_returned_date_sk = date_dim.d_date_sk LIMIT 190;5810414d35d87adece071dd9297e2a51
1823;SELECT web_returns.* FROM web_returns JOIN item ON web_returns.wr_item_sk = item.i_item_sk JOIN customer ON web_returns.wr_refunded_customer_sk = customer.c_customer_sk LIMIT 94;69905097ef1e4c1bef1d62426d9dce56
1824;SELECT inventory.* FROM inventory JOIN item ON inventory.inv_item_sk = item.i_item_sk LIMIT 467;759e3b0d3a99e974dafedc3496265ea8
1825;SELECT web_returns.* FROM web_returns JOIN item ON web_returns.wr_item_sk = item.i_item_sk JOIN customer ON web_returns.wr_refunded_customer_sk = customer.c_customer_sk LIMIT 329;e813cfed5907125a258fe91870fc4285
1826;SELECT web_sales.* FROM web_sales JOIN customer ON web_sales.ws_bill_customer_sk = customer.c_customer_sk JOIN item ON web_sales.ws_item_sk = item.i_item_sk LIMIT 200;bf4805f87974f4433b2e5e8fb42573bc
1827;SELECT store_returns.* FROM store_returns JOIN item ON store_returns.sr_item_sk = item.i_item_sk JOIN date_dim ON store_returns.sr_returned_date_sk = date_dim.d_date_sk LIMIT 173;caf2e97a37be800287d0122175722f20
1828;SELECT web_returns.* FROM web_returns JOIN customer ON web_returns.wr_refunded_customer_sk = customer.c_customer_sk JOIN item ON web_returns.wr_item_sk = item.i_item_sk LIMIT 435;47fd87ac3dc81ac8bfcb41e694c72439
1829;SELECT web_returns.* FROM web_returns JOIN customer ON web_returns.wr_refunded_customer_sk = customer.c_customer_sk LIMIT 363;b09000fa2788fc00c5efe05b6d7897b5
1830;SELECT web_sales.* FROM web_sales JOIN item ON web_sales.ws_item_sk = item.i_item_sk LIMIT 96;6792125f5ba7a6650578961d06e37667
1831;SELECT web_sales.* FROM web_sales JOIN web_site ON web_sales.ws_web_site_sk = web_site.web_site_sk LIMIT 475;0c7ad921b4cc681b90929856307f5829
1832;SELECT store_returns.* FROM store_returns JOIN date_dim ON store_returns.sr_returned_date_sk = date_dim.d_date_sk JOIN item ON store_returns.sr_item_sk = item.i_item_sk LIMIT 459;c6a74acbda2efce5631b5f9d2f09632e
1833;SELECT store_sales.* FROM store_sales JOIN customer ON store_sales.ss_customer_sk = customer.c_customer_sk LIMIT 330;40e99c0a7d77a3b750c87e5d79d08d1d
1834;SELECT inventory.* FROM inventory JOIN item ON inventory.inv_item_sk = item.i_item_sk JOIN date_dim ON inventory.inv_date_sk = date_dim.d_date_sk LIMIT 285;5a8596ca77a68546775d699fc7b751cd
1835;SELECT web_returns.* FROM web_returns JOIN customer ON web_returns.wr_refunded_customer_sk = customer.c_customer_sk JOIN item ON web_returns.wr_item_sk = item.i_item_sk LIMIT 469;202f39173e69c364f9999deab668f02d
1836;SELECT store_sales.* FROM store_sales JOIN item ON store_sales.ss_item_sk = item.i_item_sk JOIN store ON store_sales.ss_store_sk = store.s_store_sk LIMIT 152;97e6abe702c6ec32851472a79a6dbf09
1837;SELECT web_returns.* FROM web_returns JOIN customer ON web_returns.wr_refunded_customer_sk = customer.c_customer_sk JOIN date_dim ON web_returns.wr_returned_date_sk = date_dim.d_date_sk LIMIT 185;a521a5aeb0deef9c9b7917cdfc1a6565
1838;SELECT inventory.* FROM inventory JOIN item ON inventory.inv_item_sk = item.i_item_sk JOIN warehouse ON inventory.inv_warehouse_sk = warehouse.w_warehouse_sk LIMIT 140;a8d07335b714c510eee237ffce6f2e1b
1839;SELECT web_returns.* FROM web_returns JOIN customer ON web_returns.wr_refunded_customer_sk = customer.c_customer_sk JOIN item ON web_returns.wr_item_sk = item.i_item_sk LIMIT 496;699799ba1ccafd035a52f5addc31b502
1840;SELECT inventory.* FROM inventory JOIN warehouse ON inventory.inv_warehouse_sk = warehouse.w_warehouse_sk LIMIT 111;adaf0306b0c2612b21839804514d1d2f
1841;SELECT store_sales.* FROM store_sales JOIN item ON store_sales.ss_item_sk = item.i_item_sk JOIN customer ON store_sales.ss_customer_sk = customer.c_customer_sk LIMIT 374;e9974f82a19cd244e7853329200062ba
1842;SELECT catalog_sales.* FROM catalog_sales JOIN warehouse ON catalog_sales.cs_warehouse_sk = warehouse.w_warehouse_sk LIMIT 264;179b66705437525dc2507cf3278ca2ad
1843;SELECT web_returns.* FROM web_returns JOIN date_dim ON web_returns.wr_returned_date_sk = date_dim.d_date_sk LIMIT 196;e59119813de4725841af90885cea12c7
1844;SELECT store_returns.* FROM store_returns JOIN item ON store_returns.sr_item_sk = item.i_item_sk JOIN date_dim ON store_returns.sr_returned_date_sk = date_dim.d_date_sk LIMIT 223;fb13ac460bd3e8089e7a0e503099a068
1845;SELECT web_returns.* FROM web_returns JOIN item ON web_returns.wr_item_sk = item.i_item_sk JOIN customer ON web_returns.wr_refunded_customer_sk = customer.c_customer_sk LIMIT 332;858e5f9431430bb154093c5c241b413c
1846;SELECT web_sales.* FROM web_sales JOIN item ON web_sales.ws_item_sk = item.i_item_sk JOIN customer ON web_sales.ws_bill_customer_sk = customer.c_customer_sk LIMIT 278;3cf0ec7674058b59520d99090eeb7a26
1847;SELECT store_returns.* FROM store_returns JOIN customer ON store_returns.sr_customer_sk = customer.c_customer_sk JOIN date_dim ON store_returns.sr_returned_date_sk = date_dim.d_date_sk LIMIT 394;cdb5d9ac150f21538b11b046ab9fb2a0
1848;SELECT web_sales.* FROM web_sales JOIN date_dim ON web_sales.ws_sold_date_sk = date_dim.d_date_sk LIMIT 306;e7bcf6244ef9a03f9664ea918d2cf334
1849;SELECT web_sales.* FROM web_sales JOIN web_site ON web_sales.ws_web_site_sk = web_site.web_site_sk JOIN date_dim ON web_sales.ws_sold_date_sk = date_dim.d_date_sk LIMIT 185;35a86ee29d5c6fcbb21d517e785b2afe
1850;SELECT catalog_sales.* FROM catalog_sales JOIN item ON catalog_sales.cs_item_sk = item.i_item_sk LIMIT 264;ce6e4b51fcadc292b378241a1060d044
1851;SELECT store_returns.* FROM store_returns JOIN item ON store_returns.sr_item_sk = item.i_item_sk JOIN date_dim ON store_returns.sr_returned_date_sk = date_dim.d_date_sk LIMIT 119;53cfe39ac7115051aac0c64209847dda
1853;SELECT catalog_sales.* FROM catalog_sales JOIN warehouse ON catalog_sales.cs_warehouse_sk = warehouse.w_warehouse_sk JOIN date_dim ON catalog_sales.cs_sold_date_sk = date_dim.d_date_sk LIMIT 223;97ef4b457937b0b71cd8f8c4acdac042
1854;SELECT store_sales.* FROM store_sales JOIN customer ON store_sales.ss_customer_sk = customer.c_customer_sk LIMIT 357;22dcfe224337580f3d9b3a0e3da79646
1855;SELECT dt.d_year, SUM(ss_ext_sales_price) AS sum_agg FROM date_dim AS dt, store_sales WHERE  GROUP BY dt.d_year ORDER BY dt.d_year, sum_agg DESC NULLS LAST, brand_id LIMIT 134;418f2daaabc891992d702d1cc3b8d13a
1856;SELECT web_sales.* FROM web_sales JOIN date_dim ON web_sales.ws_sold_date_sk = date_dim.d_date_sk JOIN web_site ON web_sales.ws_web_site_sk = web_site.web_site_sk LIMIT 316;d9657b9ae18909b504698f43c548797f
1858;SELECT store_sales.* FROM store_sales JOIN store ON store_sales.ss_store_sk = store.s_store_sk JOIN customer ON store_sales.ss_customer_sk = customer.c_customer_sk LIMIT 213;017401884f7d53aa45eb8a0dd3ecf40f
1859;SELECT catalog_sales.* FROM catalog_sales JOIN warehouse ON catalog_sales.cs_warehouse_sk = warehouse.w_warehouse_sk JOIN date_dim ON catalog_sales.cs_sold_date_sk = date_dim.d_date_sk LIMIT 120;b127f0ac0e7f6f6b2ac28bce32ceef3b
1860;SELECT inventory.* FROM inventory JOIN date_dim ON inventory.inv_date_sk = date_dim.d_date_sk JOIN warehouse ON inventory.inv_warehouse_sk = warehouse.w_warehouse_sk LIMIT 411;3404a7c61bf2dabc9f47412afb1a53a0
1861;SELECT web_sales.* FROM web_sales JOIN web_site ON web_sales.ws_web_site_sk = web_site.web_site_sk JOIN item ON web_sales.ws_item_sk = item.i_item_sk LIMIT 430;4ca073c1b4a1fd54e53c92c74ffa9b5b
1862;SELECT catalog_sales.* FROM catalog_sales JOIN item ON catalog_sales.cs_item_sk = item.i_item_sk LIMIT 447;b83dec6fb0c9eb0748cc73c3a3934038
1863;SELECT inventory.* FROM inventory JOIN date_dim ON inventory.inv_date_sk = date_dim.d_date_sk LIMIT 440;d3091b3d7c7bdad7d94fc6c3c993831f
1864;SELECT web_sales.* FROM web_sales JOIN date_dim ON web_sales.ws_sold_date_sk = date_dim.d_date_sk JOIN customer ON web_sales.ws_bill_customer_sk = customer.c_customer_sk LIMIT 297;529d6eb9f86520321f67e04d789c240d
1865;SELECT store_sales.* FROM store_sales JOIN item ON store_sales.ss_item_sk = item.i_item_sk JOIN date_dim ON store_sales.ss_sold_date_sk = date_dim.d_date_sk LIMIT 255;0a2fb663b82a4132ddde074b69d6f613
1866;SELECT store_sales.* FROM store_sales JOIN item ON store_sales.ss_item_sk = item.i_item_sk LIMIT 377;32ea05b3e30b4c1cace58efadf44060b
1867;SELECT inventory.* FROM inventory JOIN warehouse ON inventory.inv_warehouse_sk = warehouse.w_warehouse_sk JOIN date_dim ON inventory.inv_date_sk = date_dim.d_date_sk LIMIT 327;f17af05a5622cbd474a191c5c04b5553
1868;SELECT catalog_sales.* FROM catalog_sales JOIN date_dim ON catalog_sales.cs_sold_date_sk = date_dim.d_date_sk LIMIT 350;2244121ec7a19f857ed6ffe1ea78e951
1869;SELECT catalog_sales.* FROM catalog_sales JOIN item ON catalog_sales.cs_item_sk = item.i_item_sk LIMIT 113;433bc1011f0d81df04870400a23b4113
1870;SELECT inventory.* FROM inventory JOIN item ON inventory.inv_item_sk = item.i_item_sk JOIN warehouse ON inventory.inv_warehouse_sk = warehouse.w_warehouse_sk LIMIT 229;fe9b47573ec7c2ce47bec20ce03cf2a5
1871;"SELECT w_substr, sm_type, web_name, SUM(CASE WHEN (ws_ship_date_sk - ws_sold_date_sk <= 26) THEN 1.0 ELSE 0.0 END) AS ""30 days"", SUM(CASE WHEN (ws_ship_date_sk - ws_sold_date_sk > 38) AND (ws_ship_date_sk - ws_sold_date_sk <= 63) THEN 1.0 ELSE 0.0 END) AS ""31-60 days"", SUM(CASE WHEN (ws_ship_date_sk - ws_sold_date_sk > 50) AND (ws_ship_date_sk - ws_sold_date_sk <= 123) THEN 1.0 ELSE 0.0 END) AS ""61-90 days"", SUM(CASE WHEN (ws_ship_date_sk - ws_sold_date_sk > 130) AND (ws_ship_date_sk - ws_sold_date_sk <= 162) THEN 1.0 ELSE 0.0 END) AS ""91-120 days"", SUM(CASE WHEN (ws_ship_date_sk - ws_sold_date_sk > 145) THEN 1.0 ELSE 0.0 END) AS "">120 days"" FROM web_sales, (SELECT SUBSTRING(w_warehouse_name FROM 1.0 FOR 14) AS w_substr, * FROM warehouse) AS sq1, ship_mode, web_site, date_dim WHERE d_month_seq BETWEEN 962 AND 1033 + 9 AND ws_ship_date_sk = d_date_sk AND ws_warehouse_sk = w_warehouse_sk AND ws_ship_mode_sk = sm_ship_mode_sk AND ws_web_site_sk = web_site_sk GROUP BY w_substr, sm_type, web_name ORDER BY 1.0 NULLS FIRST, 2 NULLS FIRST, 4 NULLS FIRST LIMIT 117";adf7e2c066023e81fab1e1f13a578245
1872;SELECT catalog_sales.* FROM catalog_sales JOIN item ON catalog_sales.cs_item_sk = item.i_item_sk LIMIT 263;ca492e78d0835528f4330f4abbfba92b
1873;SELECT inventory.* FROM inventory JOIN date_dim ON inventory.inv_date_sk = date_dim.d_date_sk JOIN item ON inventory.inv_item_sk = item.i_item_sk LIMIT 51;6c3caae494cd5b8b406dc2f84e891166
1874;SELECT store_sales.* FROM store_sales JOIN item ON store_sales.ss_item_sk = item.i_item_sk JOIN date_dim ON store_sales.ss_sold_date_sk = date_dim.d_date_sk LIMIT 462;5de267183900f11596f4987a155bbc7b
1875;SELECT web_sales.* FROM web_sales JOIN customer ON web_sales.ws_bill_customer_sk = customer.c_customer_sk JOIN item ON web_sales.ws_item_sk = item.i_item_sk LIMIT 55;f742bf07fb8bcda5545c5c3b3c80207e
1876;SELECT catalog_sales.* FROM catalog_sales JOIN item ON catalog_sales.cs_item_sk = item.i_item_sk JOIN warehouse ON catalog_sales.cs_warehouse_sk = warehouse.w_warehouse_sk LIMIT 495;d2068c6838770f557a8a05320a6b750e
1877;SELECT catalog_sales.* FROM catalog_sales JOIN customer ON catalog_sales.cs_bill_customer_sk = customer.c_customer_sk LIMIT 364;aeafce26c1a37aeffc5608cdfd257e3a
1879;SELECT store_returns.* FROM store_returns JOIN date_dim ON store_returns.sr_returned_date_sk = date_dim.d_date_sk LIMIT 75;21ee469cb4543a8c50e5e7d8cba28a2a
1880;SELECT web_sales.* FROM web_sales JOIN web_site ON web_sales.ws_web_site_sk = web_site.web_site_sk JOIN item ON web_sales.ws_item_sk = item.i_item_sk LIMIT 238;44d5ad94dc2d90a44c810446b18b852d
1881;SELECT catalog_sales.* FROM catalog_sales JOIN warehouse ON catalog_sales.cs_warehouse_sk = warehouse.w_warehouse_sk JOIN item ON catalog_sales.cs_item_sk = item.i_item_sk LIMIT 308;2dc7313410dda6ffde15bddf3f52aab0
1882;SELECT web_sales.* FROM web_sales JOIN web_site ON web_sales.ws_web_site_sk = web_site.web_site_sk JOIN customer ON web_sales.ws_bill_customer_sk = customer.c_customer_sk LIMIT 488;3702f74a7d07f7688797ac3cefbcdf3e
1883;SELECT store_returns.* FROM store_returns JOIN customer ON store_returns.sr_customer_sk = customer.c_customer_sk LIMIT 473;84ebeab7f2e5e8fb00fe65f03d5e7e62
1884;SELECT catalog_sales.* FROM catalog_sales JOIN warehouse ON catalog_sales.cs_warehouse_sk = warehouse.w_warehouse_sk JOIN customer ON catalog_sales.cs_bill_customer_sk = customer.c_customer_sk LIMIT 490;0c872418b7d7adf6695e898c362174be
1885;SELECT store_returns.* FROM store_returns JOIN date_dim ON store_returns.sr_returned_date_sk = date_dim.d_date_sk LIMIT 217;98b0f96a6d867090843205cbc3b80064
1886;SELECT inventory.* FROM inventory JOIN item ON inventory.inv_item_sk = item.i_item_sk LIMIT 278;0f72ae0f161f0f5a974c6a7b2f693cbe
1887;SELECT catalog_sales.* FROM catalog_sales JOIN warehouse ON catalog_sales.cs_warehouse_sk = warehouse.w_warehouse_sk JOIN date_dim ON catalog_sales.cs_sold_date_sk = date_dim.d_date_sk LIMIT 248;4d194af60b2c34325e1d35d8cd92ae97
1888;SELECT catalog_sales.* FROM catalog_sales JOIN date_dim ON catalog_sales.cs_sold_date_sk = date_dim.d_date_sk LIMIT 276;314c0eadc4b031d836b5233ece75955a
1889;SELECT web_sales.* FROM web_sales JOIN date_dim ON web_sales.ws_sold_date_sk = date_dim.d_date_sk JOIN item ON web_sales.ws_item_sk = item.i_item_sk LIMIT 380;e70f1dcd0184c9549c91f8701867b41f
1890;"SELECT w_substr, sm_type, LOWER(cc_name) AS cc_name_lower, SUM(CASE WHEN (cs_ship_date_sk - cs_sold_date_sk <= 16) THEN 1.0 ELSE 0.0 END) AS ""30 days"", SUM(CASE WHEN (cs_ship_date_sk - cs_sold_date_sk > 17) AND (cs_ship_date_sk - cs_sold_date_sk <= 60) THEN 1.0 ELSE 0.0 END) AS ""31-60 days"", SUM(CASE WHEN (cs_ship_date_sk - cs_sold_date_sk > 71) AND (cs_ship_date_sk - cs_sold_date_sk <= 94) THEN 1.0 ELSE 0.0 END) AS ""61-90 days"", SUM(CASE WHEN (cs_ship_date_sk - cs_sold_date_sk > 118) AND (cs_ship_date_sk - cs_sold_date_sk <= 93) THEN 1.0 ELSE 0.0 END) AS ""91-120 days"", SUM(CASE WHEN (cs_ship_date_sk - cs_sold_date_sk > 60) THEN 1.0 ELSE 0.0 END) AS "">120 days"" FROM catalog_sales, (SELECT SUBSTRING(w_warehouse_name FROM 1.0 FOR 21) AS w_substr, * FROM warehouse) AS sq1, ship_mode, call_center, date_dim WHERE d_month_seq BETWEEN 1689 AND 1350 + 16 AND cs_ship_date_sk = d_date_sk AND cs_warehouse_sk = w_warehouse_sk AND cs_ship_mode_sk = sm_ship_mode_sk AND cs_call_center_sk = cc_call_center_sk GROUP BY w_substr, sm_type, cc_name ORDER BY w_substr NULLS FIRST, sm_type NULLS FIRST, cc_name_lower NULLS FIRST LIMIT 106";8b91e917c0229d1f6f38bdb6d83dbbef
1891;SELECT catalog_sales.* FROM catalog_sales JOIN warehouse ON catalog_sales.cs_warehouse_sk = warehouse.w_warehouse_sk JOIN item ON catalog_sales.cs_item_sk = item.i_item_sk LIMIT 277;69f08654435c2d3be2009414cecbf9f1
1892;SELECT catalog_sales.* FROM catalog_sales JOIN customer ON catalog_sales.cs_bill_customer_sk = customer.c_customer_sk JOIN date_dim ON catalog_sales.cs_sold_date_sk = date_dim.d_date_sk LIMIT 413;7944e72b1b452d5a8ad41d6a273e48f8
1893;SELECT web_returns.* FROM web_returns JOIN item ON web_returns.wr_item_sk = item.i_item_sk LIMIT 372;cca4e95c79212fbffc2dbef4ca5699e9
1894;SELECT web_returns.* FROM web_returns JOIN date_dim ON web_returns.wr_returned_date_sk = date_dim.d_date_sk JOIN item ON web_returns.wr_item_sk = item.i_item_sk LIMIT 50;7c992e0e5c2e998bcadbf82949bdac92
1895;SELECT store_sales.* FROM store_sales JOIN store ON store_sales.ss_store_sk = store.s_store_sk JOIN date_dim ON store_sales.ss_sold_date_sk = date_dim.d_date_sk LIMIT 416;fdb1e5533d8b3981b9fb84597967932c
1896;SELECT inventory.* FROM inventory JOIN item ON inventory.inv_item_sk = item.i_item_sk LIMIT 146;d32cd44012d66c5297eb57f874c45959
1898;SELECT store_sales.* FROM store_sales JOIN item ON store_sales.ss_item_sk = item.i_item_sk JOIN customer ON store_sales.ss_customer_sk = customer.c_customer_sk LIMIT 222;e8ea90fa526702e8417acce92a49b262
1899;SELECT web_sales.* FROM web_sales JOIN date_dim ON web_sales.ws_sold_date_sk = date_dim.d_date_sk LIMIT 228;6ab4fd91153d378187d4f3228e4b210c
1901;SELECT store_returns.* FROM store_returns JOIN customer ON store_returns.sr_customer_sk = customer.c_customer_sk JOIN item ON store_returns.sr_item_sk = item.i_item_sk LIMIT 187;824073eba98dded9cdbb503baab7a925
1902;SELECT store_returns.* FROM store_returns JOIN date_dim ON store_returns.sr_returned_date_sk = date_dim.d_date_sk LIMIT 432;59765b906cef77ab59036e5e70913798
1906;SELECT catalog_sales.* FROM catalog_sales JOIN date_dim ON catalog_sales.cs_sold_date_sk = date_dim.d_date_sk LIMIT 298;0d88e0041483526fec2b03b9b0083d9d
1907;SELECT web_returns.* FROM web_returns JOIN date_dim ON web_returns.wr_returned_date_sk = date_dim.d_date_sk JOIN customer ON web_returns.wr_refunded_customer_sk = customer.c_customer_sk LIMIT 222;a23af02d8562b24f905973afa41a78a5
1908;SELECT inventory.* FROM inventory JOIN warehouse ON inventory.inv_warehouse_sk = warehouse.w_warehouse_sk JOIN date_dim ON inventory.inv_date_sk = date_dim.d_date_sk LIMIT 186;f2529c5fc4a8a1bea8d3e74de7553b11
1909;SELECT store_sales.* FROM store_sales JOIN date_dim ON store_sales.ss_sold_date_sk = date_dim.d_date_sk JOIN store ON store_sales.ss_store_sk = store.s_store_sk LIMIT 459;25d38f87b2b46274eee9da106067bf49
1911;SELECT catalog_sales.* FROM catalog_sales JOIN date_dim ON catalog_sales.cs_sold_date_sk = date_dim.d_date_sk LIMIT 340;b77599a4b8532946933bdf3f11eaf612
1912;SELECT web_sales.* FROM web_sales JOIN date_dim ON web_sales.ws_sold_date_sk = date_dim.d_date_sk JOIN item ON web_sales.ws_item_sk = item.i_item_sk LIMIT 94;32dacd77ecbb808c7c2d296468a21313
1913;SELECT web_sales.* FROM web_sales JOIN web_site ON web_sales.ws_web_site_sk = web_site.web_site_sk LIMIT 293;24f1bff91e3ea546676d3f17af2c6ade
1915;SELECT store_sales.* FROM store_sales JOIN store ON store_sales.ss_store_sk = store.s_store_sk LIMIT 362;7b00b5578fac9b6eba6415d8942642d6
1916;SELECT web_returns.* FROM web_returns JOIN customer ON web_returns.wr_refunded_customer_sk = customer.c_customer_sk JOIN date_dim ON web_returns.wr_returned_date_sk = date_dim.d_date_sk LIMIT 99;fa21aafdb0c04fb6124698644282c5a7
1917;SELECT catalog_sales.* FROM catalog_sales JOIN item ON catalog_sales.cs_item_sk = item.i_item_sk JOIN customer ON catalog_sales.cs_bill_customer_sk = customer.c_customer_sk LIMIT 446;578723432fe0387a531086f14a5358db
1918;SELECT web_returns.* FROM web_returns JOIN date_dim ON web_returns.wr_returned_date_sk = date_dim.d_date_sk LIMIT 369;320c1b6a8df8bdc5e8be3a305f7f1220
1919;SELECT web_sales.* FROM web_sales JOIN web_site ON web_sales.ws_web_site_sk = web_site.web_site_sk JOIN item ON web_sales.ws_item_sk = item.i_item_sk LIMIT 182;1180eac2b98f5373fb870656185727a0
1920;SELECT store_returns.* FROM store_returns JOIN date_dim ON store_returns.sr_returned_date_sk = date_dim.d_date_sk JOIN customer ON store_returns.sr_customer_sk = customer.c_customer_sk LIMIT 237;bbe54519d0ad712eb71071c604e3dab5
1922;SELECT inventory.* FROM inventory JOIN date_dim ON inventory.inv_date_sk = date_dim.d_date_sk JOIN item ON inventory.inv_item_sk = item.i_item_sk LIMIT 115;5920c3e4e747f8cd723993014fcd13d1
1923;SELECT web_sales.* FROM web_sales JOIN item ON web_sales.ws_item_sk = item.i_item_sk LIMIT 126;749184b814c52babcbcaeda2a7b9d8fb
1925;SELECT store_returns.* FROM store_returns JOIN date_dim ON store_returns.sr_returned_date_sk = date_dim.d_date_sk JOIN customer ON store_returns.sr_customer_sk = customer.c_customer_sk LIMIT 231;7349359e2dd221ec4cc0405abcc2d90f
1926;SELECT store_sales.* FROM store_sales JOIN date_dim ON store_sales.ss_sold_date_sk = date_dim.d_date_sk JOIN store ON store_sales.ss_store_sk = store.s_store_sk LIMIT 136;d8da9014d6aa404bf4cff7a3b6552812
1927;SELECT inventory.* FROM inventory JOIN item ON inventory.inv_item_sk = item.i_item_sk JOIN warehouse ON inventory.inv_warehouse_sk = warehouse.w_warehouse_sk LIMIT 119;65a4dc30fd22ebdf1e60c03659ab6753
1928;SELECT web_sales.* FROM web_sales JOIN customer ON web_sales.ws_bill_customer_sk = customer.c_customer_sk JOIN date_dim ON web_sales.ws_sold_date_sk = date_dim.d_date_sk LIMIT 407;9fb38bff4cc0101407708402f435073a
1930;SELECT catalog_sales.* FROM catalog_sales JOIN date_dim ON catalog_sales.cs_sold_date_sk = date_dim.d_date_sk JOIN customer ON catalog_sales.cs_bill_customer_sk = customer.c_customer_sk LIMIT 339;1ddaee48e5812e446c01665e9c1dce35
1931;SELECT web_sales.* FROM web_sales JOIN date_dim ON web_sales.ws_sold_date_sk = date_dim.d_date_sk JOIN item ON web_sales.ws_item_sk = item.i_item_sk LIMIT 175;85eb6ac258f66383f1686733cee1d2c1
1932;SELECT web_returns.* FROM web_returns JOIN item ON web_returns.wr_item_sk = item.i_item_sk JOIN customer ON web_returns.wr_refunded_customer_sk = customer.c_customer_sk LIMIT 492;5aed262dcdf3a1e36b10aeb6f8f1194f
1933;SELECT web_sales.* FROM web_sales JOIN date_dim ON web_sales.ws_sold_date_sk = date_dim.d_date_sk LIMIT 442;63712c432d7f92a359615e8c6f6ff585
1934;SELECT store_sales.* FROM store_sales JOIN item ON store_sales.ss_item_sk = item.i_item_sk LIMIT 400;7a10fc40580c26f8dda5ec313060a291
1935;SELECT web_returns.* FROM web_returns JOIN item ON web_returns.wr_item_sk = item.i_item_sk JOIN customer ON web_returns.wr_refunded_customer_sk = customer.c_customer_sk LIMIT 407;8b267f8a08afb7d01cfe22b5942807de
1936;SELECT web_sales.* FROM web_sales JOIN web_site ON web_sales.ws_web_site_sk = web_site.web_site_sk JOIN item ON web_sales.ws_item_sk = item.i_item_sk LIMIT 384;5f5d4c4c42755d73faf6aac4bad7eb5b
1938;SELECT store_sales.* FROM store_sales JOIN store ON store_sales.ss_store_sk = store.s_store_sk JOIN date_dim ON store_sales.ss_sold_date_sk = date_dim.d_date_sk LIMIT 294;553b19597b23b0ef34b4af3387532e36
1939;SELECT catalog_sales.* FROM catalog_sales JOIN warehouse ON catalog_sales.cs_warehouse_sk = warehouse.w_warehouse_sk LIMIT 191;13ffaa5c2b29c05217ab18d67a719753
1940;SELECT web_returns.* FROM web_returns JOIN date_dim ON web_returns.wr_returned_date_sk = date_dim.d_date_sk JOIN item ON web_returns.wr_item_sk = item.i_item_sk LIMIT 461;aa5bc7aa917162a6f83dc43128cb3701
1941;SELECT catalog_sales.* FROM catalog_sales JOIN warehouse ON catalog_sales.cs_warehouse_sk = warehouse.w_warehouse_sk JOIN item ON catalog_sales.cs_item_sk = item.i_item_sk LIMIT 347;6946584779e535d110f0eb962593cca0
1942;SELECT inventory.* FROM inventory JOIN date_dim ON inventory.inv_date_sk = date_dim.d_date_sk JOIN warehouse ON inventory.inv_warehouse_sk = warehouse.w_warehouse_sk LIMIT 144;1ddf5f3df2697c23a7656125796fb53f
1943;SELECT store_sales.* FROM store_sales JOIN item ON store_sales.ss_item_sk = item.i_item_sk LIMIT 407;8fe66efc7a4a994ccb26db3f8c643ed9
1944;SELECT catalog_sales.* FROM catalog_sales JOIN warehouse ON catalog_sales.cs_warehouse_sk = warehouse.w_warehouse_sk JOIN item ON catalog_sales.cs_item_sk = item.i_item_sk LIMIT 499;5201558ecff8d0134f3c575b099e7ab4
1945;SELECT inventory.* FROM inventory JOIN date_dim ON inventory.inv_date_sk = date_dim.d_date_sk LIMIT 261;8255d49f5c3f6f32c64bc9974f1f7a6d
1946;SELECT inventory.* FROM inventory JOIN date_dim ON inventory.inv_date_sk = date_dim.d_date_sk JOIN item ON inventory.inv_item_sk = item.i_item_sk LIMIT 238;50b16de9fad4c85abacb957330fdab83
1947;SELECT web_sales.* FROM web_sales JOIN date_dim ON web_sales.ws_sold_date_sk = date_dim.d_date_sk LIMIT 435;a5f68c2c69c591453094d3ceeb6bb775
1948;SELECT store_sales.* FROM store_sales JOIN customer ON store_sales.ss_customer_sk = customer.c_customer_sk JOIN date_dim ON store_sales.ss_sold_date_sk = date_dim.d_date_sk LIMIT 90;da06021c0453f555085802c581098083
1949;SELECT catalog_sales.* FROM catalog_sales JOIN date_dim ON catalog_sales.cs_sold_date_sk = date_dim.d_date_sk LIMIT 354;afa7ee4712bad52720a849e4344e5c24
1950;SELECT store_sales.* FROM store_sales JOIN customer ON store_sales.ss_customer_sk = customer.c_customer_sk LIMIT 351;bef30e93fdf61f4766913741e5346f50
1952;SELECT catalog_sales.* FROM catalog_sales JOIN customer ON catalog_sales.cs_bill_customer_sk = customer.c_customer_sk LIMIT 314;fe162584aa774d60669e0d4a7c477272
1953;SELECT catalog_sales.* FROM catalog_sales JOIN date_dim ON catalog_sales.cs_sold_date_sk = date_dim.d_date_sk LIMIT 140;32b3a0794e8017aa7c918d21e87e5ac6
1954;SELECT inventory.* FROM inventory JOIN warehouse ON inventory.inv_warehouse_sk = warehouse.w_warehouse_sk JOIN item ON inventory.inv_item_sk = item.i_item_sk LIMIT 324;8b2640f9f16422c6482aea9fe527a54b
1956;SELECT store_returns.* FROM store_returns JOIN item ON store_returns.sr_item_sk = item.i_item_sk LIMIT 410;2a19edd2ffbd0ea7668f6b8079bd95b3
1957;SELECT store_sales.* FROM store_sales JOIN store ON store_sales.ss_store_sk = store.s_store_sk JOIN customer ON store_sales.ss_customer_sk = customer.c_customer_sk LIMIT 237;05c3d2cf6a23bb189084be164da4e237
1958;SELECT catalog_sales.* FROM catalog_sales JOIN customer ON catalog_sales.cs_bill_customer_sk = customer.c_customer_sk JOIN date_dim ON catalog_sales.cs_sold_date_sk = date_dim.d_date_sk LIMIT 350;6e44ecaf6e300ccc74c7fc2e63542a0c
1959;SELECT web_sales.* FROM web_sales JOIN web_site ON web_sales.ws_web_site_sk = web_site.web_site_sk JOIN item ON web_sales.ws_item_sk = item.i_item_sk LIMIT 250;de0ecf3b19eeefb71a12e627fe38763d
1960;SELECT inventory.* FROM inventory JOIN warehouse ON inventory.inv_warehouse_sk = warehouse.w_warehouse_sk LIMIT 464;b4bf9328018fe54bd4453802d2ad870f
1961;SELECT web_sales.* FROM web_sales JOIN web_site ON web_sales.ws_web_site_sk = web_site.web_site_sk JOIN item ON web_sales.ws_item_sk = item.i_item_sk LIMIT 405;2bb2ef59d4d7e9082ed5f236a8e1aa06
1962;SELECT web_returns.* FROM web_returns JOIN customer ON web_returns.wr_refunded_customer_sk = customer.c_customer_sk LIMIT 80;27c21e7263780cd11658c24a1707d08e
1963;SELECT store_sales.* FROM store_sales JOIN date_dim ON store_sales.ss_sold_date_sk = date_dim.d_date_sk LIMIT 337;04d69f587608339aa6d7f9a1458f70e6
1964;SELECT catalog_sales.* FROM catalog_sales JOIN customer ON catalog_sales.cs_bill_customer_sk = customer.c_customer_sk JOIN date_dim ON catalog_sales.cs_sold_date_sk = date_dim.d_date_sk LIMIT 301;a5ceb015a6a45ae842759fe0b17200bd
1965;SELECT catalog_sales.* FROM catalog_sales JOIN customer ON catalog_sales.cs_bill_customer_sk = customer.c_customer_sk LIMIT 217;2537ff71ff1d74fec47b551aa65a11f6
1966;SELECT inventory.* FROM inventory JOIN warehouse ON inventory.inv_warehouse_sk = warehouse.w_warehouse_sk JOIN date_dim ON inventory.inv_date_sk = date_dim.d_date_sk LIMIT 387;e9e782bd8344be46c3a0b5eccaef3aad
1967;SELECT inventory.* FROM inventory JOIN item ON inventory.inv_item_sk = item.i_item_sk LIMIT 64;2f9c764e1c705709af06c89855179e1f
1970;SELECT web_sales.* FROM web_sales JOIN date_dim ON web_sales.ws_sold_date_sk = date_dim.d_date_sk JOIN item ON web_sales.ws_item_sk = item.i_item_sk LIMIT 416;cc9aa93277923ec961bc2306f864b853
1971;SELECT store_sales.* FROM store_sales JOIN store ON store_sales.ss_store_sk = store.s_store_sk JOIN item ON store_sales.ss_item_sk = item.i_item_sk LIMIT 161;58ab5e964a99a0c57fe6c3a3d2f0f4ac
1972;SELECT web_sales.* FROM web_sales JOIN item ON web_sales.ws_item_sk = item.i_item_sk JOIN web_site ON web_sales.ws_web_site_sk = web_site.web_site_sk LIMIT 176;5e25b6b481f8dfa0c77ce1c3fae6744a
1973;SELECT inventory.* FROM inventory JOIN warehouse ON inventory.inv_warehouse_sk = warehouse.w_warehouse_sk LIMIT 424;69d9f06da60b16862dcb491b25257078
1974;SELECT web_returns.* FROM web_returns JOIN item ON web_returns.wr_item_sk = item.i_item_sk JOIN date_dim ON web_returns.wr_returned_date_sk = date_dim.d_date_sk LIMIT 292;b57b3b59525de9f07ba0c7c4bdb03e6a
1975;SELECT catalog_sales.* FROM catalog_sales JOIN item ON catalog_sales.cs_item_sk = item.i_item_sk LIMIT 137;fd7cc5e4a7238856dbfc76735212d57a
1976;SELECT web_sales.* FROM web_sales JOIN item ON web_sales.ws_item_sk = item.i_item_sk LIMIT 284;fbfe218b3d9de5e0ffbefbc6a28c9c56
1977;SELECT web_sales.* FROM web_sales JOIN item ON web_sales.ws_item_sk = item.i_item_sk LIMIT 87;e7901148d6f83d6adaec7b222029e83f
1978;SELECT web_returns.* FROM web_returns JOIN customer ON web_returns.wr_refunded_customer_sk = customer.c_customer_sk LIMIT 367;b00aaa65b3a9d8a0217b702688265a72
1979;SELECT store_returns.* FROM store_returns JOIN date_dim ON store_returns.sr_returned_date_sk = date_dim.d_date_sk JOIN customer ON store_returns.sr_customer_sk = customer.c_customer_sk LIMIT 406;b3385635be351b4574c8e02e4469535d
1981;SELECT store_sales.* FROM store_sales JOIN store ON store_sales.ss_store_sk = store.s_store_sk JOIN customer ON store_sales.ss_customer_sk = customer.c_customer_sk LIMIT 414;897384bcc2efa3bae2fb050c07256d75
1982;SELECT catalog_sales.* FROM catalog_sales JOIN warehouse ON catalog_sales.cs_warehouse_sk = warehouse.w_warehouse_sk JOIN customer ON catalog_sales.cs_bill_customer_sk = customer.c_customer_sk LIMIT 179;d087b8b6701613fe15bc0ce1fb42c479
1983;WITH all_sales AS (SELECT d_year, i_brand_id, i_class_id, i_category_id, i_manufact_id, SUM(sales_cnt) AS sales_cnt, SUM(sales_amt) AS sales_amt FROM (SELECT d_year, i_brand_id, i_class_id, i_category_id, i_manufact_id, cs_quantity - COALESCE(cr_return_quantity, 0.0) AS sales_cnt, cs_ext_sales_price - COALESCE(cr_return_amount, 0.0) AS sales_amt FROM catalog_sales JOIN item ON i_item_sk = cs_item_sk JOIN date_dim ON d_date_sk = cs_sold_date_sk LEFT JOIN catalog_returns ON (cs_order_number = cr_order_number AND cs_item_sk = cr_item_sk) WHERE i_category = 'Books' UNION SELECT d_year, i_brand_id, i_class_id, i_category_id, i_manufact_id, ss_quantity - COALESCE(sr_return_quantity, 0.0) AS sales_cnt, ss_ext_sales_price - COALESCE(sr_return_amt, 0.0) AS sales_amt FROM store_sales JOIN item ON i_item_sk = ss_item_sk JOIN date_dim ON d_date_sk = ss_sold_date_sk LEFT JOIN store_returns ON (ss_ticket_number = sr_ticket_number AND ss_item_sk = sr_item_sk) WHERE i_category = 'Books' UNION SELECT d_year, i_brand_id, i_class_id, i_category_id, i_manufact_id, ws_quantity - COALESCE(wr_return_quantity, 0.0) AS sales_cnt, ws_ext_sales_price - COALESCE(wr_return_amt, 0.0) AS sales_amt FROM web_sales JOIN item ON i_item_sk = ws_item_sk JOIN date_dim ON d_date_sk = ws_sold_date_sk LEFT JOIN web_returns ON (ws_order_number = wr_order_number AND ws_item_sk = wr_item_sk) WHERE i_category = 'Books') AS sales_detail GROUP BY d_year, i_brand_id, i_class_id, i_category_id, i_manufact_id) SELECT prev_yr.d_year AS prev_year, curr_yr.d_year AS year_, curr_yr.i_brand_id, curr_yr.i_class_id, curr_yr.i_category_id, curr_yr.i_manufact_id, prev_yr.sales_cnt AS prev_yr_cnt, curr_yr.sales_cnt AS curr_yr_cnt, curr_yr.sales_cnt - prev_yr.sales_cnt AS sales_cnt_diff, curr_yr.sales_amt - prev_yr.sales_amt AS sales_amt_diff FROM all_sales AS curr_yr, all_sales AS prev_yr WHERE curr_yr.i_brand_id = prev_yr.i_brand_id AND curr_yr.i_class_id = prev_yr.i_class_id AND curr_yr.i_category_id = prev_yr.i_category_id AND curr_yr.i_manufact_id = prev_yr.i_manufact_id AND curr_yr.d_year = 2337 AND prev_yr.d_year = 1623 - 1.0 AND CAST(curr_yr.sales_cnt AS DECIMAL(20, 2)) / NULLIF(CAST(prev_yr.sales_cnt AS DECIMAL(20, 1)), 0) < 0.9 ORDER BY sales_cnt_diff, sales_amt_diff LIMIT 65;75d83e06be6059f45dbab58e61893943
1984;SELECT web_sales.* FROM web_sales JOIN web_site ON web_sales.ws_web_site_sk = web_site.web_site_sk LIMIT 128;d86136c25259a394bca8f2e7fc36ffe6
1985;SELECT catalog_sales.* FROM catalog_sales JOIN customer ON catalog_sales.cs_bill_customer_sk = customer.c_customer_sk LIMIT 499;f4743129de63f705d056e81fe943cdf3
1986;SELECT inventory.* FROM inventory JOIN warehouse ON inventory.inv_warehouse_sk = warehouse.w_warehouse_sk JOIN item ON inventory.inv_item_sk = item.i_item_sk LIMIT 338;ac54b84132254decb7aa0a60fbdca6fe
1988;SELECT catalog_sales.* FROM catalog_sales JOIN item ON catalog_sales.cs_item_sk = item.i_item_sk JOIN date_dim ON catalog_sales.cs_sold_date_sk = date_dim.d_date_sk LIMIT 78;a92996d755cb418f336a7f38ee065bb3
1989;SELECT web_returns.* FROM web_returns JOIN date_dim ON web_returns.wr_returned_date_sk = date_dim.d_date_sk JOIN customer ON web_returns.wr_refunded_customer_sk = customer.c_customer_sk LIMIT 118;bb2e0767078e393243fc3d228fdb6636
1990;SELECT store_returns.* FROM store_returns JOIN customer ON store_returns.sr_customer_sk = customer.c_customer_sk JOIN item ON store_returns.sr_item_sk = item.i_item_sk LIMIT 87;62a8b38437c3c9aee5106def24891b01
1991;WITH ws AS (SELECT d_year AS ws_sold_year, ws_item_sk, ws_bill_customer_sk AS ws_customer_sk, SUM(ws_quantity) AS ws_qty, SUM(ws_wholesale_cost) AS ws_wc, SUM(ws_sales_price) AS ws_sp FROM web_sales LEFT JOIN web_returns ON wr_order_number = ws_order_number AND ws_item_sk = wr_item_sk JOIN date_dim ON ws_sold_date_sk = d_date_sk WHERE wr_order_number IS NULL GROUP BY d_year, ws_item_sk, ws_bill_customer_sk), cs AS (SELECT d_year AS cs_sold_year, cs_item_sk, cs_bill_customer_sk AS cs_customer_sk, SUM(cs_quantity) AS cs_qty, SUM(cs_wholesale_cost) AS cs_wc, SUM(cs_sales_price) AS cs_sp FROM catalog_sales LEFT JOIN catalog_returns ON cr_order_number = cs_order_number AND cs_item_sk = cr_item_sk JOIN date_dim ON cs_sold_date_sk = d_date_sk WHERE cr_order_number IS NULL GROUP BY d_year, cs_item_sk, cs_bill_customer_sk), ss AS (SELECT d_year AS ss_sold_year, ss_item_sk, ss_customer_sk, SUM(ss_quantity) AS ss_qty, SUM(ss_wholesale_cost) AS ss_wc, SUM(ss_sales_price) AS ss_sp FROM store_sales LEFT JOIN store_returns ON sr_ticket_number = ss_ticket_number AND ss_item_sk = sr_item_sk JOIN date_dim ON ss_sold_date_sk = d_date_sk WHERE sr_ticket_number IS NULL GROUP BY d_year, ss_item_sk, ss_customer_sk) SELECT ss_sold_year, ss_item_sk, ss_customer_sk, ROUND(CAST((ss_qty * 1.0) AS DOUBLE PRECISION) / NULLIF((COALESCE(ws_qty, 0.0) + COALESCE(cs_qty, 0.0)), 0), 2) AS ratio, ss_qty AS store_qty, ss_wc AS store_wholesale_cost, ss_sp AS store_sales_price, COALESCE(ws_qty, 0.0) + COALESCE(cs_qty, 0.0) AS other_chan_qty, COALESCE(ws_wc, 0.0) + COALESCE(cs_wc, 0.0) AS other_chan_wholesale_cost, COALESCE(ws_sp, 0.0) + COALESCE(cs_sp, 0.0) AS other_chan_sales_price FROM ss LEFT JOIN ws ON (ws_sold_year = ss_sold_year AND ws_item_sk = ss_item_sk AND ws_customer_sk = ss_customer_sk) LEFT JOIN cs ON (cs_sold_year = ss_sold_year AND cs_item_sk = ss_item_sk AND cs_customer_sk = ss_customer_sk) WHERE (COALESCE(ws_qty, 0.0) > 0.0 OR COALESCE(cs_qty, 0.0) > 0.0) AND ss_sold_year = 1884 ORDER BY ss_sold_year, ss_item_sk, ss_customer_sk, ss_qty DESC NULLS LAST, ss_wc DESC NULLS LAST, ss_sp DESC NULLS LAST, other_chan_qty, other_chan_wholesale_cost, other_chan_sales_price, ratio LIMIT 110;0d5fd1a7084c5d8adbea05038ea92c65
1992;SELECT store_sales.* FROM store_sales JOIN customer ON store_sales.ss_customer_sk = customer.c_customer_sk LIMIT 291;3ea85463d4f3a14fe2cb4c8262249792
1993;SELECT inventory.* FROM inventory JOIN date_dim ON inventory.inv_date_sk = date_dim.d_date_sk JOIN warehouse ON inventory.inv_warehouse_sk = warehouse.w_warehouse_sk LIMIT 482;496be7b8ab11864a5ed94c9ede4e8888
1994;SELECT inventory.* FROM inventory JOIN date_dim ON inventory.inv_date_sk = date_dim.d_date_sk JOIN warehouse ON inventory.inv_warehouse_sk = warehouse.w_warehouse_sk LIMIT 190;f90eb25820b7552e50dab8f455e29454
1995;SELECT inventory.* FROM inventory JOIN date_dim ON inventory.inv_date_sk = date_dim.d_date_sk JOIN warehouse ON inventory.inv_warehouse_sk = warehouse.w_warehouse_sk LIMIT 258;79b1ba2efd9f3768019f040349b3275f
1996;SELECT catalog_sales.* FROM catalog_sales JOIN customer ON catalog_sales.cs_bill_customer_sk = customer.c_customer_sk JOIN date_dim ON catalog_sales.cs_sold_date_sk = date_dim.d_date_sk LIMIT 73;81922b20b7e1f476c965661ee06e8a4f
1997;SELECT web_returns.* FROM web_returns JOIN item ON web_returns.wr_item_sk = item.i_item_sk JOIN customer ON web_returns.wr_refunded_customer_sk = customer.c_customer_sk LIMIT 151;f68c446342867aa2839f3a7069ad5298
1998;SELECT web_sales.* FROM web_sales JOIN customer ON web_sales.ws_bill_customer_sk = customer.c_customer_sk LIMIT 210;18015d9eed0724fd8080c9e69c54e610
2000;SELECT web_sales.* FROM web_sales JOIN item ON web_sales.ws_item_sk = item.i_item_sk JOIN date_dim ON web_sales.ws_sold_date_sk = date_dim.d_date_sk LIMIT 206;990f60d3944bdfb536f22bd24d6ea5d7
2002;SELECT inventory.* FROM inventory JOIN date_dim ON inventory.inv_date_sk = date_dim.d_date_sk JOIN warehouse ON inventory.inv_warehouse_sk = warehouse.w_warehouse_sk LIMIT 116;ea12c35a32b85ff1567fc94129590006
2003;SELECT store_sales.* FROM store_sales JOIN date_dim ON store_sales.ss_sold_date_sk = date_dim.d_date_sk JOIN item ON store_sales.ss_item_sk = item.i_item_sk LIMIT 79;217f5260be6bf984d7e2981111108a11
2004;SELECT web_sales.* FROM web_sales JOIN date_dim ON web_sales.ws_sold_date_sk = date_dim.d_date_sk LIMIT 493;0026204b31c57397485add42bb912f1c
2005;SELECT store_sales.* FROM store_sales JOIN store ON store_sales.ss_store_sk = store.s_store_sk LIMIT 268;6f8c0de1f598cc33f76dc96f62cf13b0
2007;SELECT web_returns.* FROM web_returns JOIN date_dim ON web_returns.wr_returned_date_sk = date_dim.d_date_sk LIMIT 145;babe0e3f0ae85fd629bf716af1126559
2008;SELECT inventory.* FROM inventory JOIN item ON inventory.inv_item_sk = item.i_item_sk JOIN warehouse ON inventory.inv_warehouse_sk = warehouse.w_warehouse_sk LIMIT 125;41c1bc57e4f97f840fe8196a2d16b413
2009;SELECT catalog_sales.* FROM catalog_sales JOIN date_dim ON catalog_sales.cs_sold_date_sk = date_dim.d_date_sk JOIN warehouse ON catalog_sales.cs_warehouse_sk = warehouse.w_warehouse_sk LIMIT 109;cc72b202833235a21327ab51f5bb03a6
2010;SELECT web_sales.* FROM web_sales JOIN date_dim ON web_sales.ws_sold_date_sk = date_dim.d_date_sk LIMIT 231;877c6fa9f02004c5de0d2b8c80fe412a
2011;SELECT inventory.* FROM inventory JOIN warehouse ON inventory.inv_warehouse_sk = warehouse.w_warehouse_sk JOIN item ON inventory.inv_item_sk = item.i_item_sk LIMIT 486;c4e4faf07b251110740ec7316ec65e2b
2012;SELECT web_sales.* FROM web_sales JOIN date_dim ON web_sales.ws_sold_date_sk = date_dim.d_date_sk LIMIT 492;eb436629c07fc8fb60701b4672c2b7f0
2013;SELECT web_sales.* FROM web_sales JOIN date_dim ON web_sales.ws_sold_date_sk = date_dim.d_date_sk LIMIT 217;e6a617cb116dc7ba05c22cf3f92106b2
2014;SELECT store_returns.* FROM store_returns JOIN date_dim ON store_returns.sr_returned_date_sk = date_dim.d_date_sk LIMIT 179;4ef44783ae24253130a1d515398b82e5
2015;SELECT web_sales.* FROM web_sales JOIN customer ON web_sales.ws_bill_customer_sk = customer.c_customer_sk JOIN item ON web_sales.ws_item_sk = item.i_item_sk LIMIT 62;301d402db515b686ae52ba231c10d70f
2016;SELECT store_sales.* FROM store_sales JOIN date_dim ON store_sales.ss_sold_date_sk = date_dim.d_date_sk LIMIT 328;046fabcb7ca94ce05d97b5a97084dbc0
2017;SELECT web_returns.* FROM web_returns JOIN item ON web_returns.wr_item_sk = item.i_item_sk JOIN date_dim ON web_returns.wr_returned_date_sk = date_dim.d_date_sk LIMIT 476;8a0fbd06c2aa0d9cb5650f935ca2b5ff
2019;SELECT web_returns.* FROM web_returns JOIN date_dim ON web_returns.wr_returned_date_sk = date_dim.d_date_sk LIMIT 209;2db03da4be7c61210a63b6427b7052ec
2020;SELECT catalog_sales.* FROM catalog_sales JOIN date_dim ON catalog_sales.cs_sold_date_sk = date_dim.d_date_sk JOIN item ON catalog_sales.cs_item_sk = item.i_item_sk LIMIT 470;463d23fad85947ff1dbb6c26d0ee2064
2021;SELECT store_sales.* FROM store_sales JOIN item ON store_sales.ss_item_sk = item.i_item_sk LIMIT 497;874be1c6e4aec5787627052eef4f6378
2022;SELECT web_returns.* FROM web_returns JOIN customer ON web_returns.wr_refunded_customer_sk = customer.c_customer_sk LIMIT 464;3cd38af36bca4ba0495f3dee4944b610
2023;SELECT store_returns.* FROM store_returns JOIN item ON store_returns.sr_item_sk = item.i_item_sk JOIN customer ON store_returns.sr_customer_sk = customer.c_customer_sk LIMIT 62;80a51aecc6241591a0edbcf4f9fc3e1a
2024;SELECT store_returns.* FROM store_returns JOIN customer ON store_returns.sr_customer_sk = customer.c_customer_sk LIMIT 429;159a9514c1c7890aed1a015a45df666e
2025;SELECT web_returns.* FROM web_returns JOIN item ON web_returns.wr_item_sk = item.i_item_sk JOIN customer ON web_returns.wr_refunded_customer_sk = customer.c_customer_sk LIMIT 66;c7731fc4ba8dfb43a03849353aeb7b90
2027;SELECT web_sales.* FROM web_sales JOIN customer ON web_sales.ws_bill_customer_sk = customer.c_customer_sk LIMIT 86;74d8f092a75d8b38a70d3b83fd7289e8
2028;SELECT store_sales.* FROM store_sales JOIN item ON store_sales.ss_item_sk = item.i_item_sk LIMIT 356;1c6f38f3db5425f3b19d15afa7bc8050
2032;SELECT catalog_sales.* FROM catalog_sales JOIN item ON catalog_sales.cs_item_sk = item.i_item_sk JOIN date_dim ON catalog_sales.cs_sold_date_sk = date_dim.d_date_sk LIMIT 98;4d5bcab65ba53d0e0a631e480f5519f1
2034;SELECT catalog_sales.* FROM catalog_sales JOIN item ON catalog_sales.cs_item_sk = item.i_item_sk JOIN customer ON catalog_sales.cs_bill_customer_sk = customer.c_customer_sk LIMIT 197;e67a80c2bd67c0161c4486ac9ca6ae2c
2035;SELECT catalog_sales.* FROM catalog_sales JOIN item ON catalog_sales.cs_item_sk = item.i_item_sk JOIN warehouse ON catalog_sales.cs_warehouse_sk = warehouse.w_warehouse_sk LIMIT 313;7c2176548ffc98f06c613925bb61421a
2036;SELECT web_sales.* FROM web_sales JOIN item ON web_sales.ws_item_sk = item.i_item_sk JOIN date_dim ON web_sales.ws_sold_date_sk = date_dim.d_date_sk LIMIT 451;24d1c84556d8ce3c2418dc705a37d00a
2037;SELECT inventory.* FROM inventory JOIN warehouse ON inventory.inv_warehouse_sk = warehouse.w_warehouse_sk JOIN item ON inventory.inv_item_sk = item.i_item_sk LIMIT 99;d07b621958f24779f6f72287cf43935b
2038;SELECT web_returns.* FROM web_returns JOIN item ON web_returns.wr_item_sk = item.i_item_sk LIMIT 226;17e244a714406ae599386c42c1d73469
2039;SELECT inventory.* FROM inventory JOIN item ON inventory.inv_item_sk = item.i_item_sk LIMIT 385;f2ca36a2777699aa45467db31af77a03
2040;SELECT web_returns.* FROM web_returns JOIN item ON web_returns.wr_item_sk = item.i_item_sk LIMIT 289;709a619e57bb097c58910fd2b360f60c
2041;SELECT store_returns.* FROM store_returns JOIN item ON store_returns.sr_item_sk = item.i_item_sk JOIN date_dim ON store_returns.sr_returned_date_sk = date_dim.d_date_sk LIMIT 210;8fa080effe233f6095183d46e31c0c6d
2042;SELECT catalog_sales.* FROM catalog_sales JOIN item ON catalog_sales.cs_item_sk = item.i_item_sk JOIN customer ON catalog_sales.cs_bill_customer_sk = customer.c_customer_sk LIMIT 384;f0c72ab9e1015f602c54d41f3ecb27fc
2043;SELECT inventory.* FROM inventory JOIN date_dim ON inventory.inv_date_sk = date_dim.d_date_sk JOIN warehouse ON inventory.inv_warehouse_sk = warehouse.w_warehouse_sk LIMIT 163;8f9235aaf899c0073657be5fe334a171
2044;SELECT web_sales.* FROM web_sales JOIN web_site ON web_sales.ws_web_site_sk = web_site.web_site_sk JOIN date_dim ON web_sales.ws_sold_date_sk = date_dim.d_date_sk LIMIT 154;f342fe752e2db664d412d7fb71abf170
2045;SELECT store_returns.* FROM store_returns JOIN item ON store_returns.sr_item_sk = item.i_item_sk LIMIT 314;7496697e5e3627beaaecc1a8faa683f4
2046;SELECT store_returns.* FROM store_returns JOIN customer ON store_returns.sr_customer_sk = customer.c_customer_sk LIMIT 339;6da4bc0fef49e9a4ab98b068abf0f7b0
2048;SELECT inventory.* FROM inventory JOIN item ON inventory.inv_item_sk = item.i_item_sk LIMIT 227;44f57d05fc3f5fd82400e3ce39420726
2049;SELECT inventory.* FROM inventory JOIN warehouse ON inventory.inv_warehouse_sk = warehouse.w_warehouse_sk LIMIT 58;45d40fff699a56f6eabe203ae2a1419a
2050;SELECT web_returns.* FROM web_returns JOIN date_dim ON web_returns.wr_returned_date_sk = date_dim.d_date_sk JOIN customer ON web_returns.wr_refunded_customer_sk = customer.c_customer_sk LIMIT 421;17ff877b7d4be6df730223a5e425ebef
2051;SELECT store_returns.* FROM store_returns JOIN customer ON store_returns.sr_customer_sk = customer.c_customer_sk JOIN date_dim ON store_returns.sr_returned_date_sk = date_dim.d_date_sk LIMIT 127;d7cfa2beac16626b6c8ed6b47c56b823
2052;SELECT store_returns.* FROM store_returns JOIN customer ON store_returns.sr_customer_sk = customer.c_customer_sk LIMIT 320;bf66721844b156f74a986db7f906fedf
2054;SELECT inventory.* FROM inventory JOIN date_dim ON inventory.inv_date_sk = date_dim.d_date_sk JOIN item ON inventory.inv_item_sk = item.i_item_sk LIMIT 92;af4638fe0d2a18b0735658b56d343693
2055;SELECT store_sales.* FROM store_sales JOIN item ON store_sales.ss_item_sk = item.i_item_sk LIMIT 105;38c6782df6696b12b1d0b4eadc5d4e56
2056;SELECT store_returns.* FROM store_returns JOIN date_dim ON store_returns.sr_returned_date_sk = date_dim.d_date_sk JOIN customer ON store_returns.sr_customer_sk = customer.c_customer_sk LIMIT 72;d8f5a573fcdd034b3a7fca79611a0a85
2057;SELECT catalog_sales.* FROM catalog_sales JOIN warehouse ON catalog_sales.cs_warehouse_sk = warehouse.w_warehouse_sk JOIN customer ON catalog_sales.cs_bill_customer_sk = customer.c_customer_sk LIMIT 255;9a7b7afe576371a73b570f1cb4433e84
2058;SELECT catalog_sales.* FROM catalog_sales JOIN customer ON catalog_sales.cs_bill_customer_sk = customer.c_customer_sk JOIN date_dim ON catalog_sales.cs_sold_date_sk = date_dim.d_date_sk LIMIT 129;06e3dcd357bfff68534ca70e80bc67da
2060;SELECT inventory.* FROM inventory JOIN warehouse ON inventory.inv_warehouse_sk = warehouse.w_warehouse_sk LIMIT 56;091c26922c949caecc65c80de9772435
2061;SELECT web_sales.* FROM web_sales JOIN item ON web_sales.ws_item_sk = item.i_item_sk LIMIT 384;023b30b8d323e8507c09695cdac898ad
2063;SELECT catalog_sales.* FROM catalog_sales JOIN item ON catalog_sales.cs_item_sk = item.i_item_sk JOIN date_dim ON catalog_sales.cs_sold_date_sk = date_dim.d_date_sk LIMIT 186;abf16a43b78efdacf4c31795a94c5075
2066;SELECT web_returns.* FROM web_returns JOIN item ON web_returns.wr_item_sk = item.i_item_sk JOIN date_dim ON web_returns.wr_returned_date_sk = date_dim.d_date_sk LIMIT 454;d7eecdccfd17d9275b55b85c2fcace34
2067;SELECT catalog_sales.* FROM catalog_sales JOIN customer ON catalog_sales.cs_bill_customer_sk = customer.c_customer_sk LIMIT 486;e12d3d4ae1b4b174a37fcaf92cbe0de7
2068;SELECT web_returns.* FROM web_returns JOIN item ON web_returns.wr_item_sk = item.i_item_sk LIMIT 215;7fb47ac91856cb50ff0f26f2c3df6484
2070;SELECT web_sales.* FROM web_sales JOIN date_dim ON web_sales.ws_sold_date_sk = date_dim.d_date_sk LIMIT 145;a78d6168c2b793cec0a48710aa86086f
2071;SELECT i_item_desc, w_warehouse_name, d1.d_week_seq, SUM(CASE WHEN p_promo_sk IS NULL THEN 1.0 ELSE 0.0 END) AS no_promo, SUM(CASE WHEN NOT p_promo_sk IS NULL THEN 1.0 ELSE 0.0 END) AS promo, COUNT(*) AS total_cnt FROM catalog_sales JOIN inventory ON (cs_item_sk = inv_item_sk) JOIN warehouse ON (w_warehouse_sk = inv_warehouse_sk) JOIN item ON (i_item_sk = cs_item_sk) JOIN customer_demographics ON (cs_bill_cdemo_sk = cd_demo_sk) JOIN household_demographics ON (cs_bill_hdemo_sk = hd_demo_sk) JOIN date_dim AS d1 ON (cs_sold_date_sk = d1.d_date_sk) JOIN date_dim AS d2 ON (inv_date_sk = d2.d_date_sk) JOIN date_dim AS d3 ON (cs_ship_date_sk = d3.d_date_sk) LEFT OUTER JOIN promotion ON (cs_promo_sk = p_promo_sk) LEFT OUTER JOIN catalog_returns ON (cr_item_sk = cs_item_sk AND cr_order_number = cs_order_number) WHERE d1.d_week_seq = d2.d_week_seq AND inv_quantity_on_hand < cs_quantity AND d3.d_date > d1.d_date + 5 AND hd_buy_potential = '>10000' AND d1.d_year = 1378 AND cd_marital_status = 'D' GROUP BY i_item_desc, w_warehouse_name, d1.d_week_seq ORDER BY total_cnt DESC, i_item_desc NULLS FIRST, w_warehouse_name NULLS FIRST, d1.d_week_seq NULLS FIRST LIMIT 137;8a59f24ccb9191ca2da608367a60df8a
2073;SELECT inventory.* FROM inventory JOIN warehouse ON inventory.inv_warehouse_sk = warehouse.w_warehouse_sk LIMIT 123;53c90d578750baea937e520677c33033
2074;SELECT store_returns.* FROM store_returns JOIN date_dim ON store_returns.sr_returned_date_sk = date_dim.d_date_sk LIMIT 312;cc184b196ab545e0e3df001d1945ce2a
2075;SELECT store_sales.* FROM store_sales JOIN customer ON store_sales.ss_customer_sk = customer.c_customer_sk LIMIT 493;5567e6f63502518d14428d98c9b024a3
2076;SELECT store_returns.* FROM store_returns JOIN customer ON store_returns.sr_customer_sk = customer.c_customer_sk LIMIT 463;b45e40af241da7e7f1d1d1d74e9ee235
2077;SELECT store_sales.* FROM store_sales JOIN store ON store_sales.ss_store_sk = store.s_store_sk LIMIT 342;0e0a4e4e5c17856d6ca29aba76f30b88
2078;SELECT store_sales.* FROM store_sales JOIN item ON store_sales.ss_item_sk = item.i_item_sk LIMIT 71;94a460a26d7e0ac12730360e00ada5be
2079;SELECT web_sales.* FROM web_sales JOIN web_site ON web_sales.ws_web_site_sk = web_site.web_site_sk JOIN item ON web_sales.ws_item_sk = item.i_item_sk LIMIT 98;03f623f874e5dad1266d66920733f9c9
2080;SELECT store_sales.* FROM store_sales JOIN customer ON store_sales.ss_customer_sk = customer.c_customer_sk JOIN store ON store_sales.ss_store_sk = store.s_store_sk LIMIT 471;1efeb1fd622f9c0635f42161b3b4e24c
2081;SELECT web_sales.* FROM web_sales JOIN item ON web_sales.ws_item_sk = item.i_item_sk JOIN web_site ON web_sales.ws_web_site_sk = web_site.web_site_sk LIMIT 242;0de17ded83da8cd9fa2f46c3712b4ac3
2082;SELECT web_returns.* FROM web_returns JOIN customer ON web_returns.wr_refunded_customer_sk = customer.c_customer_sk JOIN item ON web_returns.wr_item_sk = item.i_item_sk LIMIT 190;2a98fc0779223ed67280bbd56bb5bdb0
2083;SELECT catalog_sales.* FROM catalog_sales JOIN item ON catalog_sales.cs_item_sk = item.i_item_sk LIMIT 292;dbe57ad5a636259f2fd1efe7cf282aea
2084;SELECT store_returns.* FROM store_returns JOIN item ON store_returns.sr_item_sk = item.i_item_sk JOIN date_dim ON store_returns.sr_returned_date_sk = date_dim.d_date_sk LIMIT 456;eeda51d6030b8851d079cd16e12fea11
2085;SELECT web_sales.* FROM web_sales JOIN item ON web_sales.ws_item_sk = item.i_item_sk LIMIT 81;0ca2e8a884f892a844871a580b7cfdbe
2086;"SELECT w_substr, sm_type, web_name, SUM(CASE WHEN (ws_ship_date_sk - ws_sold_date_sk <= 44) THEN 1.0 ELSE 0.0 END) AS ""30 days"", SUM(CASE WHEN (ws_ship_date_sk - ws_sold_date_sk > 34) AND (ws_ship_date_sk - ws_sold_date_sk <= 86) THEN 1.0 ELSE 0.0 END) AS ""31-60 days"", SUM(CASE WHEN (ws_ship_date_sk - ws_sold_date_sk > 38) AND (ws_ship_date_sk - ws_sold_date_sk <= 70) THEN 1.0 ELSE 0.0 END) AS ""61-90 days"", SUM(CASE WHEN (ws_ship_date_sk - ws_sold_date_sk > 75) AND (ws_ship_date_sk - ws_sold_date_sk <= 61) THEN 1.0 ELSE 0.0 END) AS ""91-120 days"", SUM(CASE WHEN (ws_ship_date_sk - ws_sold_date_sk > 69) THEN 1.0 ELSE 0.0 END) AS "">120 days"" FROM web_sales, (SELECT SUBSTRING(w_warehouse_name FROM 1.0 FOR 14) AS w_substr, * FROM warehouse) AS sq1, ship_mode, web_site WHERE d_month_seq BETWEEN 679 AND 696 + 9 AND ws_ship_date_sk = d_date_sk AND ws_warehouse_sk = w_warehouse_sk AND ws_ship_mode_sk = sm_ship_mode_sk AND ws_web_site_sk = web_site_sk GROUP BY w_substr, sm_type, web_name ORDER BY 1.0 NULLS FIRST, 2 NULLS FIRST, 1 NULLS FIRST LIMIT 51";ae757877447d5834bf913d5b76697233
2087;SELECT web_returns.* FROM web_returns JOIN item ON web_returns.wr_item_sk = item.i_item_sk JOIN date_dim ON web_returns.wr_returned_date_sk = date_dim.d_date_sk LIMIT 475;aa455de40a04f1c6985b7d143f94dc74
2088;SELECT store_sales.* FROM store_sales JOIN date_dim ON store_sales.ss_sold_date_sk = date_dim.d_date_sk JOIN store ON store_sales.ss_store_sk = store.s_store_sk LIMIT 282;451834965f5dc2414308e372770bb6c9
2089;SELECT catalog_sales.* FROM catalog_sales JOIN customer ON catalog_sales.cs_bill_customer_sk = customer.c_customer_sk LIMIT 148;67ca2359f86bf59be5d7ad04bf6a00ca
2090;SELECT catalog_sales.* FROM catalog_sales JOIN customer ON catalog_sales.cs_bill_customer_sk = customer.c_customer_sk LIMIT 258;65efc75f51827c1b98ea3b21937b1e28
2091;SELECT store_returns.* FROM store_returns JOIN item ON store_returns.sr_item_sk = item.i_item_sk JOIN customer ON store_returns.sr_customer_sk = customer.c_customer_sk LIMIT 385;847b4e8ae40f86d3a324dd79a7699721
2092;SELECT store_sales.* FROM store_sales JOIN date_dim ON store_sales.ss_sold_date_sk = date_dim.d_date_sk LIMIT 318;9c44e76137d8b5866576621f12de0af7
2094;SELECT inventory.* FROM inventory JOIN warehouse ON inventory.inv_warehouse_sk = warehouse.w_warehouse_sk LIMIT 235;b85d5893aa06c609c36439a5ae898462
2096;SELECT web_sales.* FROM web_sales JOIN web_site ON web_sales.ws_web_site_sk = web_site.web_site_sk LIMIT 283;bcacef5fb966dac2f9821049269c521c
2097;SELECT store_sales.* FROM store_sales JOIN date_dim ON store_sales.ss_sold_date_sk = date_dim.d_date_sk LIMIT 147;9cadac066adb56b8403c81a605333498
2098;SELECT web_sales.* FROM web_sales JOIN item ON web_sales.ws_item_sk = item.i_item_sk LIMIT 364;9c12c184c0c0d5344546c3e7e3bb7810
2099;SELECT store_sales.* FROM store_sales JOIN date_dim ON store_sales.ss_sold_date_sk = date_dim.d_date_sk LIMIT 333;2b4eac2cf8c3733c1e763dca7e2edd46
2100;SELECT store_returns.* FROM store_returns JOIN item ON store_returns.sr_item_sk = item.i_item_sk JOIN customer ON store_returns.sr_customer_sk = customer.c_customer_sk LIMIT 400;3229ba62eceee44fde3304d08b543f59
2101;SELECT inventory.* FROM inventory JOIN date_dim ON inventory.inv_date_sk = date_dim.d_date_sk LIMIT 359;c6bafb1ea1f622f131921d5a1d028ec4
2102;SELECT store_returns.* FROM store_returns JOIN customer ON store_returns.sr_customer_sk = customer.c_customer_sk JOIN date_dim ON store_returns.sr_returned_date_sk = date_dim.d_date_sk LIMIT 370;724dbcdb4d63b946570c3058f74c2422
2103;SELECT web_returns.* FROM web_returns JOIN customer ON web_returns.wr_refunded_customer_sk = customer.c_customer_sk JOIN item ON web_returns.wr_item_sk = item.i_item_sk LIMIT 244;cbc0f30debf7aee89e38f1b8aca2c5f8
2104;SELECT web_sales.* FROM web_sales JOIN web_site ON web_sales.ws_web_site_sk = web_site.web_site_sk JOIN item ON web_sales.ws_item_sk = item.i_item_sk LIMIT 113;1cb766f992a98151c19de12ff69129ca
2105;SELECT inventory.* FROM inventory JOIN item ON inventory.inv_item_sk = item.i_item_sk LIMIT 315;34e3f79b0517ef801b8da79b7c24ab2b
2106;SELECT store_returns.* FROM store_returns JOIN date_dim ON store_returns.sr_returned_date_sk = date_dim.d_date_sk LIMIT 369;396d91e2de82be6e98a2ee0df7598b42
2107;SELECT web_returns.* FROM web_returns JOIN customer ON web_returns.wr_refunded_customer_sk = customer.c_customer_sk JOIN date_dim ON web_returns.wr_returned_date_sk = date_dim.d_date_sk LIMIT 381;5e021a707d8152295efdcfaf83a454d0
2109;SELECT catalog_sales.* FROM catalog_sales JOIN item ON catalog_sales.cs_item_sk = item.i_item_sk JOIN date_dim ON catalog_sales.cs_sold_date_sk = date_dim.d_date_sk LIMIT 293;a8017b104353f8c50c27e3fd99f02479
2110;SELECT store_returns.* FROM store_returns JOIN date_dim ON store_returns.sr_returned_date_sk = date_dim.d_date_sk LIMIT 359;b3d7f2e7341559f63b87971e491ebed2
2111;SELECT web_returns.* FROM web_returns JOIN item ON web_returns.wr_item_sk = item.i_item_sk LIMIT 461;d083da423c363820d49f07f0dd46e9a2
2112;SELECT catalog_sales.* FROM catalog_sales JOIN warehouse ON catalog_sales.cs_warehouse_sk = warehouse.w_warehouse_sk JOIN date_dim ON catalog_sales.cs_sold_date_sk = date_dim.d_date_sk LIMIT 90;51d6dec4f8294849ad82b21436286aff
2113;SELECT web_returns.* FROM web_returns JOIN customer ON web_returns.wr_refunded_customer_sk = customer.c_customer_sk LIMIT 353;55b871876a170d55da969651744632d0
2114;SELECT catalog_sales.* FROM catalog_sales JOIN date_dim ON catalog_sales.cs_sold_date_sk = date_dim.d_date_sk JOIN customer ON catalog_sales.cs_bill_customer_sk = customer.c_customer_sk LIMIT 134;b06927a3aecdbcc12c7f2c006ef5ddec
2115;SELECT web_returns.* FROM web_returns JOIN item ON web_returns.wr_item_sk = item.i_item_sk JOIN date_dim ON web_returns.wr_returned_date_sk = date_dim.d_date_sk LIMIT 127;2fdad0887e9507796f81cc8bdcdc85e6
2116;SELECT inventory.* FROM inventory JOIN item ON inventory.inv_item_sk = item.i_item_sk LIMIT 316;626107b7ce16deff3f37787fcf76c795
2117;SELECT web_sales.* FROM web_sales JOIN item ON web_sales.ws_item_sk = item.i_item_sk LIMIT 478;caee8aeb7d6d55fbcec6fcc7dc16bbc9
2118;SELECT web_sales.* FROM web_sales JOIN customer ON web_sales.ws_bill_customer_sk = customer.c_customer_sk JOIN web_site ON web_sales.ws_web_site_sk = web_site.web_site_sk LIMIT 156;9b5e991e23649a6f3992fb8e90554157
2119;SELECT store_sales.* FROM store_sales JOIN store ON store_sales.ss_store_sk = store.s_store_sk JOIN item ON store_sales.ss_item_sk = item.i_item_sk LIMIT 441;8f3151bb0496cd285a148fb6fab2cad7
2120;SELECT catalog_sales.* FROM catalog_sales JOIN customer ON catalog_sales.cs_bill_customer_sk = customer.c_customer_sk LIMIT 125;e7d20b00378a9793f8c53675cf80174d
2121;SELECT catalog_sales.* FROM catalog_sales JOIN customer ON catalog_sales.cs_bill_customer_sk = customer.c_customer_sk LIMIT 185;3d7842910bfd9b4f2de227f643b2ff04
2122;SELECT store_returns.* FROM store_returns JOIN date_dim ON store_returns.sr_returned_date_sk = date_dim.d_date_sk LIMIT 463;09acebaa49e90893c1a179c036ac0c30
2123;SELECT web_sales.* FROM web_sales JOIN web_site ON web_sales.ws_web_site_sk = web_site.web_site_sk LIMIT 202;98e0c6737019249cf2599a1fc5d5971c
2124;SELECT store_returns.* FROM store_returns JOIN customer ON store_returns.sr_customer_sk = customer.c_customer_sk LIMIT 423;dd3d65b70018bcb03cdc87ecfbf58178
2125;SELECT store_returns.* FROM store_returns JOIN item ON store_returns.sr_item_sk = item.i_item_sk JOIN date_dim ON store_returns.sr_returned_date_sk = date_dim.d_date_sk LIMIT 468;97583b000600477391000680e9768268
2127;SELECT catalog_sales.* FROM catalog_sales JOIN warehouse ON catalog_sales.cs_warehouse_sk = warehouse.w_warehouse_sk JOIN date_dim ON catalog_sales.cs_sold_date_sk = date_dim.d_date_sk LIMIT 358;eb94abc5ae238390813a6117f0d46939
2128;SELECT store_sales.* FROM store_sales JOIN date_dim ON store_sales.ss_sold_date_sk = date_dim.d_date_sk JOIN store ON store_sales.ss_store_sk = store.s_store_sk LIMIT 434;a370c81118ed15c0e328c8ad68b430f9
2129;SELECT web_sales.* FROM web_sales JOIN web_site ON web_sales.ws_web_site_sk = web_site.web_site_sk JOIN date_dim ON web_sales.ws_sold_date_sk = date_dim.d_date_sk LIMIT 116;3a543f1de33c37f4d3b0a34fd1dc2678
2130;SELECT web_returns.* FROM web_returns JOIN item ON web_returns.wr_item_sk = item.i_item_sk LIMIT 152;96b6e159594697989b881e418d8241c1
2131;SELECT store_sales.* FROM store_sales JOIN date_dim ON store_sales.ss_sold_date_sk = date_dim.d_date_sk JOIN store ON store_sales.ss_store_sk = store.s_store_sk LIMIT 427;282a7cd6303ed256141bd1ea326034b0
2132;SELECT web_returns.* FROM web_returns JOIN date_dim ON web_returns.wr_returned_date_sk = date_dim.d_date_sk LIMIT 192;6bb103871de61532a5490613a85570ba
2133;SELECT web_sales.* FROM web_sales JOIN date_dim ON web_sales.ws_sold_date_sk = date_dim.d_date_sk LIMIT 363;9ccdf719d55432299fab7730fa5deaab
2134;SELECT dt.d_year, item.i_category_id, item.i_category, SUM(ss_ext_sales_price) FROM date_dim AS dt, store_sales, item WHERE dt.d_date_sk = store_sales.ss_sold_date_sk AND store_sales.ss_item_sk = item.i_item_sk AND item.i_manager_id = 1.0 AND dt.d_moy = 12 AND dt.d_year = 2175 GROUP BY dt.d_year, item.i_category_id, item.i_category ORDER BY SUM(ss_ext_sales_price) DESC NULLS LAST, dt.d_year, item.i_category_id, item.i_category LIMIT 118;cd1b250eb16a2f02b8d378446d2c7dac
2135;SELECT web_returns.* FROM web_returns JOIN customer ON web_returns.wr_refunded_customer_sk = customer.c_customer_sk LIMIT 323;5a131b954bf366c056d476761f2a80bf
2136;SELECT inventory.* FROM inventory JOIN warehouse ON inventory.inv_warehouse_sk = warehouse.w_warehouse_sk JOIN item ON inventory.inv_item_sk = item.i_item_sk LIMIT 457;a22835a88cbae83045ff739c47f50d50
2137;SELECT store_returns.* FROM store_returns JOIN item ON store_returns.sr_item_sk = item.i_item_sk LIMIT 395;e3a5ea45113ae3ffbb4511b0424e3b94
2138;SELECT catalog_sales.* FROM catalog_sales JOIN warehouse ON catalog_sales.cs_warehouse_sk = warehouse.w_warehouse_sk JOIN date_dim ON catalog_sales.cs_sold_date_sk = date_dim.d_date_sk LIMIT 251;9d4a42029632a94c71475041139819b7
2139;SELECT catalog_sales.* FROM catalog_sales JOIN warehouse ON catalog_sales.cs_warehouse_sk = warehouse.w_warehouse_sk JOIN item ON catalog_sales.cs_item_sk = item.i_item_sk LIMIT 419;d9c0ce000238b65e48aa48dfaaa76b31
2140;SELECT store_returns.* FROM store_returns JOIN item ON store_returns.sr_item_sk = item.i_item_sk LIMIT 244;188cfd91939d4d2d449cdd3dbdc45853
2141;SELECT store_sales.* FROM store_sales JOIN item ON store_sales.ss_item_sk = item.i_item_sk JOIN customer ON store_sales.ss_customer_sk = customer.c_customer_sk LIMIT 276;8be3f734ecac0c157d4367c1f7c1f995
2142;SELECT store_sales.* FROM store_sales JOIN date_dim ON store_sales.ss_sold_date_sk = date_dim.d_date_sk LIMIT 315;444d02c34252d0b6362e9b8c8428dce4
2143;SELECT inventory.* FROM inventory JOIN warehouse ON inventory.inv_warehouse_sk = warehouse.w_warehouse_sk LIMIT 100;80478a70adbf236449eac73671272d01
2144;SELECT web_returns.* FROM web_returns JOIN customer ON web_returns.wr_refunded_customer_sk = customer.c_customer_sk LIMIT 201;220eef3fa13ae6ee97d58375608882fa
2145;SELECT catalog_sales.* FROM catalog_sales JOIN item ON catalog_sales.cs_item_sk = item.i_item_sk JOIN date_dim ON catalog_sales.cs_sold_date_sk = date_dim.d_date_sk LIMIT 369;20c1dcf4740b882db713624cfbdc5adf
2146;SELECT store_returns.* FROM store_returns JOIN date_dim ON store_returns.sr_returned_date_sk = date_dim.d_date_sk LIMIT 307;b6f7d6342aae71236e9b5b108bd0aa8a
2148;SELECT inventory.* FROM inventory JOIN warehouse ON inventory.inv_warehouse_sk = warehouse.w_warehouse_sk LIMIT 492;8b242d4364a3e6e3f33b583926c40de6
2149;SELECT web_sales.* FROM web_sales JOIN web_site ON web_sales.ws_web_site_sk = web_site.web_site_sk LIMIT 489;1cb82fbb8be68b2c0dd341d535b57eeb
2150;SELECT store_sales.* FROM store_sales JOIN customer ON store_sales.ss_customer_sk = customer.c_customer_sk JOIN item ON store_sales.ss_item_sk = item.i_item_sk LIMIT 175;7ff8ba4d40ae2cd32ebfb4bec44bfd7a
2152;SELECT dt.d_year, SUM(ss_ext_sales_price) AS ext_price FROM date_dim AS dt, store_sales WHERE  GROUP BY dt.d_year ORDER BY dt.d_year, ext_price DESC NULLS LAST, brand_id LIMIT 145;9abb0fbe8543185fadc29e8dcac94863
2153;SELECT store_returns.* FROM store_returns JOIN customer ON store_returns.sr_customer_sk = customer.c_customer_sk LIMIT 403;411010ae8552917b66759a411468c2c6
2154;SELECT catalog_sales.* FROM catalog_sales JOIN warehouse ON catalog_sales.cs_warehouse_sk = warehouse.w_warehouse_sk JOIN item ON catalog_sales.cs_item_sk = item.i_item_sk LIMIT 83;43d67e465e3590b3f97bb88a8a80d574
2155;SELECT store_sales.* FROM store_sales JOIN date_dim ON store_sales.ss_sold_date_sk = date_dim.d_date_sk JOIN customer ON store_sales.ss_customer_sk = customer.c_customer_sk LIMIT 287;78e0061a66b773c94a75764634dd725e
2156;SELECT catalog_sales.* FROM catalog_sales JOIN customer ON catalog_sales.cs_bill_customer_sk = customer.c_customer_sk LIMIT 106;0dd8c09afae157cc5806b508fddfcc34
2157;SELECT catalog_sales.* FROM catalog_sales JOIN customer ON catalog_sales.cs_bill_customer_sk = customer.c_customer_sk LIMIT 264;150af865930040e5193d0524932a6310
2158;SELECT web_sales.* FROM web_sales JOIN item ON web_sales.ws_item_sk = item.i_item_sk JOIN web_site ON web_sales.ws_web_site_sk = web_site.web_site_sk LIMIT 190;c6f24a9224e7c7510714a223fc8a9728
2159;SELECT store_returns.* FROM store_returns JOIN date_dim ON store_returns.sr_returned_date_sk = date_dim.d_date_sk JOIN item ON store_returns.sr_item_sk = item.i_item_sk LIMIT 204;deb1766194af5c8b461333a206790fb3
2160;SELECT inventory.* FROM inventory JOIN date_dim ON inventory.inv_date_sk = date_dim.d_date_sk LIMIT 252;535877e49851efaed426eb3848f9e88d
2161;SELECT store_sales.* FROM store_sales JOIN store ON store_sales.ss_store_sk = store.s_store_sk LIMIT 336;0823e1aff5f6560295a6d356a2635296
2162;SELECT web_sales.* FROM web_sales JOIN date_dim ON web_sales.ws_sold_date_sk = date_dim.d_date_sk LIMIT 334;b152634a0ba49318ad7c17efaca48afb
2163;"SELECT w_substr, sm_type, web_name, SUM(CASE WHEN (ws_ship_date_sk - ws_sold_date_sk <= 25) THEN 1.0 ELSE 0.0 END) AS ""30 days"", SUM(CASE WHEN (ws_ship_date_sk - ws_sold_date_sk > 23) AND (ws_ship_date_sk - ws_sold_date_sk <= 52) THEN 1.0 ELSE 0.0 END) AS ""31-60 days"", SUM(CASE WHEN (ws_ship_date_sk - ws_sold_date_sk > 68) AND (ws_ship_date_sk - ws_sold_date_sk <= 46) THEN 1.0 ELSE 0.0 END) AS ""61-90 days"", SUM(CASE WHEN (ws_ship_date_sk - ws_sold_date_sk > 131) AND (ws_ship_date_sk - ws_sold_date_sk <= 77) THEN 1.0 ELSE 0.0 END) AS ""91-120 days"", SUM(CASE WHEN (ws_ship_date_sk - ws_sold_date_sk > 116) THEN 1.0 ELSE 0.0 END) AS "">120 days"" FROM web_sales, (SELECT SUBSTRING(w_warehouse_name FROM 1.0 FOR 10) AS w_substr, * FROM warehouse) AS sq1, ship_mode, web_site WHERE d_month_seq BETWEEN 938 AND 835 + 9 AND ws_ship_date_sk = d_date_sk AND ws_warehouse_sk = w_warehouse_sk AND ws_ship_mode_sk = sm_ship_mode_sk AND ws_web_site_sk = web_site_sk GROUP BY w_substr, sm_type, web_name ORDER BY 1.0 NULLS FIRST, 2 NULLS FIRST, 1 NULLS FIRST LIMIT 80";bb105877ac594f1eef73405e2d24aa2a
2164;SELECT web_sales.* FROM web_sales JOIN web_site ON web_sales.ws_web_site_sk = web_site.web_site_sk LIMIT 384;d78539740487f8801312411ac67c76fd
2165;SELECT catalog_sales.* FROM catalog_sales JOIN item ON catalog_sales.cs_item_sk = item.i_item_sk LIMIT 211;4b6834ee9f3b8effd9f8dca69856dbae
2166;SELECT store_sales.* FROM store_sales JOIN store ON store_sales.ss_store_sk = store.s_store_sk JOIN date_dim ON store_sales.ss_sold_date_sk = date_dim.d_date_sk LIMIT 308;0810b7597088131166d0535db642d4a8
2167;SELECT store_returns.* FROM store_returns JOIN date_dim ON store_returns.sr_returned_date_sk = date_dim.d_date_sk LIMIT 450;d9c571848fb85468bb48ccc3430ee5b6
2168;SELECT inventory.* FROM inventory JOIN warehouse ON inventory.inv_warehouse_sk = warehouse.w_warehouse_sk LIMIT 247;dfe91267249c934e75f5880475a3a083
2169;SELECT store_sales.* FROM store_sales JOIN item ON store_sales.ss_item_sk = item.i_item_sk JOIN store ON store_sales.ss_store_sk = store.s_store_sk LIMIT 195;8002a89b5e4b31947b1c397c7955ac5a
2170;SELECT web_sales.* FROM web_sales JOIN date_dim ON web_sales.ws_sold_date_sk = date_dim.d_date_sk JOIN item ON web_sales.ws_item_sk = item.i_item_sk LIMIT 466;ccb591ba853b4d7de60ba1643bfee97d
2171;SELECT store_returns.* FROM store_returns JOIN item ON store_returns.sr_item_sk = item.i_item_sk LIMIT 493;68823d59200b136cf964bfbafbafc4af
2172;SELECT catalog_sales.* FROM catalog_sales JOIN customer ON catalog_sales.cs_bill_customer_sk = customer.c_customer_sk LIMIT 342;744aacb3f0eee88614e797ca9f4c4215
2173;SELECT store_sales.* FROM store_sales JOIN customer ON store_sales.ss_customer_sk = customer.c_customer_sk JOIN date_dim ON store_sales.ss_sold_date_sk = date_dim.d_date_sk LIMIT 174;390ab12ef50d0b789558ac643e28fe1e
2174;SELECT store_sales.* FROM store_sales JOIN date_dim ON store_sales.ss_sold_date_sk = date_dim.d_date_sk JOIN customer ON store_sales.ss_customer_sk = customer.c_customer_sk LIMIT 130;ad075c4203c924f022d92ad942ff7435
2177;SELECT store_sales.* FROM store_sales JOIN store ON store_sales.ss_store_sk = store.s_store_sk LIMIT 386;022f7e92afac5e6db8a44c532e7469c3
2179;SELECT web_returns.* FROM web_returns JOIN date_dim ON web_returns.wr_returned_date_sk = date_dim.d_date_sk LIMIT 487;0f87b708a09305d31a32eb23771de30f
2181;SELECT catalog_sales.* FROM catalog_sales JOIN date_dim ON catalog_sales.cs_sold_date_sk = date_dim.d_date_sk JOIN item ON catalog_sales.cs_item_sk = item.i_item_sk LIMIT 404;0656758751035bf457625d471511a827
2182;SELECT store_sales.* FROM store_sales JOIN date_dim ON store_sales.ss_sold_date_sk = date_dim.d_date_sk LIMIT 437;bfb30116dd1a293071d1a5ebf5102385
2183;SELECT inventory.* FROM inventory JOIN item ON inventory.inv_item_sk = item.i_item_sk JOIN warehouse ON inventory.inv_warehouse_sk = warehouse.w_warehouse_sk LIMIT 148;97f3759a2ecb4f759cdb2242fa2d409b
2184;SELECT store_sales.* FROM store_sales JOIN date_dim ON store_sales.ss_sold_date_sk = date_dim.d_date_sk JOIN customer ON store_sales.ss_customer_sk = customer.c_customer_sk LIMIT 340;f4c7ffce629be5b34112432192f4010e
2185;SELECT store_returns.* FROM store_returns JOIN date_dim ON store_returns.sr_returned_date_sk = date_dim.d_date_sk LIMIT 297;b7075c400dab223bf746144265104316
2186;SELECT store_sales.* FROM store_sales JOIN date_dim ON store_sales.ss_sold_date_sk = date_dim.d_date_sk LIMIT 125;bbd544e7550502eab7df7cca1e007585
2187;SELECT store_returns.* FROM store_returns JOIN item ON store_returns.sr_item_sk = item.i_item_sk LIMIT 111;898c9bfd4210cd7686100e7f7c2ba859
2188;SELECT web_sales.* FROM web_sales JOIN customer ON web_sales.ws_bill_customer_sk = customer.c_customer_sk JOIN web_site ON web_sales.ws_web_site_sk = web_site.web_site_sk LIMIT 188;71e093471e84d54943846c9a50e25821
2189;SELECT web_sales.* FROM web_sales JOIN customer ON web_sales.ws_bill_customer_sk = customer.c_customer_sk JOIN web_site ON web_sales.ws_web_site_sk = web_site.web_site_sk LIMIT 173;88dc49cae4f6f0a0be679a5c1b51c008
2190;SELECT inventory.* FROM inventory JOIN date_dim ON inventory.inv_date_sk = date_dim.d_date_sk JOIN warehouse ON inventory.inv_warehouse_sk = warehouse.w_warehouse_sk LIMIT 114;9757be713e24c3229cd8d1bf9dccf68e
2191;SELECT web_returns.* FROM web_returns JOIN date_dim ON web_returns.wr_returned_date_sk = date_dim.d_date_sk LIMIT 306;b2dac496f63672e0cde0a7b37674ed54
2192;SELECT web_returns.* FROM web_returns JOIN item ON web_returns.wr_item_sk = item.i_item_sk JOIN customer ON web_returns.wr_refunded_customer_sk = customer.c_customer_sk LIMIT 148;171e7406358f64c206f5fa30e700bbf3
2193;SELECT web_returns.* FROM web_returns JOIN date_dim ON web_returns.wr_returned_date_sk = date_dim.d_date_sk LIMIT 439;e7ae03b65bac6ea063ec638944e79e7a
2194;SELECT store_returns.* FROM store_returns JOIN item ON store_returns.sr_item_sk = item.i_item_sk JOIN date_dim ON store_returns.sr_returned_date_sk = date_dim.d_date_sk LIMIT 464;112d7688cc8246ca4a27f5b0f1f03d3e
2196;SELECT web_sales.* FROM web_sales JOIN web_site ON web_sales.ws_web_site_sk = web_site.web_site_sk JOIN date_dim ON web_sales.ws_sold_date_sk = date_dim.d_date_sk LIMIT 69;ca498bbb208103063bb2f949bf380225
2197;SELECT store_returns.* FROM store_returns JOIN customer ON store_returns.sr_customer_sk = customer.c_customer_sk LIMIT 352;21f9142940cd5ee6ac1a585b6a72523d
2198;SELECT web_returns.* FROM web_returns JOIN item ON web_returns.wr_item_sk = item.i_item_sk JOIN date_dim ON web_returns.wr_returned_date_sk = date_dim.d_date_sk LIMIT 459;75670aca1e787da344723fae9a79d1e2
2199;SELECT inventory.* FROM inventory JOIN date_dim ON inventory.inv_date_sk = date_dim.d_date_sk LIMIT 309;1aaceeff894d0d5a0a95c414bd7ae3f2
2200;SELECT web_returns.* FROM web_returns JOIN date_dim ON web_returns.wr_returned_date_sk = date_dim.d_date_sk LIMIT 141;17ce68791221c0ac1b85f0c15f80fffe
2201;SELECT store_sales.* FROM store_sales JOIN customer ON store_sales.ss_customer_sk = customer.c_customer_sk JOIN item ON store_sales.ss_item_sk = item.i_item_sk LIMIT 163;4e607eb7fbb0f17eff31cf3040f35797
2202;SELECT web_returns.* FROM web_returns JOIN item ON web_returns.wr_item_sk = item.i_item_sk LIMIT 471;947017982abcc008f00f8ea3da9b0ba1
2203;SELECT catalog_sales.* FROM catalog_sales JOIN customer ON catalog_sales.cs_bill_customer_sk = customer.c_customer_sk JOIN date_dim ON catalog_sales.cs_sold_date_sk = date_dim.d_date_sk LIMIT 223;d8d1cf9136e2dcd1ca9549478f095290
2204;SELECT store_returns.* FROM store_returns JOIN item ON store_returns.sr_item_sk = item.i_item_sk LIMIT 255;881c3a15174a7b70272902839f7cc7a0
2205;SELECT store_sales.* FROM store_sales JOIN customer ON store_sales.ss_customer_sk = customer.c_customer_sk JOIN store ON store_sales.ss_store_sk = store.s_store_sk LIMIT 361;6c2f827bfc9e94088fd5d106486d789f
2206;SELECT web_sales.* FROM web_sales JOIN date_dim ON web_sales.ws_sold_date_sk = date_dim.d_date_sk LIMIT 386;817d3f2371bc1d1d457912f4a1f0090e
2207;SELECT catalog_sales.* FROM catalog_sales JOIN item ON catalog_sales.cs_item_sk = item.i_item_sk LIMIT 102;bdf9945690bbe770bbc758f1b6ac6755
2208;SELECT store_returns.* FROM store_returns JOIN date_dim ON store_returns.sr_returned_date_sk = date_dim.d_date_sk JOIN customer ON store_returns.sr_customer_sk = customer.c_customer_sk LIMIT 330;a5bb3b64eb5fc5bdbfae338371c2b5be
2210;SELECT inventory.* FROM inventory JOIN date_dim ON inventory.inv_date_sk = date_dim.d_date_sk LIMIT 74;71533ccfdb5f4d86fc754d45a970069c
2211;SELECT cd_gender, cd_marital_status, cd_education_status, COUNT(*) AS cnt1, cd_purchase_estimate, COUNT(*) AS cnt2, cd_credit_rating, COUNT(*) AS cnt3 FROM customer AS c, customer_demographics WHERE  GROUP BY cd_gender, cd_marital_status, cd_education_status, cd_purchase_estimate, cd_credit_rating ORDER BY cd_gender, cd_marital_status, cd_education_status, cd_purchase_estimate, cd_credit_rating LIMIT 79;2dd053ad2cbfc72f8ce76daebbfcc7ce
2212;SELECT inventory.* FROM inventory JOIN date_dim ON inventory.inv_date_sk = date_dim.d_date_sk JOIN warehouse ON inventory.inv_warehouse_sk = warehouse.w_warehouse_sk LIMIT 238;e6d0cfe0e02b50f0f6973bab004a49c0
2213;SELECT inventory.* FROM inventory JOIN warehouse ON inventory.inv_warehouse_sk = warehouse.w_warehouse_sk LIMIT 193;639f0483f0479a55c428cc49fa32082c
2215;SELECT web_returns.* FROM web_returns JOIN customer ON web_returns.wr_refunded_customer_sk = customer.c_customer_sk LIMIT 242;6d463f6bcfa563f2b470a49d8fcc073e
2216;SELECT web_returns.* FROM web_returns JOIN customer ON web_returns.wr_refunded_customer_sk = customer.c_customer_sk LIMIT 395;0e1e4aa0c3e968aa65db6a874e8394ce
2217;SELECT web_sales.* FROM web_sales JOIN item ON web_sales.ws_item_sk = item.i_item_sk JOIN web_site ON web_sales.ws_web_site_sk = web_site.web_site_sk LIMIT 342;1f0e280aed4ac68aacfae6215522ed79
2219;SELECT catalog_sales.* FROM catalog_sales JOIN date_dim ON catalog_sales.cs_sold_date_sk = date_dim.d_date_sk JOIN item ON catalog_sales.cs_item_sk = item.i_item_sk LIMIT 93;4aefdf86cd69ac35e8b1057e8e747505
2220;SELECT catalog_sales.* FROM catalog_sales JOIN date_dim ON catalog_sales.cs_sold_date_sk = date_dim.d_date_sk LIMIT 474;6f72fe4482f2d6986ffa31aa1920411f
2221;SELECT catalog_sales.* FROM catalog_sales JOIN date_dim ON catalog_sales.cs_sold_date_sk = date_dim.d_date_sk JOIN customer ON catalog_sales.cs_bill_customer_sk = customer.c_customer_sk LIMIT 397;084f24359ca187ecf27ddd74cc59a1b8
2222;SELECT web_sales.* FROM web_sales JOIN item ON web_sales.ws_item_sk = item.i_item_sk LIMIT 458;7678545ab2ffd63d6802169da0ea8ab9
2223;SELECT web_returns.* FROM web_returns JOIN customer ON web_returns.wr_refunded_customer_sk = customer.c_customer_sk LIMIT 138;acd00a817532ebaec607e1b1ac0afe37
2224;SELECT web_sales.* FROM web_sales JOIN date_dim ON web_sales.ws_sold_date_sk = date_dim.d_date_sk LIMIT 227;455ffb196559b20d3bf0db2cd79aaf9f
2225;SELECT web_returns.* FROM web_returns JOIN date_dim ON web_returns.wr_returned_date_sk = date_dim.d_date_sk JOIN item ON web_returns.wr_item_sk = item.i_item_sk LIMIT 94;d385dfeda65e486162cd175deb5cb4fb
2227;SELECT catalog_sales.* FROM catalog_sales JOIN customer ON catalog_sales.cs_bill_customer_sk = customer.c_customer_sk JOIN date_dim ON catalog_sales.cs_sold_date_sk = date_dim.d_date_sk LIMIT 248;89f921e637f2dd94b8a4afc51bf9f9c7
2228;SELECT catalog_sales.* FROM catalog_sales JOIN customer ON catalog_sales.cs_bill_customer_sk = customer.c_customer_sk JOIN item ON catalog_sales.cs_item_sk = item.i_item_sk LIMIT 237;bfe23557f0bc63ba7636bb460a3a74d1
2229;SELECT catalog_sales.* FROM catalog_sales JOIN date_dim ON catalog_sales.cs_sold_date_sk = date_dim.d_date_sk LIMIT 106;8b2df75d322a008cc0f0286d3e64fb71
2230;SELECT dt.d_year, item.i_brand_id AS brand_id, item.i_brand AS brand, SUM(ss_ext_sales_price) AS ext_price FROM date_dim AS dt, store_sales, item WHERE dt.d_date_sk = store_sales.ss_sold_date_sk AND store_sales.ss_item_sk = item.i_item_sk AND item.i_manager_id = 1 AND dt.d_moy = 11 AND dt.d_year = 2000 GROUP BY dt.d_year, item.i_brand, item.i_brand_id ORDER BY dt.d_year, ext_price DESC NULLS LAST, brand_id LIMIT 100;cdfccd19020adb48fc941efb307d7d17
2231;SELECT web_sales.* FROM web_sales JOIN date_dim ON web_sales.ws_sold_date_sk = date_dim.d_date_sk JOIN customer ON web_sales.ws_bill_customer_sk = customer.c_customer_sk LIMIT 260;35e411ad9c744fbe256fa869ec816458
2232;SELECT web_sales.* FROM web_sales JOIN web_site ON web_sales.ws_web_site_sk = web_site.web_site_sk LIMIT 130;a9e1fe88187d5a1d6a3c2d9f9a4f8683
2233;SELECT store_sales.* FROM store_sales JOIN customer ON store_sales.ss_customer_sk = customer.c_customer_sk JOIN date_dim ON store_sales.ss_sold_date_sk = date_dim.d_date_sk LIMIT 416;db844080e5561f33974ecb6deaa14deb
2234;SELECT catalog_sales.* FROM catalog_sales JOIN warehouse ON catalog_sales.cs_warehouse_sk = warehouse.w_warehouse_sk LIMIT 52;234f48b3271e94fe6d8c6102407f0b87
2235;SELECT web_sales.* FROM web_sales JOIN item ON web_sales.ws_item_sk = item.i_item_sk JOIN customer ON web_sales.ws_bill_customer_sk = customer.c_customer_sk LIMIT 78;93093cad79e97b71576291fed5adfbb5
2236;SELECT web_sales.* FROM web_sales JOIN date_dim ON web_sales.ws_sold_date_sk = date_dim.d_date_sk LIMIT 204;8570c9e9303fb81e09b9b5b9d65a045f
2237;SELECT inventory.* FROM inventory JOIN item ON inventory.inv_item_sk = item.i_item_sk LIMIT 443;09ee970fb4c18e98bd25a5af4a36ad08
2238;SELECT catalog_sales.* FROM catalog_sales JOIN date_dim ON catalog_sales.cs_sold_date_sk = date_dim.d_date_sk LIMIT 110;95cfd2e7ff4c3f2924afd6c19c52ef7a
2239;SELECT catalog_sales.* FROM catalog_sales JOIN customer ON catalog_sales.cs_bill_customer_sk = customer.c_customer_sk JOIN warehouse ON catalog_sales.cs_warehouse_sk = warehouse.w_warehouse_sk LIMIT 99;79bc121e5bc9d109370916f11fdcb002
2240;SELECT inventory.* FROM inventory JOIN item ON inventory.inv_item_sk = item.i_item_sk LIMIT 362;a626c32545526d202777886ce9a6425f
2241;SELECT web_returns.* FROM web_returns JOIN date_dim ON web_returns.wr_returned_date_sk = date_dim.d_date_sk JOIN customer ON web_returns.wr_refunded_customer_sk = customer.c_customer_sk LIMIT 409;782b8a2e93e353b6ec749da89941e194
2242;SELECT web_returns.* FROM web_returns JOIN customer ON web_returns.wr_refunded_customer_sk = customer.c_customer_sk JOIN item ON web_returns.wr_item_sk = item.i_item_sk LIMIT 122;b9cb930d2cc9bdfadf46e34762c203f1
2244;SELECT store_returns.* FROM store_returns JOIN customer ON store_returns.sr_customer_sk = customer.c_customer_sk JOIN date_dim ON store_returns.sr_returned_date_sk = date_dim.d_date_sk LIMIT 179;ace33ebb33281e6510c54130dfdc69fc
2245;SELECT inventory.* FROM inventory JOIN warehouse ON inventory.inv_warehouse_sk = warehouse.w_warehouse_sk LIMIT 131;891ff6f198740d36341a29ce67d93e01
2246;SELECT store_sales.* FROM store_sales JOIN store ON store_sales.ss_store_sk = store.s_store_sk JOIN customer ON store_sales.ss_customer_sk = customer.c_customer_sk LIMIT 429;36bed44d82295518972b9d9ffab1aa9e
2247;SELECT web_sales.* FROM web_sales JOIN date_dim ON web_sales.ws_sold_date_sk = date_dim.d_date_sk LIMIT 109;83b721b3ba3a4e54cd75bdf50f01ef6c
2249;SELECT store_returns.* FROM store_returns JOIN date_dim ON store_returns.sr_returned_date_sk = date_dim.d_date_sk LIMIT 112;11012efe413245c4f2b9676ccfefc066
2251;SELECT inventory.* FROM inventory JOIN date_dim ON inventory.inv_date_sk = date_dim.d_date_sk JOIN item ON inventory.inv_item_sk = item.i_item_sk LIMIT 189;5de00ac5d914e8ca3ba6bcff2637bbfe
2252;SELECT inventory.* FROM inventory JOIN item ON inventory.inv_item_sk = item.i_item_sk LIMIT 165;03b355d366f889c8047be6f6967eeee7
2253;SELECT catalog_sales.* FROM catalog_sales JOIN date_dim ON catalog_sales.cs_sold_date_sk = date_dim.d_date_sk LIMIT 488;a25a117ff2010ad9055c72db96e1c826
2254;SELECT store_sales.* FROM store_sales JOIN store ON store_sales.ss_store_sk = store.s_store_sk LIMIT 129;996c866965fda057d37830a47f4d66b2
2255;SELECT web_returns.* FROM web_returns JOIN item ON web_returns.wr_item_sk = item.i_item_sk JOIN date_dim ON web_returns.wr_returned_date_sk = date_dim.d_date_sk LIMIT 297;4c089e538919a76ad0fd64243b25a31e
2256;SELECT inventory.* FROM inventory JOIN item ON inventory.inv_item_sk = item.i_item_sk JOIN warehouse ON inventory.inv_warehouse_sk = warehouse.w_warehouse_sk LIMIT 87;82da6478624e1238c7d61d41476cc474
2257;SELECT inventory.* FROM inventory JOIN item ON inventory.inv_item_sk = item.i_item_sk LIMIT 156;dd3e478a6bddfaecd03d05d3fbe557c1
2258;SELECT web_returns.* FROM web_returns JOIN customer ON web_returns.wr_refunded_customer_sk = customer.c_customer_sk LIMIT 401;1765bc9490057415768308a0dbba8a1c
2259;SELECT inventory.* FROM inventory JOIN warehouse ON inventory.inv_warehouse_sk = warehouse.w_warehouse_sk LIMIT 451;4191f580333f1dd3788ba7c435bdc314
2260;SELECT store_sales.* FROM store_sales JOIN date_dim ON store_sales.ss_sold_date_sk = date_dim.d_date_sk JOIN store ON store_sales.ss_store_sk = store.s_store_sk LIMIT 477;8cbe81c32bbadb8b488dbff6bba6f58f
2261;SELECT web_sales.* FROM web_sales JOIN web_site ON web_sales.ws_web_site_sk = web_site.web_site_sk LIMIT 60;39bac0d855b16272963f71ee3a2af3e3
2263;SELECT web_returns.* FROM web_returns JOIN item ON web_returns.wr_item_sk = item.i_item_sk JOIN customer ON web_returns.wr_refunded_customer_sk = customer.c_customer_sk LIMIT 158;748d3453951d587c7b9b227023a17084
2264;SELECT web_returns.* FROM web_returns JOIN date_dim ON web_returns.wr_returned_date_sk = date_dim.d_date_sk LIMIT 469;24e7a57cf9b69147356e9e0e2853848f
2265;SELECT web_sales.* FROM web_sales JOIN date_dim ON web_sales.ws_sold_date_sk = date_dim.d_date_sk JOIN item ON web_sales.ws_item_sk = item.i_item_sk LIMIT 286;31a333f2eea61da26d4c8c84f439e16f
2266;SELECT web_sales.* FROM web_sales JOIN customer ON web_sales.ws_bill_customer_sk = customer.c_customer_sk LIMIT 242;12ed3d26dddefd356a39c722a0cfab4b
2267;SELECT web_sales.* FROM web_sales JOIN web_site ON web_sales.ws_web_site_sk = web_site.web_site_sk LIMIT 51;4f8d0a338ff4f57837a434d010fd7e17
2268;SELECT store_sales.* FROM store_sales JOIN customer ON store_sales.ss_customer_sk = customer.c_customer_sk LIMIT 133;eaa2086a2cd56310602ea50360724131
2269;SELECT inventory.* FROM inventory JOIN warehouse ON inventory.inv_warehouse_sk = warehouse.w_warehouse_sk JOIN item ON inventory.inv_item_sk = item.i_item_sk LIMIT 454;2169f82d1a08d1753fce2a0703b1a446
2270;SELECT dt.d_year, item.i_category_id, item.i_category, SUM(ss_ext_sales_price) FROM date_dim AS dt, item WHERE  GROUP BY dt.d_year, item.i_category_id, item.i_category ORDER BY SUM(ss_ext_sales_price) DESC NULLS LAST, dt.d_year, item.i_category_id, item.i_category LIMIT 82;8717d69713353347221e79894f71deba
2271;SELECT web_sales.* FROM web_sales JOIN item ON web_sales.ws_item_sk = item.i_item_sk LIMIT 177;f7e242365af4689b8b897e06e93ed262
2272;SELECT store_returns.* FROM store_returns JOIN customer ON store_returns.sr_customer_sk = customer.c_customer_sk JOIN item ON store_returns.sr_item_sk = item.i_item_sk LIMIT 118;f3e34f04067a676f31f98edf8df025f8
2273;SELECT store_sales.* FROM store_sales JOIN customer ON store_sales.ss_customer_sk = customer.c_customer_sk JOIN item ON store_sales.ss_item_sk = item.i_item_sk LIMIT 68;272a6ee36ae58169207fc30e12ec0259
2274;SELECT web_returns.* FROM web_returns JOIN customer ON web_returns.wr_refunded_customer_sk = customer.c_customer_sk LIMIT 417;3c82007396c47dce2326f16cf36c6cdb
2275;SELECT web_sales.* FROM web_sales JOIN item ON web_sales.ws_item_sk = item.i_item_sk JOIN date_dim ON web_sales.ws_sold_date_sk = date_dim.d_date_sk LIMIT 315;69a06ef184050e95218f81aaab5fd8ef
2276;SELECT web_returns.* FROM web_returns JOIN item ON web_returns.wr_item_sk = item.i_item_sk JOIN date_dim ON web_returns.wr_returned_date_sk = date_dim.d_date_sk LIMIT 99;ead7e293143aa829eba6ddfb0c1d5e7b
2277;SELECT store_sales.* FROM store_sales JOIN item ON store_sales.ss_item_sk = item.i_item_sk JOIN date_dim ON store_sales.ss_sold_date_sk = date_dim.d_date_sk LIMIT 159;bab04b2cb8a964b3fa40b40c6df29111
2278;SELECT inventory.* FROM inventory JOIN item ON inventory.inv_item_sk = item.i_item_sk LIMIT 415;20aa96179c498a637d7e57e507381a40
2279;SELECT DISTINCT (i_product_name) FROM item AS i1 WHERE i_manufact_id BETWEEN 896 AND 933 + 41 AND (SELECT COUNT(*) AS item_cnt FROM item WHERE (i_manufact = i1.i_manufact AND ((i_category = 'Women' AND (i_color = 'powder' OR i_color = 'khaki') AND (i_units = 'Ounce' OR i_units = 'Oz') AND (i_size = 'medium' OR i_size = 'extra large')) OR (i_category = 'Women' AND (i_color = 'brown' OR i_color = 'honeydew') AND (i_units = 'Bunch' OR i_units = 'Ton') AND (i_size = 'N/A' OR i_size = 'small')) OR (i_category = 'Men' AND (i_color = 'floral' OR i_color = 'deep') AND (i_units = 'N/A' OR i_units = 'Dozen') AND (i_size = 'petite' OR i_size = 'petite')) OR (i_category = 'Men' AND (i_color = 'light' OR i_color = 'cornflower') AND (i_units = 'Box' OR i_units = 'Pound') AND (i_size = 'medium' OR i_size = 'extra large')))) OR (i_manufact = i1.i_manufact AND ((i_category = 'Women' AND (i_color = 'midnight' OR i_color = 'snow') AND (i_units = 'Pallet' OR i_units = 'Gross') AND (i_size = 'medium' OR i_size = 'extra large')) OR (i_category = 'Women' AND (i_color = 'cyan' OR i_color = 'papaya') AND (i_units = 'Cup' OR i_units = 'Dram') AND (i_size = 'N/A' OR i_size = 'small')) OR (i_category = 'Men' AND (i_color = 'orange' OR i_color = 'frosted') AND (i_units = 'Each' OR i_units = 'Tbl') AND (i_size = 'petite' OR i_size = 'petite')) OR (i_category = 'Men' AND (i_color = 'forest' OR i_color = 'ghost') AND (i_units = 'Lb' OR i_units = 'Bundle') AND (i_size = 'medium' OR i_size = 'extra large'))))) > 0.0 ORDER BY i_product_name LIMIT 63;4817b17b53c2f00b181a53923c9406da
2280;SELECT store_sales.* FROM store_sales JOIN store ON store_sales.ss_store_sk = store.s_store_sk LIMIT 104;165073086900918732b43fd343c73727
2282;SELECT catalog_sales.* FROM catalog_sales JOIN item ON catalog_sales.cs_item_sk = item.i_item_sk JOIN customer ON catalog_sales.cs_bill_customer_sk = customer.c_customer_sk LIMIT 170;d3f7fbb6256188e006b6f5c7a4d3d283
2283;SELECT a.ca_state AS state, COUNT(*) AS cnt FROM customer_address AS a, customer AS c, store_sales AS s, item AS i WHERE  GROUP BY a.ca_state HAVING COUNT(*) >= 10 ORDER BY cnt NULLS FIRST, a.ca_state NULLS FIRST LIMIT 67;155610981c6399dd1d587401e03d5318
2284;SELECT store_returns.* FROM store_returns JOIN date_dim ON store_returns.sr_returned_date_sk = date_dim.d_date_sk JOIN customer ON store_returns.sr_customer_sk = customer.c_customer_sk LIMIT 65;3986a956f8da2e859e5ffba46b0ca917
2285;SELECT store_sales.* FROM store_sales JOIN customer ON store_sales.ss_customer_sk = customer.c_customer_sk JOIN store ON store_sales.ss_store_sk = store.s_store_sk LIMIT 222;659b6bfc68c66525cb4dff3f554dcdcc
2286;SELECT store_returns.* FROM store_returns JOIN date_dim ON store_returns.sr_returned_date_sk = date_dim.d_date_sk LIMIT 427;ff4260ee2c66511569fe664bbfae930d
2287;SELECT store_returns.* FROM store_returns JOIN item ON store_returns.sr_item_sk = item.i_item_sk LIMIT 366;da8cb1595a8d1b2cec932d1064084d9a
2288;SELECT inventory.* FROM inventory JOIN warehouse ON inventory.inv_warehouse_sk = warehouse.w_warehouse_sk JOIN date_dim ON inventory.inv_date_sk = date_dim.d_date_sk LIMIT 328;7abbd8874f0256cedc1c9a35420486bd
2289;SELECT store_sales.* FROM store_sales JOIN item ON store_sales.ss_item_sk = item.i_item_sk LIMIT 197;28820b84d99a0df82a23bb38aec5601e
2290;SELECT web_returns.* FROM web_returns JOIN customer ON web_returns.wr_refunded_customer_sk = customer.c_customer_sk LIMIT 188;aaccd3e43f187fa400bc1293adf2473d
2292;SELECT catalog_sales.* FROM catalog_sales JOIN warehouse ON catalog_sales.cs_warehouse_sk = warehouse.w_warehouse_sk LIMIT 58;df4d0105a321ccef6b739d713df0fd52
2293;SELECT store_returns.* FROM store_returns JOIN item ON store_returns.sr_item_sk = item.i_item_sk JOIN customer ON store_returns.sr_customer_sk = customer.c_customer_sk LIMIT 72;fa983101ed9f4effd111358761050455
2294;SELECT web_returns.* FROM web_returns JOIN item ON web_returns.wr_item_sk = item.i_item_sk JOIN customer ON web_returns.wr_refunded_customer_sk = customer.c_customer_sk LIMIT 471;e763e42cb0162ac91274cce8a53a80a0
2295;SELECT web_returns.* FROM web_returns JOIN customer ON web_returns.wr_refunded_customer_sk = customer.c_customer_sk LIMIT 215;75a53957363a8af964b28f212ae757f0
2296;SELECT web_returns.* FROM web_returns JOIN date_dim ON web_returns.wr_returned_date_sk = date_dim.d_date_sk LIMIT 434;29b83eabdce690694dc152f1237280ea
2297;SELECT inventory.* FROM inventory JOIN warehouse ON inventory.inv_warehouse_sk = warehouse.w_warehouse_sk JOIN item ON inventory.inv_item_sk = item.i_item_sk LIMIT 416;53ccb26ab7d6ef4c4d5aaf4b3a6e2a41
2298;SELECT store_returns.* FROM store_returns JOIN item ON store_returns.sr_item_sk = item.i_item_sk JOIN date_dim ON store_returns.sr_returned_date_sk = date_dim.d_date_sk LIMIT 249;5064a6f76b30bb4a058fa53fb7ec0cc2
2299;SELECT store_returns.* FROM store_returns JOIN item ON store_returns.sr_item_sk = item.i_item_sk LIMIT 238;7ebbf59f1c1db19b029e7a5b0a8e8f15
2300;SELECT store_sales.* FROM store_sales JOIN item ON store_sales.ss_item_sk = item.i_item_sk JOIN store ON store_sales.ss_store_sk = store.s_store_sk LIMIT 244;56f28580ab4e4b45edfda68958907b04
2301;SELECT store_returns.* FROM store_returns JOIN date_dim ON store_returns.sr_returned_date_sk = date_dim.d_date_sk JOIN customer ON store_returns.sr_customer_sk = customer.c_customer_sk LIMIT 276;940168fc46de37f0708274dfdbab959a
2302;SELECT web_returns.* FROM web_returns JOIN date_dim ON web_returns.wr_returned_date_sk = date_dim.d_date_sk JOIN item ON web_returns.wr_item_sk = item.i_item_sk LIMIT 372;7c353c43776ad8a1fe9eb494fbe044e6
2304;SELECT web_returns.* FROM web_returns JOIN date_dim ON web_returns.wr_returned_date_sk = date_dim.d_date_sk LIMIT 191;6ddd6b14b617a67d2a9e59365591bbaa
2305;SELECT catalog_sales.* FROM catalog_sales JOIN customer ON catalog_sales.cs_bill_customer_sk = customer.c_customer_sk JOIN warehouse ON catalog_sales.cs_warehouse_sk = warehouse.w_warehouse_sk LIMIT 399;ca9dc7e35afcab50e966bfa2895a50b9
2306;SELECT web_sales.* FROM web_sales JOIN date_dim ON web_sales.ws_sold_date_sk = date_dim.d_date_sk JOIN web_site ON web_sales.ws_web_site_sk = web_site.web_site_sk LIMIT 115;6f84d5a1f0c6c4b76c5b9e4602949642
2307;SELECT web_returns.* FROM web_returns JOIN item ON web_returns.wr_item_sk = item.i_item_sk LIMIT 165;b4ad93b3a1ef611cdaadad9c576fd3e9
2308;SELECT catalog_sales.* FROM catalog_sales JOIN customer ON catalog_sales.cs_bill_customer_sk = customer.c_customer_sk JOIN warehouse ON catalog_sales.cs_warehouse_sk = warehouse.w_warehouse_sk LIMIT 270;1cd14abb0f4c1ed96a4f97acc67bc08f
2310;SELECT inventory.* FROM inventory JOIN item ON inventory.inv_item_sk = item.i_item_sk JOIN warehouse ON inventory.inv_warehouse_sk = warehouse.w_warehouse_sk LIMIT 249;c2c4069aebfc0e5cb5ca2bebc87b4783
2311;SELECT store_returns.* FROM store_returns JOIN customer ON store_returns.sr_customer_sk = customer.c_customer_sk LIMIT 245;2af6e08d825f60457de320744d65b405
2313;SELECT inventory.* FROM inventory JOIN date_dim ON inventory.inv_date_sk = date_dim.d_date_sk JOIN item ON inventory.inv_item_sk = item.i_item_sk LIMIT 241;156cb62ae9e53d6be535183b17976519
2314;SELECT catalog_sales.* FROM catalog_sales JOIN item ON catalog_sales.cs_item_sk = item.i_item_sk JOIN date_dim ON catalog_sales.cs_sold_date_sk = date_dim.d_date_sk LIMIT 120;3ffeefce46b11be98c050f19109b54d6
2316;SELECT web_returns.* FROM web_returns JOIN customer ON web_returns.wr_refunded_customer_sk = customer.c_customer_sk JOIN item ON web_returns.wr_item_sk = item.i_item_sk LIMIT 195;320b9f3f55df7bb4240bdd63f56345c5
2317;SELECT store_sales.* FROM store_sales JOIN date_dim ON store_sales.ss_sold_date_sk = date_dim.d_date_sk LIMIT 279;0b9669ee53271562fea0350e5cdfbfd8
2319;SELECT store_sales.* FROM store_sales JOIN date_dim ON store_sales.ss_sold_date_sk = date_dim.d_date_sk LIMIT 273;f06a0d4b680908ddcdfefa59dd6bb6aa
2320;SELECT web_sales.* FROM web_sales JOIN customer ON web_sales.ws_bill_customer_sk = customer.c_customer_sk JOIN web_site ON web_sales.ws_web_site_sk = web_site.web_site_sk LIMIT 491;ea30c6f78e97dc76c22ae3df4f27c109
2321;SELECT web_returns.* FROM web_returns JOIN item ON web_returns.wr_item_sk = item.i_item_sk LIMIT 125;09fd0cf940abde88e461326679f4ebb0
2323;SELECT inventory.* FROM inventory JOIN date_dim ON inventory.inv_date_sk = date_dim.d_date_sk JOIN warehouse ON inventory.inv_warehouse_sk = warehouse.w_warehouse_sk LIMIT 444;2659401326c60a517b847a7391694087
2324;SELECT store_sales.* FROM store_sales JOIN store ON store_sales.ss_store_sk = store.s_store_sk JOIN date_dim ON store_sales.ss_sold_date_sk = date_dim.d_date_sk LIMIT 473;6bdf588d405e388aaa6c67e31d77f707
2325;SELECT inventory.* FROM inventory JOIN item ON inventory.inv_item_sk = item.i_item_sk JOIN date_dim ON inventory.inv_date_sk = date_dim.d_date_sk LIMIT 495;077b40243414d84f330a93de52b7afe8
2326;SELECT inventory.* FROM inventory JOIN warehouse ON inventory.inv_warehouse_sk = warehouse.w_warehouse_sk LIMIT 421;cf91279b6da3bd4f26e62bf2d0533272
2327;SELECT inventory.* FROM inventory JOIN warehouse ON inventory.inv_warehouse_sk = warehouse.w_warehouse_sk LIMIT 416;c634e9e2b062128d038249f65eb93a66
2328;SELECT catalog_sales.* FROM catalog_sales JOIN date_dim ON catalog_sales.cs_sold_date_sk = date_dim.d_date_sk JOIN warehouse ON catalog_sales.cs_warehouse_sk = warehouse.w_warehouse_sk LIMIT 287;e672e9c33b3427710a2351123aa5567f
2331;SELECT store_returns.* FROM store_returns JOIN date_dim ON store_returns.sr_returned_date_sk = date_dim.d_date_sk JOIN customer ON store_returns.sr_customer_sk = customer.c_customer_sk LIMIT 201;4aaa0336f95be18b5d8e0d57ff9d0d7c
2332;SELECT dt.d_year, SUM(ss_ext_sales_price) AS ext_price FROM date_dim AS dt, store_sales WHERE  GROUP BY dt.d_year ORDER BY dt.d_year, ext_price DESC NULLS LAST, brand_id LIMIT 62;cd8ab63802de90d74c900493c4f0e51f
2333;SELECT store_sales.* FROM store_sales JOIN customer ON store_sales.ss_customer_sk = customer.c_customer_sk JOIN item ON store_sales.ss_item_sk = item.i_item_sk LIMIT 466;7de0f85640f86896875fe6a27b65fffe
2334;SELECT inventory.* FROM inventory JOIN date_dim ON inventory.inv_date_sk = date_dim.d_date_sk JOIN warehouse ON inventory.inv_warehouse_sk = warehouse.w_warehouse_sk LIMIT 156;643fe1a3994917d161bd6237fd974a50
2335;SELECT catalog_sales.* FROM catalog_sales JOIN warehouse ON catalog_sales.cs_warehouse_sk = warehouse.w_warehouse_sk LIMIT 460;e2b13b8057cda666df3efc81b0de387e
2336;SELECT inventory.* FROM inventory JOIN item ON inventory.inv_item_sk = item.i_item_sk JOIN date_dim ON inventory.inv_date_sk = date_dim.d_date_sk LIMIT 139;2e702475f63277b0f1c3c73479a3ecbc
2338;SELECT inventory.* FROM inventory JOIN warehouse ON inventory.inv_warehouse_sk = warehouse.w_warehouse_sk LIMIT 259;00179d658ed751f28b52b214563dc6a7
2340;SELECT store_sales.* FROM store_sales JOIN customer ON store_sales.ss_customer_sk = customer.c_customer_sk LIMIT 200;32f06fca9add1c8588036f3361723591
2341;SELECT catalog_sales.* FROM catalog_sales JOIN customer ON catalog_sales.cs_bill_customer_sk = customer.c_customer_sk LIMIT 462;5e2ceae3c033663aecfa4b81dd9ea016
2342;SELECT inventory.* FROM inventory JOIN item ON inventory.inv_item_sk = item.i_item_sk JOIN warehouse ON inventory.inv_warehouse_sk = warehouse.w_warehouse_sk LIMIT 335;014f49f0b464c8cf38d7351448745980
2343;SELECT store_returns.* FROM store_returns JOIN customer ON store_returns.sr_customer_sk = customer.c_customer_sk JOIN date_dim ON store_returns.sr_returned_date_sk = date_dim.d_date_sk LIMIT 332;c62bcdf60174ff189306647964f91c11
2346;SELECT store_sales.* FROM store_sales JOIN customer ON store_sales.ss_customer_sk = customer.c_customer_sk JOIN item ON store_sales.ss_item_sk = item.i_item_sk LIMIT 154;dd1891268efa7c1dce6e664e0d6ae6d0
2347;SELECT inventory.* FROM inventory JOIN item ON inventory.inv_item_sk = item.i_item_sk JOIN date_dim ON inventory.inv_date_sk = date_dim.d_date_sk LIMIT 494;7ad98e2ca00aca855e4e9e99c22249b7
2348;SELECT store_sales.* FROM store_sales JOIN item ON store_sales.ss_item_sk = item.i_item_sk LIMIT 478;0defc55151088ca1997f42a9866df296
2349;SELECT inventory.* FROM inventory JOIN item ON inventory.inv_item_sk = item.i_item_sk LIMIT 150;b90bf3e93b167982e61004bf61b77e48
2350;SELECT web_sales.* FROM web_sales JOIN date_dim ON web_sales.ws_sold_date_sk = date_dim.d_date_sk LIMIT 348;2705e87c163544ddebd092e91ddd4bf6
2351;SELECT web_returns.* FROM web_returns JOIN item ON web_returns.wr_item_sk = item.i_item_sk JOIN customer ON web_returns.wr_refunded_customer_sk = customer.c_customer_sk LIMIT 440;e6edf150a44021ee7edea62ff4399dc3
2352;SELECT catalog_sales.* FROM catalog_sales JOIN date_dim ON catalog_sales.cs_sold_date_sk = date_dim.d_date_sk JOIN customer ON catalog_sales.cs_bill_customer_sk = customer.c_customer_sk LIMIT 128;ff598fae8221382f4586fd7ec68fc46a
2353;SELECT store_sales.* FROM store_sales JOIN store ON store_sales.ss_store_sk = store.s_store_sk JOIN customer ON store_sales.ss_customer_sk = customer.c_customer_sk LIMIT 361;a0d903f176849c0284a83e1677afb731
2354;SELECT web_sales.* FROM web_sales JOIN customer ON web_sales.ws_bill_customer_sk = customer.c_customer_sk LIMIT 223;b457dcb9e43668ffdafffc4358578cd6
2355;SELECT web_returns.* FROM web_returns JOIN customer ON web_returns.wr_refunded_customer_sk = customer.c_customer_sk LIMIT 179;3978a58ee943566683cf699b38fd9e0f
2356;SELECT inventory.* FROM inventory JOIN warehouse ON inventory.inv_warehouse_sk = warehouse.w_warehouse_sk JOIN item ON inventory.inv_item_sk = item.i_item_sk LIMIT 195;4ae58b4990cb9dd3bf4275a9286acfe6
2357;SELECT inventory.* FROM inventory JOIN date_dim ON inventory.inv_date_sk = date_dim.d_date_sk LIMIT 180;5c6f17755e53b3f7e29ea893b61107f2
2358;SELECT store_sales.* FROM store_sales JOIN store ON store_sales.ss_store_sk = store.s_store_sk LIMIT 202;ad8153712be6025e1085302126816546
2359;SELECT web_returns.* FROM web_returns JOIN item ON web_returns.wr_item_sk = item.i_item_sk JOIN date_dim ON web_returns.wr_returned_date_sk = date_dim.d_date_sk LIMIT 140;01ebf2df180b9648d741b31e7f760d50
2360;SELECT inventory.* FROM inventory JOIN date_dim ON inventory.inv_date_sk = date_dim.d_date_sk JOIN item ON inventory.inv_item_sk = item.i_item_sk LIMIT 142;9338b3c4eb424109a5b59ccd766bf6b4
2361;SELECT catalog_sales.* FROM catalog_sales JOIN item ON catalog_sales.cs_item_sk = item.i_item_sk LIMIT 95;e020cdac5f63ea3be442d0a0de13e2f9
2362;SELECT store_returns.* FROM store_returns JOIN date_dim ON store_returns.sr_returned_date_sk = date_dim.d_date_sk JOIN customer ON store_returns.sr_customer_sk = customer.c_customer_sk LIMIT 171;b46248f85aef536d5cae1643c2d9a7a9
2363;SELECT catalog_sales.* FROM catalog_sales JOIN item ON catalog_sales.cs_item_sk = item.i_item_sk JOIN warehouse ON catalog_sales.cs_warehouse_sk = warehouse.w_warehouse_sk LIMIT 302;3564b958541dee379391b759a48de2c7
2364;SELECT store_returns.* FROM store_returns JOIN item ON store_returns.sr_item_sk = item.i_item_sk JOIN date_dim ON store_returns.sr_returned_date_sk = date_dim.d_date_sk LIMIT 70;5936492f190aaeb5b491ad9095d3c39f
2365;SELECT inventory.* FROM inventory JOIN item ON inventory.inv_item_sk = item.i_item_sk LIMIT 101;cfa2612157b404ead4f3a9ab1f036ddc
2366;SELECT store_returns.* FROM store_returns JOIN customer ON store_returns.sr_customer_sk = customer.c_customer_sk JOIN item ON store_returns.sr_item_sk = item.i_item_sk LIMIT 125;9a4754e34c62067e916d642d827887bc
2367;SELECT store_returns.* FROM store_returns JOIN customer ON store_returns.sr_customer_sk = customer.c_customer_sk LIMIT 365;cf2c2247045483a0f3acb8a99a590810
2369;SELECT inventory.* FROM inventory JOIN date_dim ON inventory.inv_date_sk = date_dim.d_date_sk JOIN warehouse ON inventory.inv_warehouse_sk = warehouse.w_warehouse_sk LIMIT 495;acb2450658e655dae0e7b0ef81c25861
2370;SELECT web_sales.* FROM web_sales JOIN web_site ON web_sales.ws_web_site_sk = web_site.web_site_sk LIMIT 493;6a8f366037be1c8507c11a00f7c891bd
2373;WITH ws AS (SELECT d_year AS ws_sold_year, ws_item_sk, ws_bill_customer_sk AS ws_customer_sk, SUM(ws_quantity) AS ws_qty, SUM(ws_wholesale_cost) AS ws_wc, SUM(ws_sales_price) AS ws_sp FROM web_sales LEFT JOIN web_returns ON wr_order_number = ws_order_number AND ws_item_sk = wr_item_sk JOIN date_dim ON ws_sold_date_sk = d_date_sk WHERE wr_order_number IS NULL GROUP BY d_year, ws_item_sk, ws_bill_customer_sk), cs AS (SELECT d_year AS cs_sold_year, cs_item_sk, cs_bill_customer_sk AS cs_customer_sk, SUM(cs_quantity) AS cs_qty, SUM(cs_wholesale_cost) AS cs_wc, SUM(cs_sales_price) AS cs_sp FROM catalog_sales LEFT JOIN catalog_returns ON cr_order_number = cs_order_number AND cs_item_sk = cr_item_sk JOIN date_dim ON cs_sold_date_sk = d_date_sk WHERE cr_order_number IS NULL GROUP BY d_year, cs_item_sk, cs_bill_customer_sk), ss AS (SELECT d_year AS ss_sold_year, ss_item_sk, ss_customer_sk, SUM(ss_quantity) AS ss_qty, SUM(ss_wholesale_cost) AS ss_wc, SUM(ss_sales_price) AS ss_sp FROM store_sales LEFT JOIN store_returns ON sr_ticket_number = ss_ticket_number AND ss_item_sk = sr_item_sk JOIN date_dim ON ss_sold_date_sk = d_date_sk WHERE sr_ticket_number IS NULL GROUP BY d_year, ss_item_sk, ss_customer_sk) SELECT ss_sold_year, ss_item_sk, ss_customer_sk, ROUND(CAST((ss_qty * 1.0) AS DOUBLE PRECISION) / NULLIF((COALESCE(ws_qty, 0.0) + COALESCE(cs_qty, 0.0)), 0), 2) AS ratio, ss_qty AS store_qty, ss_wc AS store_wholesale_cost, ss_sp AS store_sales_price, COALESCE(ws_qty, 0.0) + COALESCE(cs_qty, 0.0) AS other_chan_qty, COALESCE(ws_wc, 0.0) + COALESCE(cs_wc, 0.0) AS other_chan_wholesale_cost, COALESCE(ws_sp, 0.0) + COALESCE(cs_sp, 0.0) AS other_chan_sales_price FROM ss LEFT JOIN ws ON (ws_sold_year = ss_sold_year AND ws_item_sk = ss_item_sk AND ws_customer_sk = ss_customer_sk) LEFT JOIN cs ON (cs_sold_year = ss_sold_year AND cs_item_sk = ss_item_sk AND cs_customer_sk = ss_customer_sk) WHERE (COALESCE(ws_qty, 0.0) > 0.0 OR COALESCE(cs_qty, 0.0) > 0.0) AND ss_sold_year = 1063 ORDER BY ss_sold_year, ss_item_sk, ss_customer_sk, ss_qty DESC NULLS LAST, ss_wc DESC NULLS LAST, ss_sp DESC NULLS LAST, other_chan_qty, other_chan_wholesale_cost, other_chan_sales_price, ratio LIMIT 86;4bd725b3beca7dbb96f2036b51a38adc
2374;SELECT inventory.* FROM inventory JOIN item ON inventory.inv_item_sk = item.i_item_sk LIMIT 140;d747a77a3351a5974e5979f45f90be60
2375;SELECT web_returns.* FROM web_returns JOIN date_dim ON web_returns.wr_returned_date_sk = date_dim.d_date_sk JOIN customer ON web_returns.wr_refunded_customer_sk = customer.c_customer_sk LIMIT 366;bc0d9a71292dda4aef6f341f264ad526
2376;SELECT store_sales.* FROM store_sales JOIN date_dim ON store_sales.ss_sold_date_sk = date_dim.d_date_sk LIMIT 261;bafd3140fc5f7fe42a17db897037869b
2378;SELECT web_returns.* FROM web_returns JOIN customer ON web_returns.wr_refunded_customer_sk = customer.c_customer_sk JOIN date_dim ON web_returns.wr_returned_date_sk = date_dim.d_date_sk LIMIT 50;0760db22054ddb013bf32874d46246f6
2379;SELECT store_sales.* FROM store_sales JOIN customer ON store_sales.ss_customer_sk = customer.c_customer_sk JOIN date_dim ON store_sales.ss_sold_date_sk = date_dim.d_date_sk LIMIT 452;1b4a10c7e88aef6d26abc9162738a2aa
2381;SELECT dt.d_year, SUM(ss_ext_sales_price) FROM date_dim AS dt, store_sales WHERE  GROUP BY dt.d_year ORDER BY SUM(ss_ext_sales_price) DESC NULLS LAST, dt.d_year LIMIT 68;c7464fc54456fc39b3ab1b8a47246ebe
2382;SELECT web_returns.* FROM web_returns JOIN item ON web_returns.wr_item_sk = item.i_item_sk LIMIT 465;e2f52b05e7573ef02649ca2b7d36a31b
2383;SELECT inventory.* FROM inventory JOIN warehouse ON inventory.inv_warehouse_sk = warehouse.w_warehouse_sk LIMIT 163;e4b006cd79f4538f9e7a37bdda86c8ee
2384;SELECT web_sales.* FROM web_sales JOIN web_site ON web_sales.ws_web_site_sk = web_site.web_site_sk JOIN item ON web_sales.ws_item_sk = item.i_item_sk LIMIT 222;c08ceea64b50b4973c67aff36aadbded
2385;SELECT store_sales.* FROM store_sales JOIN date_dim ON store_sales.ss_sold_date_sk = date_dim.d_date_sk JOIN customer ON store_sales.ss_customer_sk = customer.c_customer_sk LIMIT 498;4efaa5ae3c1302556894168db4388772
2386;SELECT inventory.* FROM inventory JOIN warehouse ON inventory.inv_warehouse_sk = warehouse.w_warehouse_sk LIMIT 219;21585d0a23739a460ad030eaadca77e7
2387;SELECT web_sales.* FROM web_sales JOIN date_dim ON web_sales.ws_sold_date_sk = date_dim.d_date_sk JOIN customer ON web_sales.ws_bill_customer_sk = customer.c_customer_sk LIMIT 447;c0bb124bb11b634de1d4a933696446f3
2388;SELECT store_sales.* FROM store_sales JOIN date_dim ON store_sales.ss_sold_date_sk = date_dim.d_date_sk JOIN item ON store_sales.ss_item_sk = item.i_item_sk LIMIT 422;99ba7802012de8970523392f24e85d78
2389;SELECT store_sales.* FROM store_sales JOIN store ON store_sales.ss_store_sk = store.s_store_sk JOIN item ON store_sales.ss_item_sk = item.i_item_sk LIMIT 276;40d429dfae22fdf4a757200945a825d9
2390;SELECT web_sales.* FROM web_sales JOIN date_dim ON web_sales.ws_sold_date_sk = date_dim.d_date_sk LIMIT 86;9efb3628c1a611c11507393d06b3746f
2391;WITH all_sales AS (SELECT d_year, i_brand_id, i_class_id, i_category_id, i_manufact_id, SUM(sales_cnt) AS sales_cnt, SUM(sales_amt) AS sales_amt FROM (SELECT d_year, i_brand_id, i_class_id, i_category_id, i_manufact_id, cs_quantity - COALESCE(cr_return_quantity, 0.0) AS sales_cnt, cs_ext_sales_price - COALESCE(cr_return_amount, 0.0) AS sales_amt FROM catalog_sales JOIN item ON i_item_sk = cs_item_sk JOIN date_dim ON d_date_sk = cs_sold_date_sk LEFT JOIN catalog_returns ON (cs_order_number = cr_order_number AND cs_item_sk = cr_item_sk) WHERE i_category = 'Books' UNION SELECT d_year, i_brand_id, i_class_id, i_category_id, i_manufact_id, ss_quantity - COALESCE(sr_return_quantity, 0.0) AS sales_cnt, ss_ext_sales_price - COALESCE(sr_return_amt, 0.0) AS sales_amt FROM store_sales JOIN item ON i_item_sk = ss_item_sk JOIN date_dim ON d_date_sk = ss_sold_date_sk LEFT JOIN store_returns ON (ss_ticket_number = sr_ticket_number AND ss_item_sk = sr_item_sk) WHERE i_category = 'Books' UNION SELECT d_year, i_brand_id, i_class_id, i_category_id, i_manufact_id, ws_quantity - COALESCE(wr_return_quantity, 0.0) AS sales_cnt, ws_ext_sales_price - COALESCE(wr_return_amt, 0.0) AS sales_amt FROM web_sales JOIN item ON i_item_sk = ws_item_sk JOIN date_dim ON d_date_sk = ws_sold_date_sk LEFT JOIN web_returns ON (ws_order_number = wr_order_number AND ws_item_sk = wr_item_sk) WHERE i_category = 'Books') AS sales_detail GROUP BY d_year, i_brand_id, i_class_id, i_category_id, i_manufact_id) SELECT prev_yr.d_year AS prev_year, curr_yr.d_year AS year_, curr_yr.i_brand_id, curr_yr.i_class_id, curr_yr.i_category_id, curr_yr.i_manufact_id, prev_yr.sales_cnt AS prev_yr_cnt, curr_yr.sales_cnt AS curr_yr_cnt, curr_yr.sales_cnt - prev_yr.sales_cnt AS sales_cnt_diff, curr_yr.sales_amt - prev_yr.sales_amt AS sales_amt_diff FROM all_sales AS curr_yr, all_sales AS prev_yr WHERE curr_yr.i_brand_id = prev_yr.i_brand_id AND curr_yr.i_class_id = prev_yr.i_class_id AND curr_yr.i_category_id = prev_yr.i_category_id AND curr_yr.i_manufact_id = prev_yr.i_manufact_id AND curr_yr.d_year = 2973 AND prev_yr.d_year = 2597 - 1.0 AND CAST(curr_yr.sales_cnt AS DECIMAL(10, 2)) / NULLIF(CAST(prev_yr.sales_cnt AS DECIMAL(23, 1)), 0) < 0.9 ORDER BY sales_cnt_diff, sales_amt_diff LIMIT 132;5de5f85c66d26c8776c2d47371feedbb
2392;SELECT inventory.* FROM inventory JOIN item ON inventory.inv_item_sk = item.i_item_sk LIMIT 239;c81ceedd9bacbcf4e7f5b7b82d009318
2393;SELECT store_returns.* FROM store_returns JOIN customer ON store_returns.sr_customer_sk = customer.c_customer_sk LIMIT 135;d40e4347eba1bd5b249d8780f31360a8
2394;SELECT store_sales.* FROM store_sales JOIN date_dim ON store_sales.ss_sold_date_sk = date_dim.d_date_sk LIMIT 420;398f6a5db69975e97dd2cd0420672a72
2395;SELECT store_returns.* FROM store_returns JOIN item ON store_returns.sr_item_sk = item.i_item_sk LIMIT 116;0ac4cf5754b8403ffe6c91adda0acfba
2396;SELECT web_sales.* FROM web_sales JOIN date_dim ON web_sales.ws_sold_date_sk = date_dim.d_date_sk JOIN customer ON web_sales.ws_bill_customer_sk = customer.c_customer_sk LIMIT 288;15b256893451a581309009acc513782a
2397;SELECT web_sales.* FROM web_sales JOIN item ON web_sales.ws_item_sk = item.i_item_sk JOIN customer ON web_sales.ws_bill_customer_sk = customer.c_customer_sk LIMIT 289;e6224acbc41bcc9af00abb4249dd2010
2398;SELECT catalog_sales.* FROM catalog_sales JOIN date_dim ON catalog_sales.cs_sold_date_sk = date_dim.d_date_sk JOIN item ON catalog_sales.cs_item_sk = item.i_item_sk LIMIT 196;aa16f2e85184940fa043162750dff40f
2399;SELECT web_sales.* FROM web_sales JOIN date_dim ON web_sales.ws_sold_date_sk = date_dim.d_date_sk JOIN item ON web_sales.ws_item_sk = item.i_item_sk LIMIT 53;16fbc8a4ad71aa28240d1140ab34d9fe
2400;SELECT catalog_sales.* FROM catalog_sales JOIN date_dim ON catalog_sales.cs_sold_date_sk = date_dim.d_date_sk JOIN customer ON catalog_sales.cs_bill_customer_sk = customer.c_customer_sk LIMIT 345;3d06bf105b984e7b47940c07efb16c76
2401;SELECT web_sales.* FROM web_sales JOIN date_dim ON web_sales.ws_sold_date_sk = date_dim.d_date_sk JOIN customer ON web_sales.ws_bill_customer_sk = customer.c_customer_sk LIMIT 165;0860d01637e39261a2aa7c3c5a387d60
2402;SELECT store_sales.* FROM store_sales JOIN date_dim ON store_sales.ss_sold_date_sk = date_dim.d_date_sk LIMIT 56;d4eeed5be1b15055ce9427e8867e409e
2404;SELECT inventory.* FROM inventory JOIN date_dim ON inventory.inv_date_sk = date_dim.d_date_sk JOIN warehouse ON inventory.inv_warehouse_sk = warehouse.w_warehouse_sk LIMIT 120;df90557a594b86e76aa012060d1192dc
2405;SELECT web_returns.* FROM web_returns JOIN item ON web_returns.wr_item_sk = item.i_item_sk LIMIT 415;d7b5414df027ee1798c7097bd2ab4a84
2406;SELECT store_sales.* FROM store_sales JOIN store ON store_sales.ss_store_sk = store.s_store_sk LIMIT 341;6335931a28c66a9f24018febe3de61ef
2407;SELECT catalog_sales.* FROM catalog_sales JOIN warehouse ON catalog_sales.cs_warehouse_sk = warehouse.w_warehouse_sk JOIN item ON catalog_sales.cs_item_sk = item.i_item_sk LIMIT 367;3b15a194f9fbd403b737fbecc6aaffb7
2408;SELECT catalog_sales.* FROM catalog_sales JOIN customer ON catalog_sales.cs_bill_customer_sk = customer.c_customer_sk LIMIT 219;46195d04ef6f67a001881be962aef661
2409;SELECT inventory.* FROM inventory JOIN date_dim ON inventory.inv_date_sk = date_dim.d_date_sk JOIN item ON inventory.inv_item_sk = item.i_item_sk LIMIT 245;82da7865040b50cfe79e669515c7f2ac
2410;SELECT web_returns.* FROM web_returns JOIN date_dim ON web_returns.wr_returned_date_sk = date_dim.d_date_sk JOIN item ON web_returns.wr_item_sk = item.i_item_sk LIMIT 204;3286782f5bb30360ac2a01f81f392ad7
2411;SELECT web_sales.* FROM web_sales JOIN date_dim ON web_sales.ws_sold_date_sk = date_dim.d_date_sk JOIN item ON web_sales.ws_item_sk = item.i_item_sk LIMIT 172;160ccd0dd0511570f1db37e49f254296
2412;SELECT store_sales.* FROM store_sales JOIN date_dim ON store_sales.ss_sold_date_sk = date_dim.d_date_sk LIMIT 441;12a41b41f65f686a10264621cd6bbf7c
2413;SELECT web_returns.* FROM web_returns JOIN date_dim ON web_returns.wr_returned_date_sk = date_dim.d_date_sk LIMIT 463;a8ad8e772449cb529ced440a6d2a4fbc
2414;SELECT store_returns.* FROM store_returns JOIN date_dim ON store_returns.sr_returned_date_sk = date_dim.d_date_sk JOIN item ON store_returns.sr_item_sk = item.i_item_sk LIMIT 293;869dd116f8c00b1b90f0dbe13ac2cfe0
2415;SELECT web_returns.* FROM web_returns JOIN item ON web_returns.wr_item_sk = item.i_item_sk LIMIT 168;8caa1fc79682dc383a7fa94dfaeec22a
2417;SELECT web_sales.* FROM web_sales JOIN date_dim ON web_sales.ws_sold_date_sk = date_dim.d_date_sk LIMIT 340;a22adcd2e6cdcc0d9b1c49ca971b5204
2418;SELECT inventory.* FROM inventory JOIN date_dim ON inventory.inv_date_sk = date_dim.d_date_sk JOIN item ON inventory.inv_item_sk = item.i_item_sk LIMIT 251;489b8f74b73c881986bca298806e7402
2419;SELECT catalog_sales.* FROM catalog_sales JOIN item ON catalog_sales.cs_item_sk = item.i_item_sk LIMIT 186;654e96e686dab92150a3df12297b20f9
2420;SELECT web_sales.* FROM web_sales JOIN item ON web_sales.ws_item_sk = item.i_item_sk LIMIT 241;4d630c385af6292d06225110cc39586a
2423;SELECT store_sales.* FROM store_sales JOIN store ON store_sales.ss_store_sk = store.s_store_sk JOIN item ON store_sales.ss_item_sk = item.i_item_sk LIMIT 73;692f2c2e8399e67fa07337378fc11869
2424;SELECT web_sales.* FROM web_sales JOIN customer ON web_sales.ws_bill_customer_sk = customer.c_customer_sk JOIN date_dim ON web_sales.ws_sold_date_sk = date_dim.d_date_sk LIMIT 311;8a943aaa63b8796545163603a4e4e777
2425;SELECT store_returns.* FROM store_returns JOIN customer ON store_returns.sr_customer_sk = customer.c_customer_sk JOIN item ON store_returns.sr_item_sk = item.i_item_sk LIMIT 70;f1ee934e7ce36220036b1b46d027285a
2426;SELECT catalog_sales.* FROM catalog_sales JOIN item ON catalog_sales.cs_item_sk = item.i_item_sk JOIN warehouse ON catalog_sales.cs_warehouse_sk = warehouse.w_warehouse_sk LIMIT 288;c89ae53b3f188654fe3dbb1fc8b5dd25
2427;SELECT inventory.* FROM inventory JOIN warehouse ON inventory.inv_warehouse_sk = warehouse.w_warehouse_sk LIMIT 249;2accd9b5205638419954271f2f0b9272
2428;SELECT catalog_sales.* FROM catalog_sales JOIN date_dim ON catalog_sales.cs_sold_date_sk = date_dim.d_date_sk LIMIT 331;be5fbc62404d438bc47e8af75b81ad38
2429;SELECT inventory.* FROM inventory JOIN warehouse ON inventory.inv_warehouse_sk = warehouse.w_warehouse_sk JOIN item ON inventory.inv_item_sk = item.i_item_sk LIMIT 50;7bcb40db89602d138cc6e6c8cf856675
2430;SELECT store_returns.* FROM store_returns JOIN item ON store_returns.sr_item_sk = item.i_item_sk JOIN date_dim ON store_returns.sr_returned_date_sk = date_dim.d_date_sk LIMIT 462;4a996041f727548d21b988a4e054d9d1
2432;SELECT dt.d_year, item.i_brand_id AS brand_id, item.i_brand AS brand, SUM(ss_ext_sales_price) AS ext_price FROM date_dim AS dt, store_sales, item WHERE dt.d_date_sk = store_sales.ss_sold_date_sk AND store_sales.ss_item_sk = item.i_item_sk AND item.i_manager_id = 1.0 AND dt.d_moy = 12 AND dt.d_year = 1266 GROUP BY dt.d_year, item.i_brand, item.i_brand_id ORDER BY dt.d_year, ext_price DESC NULLS LAST, brand_id LIMIT 79;45a58bd421a80a2790c3f0ab624a3afc
2434;SELECT inventory.* FROM inventory JOIN warehouse ON inventory.inv_warehouse_sk = warehouse.w_warehouse_sk LIMIT 209;c9011360de534cf9ed5ad215c6d48974
2436;SELECT store_sales.* FROM store_sales JOIN customer ON store_sales.ss_customer_sk = customer.c_customer_sk JOIN store ON store_sales.ss_store_sk = store.s_store_sk LIMIT 318;fa5d935f91fdc1faa3b36d6976970105
2437;SELECT store_sales.* FROM store_sales JOIN store ON store_sales.ss_store_sk = store.s_store_sk JOIN date_dim ON store_sales.ss_sold_date_sk = date_dim.d_date_sk LIMIT 470;d976bd9c116c0c7fa06af475f95abb8b
2438;SELECT inventory.* FROM inventory JOIN warehouse ON inventory.inv_warehouse_sk = warehouse.w_warehouse_sk JOIN date_dim ON inventory.inv_date_sk = date_dim.d_date_sk LIMIT 70;0c4750b59e5000fb845dd621f1e3bfc3
2440;SELECT store_returns.* FROM store_returns JOIN date_dim ON store_returns.sr_returned_date_sk = date_dim.d_date_sk JOIN item ON store_returns.sr_item_sk = item.i_item_sk LIMIT 453;fbf5fe55ef07a9f7378d5044cbba1849
2441;SELECT store_returns.* FROM store_returns JOIN customer ON store_returns.sr_customer_sk = customer.c_customer_sk JOIN date_dim ON store_returns.sr_returned_date_sk = date_dim.d_date_sk LIMIT 473;97de132fb6c35a537b973cbef42f3db8
2442;SELECT web_returns.* FROM web_returns JOIN customer ON web_returns.wr_refunded_customer_sk = customer.c_customer_sk LIMIT 196;fbd827d5839de8d739f6ddc2cb0abc67
2443;SELECT store_sales.* FROM store_sales JOIN customer ON store_sales.ss_customer_sk = customer.c_customer_sk LIMIT 314;06b29994996e5857da83927644a921e6
2444;SELECT store_sales.* FROM store_sales JOIN date_dim ON store_sales.ss_sold_date_sk = date_dim.d_date_sk LIMIT 152;86c9cfca5d16ce6f5cbc923930bc89d2
2445;SELECT store_sales.* FROM store_sales JOIN date_dim ON store_sales.ss_sold_date_sk = date_dim.d_date_sk JOIN item ON store_sales.ss_item_sk = item.i_item_sk LIMIT 224;ee37c4a114015dffca09c678be2d68bb
2447;SELECT web_returns.* FROM web_returns JOIN date_dim ON web_returns.wr_returned_date_sk = date_dim.d_date_sk LIMIT 419;b9004700a3f20c87921a4f7cf9d573f2
2448;SELECT web_sales.* FROM web_sales JOIN customer ON web_sales.ws_bill_customer_sk = customer.c_customer_sk LIMIT 492;c1d75f2d546248c07838edda8176cdb6
2449;SELECT inventory.* FROM inventory JOIN item ON inventory.inv_item_sk = item.i_item_sk JOIN warehouse ON inventory.inv_warehouse_sk = warehouse.w_warehouse_sk LIMIT 179;02042827a7d705cf9ec3c51905cbf62c
2450;SELECT inventory.* FROM inventory JOIN date_dim ON inventory.inv_date_sk = date_dim.d_date_sk JOIN item ON inventory.inv_item_sk = item.i_item_sk LIMIT 377;8187b3270cf5468ba1f8b8468bf5be75
2451;SELECT store_sales.* FROM store_sales JOIN date_dim ON store_sales.ss_sold_date_sk = date_dim.d_date_sk LIMIT 112;9725b7dfa37d42162bdfac2c802243dc
2452;SELECT web_returns.* FROM web_returns JOIN item ON web_returns.wr_item_sk = item.i_item_sk JOIN customer ON web_returns.wr_refunded_customer_sk = customer.c_customer_sk LIMIT 133;c2ff83c0870a812e785c3abfd0def87d
2453;SELECT web_sales.* FROM web_sales JOIN date_dim ON web_sales.ws_sold_date_sk = date_dim.d_date_sk JOIN item ON web_sales.ws_item_sk = item.i_item_sk LIMIT 409;ca5cd600b4412b8212e1ae58a56956b9
2454;SELECT catalog_sales.* FROM catalog_sales JOIN customer ON catalog_sales.cs_bill_customer_sk = customer.c_customer_sk JOIN date_dim ON catalog_sales.cs_sold_date_sk = date_dim.d_date_sk LIMIT 54;4a3b2c8648926dde8dfee763fb054d12
2455;SELECT web_returns.* FROM web_returns JOIN customer ON web_returns.wr_refunded_customer_sk = customer.c_customer_sk JOIN item ON web_returns.wr_item_sk = item.i_item_sk LIMIT 104;eeb2bece11d9f342650d5300a7c3a21c
2456;SELECT store_sales.* FROM store_sales JOIN item ON store_sales.ss_item_sk = item.i_item_sk LIMIT 444;1062f4a26ec6b788e23f6d2e9387aad7
2457;SELECT inventory.* FROM inventory JOIN date_dim ON inventory.inv_date_sk = date_dim.d_date_sk LIMIT 109;22e5aad5fd09b52561a7756c80b901c4
2458;SELECT store_sales.* FROM store_sales JOIN store ON store_sales.ss_store_sk = store.s_store_sk LIMIT 446;5b15e9ccde64fea0f41bae275f548380
2459;SELECT inventory.* FROM inventory JOIN item ON inventory.inv_item_sk = item.i_item_sk LIMIT 398;62ef2ba343a646fa6a178ad3d75a5705
2460;SELECT store_sales.* FROM store_sales JOIN date_dim ON store_sales.ss_sold_date_sk = date_dim.d_date_sk JOIN customer ON store_sales.ss_customer_sk = customer.c_customer_sk LIMIT 283;0320e9d08f40b44621e178a175085ac5
2461;SELECT inventory.* FROM inventory JOIN warehouse ON inventory.inv_warehouse_sk = warehouse.w_warehouse_sk JOIN item ON inventory.inv_item_sk = item.i_item_sk LIMIT 116;6bc89e93b0e2af61ecdcf023f5154b86
2462;SELECT store_returns.* FROM store_returns JOIN item ON store_returns.sr_item_sk = item.i_item_sk JOIN customer ON store_returns.sr_customer_sk = customer.c_customer_sk LIMIT 331;8b517ee600b5243531f287210fe0ef92
2463;SELECT store_returns.* FROM store_returns JOIN item ON store_returns.sr_item_sk = item.i_item_sk JOIN date_dim ON store_returns.sr_returned_date_sk = date_dim.d_date_sk LIMIT 125;d0be9bb5f5ebfe2037ac4443b4521492
2464;SELECT catalog_sales.* FROM catalog_sales JOIN warehouse ON catalog_sales.cs_warehouse_sk = warehouse.w_warehouse_sk JOIN item ON catalog_sales.cs_item_sk = item.i_item_sk LIMIT 169;0967c12549d2b65bf1852d7139c2eb92
2466;SELECT store_returns.* FROM store_returns JOIN date_dim ON store_returns.sr_returned_date_sk = date_dim.d_date_sk LIMIT 482;81139275bbfa0724802ad9bb3e83865d
2467;SELECT store_sales.* FROM store_sales JOIN date_dim ON store_sales.ss_sold_date_sk = date_dim.d_date_sk LIMIT 238;f1f26d96f1fd8ba01ed09e6a5fef4e42
2468;SELECT inventory.* FROM inventory JOIN item ON inventory.inv_item_sk = item.i_item_sk JOIN date_dim ON inventory.inv_date_sk = date_dim.d_date_sk LIMIT 62;ea4b2768667fc30ede6b376713d212f4
2470;SELECT web_sales.* FROM web_sales JOIN item ON web_sales.ws_item_sk = item.i_item_sk JOIN date_dim ON web_sales.ws_sold_date_sk = date_dim.d_date_sk LIMIT 297;691e6a89d730b79decd51630dcb935d0
2471;SELECT web_returns.* FROM web_returns JOIN customer ON web_returns.wr_refunded_customer_sk = customer.c_customer_sk JOIN date_dim ON web_returns.wr_returned_date_sk = date_dim.d_date_sk LIMIT 56;b11bcb0670c1d5900b1e4da72fbe3c3b
2472;SELECT web_returns.* FROM web_returns JOIN item ON web_returns.wr_item_sk = item.i_item_sk LIMIT 305;851df289fefb19382fc591ad6702a7fb
2473;SELECT store_returns.* FROM store_returns JOIN date_dim ON store_returns.sr_returned_date_sk = date_dim.d_date_sk JOIN customer ON store_returns.sr_customer_sk = customer.c_customer_sk LIMIT 284;a81e91584fb747e314693f5deb52ca23
2474;SELECT store_sales.* FROM store_sales JOIN item ON store_sales.ss_item_sk = item.i_item_sk JOIN date_dim ON store_sales.ss_sold_date_sk = date_dim.d_date_sk LIMIT 292;d1829c0365fbf158bf3b3156011379d4
2475;SELECT store_returns.* FROM store_returns JOIN item ON store_returns.sr_item_sk = item.i_item_sk JOIN customer ON store_returns.sr_customer_sk = customer.c_customer_sk LIMIT 365;d4b4503f8cdad0c7701401cc01b0b5f4
2476;SELECT inventory.* FROM inventory JOIN warehouse ON inventory.inv_warehouse_sk = warehouse.w_warehouse_sk JOIN item ON inventory.inv_item_sk = item.i_item_sk LIMIT 368;a10ec6e3c22e0d18465421b8c92246d6
2477;SELECT web_returns.* FROM web_returns JOIN date_dim ON web_returns.wr_returned_date_sk = date_dim.d_date_sk LIMIT 202;ed50bf77c2eb03f383be7fc92a305972
2478;SELECT inventory.* FROM inventory JOIN date_dim ON inventory.inv_date_sk = date_dim.d_date_sk LIMIT 375;6126db78a7d7cf88aa743576c293c7af
2480;SELECT web_returns.* FROM web_returns JOIN customer ON web_returns.wr_refunded_customer_sk = customer.c_customer_sk JOIN date_dim ON web_returns.wr_returned_date_sk = date_dim.d_date_sk LIMIT 272;25dc5f0a892a6d6d65726a37627489cd
2481;SELECT catalog_sales.* FROM catalog_sales JOIN item ON catalog_sales.cs_item_sk = item.i_item_sk LIMIT 201;d9d4e34823a8a0cf5dccd564ee8edb42
2482;SELECT store_sales.* FROM store_sales JOIN date_dim ON store_sales.ss_sold_date_sk = date_dim.d_date_sk JOIN customer ON store_sales.ss_customer_sk = customer.c_customer_sk LIMIT 160;d1aeed5c2617d5c86a7dcbc0d68d5f54
2483;SELECT web_sales.* FROM web_sales JOIN customer ON web_sales.ws_bill_customer_sk = customer.c_customer_sk LIMIT 401;f5888abc6e93125873113d5403372455
2484;SELECT w_state, i_item_id, SUM(CASE WHEN (CAST(d_date AS DATE) < CAST('2000-03-11' AS DATE)) THEN cs_sales_price - COALESCE(cr_refunded_cash, 0.0) ELSE 0.0 END) AS sales_before, SUM(CASE WHEN (CAST(d_date AS DATE) >= CAST('2000-03-11' AS DATE)) THEN cs_sales_price - COALESCE(cr_refunded_cash, 0.0) ELSE 0.0 END) AS sales_after FROM catalog_sales LEFT OUTER JOIN catalog_returns ON (cs_order_number = cr_order_number AND cs_item_sk = cr_item_sk), warehouse, item WHERE i_current_price BETWEEN 0.99 AND 0 AND i_item_sk = cs_item_sk AND cs_warehouse_sk = w_warehouse_sk AND cs_sold_date_sk = d_date_sk AND d_date BETWEEN CAST('2000-02-10' AS DATE) AND CAST('2000-04-10' AS DATE) GROUP BY w_state, i_item_id ORDER BY w_state, i_item_id LIMIT 149;0c191a53b3d9762037db0c44f7427e9e
2485;SELECT catalog_sales.* FROM catalog_sales JOIN warehouse ON catalog_sales.cs_warehouse_sk = warehouse.w_warehouse_sk JOIN item ON catalog_sales.cs_item_sk = item.i_item_sk LIMIT 246;bbe64175e11e3b5cbdfc5004b222a70d
2486;SELECT web_returns.* FROM web_returns JOIN customer ON web_returns.wr_refunded_customer_sk = customer.c_customer_sk JOIN date_dim ON web_returns.wr_returned_date_sk = date_dim.d_date_sk LIMIT 266;b6c7748996478c0f448392df880faaad
2487;SELECT catalog_sales.* FROM catalog_sales JOIN warehouse ON catalog_sales.cs_warehouse_sk = warehouse.w_warehouse_sk JOIN customer ON catalog_sales.cs_bill_customer_sk = customer.c_customer_sk LIMIT 303;9f141c65d738b84b8cee40e71c43c687
2488;SELECT web_returns.* FROM web_returns JOIN item ON web_returns.wr_item_sk = item.i_item_sk LIMIT 279;a3807f70e7fddad2baf8ac12e65de1f2
2489;SELECT dt.d_year, item.i_brand_id AS brand_id, item.i_brand AS brand, SUM(ss_ext_sales_price) AS ext_price FROM date_dim AS dt, store_sales, item WHERE dt.d_date_sk = store_sales.ss_sold_date_sk AND store_sales.ss_item_sk = item.i_item_sk AND item.i_manager_id = 1.0 AND dt.d_moy = 10 AND dt.d_year = 1064 GROUP BY dt.d_year, item.i_brand, item.i_brand_id ORDER BY dt.d_year, ext_price DESC NULLS LAST, brand_id LIMIT 58;c89fcc276800ab04aba3b6d3c6851541
2491;SELECT store_sales.* FROM store_sales JOIN store ON store_sales.ss_store_sk = store.s_store_sk LIMIT 122;db09aad3dc55a8c99def6430b45fb237
2492;SELECT store_returns.* FROM store_returns JOIN customer ON store_returns.sr_customer_sk = customer.c_customer_sk LIMIT 462;29333deb5f80d07728deecd879714fbb
2493;SELECT store_returns.* FROM store_returns JOIN date_dim ON store_returns.sr_returned_date_sk = date_dim.d_date_sk LIMIT 464;58f154e847be7cd848248ecd4d9b0663
2494;SELECT web_sales.* FROM web_sales JOIN web_site ON web_sales.ws_web_site_sk = web_site.web_site_sk JOIN customer ON web_sales.ws_bill_customer_sk = customer.c_customer_sk LIMIT 423;4393e688b14be90e07e139fc7a78a3ae
2495;SELECT store_returns.* FROM store_returns JOIN item ON store_returns.sr_item_sk = item.i_item_sk JOIN date_dim ON store_returns.sr_returned_date_sk = date_dim.d_date_sk LIMIT 293;a95392a331debc0d2a5aa530569a713b
2498;SELECT web_sales.* FROM web_sales JOIN web_site ON web_sales.ws_web_site_sk = web_site.web_site_sk JOIN customer ON web_sales.ws_bill_customer_sk = customer.c_customer_sk LIMIT 323;4c9aed98e3d500d73f2a98efd2fe188f
2499;SELECT web_sales.* FROM web_sales JOIN customer ON web_sales.ws_bill_customer_sk = customer.c_customer_sk LIMIT 252;37421c525c6022de0bbb73d9cb097138
2500;SELECT store_returns.* FROM store_returns JOIN customer ON store_returns.sr_customer_sk = customer.c_customer_sk JOIN date_dim ON store_returns.sr_returned_date_sk = date_dim.d_date_sk LIMIT 307;6093a8ae3b3a9ed6c2630f0a8bee8195
2501;SELECT store_sales.* FROM store_sales JOIN item ON store_sales.ss_item_sk = item.i_item_sk LIMIT 467;2f7bef5ba1b68ff85d15538ae97486fc
2502;SELECT catalog_sales.* FROM catalog_sales JOIN date_dim ON catalog_sales.cs_sold_date_sk = date_dim.d_date_sk JOIN item ON catalog_sales.cs_item_sk = item.i_item_sk LIMIT 251;6a695d1cd00cbf74b112f7c2607cce93
2503;SELECT store_sales.* FROM store_sales JOIN item ON store_sales.ss_item_sk = item.i_item_sk JOIN customer ON store_sales.ss_customer_sk = customer.c_customer_sk LIMIT 291;09edc8f8c137e39cc4c100b7a917a088
2504;SELECT inventory.* FROM inventory JOIN warehouse ON inventory.inv_warehouse_sk = warehouse.w_warehouse_sk JOIN date_dim ON inventory.inv_date_sk = date_dim.d_date_sk LIMIT 113;0ff68c7c78311e16c05078d116580d51
2505;SELECT catalog_sales.* FROM catalog_sales JOIN item ON catalog_sales.cs_item_sk = item.i_item_sk JOIN date_dim ON catalog_sales.cs_sold_date_sk = date_dim.d_date_sk LIMIT 91;784af4b3e69874613a085770ead2c34c
2507;SELECT store_sales.* FROM store_sales JOIN date_dim ON store_sales.ss_sold_date_sk = date_dim.d_date_sk LIMIT 378;8387348516773e5881db6bca4f1152ba
2508;SELECT store_sales.* FROM store_sales JOIN customer ON store_sales.ss_customer_sk = customer.c_customer_sk JOIN date_dim ON store_sales.ss_sold_date_sk = date_dim.d_date_sk LIMIT 164;edf73e0cb8fae8ed5a0f8da60ebaeae0
2509;SELECT inventory.* FROM inventory JOIN date_dim ON inventory.inv_date_sk = date_dim.d_date_sk JOIN item ON inventory.inv_item_sk = item.i_item_sk LIMIT 432;2d179e9ba0daf130b3f560f4a63c6457
2510;SELECT store_sales.* FROM store_sales JOIN store ON store_sales.ss_store_sk = store.s_store_sk JOIN customer ON store_sales.ss_customer_sk = customer.c_customer_sk LIMIT 375;fbc5b68d0cc7c5d370d0617a6da7ab21
2511;SELECT inventory.* FROM inventory JOIN warehouse ON inventory.inv_warehouse_sk = warehouse.w_warehouse_sk JOIN date_dim ON inventory.inv_date_sk = date_dim.d_date_sk LIMIT 90;0a703d97c9cfcbb701d3c7411da06dde
2512;SELECT web_sales.* FROM web_sales JOIN web_site ON web_sales.ws_web_site_sk = web_site.web_site_sk JOIN customer ON web_sales.ws_bill_customer_sk = customer.c_customer_sk LIMIT 467;24636213de392a12f7a3cda655bc4e22
2513;SELECT store_sales.* FROM store_sales JOIN store ON store_sales.ss_store_sk = store.s_store_sk LIMIT 118;2be5fb0b4b42c4176c73e329b26bf0dd
2514;SELECT inventory.* FROM inventory JOIN warehouse ON inventory.inv_warehouse_sk = warehouse.w_warehouse_sk JOIN item ON inventory.inv_item_sk = item.i_item_sk LIMIT 201;3dd5c095eb3033306c42d2dfd64b2294
2515;SELECT store_returns.* FROM store_returns JOIN date_dim ON store_returns.sr_returned_date_sk = date_dim.d_date_sk LIMIT 255;a5b0c1e00e056f2368f8f9181d1db006
2516;SELECT web_returns.* FROM web_returns JOIN item ON web_returns.wr_item_sk = item.i_item_sk LIMIT 105;f5d5bba0871b2f30baf25296110e2a20
2518;SELECT web_sales.* FROM web_sales JOIN web_site ON web_sales.ws_web_site_sk = web_site.web_site_sk LIMIT 278;79944b9f04e64e0371d18f20770cce60
2519;SELECT store_returns.* FROM store_returns JOIN item ON store_returns.sr_item_sk = item.i_item_sk LIMIT 428;b557a233cf783d23d4e2b576630c6e02
2520;SELECT catalog_sales.* FROM catalog_sales JOIN date_dim ON catalog_sales.cs_sold_date_sk = date_dim.d_date_sk LIMIT 394;23ed5fb44f7f37c6bb51ecf9b7f23b82
2521;SELECT store_sales.* FROM store_sales JOIN customer ON store_sales.ss_customer_sk = customer.c_customer_sk JOIN date_dim ON store_sales.ss_sold_date_sk = date_dim.d_date_sk LIMIT 373;e3dc934955cf6828b55cbd1774fd8433
2522;SELECT web_sales.* FROM web_sales JOIN customer ON web_sales.ws_bill_customer_sk = customer.c_customer_sk JOIN web_site ON web_sales.ws_web_site_sk = web_site.web_site_sk LIMIT 91;26796c7af2120b29b1ad0546ea225ab6
2523;SELECT catalog_sales.* FROM catalog_sales JOIN customer ON catalog_sales.cs_bill_customer_sk = customer.c_customer_sk JOIN warehouse ON catalog_sales.cs_warehouse_sk = warehouse.w_warehouse_sk LIMIT 141;283d219394839659a8226c21782df923
2524;SELECT web_returns.* FROM web_returns JOIN customer ON web_returns.wr_refunded_customer_sk = customer.c_customer_sk JOIN item ON web_returns.wr_item_sk = item.i_item_sk LIMIT 405;8549647a29ba5f5ac52b0f7e07825ad4
2525;SELECT web_returns.* FROM web_returns JOIN item ON web_returns.wr_item_sk = item.i_item_sk LIMIT 297;9ab64f0e9158ec81299c3c3fa7ad2ce8
2526;SELECT web_sales.* FROM web_sales JOIN date_dim ON web_sales.ws_sold_date_sk = date_dim.d_date_sk LIMIT 208;499ec71892a0a75cf90456f8662f369d
2527;SELECT web_sales.* FROM web_sales JOIN web_site ON web_sales.ws_web_site_sk = web_site.web_site_sk JOIN customer ON web_sales.ws_bill_customer_sk = customer.c_customer_sk LIMIT 96;5a2cdd5588dc4c980af6bb4df460b1bf
2529;SELECT inventory.* FROM inventory JOIN date_dim ON inventory.inv_date_sk = date_dim.d_date_sk LIMIT 249;f1cb6b643f0e3520277cfcb7c2b17cdf
2530;SELECT catalog_sales.* FROM catalog_sales JOIN date_dim ON catalog_sales.cs_sold_date_sk = date_dim.d_date_sk JOIN customer ON catalog_sales.cs_bill_customer_sk = customer.c_customer_sk LIMIT 338;93837fccf7107b86a997dc3625556c9a
2531;SELECT store_returns.* FROM store_returns JOIN item ON store_returns.sr_item_sk = item.i_item_sk JOIN customer ON store_returns.sr_customer_sk = customer.c_customer_sk LIMIT 204;c20f03d3e38a9375097c8b9c2c15c4bf
2532;SELECT store_returns.* FROM store_returns JOIN date_dim ON store_returns.sr_returned_date_sk = date_dim.d_date_sk LIMIT 216;5ac743bce41bf7074a5013b53d0aba71
2533;SELECT catalog_sales.* FROM catalog_sales JOIN warehouse ON catalog_sales.cs_warehouse_sk = warehouse.w_warehouse_sk LIMIT 111;7695c6222b599694ad4bda0eefd9a735
2534;SELECT store_sales.* FROM store_sales JOIN store ON store_sales.ss_store_sk = store.s_store_sk LIMIT 146;6a76badc9993f77c3bd56303cd3ec5a4
2535;SELECT inventory.* FROM inventory JOIN item ON inventory.inv_item_sk = item.i_item_sk LIMIT 422;736af97476ee4c53230e77298fafa0bb
2536;SELECT inventory.* FROM inventory JOIN date_dim ON inventory.inv_date_sk = date_dim.d_date_sk JOIN warehouse ON inventory.inv_warehouse_sk = warehouse.w_warehouse_sk LIMIT 277;99ef9c19ef92c609e905d9166a0955e5
2537;SELECT inventory.* FROM inventory JOIN date_dim ON inventory.inv_date_sk = date_dim.d_date_sk JOIN warehouse ON inventory.inv_warehouse_sk = warehouse.w_warehouse_sk LIMIT 290;a4c6affcc971cb35a3757a609a01a8f8
2538;SELECT inventory.* FROM inventory JOIN item ON inventory.inv_item_sk = item.i_item_sk LIMIT 389;c7be0928d956694f4484d064715fb465
2539;SELECT store_returns.* FROM store_returns JOIN customer ON store_returns.sr_customer_sk = customer.c_customer_sk JOIN item ON store_returns.sr_item_sk = item.i_item_sk LIMIT 350;a466429b7a43ba081ac08e8be0557a39
2540;SELECT store_returns.* FROM store_returns JOIN item ON store_returns.sr_item_sk = item.i_item_sk JOIN customer ON store_returns.sr_customer_sk = customer.c_customer_sk LIMIT 368;7e7510b67f002e9cc9bee9e57f6f0d57
2541;SELECT store_returns.* FROM store_returns JOIN item ON store_returns.sr_item_sk = item.i_item_sk JOIN customer ON store_returns.sr_customer_sk = customer.c_customer_sk LIMIT 107;7200dc7d2ab39c3f603fca0a77f4ce69
2542;SELECT store_sales.* FROM store_sales JOIN customer ON store_sales.ss_customer_sk = customer.c_customer_sk LIMIT 395;963a8e17041da9ab53a39743b85468a3
2543;SELECT web_sales.* FROM web_sales JOIN date_dim ON web_sales.ws_sold_date_sk = date_dim.d_date_sk JOIN item ON web_sales.ws_item_sk = item.i_item_sk LIMIT 336;7895a345120bfedf36e1af89eafa873d
2544;SELECT store_sales.* FROM store_sales JOIN customer ON store_sales.ss_customer_sk = customer.c_customer_sk JOIN store ON store_sales.ss_store_sk = store.s_store_sk LIMIT 272;de39c82655a72314d4276cafcd4062e2
2545;SELECT store_returns.* FROM store_returns JOIN date_dim ON store_returns.sr_returned_date_sk = date_dim.d_date_sk JOIN customer ON store_returns.sr_customer_sk = customer.c_customer_sk LIMIT 378;7e75790be4701a423e0df916c81c21c0
2546;SELECT web_returns.* FROM web_returns JOIN customer ON web_returns.wr_refunded_customer_sk = customer.c_customer_sk LIMIT 247;cd77537e231604f6afbf8d33350a96b2
2547;SELECT store_returns.* FROM store_returns JOIN date_dim ON store_returns.sr_returned_date_sk = date_dim.d_date_sk JOIN item ON store_returns.sr_item_sk = item.i_item_sk LIMIT 457;81ea48a6c18cc0880f0c1cb34d20b009
2549;SELECT catalog_sales.* FROM catalog_sales JOIN item ON catalog_sales.cs_item_sk = item.i_item_sk JOIN date_dim ON catalog_sales.cs_sold_date_sk = date_dim.d_date_sk LIMIT 310;7f5800905749d550833728f9dc383823
2551;SELECT web_sales.* FROM web_sales JOIN item ON web_sales.ws_item_sk = item.i_item_sk JOIN web_site ON web_sales.ws_web_site_sk = web_site.web_site_sk LIMIT 201;9635dcfeabf7432526871b4e97235398
2553;SELECT inventory.* FROM inventory JOIN date_dim ON inventory.inv_date_sk = date_dim.d_date_sk JOIN item ON inventory.inv_item_sk = item.i_item_sk LIMIT 351;15bb0e123c96805d5feba8374b818ec3
2554;SELECT inventory.* FROM inventory JOIN item ON inventory.inv_item_sk = item.i_item_sk JOIN warehouse ON inventory.inv_warehouse_sk = warehouse.w_warehouse_sk LIMIT 195;515571cef74c55b94b1d1e2c80780dc1
2555;SELECT store_returns.* FROM store_returns JOIN date_dim ON store_returns.sr_returned_date_sk = date_dim.d_date_sk LIMIT 437;9a5e049a0f0ad8454c31acbb6679f963
2556;SELECT store_sales.* FROM store_sales JOIN store ON store_sales.ss_store_sk = store.s_store_sk LIMIT 459;e7ea57e6d7aaa9368ab60caa28a336f1
2557;SELECT store_sales.* FROM store_sales JOIN customer ON store_sales.ss_customer_sk = customer.c_customer_sk LIMIT 174;8820774201727f65a0995693989acfe0
2558;SELECT inventory.* FROM inventory JOIN date_dim ON inventory.inv_date_sk = date_dim.d_date_sk JOIN item ON inventory.inv_item_sk = item.i_item_sk LIMIT 68;ec38fa5621512df15e6ac106cc483be8
2559;SELECT store_returns.* FROM store_returns JOIN item ON store_returns.sr_item_sk = item.i_item_sk LIMIT 453;d48624cf5196d50b26b6907f73025699
2561;SELECT store_sales.* FROM store_sales JOIN store ON store_sales.ss_store_sk = store.s_store_sk JOIN customer ON store_sales.ss_customer_sk = customer.c_customer_sk LIMIT 405;8f0ea843e4166d5d4e6519edc5cb1984
2563;SELECT catalog_sales.* FROM catalog_sales JOIN date_dim ON catalog_sales.cs_sold_date_sk = date_dim.d_date_sk JOIN warehouse ON catalog_sales.cs_warehouse_sk = warehouse.w_warehouse_sk LIMIT 160;67b5fdae292e0b207911540110e98c16
2564;SELECT web_returns.* FROM web_returns JOIN item ON web_returns.wr_item_sk = item.i_item_sk LIMIT 390;2b291da6d619bb6d5abed49283190cf2
2565;SELECT store_returns.* FROM store_returns JOIN date_dim ON store_returns.sr_returned_date_sk = date_dim.d_date_sk LIMIT 281;24f4b0e1a99c380ba43a8b91f45199da
2566;SELECT web_sales.* FROM web_sales JOIN date_dim ON web_sales.ws_sold_date_sk = date_dim.d_date_sk LIMIT 420;99a89144644719349271cb72e4536cec
2567;SELECT inventory.* FROM inventory JOIN date_dim ON inventory.inv_date_sk = date_dim.d_date_sk JOIN item ON inventory.inv_item_sk = item.i_item_sk LIMIT 321;6720b7514cd3832a4d8c8dd9cd506d71
2568;SELECT catalog_sales.* FROM catalog_sales JOIN customer ON catalog_sales.cs_bill_customer_sk = customer.c_customer_sk JOIN warehouse ON catalog_sales.cs_warehouse_sk = warehouse.w_warehouse_sk LIMIT 467;fa0d20d4baf4753dfd249d0b55bd5be8
2569;SELECT store_sales.* FROM store_sales JOIN item ON store_sales.ss_item_sk = item.i_item_sk JOIN customer ON store_sales.ss_customer_sk = customer.c_customer_sk LIMIT 224;cdb71017642f3afe49cc2fd98547da0c
2570;SELECT catalog_sales.* FROM catalog_sales JOIN date_dim ON catalog_sales.cs_sold_date_sk = date_dim.d_date_sk LIMIT 75;d124757a7f1622c03a8253f973f78400
2571;SELECT store_returns.* FROM store_returns JOIN date_dim ON store_returns.sr_returned_date_sk = date_dim.d_date_sk LIMIT 337;8b6df2f469f9abdb19687e4e69271455
2572;SELECT catalog_sales.* FROM catalog_sales JOIN warehouse ON catalog_sales.cs_warehouse_sk = warehouse.w_warehouse_sk JOIN item ON catalog_sales.cs_item_sk = item.i_item_sk LIMIT 74;e7c4a90666d158c3a324004f04c4265e
2573;SELECT web_returns.* FROM web_returns JOIN customer ON web_returns.wr_refunded_customer_sk = customer.c_customer_sk JOIN item ON web_returns.wr_item_sk = item.i_item_sk LIMIT 305;931723b7b321bebb5ac73be7380755a2
2574;SELECT store_returns.* FROM store_returns JOIN customer ON store_returns.sr_customer_sk = customer.c_customer_sk JOIN item ON store_returns.sr_item_sk = item.i_item_sk LIMIT 423;f664237638682d5139d2802dc20bd313
2575;SELECT web_sales.* FROM web_sales JOIN item ON web_sales.ws_item_sk = item.i_item_sk LIMIT 416;5a79f83536b32edb13f0c8425958ebf8
2576;SELECT web_returns.* FROM web_returns JOIN item ON web_returns.wr_item_sk = item.i_item_sk LIMIT 374;e2bdb9cd2b8fdd35f56536a42bcea397
2578;SELECT inventory.* FROM inventory JOIN item ON inventory.inv_item_sk = item.i_item_sk LIMIT 267;9e45ac472dd25602fa959bb99a7bc260
2579;SELECT web_returns.* FROM web_returns JOIN date_dim ON web_returns.wr_returned_date_sk = date_dim.d_date_sk JOIN item ON web_returns.wr_item_sk = item.i_item_sk LIMIT 274;9b2575f35eb3d288856ecf1525bdc495
2580;SELECT catalog_sales.* FROM catalog_sales JOIN customer ON catalog_sales.cs_bill_customer_sk = customer.c_customer_sk LIMIT 385;b1732685f0a0f639b3429503e5e5403c
2581;WITH ssr AS (SELECT s_store_id AS store_id, SUM(ss_ext_sales_price) AS sales, SUM(COALESCE(sr_return_amt, 0.0)) AS returns_, SUM(ss_net_profit - COALESCE(sr_net_loss, 0.0)) AS profit FROM store_sales LEFT OUTER JOIN store_returns ON (ss_item_sk = sr_item_sk AND ss_ticket_number = sr_ticket_number), date_dim, store, item, promotion WHERE ss_sold_date_sk = d_date_sk AND d_date BETWEEN CAST('2000-08-23' AS DATE) AND CAST('2000-09-22' AS DATE) AND ss_store_sk = s_store_sk AND ss_item_sk = i_item_sk AND i_current_price > 27 AND ss_promo_sk = p_promo_sk AND p_channel_tv = 'N' GROUP BY s_store_id), csr AS (SELECT cp_catalog_page_id AS catalog_page_id, SUM(cs_ext_sales_price) AS sales, SUM(COALESCE(cr_return_amount, 0.0)) AS returns_, SUM(cs_net_profit - COALESCE(cr_net_loss, 0.0)) AS profit FROM catalog_sales LEFT OUTER JOIN catalog_returns ON (cs_item_sk = cr_item_sk AND cs_order_number = cr_order_number), date_dim, catalog_page, item, promotion WHERE cs_sold_date_sk = d_date_sk AND d_date BETWEEN CAST('2000-08-23' AS DATE) AND CAST('2000-09-22' AS DATE) AND cs_catalog_page_sk = cp_catalog_page_sk AND cs_item_sk = i_item_sk AND i_current_price > 51 AND cs_promo_sk = p_promo_sk AND p_channel_tv = 'N' GROUP BY cp_catalog_page_id), wsr AS (SELECT web_site_id, SUM(ws_ext_sales_price) AS sales, SUM(COALESCE(wr_return_amt, 0.0)) AS returns_, SUM(ws_net_profit - COALESCE(wr_net_loss, 0.0)) AS profit FROM web_sales LEFT OUTER JOIN web_returns ON (ws_item_sk = wr_item_sk AND ws_order_number = wr_order_number), date_dim, item, promotion WHERE ws_sold_date_sk = d_date_sk AND d_date BETWEEN CAST('2000-08-23' AS DATE) AND CAST('2000-09-22' AS DATE) AND ws_web_site_sk = web_site_sk AND ws_item_sk = i_item_sk AND i_current_price > 28 AND ws_promo_sk = p_promo_sk AND p_channel_tv = 'N' GROUP BY web_site_id) SELECT channel, id, SUM(sales) AS sales, SUM(returns_) AS returns_, SUM(profit) AS profit FROM (SELECT 'store channel' AS channel, CONCAT('store', store_id) AS id, sales, returns_, profit FROM ssr UNION ALL SELECT 'catalog channel' AS channel, CONCAT('catalog_page', catalog_page_id) AS id, sales, returns_, profit FROM csr UNION ALL SELECT 'web channel' AS channel, CONCAT('web_site', web_site_id) AS id, sales, returns_, profit FROM wsr) AS x GROUP BY ROLLUP (channel, id) ORDER BY channel NULLS FIRST, id NULLS FIRST LIMIT 78;fe51b01ad6f463d00f112862c96685fb
2582;SELECT store_returns.* FROM store_returns JOIN item ON store_returns.sr_item_sk = item.i_item_sk LIMIT 113;3977b637f2117ee25e35035663c68ff3
2583;SELECT web_returns.* FROM web_returns JOIN item ON web_returns.wr_item_sk = item.i_item_sk LIMIT 317;1ba4a3d6479d191001a3f5a733c64c75
2585;SELECT web_sales.* FROM web_sales JOIN customer ON web_sales.ws_bill_customer_sk = customer.c_customer_sk JOIN date_dim ON web_sales.ws_sold_date_sk = date_dim.d_date_sk LIMIT 110;cef4c82459da3d18cc16833e23539e78
2586;SELECT store_sales.* FROM store_sales JOIN item ON store_sales.ss_item_sk = item.i_item_sk JOIN date_dim ON store_sales.ss_sold_date_sk = date_dim.d_date_sk LIMIT 283;b54bf659b2c158f05e9ccbf79deec0e2
2588;SELECT web_sales.* FROM web_sales JOIN web_site ON web_sales.ws_web_site_sk = web_site.web_site_sk LIMIT 289;6063676fdc56edbb957829d88ed4841d
2589;SELECT channel, item, return_ratio, return_rank, currency_rank FROM (SELECT 'web' AS channel, web.item, web.return_ratio, web.return_rank, web.currency_rank FROM (SELECT item, return_ratio, currency_ratio, RANK() OVER (ORDER BY return_ratio) AS return_rank, RANK() OVER (ORDER BY currency_ratio) AS currency_rank FROM (SELECT ws.ws_item_sk AS item FROM web_sales AS ws, date_dim WHERE  GROUP BY ws.ws_item_sk) AS in_web) AS web WHERE (web.return_rank <= 7 OR web.currency_rank <= 13) UNION SELECT 'catalog' AS channel, catalog.item, catalog.return_ratio, catalog.return_rank, catalog.currency_rank FROM (SELECT item, return_ratio, currency_ratio, RANK() OVER (ORDER BY return_ratio) AS return_rank, RANK() OVER (ORDER BY currency_ratio) AS currency_rank FROM (SELECT cs.cs_item_sk AS item, (CAST(SUM(COALESCE(cr.cr_return_quantity, 0.0)) AS DECIMAL(19, 4)) / NULLIF(CAST(SUM(COALESCE(cs.cs_quantity, 0.0)) AS DECIMAL(16, 4)), 0)) AS return_ratio, (CAST(SUM(COALESCE(cr.cr_return_amount, 0.0)) AS DECIMAL(21, 5)) / NULLIF(CAST(SUM(COALESCE(cs.cs_net_paid, 0.0)) AS DECIMAL(19, 4)), 0)) AS currency_ratio FROM catalog_sales AS cs LEFT OUTER JOIN catalog_returns AS cr ON (cs.cs_order_number = cr.cr_order_number AND cs.cs_item_sk = cr.cr_item_sk), date_dim WHERE cr.cr_return_amount > 14148 AND cs.cs_net_profit > 1.0 AND cs.cs_net_paid > 0.0 AND cs.cs_quantity > 0.0 AND cs_sold_date_sk = d_date_sk AND d_year = 2617 AND d_moy = 12 GROUP BY cs.cs_item_sk) AS in_cat) AS CATALOG WHERE (catalog.return_rank <= 13 OR catalog.currency_rank <= 13) UNION SELECT 'store' AS channel, store.item, store.return_ratio, store.return_rank, store.currency_rank FROM (SELECT item, return_ratio, currency_ratio, RANK() OVER (ORDER BY return_ratio) AS return_rank, RANK() OVER (ORDER BY currency_ratio) AS currency_rank FROM (SELECT sts.ss_item_sk AS item, (CAST(SUM(COALESCE(sr.sr_return_quantity, 0.0)) AS DECIMAL(10, 3)) / NULLIF(CAST(SUM(COALESCE(sts.ss_quantity, 0.0)) AS DECIMAL(17, 4)), 0)) AS return_ratio, (CAST(SUM(COALESCE(sr.sr_return_amt, 0.0)) AS DECIMAL(11, 4)) / NULLIF(CAST(SUM(COALESCE(sts.ss_net_paid, 0.0)) AS DECIMAL(17, 3)), 0)) AS currency_ratio FROM store_sales AS sts LEFT OUTER JOIN store_returns AS sr ON (sts.ss_ticket_number = sr.sr_ticket_number AND sts.ss_item_sk = sr.sr_item_sk), date_dim WHERE sr.sr_return_amt > 8930 AND sts.ss_net_profit > 1.0 AND sts.ss_net_paid > 0.0 AND sts.ss_quantity > 0.0 AND ss_sold_date_sk = d_date_sk AND d_year = 1511 AND d_moy = 16 GROUP BY sts.ss_item_sk) AS in_store) AS store WHERE (store.return_rank <= 6 OR store.currency_rank <= 8)) AS sq1 ORDER BY 1.0 NULLS FIRST, 2 NULLS FIRST, 2 NULLS FIRST, 2 NULLS FIRST LIMIT 56;406b9de74513e0b595abed89d148bd2f
2590;SELECT store_sales.* FROM store_sales JOIN date_dim ON store_sales.ss_sold_date_sk = date_dim.d_date_sk LIMIT 448;3416eacd4028437bce1b456a3ca355a2
2591;SELECT web_returns.* FROM web_returns JOIN date_dim ON web_returns.wr_returned_date_sk = date_dim.d_date_sk LIMIT 127;d40d44f23ce915274d52ab4e684689e8
2592;SELECT catalog_sales.* FROM catalog_sales JOIN customer ON catalog_sales.cs_bill_customer_sk = customer.c_customer_sk JOIN item ON catalog_sales.cs_item_sk = item.i_item_sk LIMIT 328;ae2a90452da61d8bb4a9b09a38c299d4
2593;SELECT store_sales.* FROM store_sales JOIN store ON store_sales.ss_store_sk = store.s_store_sk LIMIT 334;c0022e7c6daf92cd98b5f4b82dffb133
2595;SELECT store_sales.* FROM store_sales JOIN customer ON store_sales.ss_customer_sk = customer.c_customer_sk JOIN date_dim ON store_sales.ss_sold_date_sk = date_dim.d_date_sk LIMIT 293;724628d2062d0cd5b8978f375b6ff34d
2596;SELECT inventory.* FROM inventory JOIN date_dim ON inventory.inv_date_sk = date_dim.d_date_sk JOIN item ON inventory.inv_item_sk = item.i_item_sk LIMIT 218;43b02b7e4cc5a4fa547e4dfb3f637a0f
2599;SELECT catalog_sales.* FROM catalog_sales JOIN item ON catalog_sales.cs_item_sk = item.i_item_sk JOIN date_dim ON catalog_sales.cs_sold_date_sk = date_dim.d_date_sk LIMIT 244;758a3d4d3ad174ee061b9d550ac101fb
2600;SELECT catalog_sales.* FROM catalog_sales JOIN warehouse ON catalog_sales.cs_warehouse_sk = warehouse.w_warehouse_sk JOIN date_dim ON catalog_sales.cs_sold_date_sk = date_dim.d_date_sk LIMIT 310;daf22bfea124aa0bb6e43d7d45761eed
2602;SELECT web_returns.* FROM web_returns JOIN item ON web_returns.wr_item_sk = item.i_item_sk LIMIT 351;06a7c904bc9c5cc9692ea79e81d972d8
2603;SELECT store_returns.* FROM store_returns JOIN date_dim ON store_returns.sr_returned_date_sk = date_dim.d_date_sk LIMIT 392;cdfb6599c4ee529c9e289158c17aa75f
2604;SELECT web_sales.* FROM web_sales JOIN customer ON web_sales.ws_bill_customer_sk = customer.c_customer_sk JOIN date_dim ON web_sales.ws_sold_date_sk = date_dim.d_date_sk LIMIT 341;5d47b0d1f740d06bdd0445c264f0c0a5
2605;SELECT web_returns.* FROM web_returns JOIN item ON web_returns.wr_item_sk = item.i_item_sk LIMIT 454;5a59a098f374b347ee385567652dbc1c
2606;SELECT store_returns.* FROM store_returns JOIN customer ON store_returns.sr_customer_sk = customer.c_customer_sk JOIN item ON store_returns.sr_item_sk = item.i_item_sk LIMIT 329;fcca697437b6cd0d3cd68a23ee49fda3
2607;SELECT web_sales.* FROM web_sales JOIN web_site ON web_sales.ws_web_site_sk = web_site.web_site_sk LIMIT 312;82a02dc1a270d80ba8260307872c7cf3
2608;SELECT catalog_sales.* FROM catalog_sales JOIN customer ON catalog_sales.cs_bill_customer_sk = customer.c_customer_sk JOIN item ON catalog_sales.cs_item_sk = item.i_item_sk LIMIT 309;756d29d51051c69f96f1d5c05a34be47
2609;SELECT store_sales.* FROM store_sales JOIN store ON store_sales.ss_store_sk = store.s_store_sk JOIN item ON store_sales.ss_item_sk = item.i_item_sk LIMIT 453;5ff18d9535bb1bf6b8a257002a2d79b2
2610;SELECT web_returns.* FROM web_returns JOIN item ON web_returns.wr_item_sk = item.i_item_sk JOIN customer ON web_returns.wr_refunded_customer_sk = customer.c_customer_sk LIMIT 89;dcf36ce3f52109e60dab7198d3ab7291
2611;SELECT store_sales.* FROM store_sales JOIN store ON store_sales.ss_store_sk = store.s_store_sk LIMIT 432;aca8dc20d65e44d40b49fb67132ba7b7
2612;SELECT store_returns.* FROM store_returns JOIN date_dim ON store_returns.sr_returned_date_sk = date_dim.d_date_sk LIMIT 197;af90d8249626e0f75e34d658e24f09b0
2613;SELECT catalog_sales.* FROM catalog_sales JOIN item ON catalog_sales.cs_item_sk = item.i_item_sk JOIN warehouse ON catalog_sales.cs_warehouse_sk = warehouse.w_warehouse_sk LIMIT 335;ce1b9e7ca00f225c2226ede74296a521
2614;SELECT web_sales.* FROM web_sales JOIN item ON web_sales.ws_item_sk = item.i_item_sk LIMIT 223;aa84e442c3bff2c476788435b7dd11f5
2615;SELECT store_sales.* FROM store_sales JOIN item ON store_sales.ss_item_sk = item.i_item_sk JOIN customer ON store_sales.ss_customer_sk = customer.c_customer_sk LIMIT 281;b64262621875ae92c01dc76323e9e683
2616;SELECT store_sales.* FROM store_sales JOIN item ON store_sales.ss_item_sk = item.i_item_sk JOIN date_dim ON store_sales.ss_sold_date_sk = date_dim.d_date_sk LIMIT 85;9c6a4767487136579407793f1c137c6a
2617;SELECT store_sales.* FROM store_sales JOIN store ON store_sales.ss_store_sk = store.s_store_sk LIMIT 374;a4a2f50260f50429e0ff732f634f6173
2618;WITH ws AS (SELECT d_year AS ws_sold_year, ws_item_sk, ws_bill_customer_sk AS ws_customer_sk, SUM(ws_quantity) AS ws_qty, SUM(ws_wholesale_cost) AS ws_wc, SUM(ws_sales_price) AS ws_sp FROM web_sales LEFT JOIN web_returns ON wr_order_number = ws_order_number AND ws_item_sk = wr_item_sk JOIN date_dim ON ws_sold_date_sk = d_date_sk WHERE wr_order_number IS NULL GROUP BY d_year, ws_item_sk, ws_bill_customer_sk), cs AS (SELECT d_year AS cs_sold_year, cs_item_sk, cs_bill_customer_sk AS cs_customer_sk, SUM(cs_quantity) AS cs_qty, SUM(cs_wholesale_cost) AS cs_wc, SUM(cs_sales_price) AS cs_sp FROM catalog_sales LEFT JOIN catalog_returns ON cr_order_number = cs_order_number AND cs_item_sk = cr_item_sk WHERE cr_order_number IS NULL GROUP BY d_year, cs_item_sk, cs_bill_customer_sk), ss AS (SELECT d_year AS ss_sold_year, ss_item_sk, ss_customer_sk, SUM(ss_quantity) AS ss_qty, SUM(ss_wholesale_cost) AS ss_wc, SUM(ss_sales_price) AS ss_sp FROM store_sales LEFT JOIN store_returns ON sr_ticket_number = ss_ticket_number AND ss_item_sk = sr_item_sk JOIN date_dim ON ss_sold_date_sk = d_date_sk WHERE sr_ticket_number IS NULL GROUP BY d_year, ss_item_sk, ss_customer_sk) SELECT ss_sold_year, ss_item_sk, ss_customer_sk, ROUND(CAST((ss_qty * 1.0) AS DOUBLE PRECISION) / NULLIF((COALESCE(ws_qty, 0.0) + COALESCE(cs_qty, 0.0)), 0), 1) AS ratio, ss_qty AS store_qty, ss_wc AS store_wholesale_cost, ss_sp AS store_sales_price, COALESCE(ws_qty, 0.0) + COALESCE(cs_qty, 0.0) AS other_chan_qty, COALESCE(ws_wc, 0.0) + COALESCE(cs_wc, 0.0) AS other_chan_wholesale_cost, COALESCE(ws_sp, 0.0) + COALESCE(cs_sp, 0.0) AS other_chan_sales_price FROM ss LEFT JOIN ws ON (ws_sold_year = ss_sold_year AND ws_item_sk = ss_item_sk AND ws_customer_sk = ss_customer_sk) LEFT JOIN cs ON (cs_sold_year = ss_sold_year AND cs_item_sk = ss_item_sk AND cs_customer_sk = ss_customer_sk) WHERE (COALESCE(ws_qty, 0.0) > 0.0 OR COALESCE(cs_qty, 0.0) > 0.0) AND ss_sold_year = 2298 ORDER BY ss_sold_year, ss_item_sk, ss_customer_sk, ss_qty DESC NULLS LAST, ss_wc DESC NULLS LAST, ss_sp DESC NULLS LAST, other_chan_qty, other_chan_wholesale_cost, other_chan_sales_price, ratio LIMIT 95;e12c5c7b3e7e0821645944b21f5e0e45
2619;SELECT web_sales.* FROM web_sales JOIN item ON web_sales.ws_item_sk = item.i_item_sk JOIN customer ON web_sales.ws_bill_customer_sk = customer.c_customer_sk LIMIT 372;48209c639b0fb1211fe04cc8f0f73c50
2620;SELECT inventory.* FROM inventory JOIN item ON inventory.inv_item_sk = item.i_item_sk LIMIT 380;7d6d7d58c85a8f91bfa81ca16837484f
2622;SELECT web_returns.* FROM web_returns JOIN customer ON web_returns.wr_refunded_customer_sk = customer.c_customer_sk JOIN item ON web_returns.wr_item_sk = item.i_item_sk LIMIT 423;4a8ccb60b71f360a9bb7e11ed9f7baef
2623;SELECT web_returns.* FROM web_returns JOIN item ON web_returns.wr_item_sk = item.i_item_sk JOIN date_dim ON web_returns.wr_returned_date_sk = date_dim.d_date_sk LIMIT 66;f4f97d61ec204d3a14c079664d5db892
2624;WITH all_sales AS (SELECT d_year, i_brand_id, i_class_id, i_category_id, i_manufact_id, SUM(sales_cnt) AS sales_cnt, SUM(sales_amt) AS sales_amt FROM (SELECT d_year, i_brand_id, i_class_id, i_category_id, i_manufact_id, cs_quantity - COALESCE(cr_return_quantity, 0.0) AS sales_cnt, cs_ext_sales_price - COALESCE(cr_return_amount, 0.0) AS sales_amt FROM catalog_sales JOIN item ON i_item_sk = cs_item_sk JOIN date_dim ON d_date_sk = cs_sold_date_sk LEFT JOIN catalog_returns ON (cs_order_number = cr_order_number AND cs_item_sk = cr_item_sk) WHERE i_category = 'Books' UNION SELECT d_year, i_brand_id, i_class_id, i_category_id, i_manufact_id, ss_quantity - COALESCE(sr_return_quantity, 0.0) AS sales_cnt, ss_ext_sales_price - COALESCE(sr_return_amt, 0.0) AS sales_amt FROM store_sales JOIN item ON i_item_sk = ss_item_sk JOIN date_dim ON d_date_sk = ss_sold_date_sk LEFT JOIN store_returns ON (ss_ticket_number = sr_ticket_number AND ss_item_sk = sr_item_sk) WHERE i_category = 'Books' UNION SELECT d_year, i_brand_id, i_class_id, i_category_id, i_manufact_id, ws_quantity - COALESCE(wr_return_quantity, 0.0) AS sales_cnt, ws_ext_sales_price - COALESCE(wr_return_amt, 0.0) AS sales_amt FROM web_sales JOIN item ON i_item_sk = ws_item_sk JOIN date_dim ON d_date_sk = ws_sold_date_sk LEFT JOIN web_returns ON (ws_order_number = wr_order_number AND ws_item_sk = wr_item_sk) WHERE i_category = 'Books') AS sales_detail GROUP BY d_year, i_brand_id, i_class_id, i_category_id, i_manufact_id) SELECT prev_yr.d_year AS prev_year, curr_yr.d_year AS year_, curr_yr.i_brand_id, curr_yr.i_class_id, curr_yr.i_category_id, curr_yr.i_manufact_id, prev_yr.sales_cnt AS prev_yr_cnt, curr_yr.sales_cnt AS curr_yr_cnt, curr_yr.sales_cnt - prev_yr.sales_cnt AS sales_cnt_diff, curr_yr.sales_amt - prev_yr.sales_amt AS sales_amt_diff FROM all_sales AS curr_yr, all_sales AS prev_yr WHERE curr_yr.i_brand_id = prev_yr.i_brand_id AND curr_yr.i_class_id = prev_yr.i_class_id AND curr_yr.i_category_id = prev_yr.i_category_id AND curr_yr.i_manufact_id = prev_yr.i_manufact_id AND curr_yr.d_year = 1713 AND prev_yr.d_year = 1926 - 1.0 AND CAST(curr_yr.sales_cnt AS DECIMAL(16, 2)) / NULLIF(CAST(prev_yr.sales_cnt AS DECIMAL(21, 2)), 0) < 0.9 ORDER BY sales_cnt_diff, sales_amt_diff LIMIT 80;e1ad3def386c5abfbfc08e780cb9a303
2625;SELECT store_returns.* FROM store_returns JOIN item ON store_returns.sr_item_sk = item.i_item_sk LIMIT 495;ba0196e2ee8fd98040c30bcec06e0646
2626;SELECT inventory.* FROM inventory JOIN date_dim ON inventory.inv_date_sk = date_dim.d_date_sk JOIN warehouse ON inventory.inv_warehouse_sk = warehouse.w_warehouse_sk LIMIT 57;d9ae002c4f9c83f072bc04efe03572dc
2627;SELECT store_sales.* FROM store_sales JOIN item ON store_sales.ss_item_sk = item.i_item_sk JOIN customer ON store_sales.ss_customer_sk = customer.c_customer_sk LIMIT 340;185276c318909015fa28b5858ab10d03
2629;SELECT inventory.* FROM inventory JOIN date_dim ON inventory.inv_date_sk = date_dim.d_date_sk LIMIT 302;1cc97f4020756943bc9eec6084d7144f
2631;SELECT store_sales.* FROM store_sales JOIN customer ON store_sales.ss_customer_sk = customer.c_customer_sk LIMIT 356;3353ff8235439670e907d7e88e21356b
2634;SELECT web_sales.* FROM web_sales JOIN date_dim ON web_sales.ws_sold_date_sk = date_dim.d_date_sk JOIN web_site ON web_sales.ws_web_site_sk = web_site.web_site_sk LIMIT 146;1524879f7862bb984a8d1e37e6e2d22f
2635;SELECT store_returns.* FROM store_returns JOIN item ON store_returns.sr_item_sk = item.i_item_sk LIMIT 356;8cac15851b409e7c3115408eea2120bf
2636;SELECT store_sales.* FROM store_sales JOIN store ON store_sales.ss_store_sk = store.s_store_sk LIMIT 473;db2c8fe5626f79ae7f9a748212f02bcb
2637;SELECT web_sales.* FROM web_sales JOIN item ON web_sales.ws_item_sk = item.i_item_sk JOIN date_dim ON web_sales.ws_sold_date_sk = date_dim.d_date_sk LIMIT 379;21649cd1144e9f47e09501a9405d368b
2638;SELECT catalog_sales.* FROM catalog_sales JOIN warehouse ON catalog_sales.cs_warehouse_sk = warehouse.w_warehouse_sk JOIN customer ON catalog_sales.cs_bill_customer_sk = customer.c_customer_sk LIMIT 383;18c63c9776b93afb2e58851a464ef7ef
2639;SELECT store_returns.* FROM store_returns JOIN date_dim ON store_returns.sr_returned_date_sk = date_dim.d_date_sk LIMIT 229;375c9ed4722ebf13f99257c406926514
2642;SELECT store_sales.* FROM store_sales JOIN date_dim ON store_sales.ss_sold_date_sk = date_dim.d_date_sk LIMIT 94;3f1aa8d7df0e6aea74ee77fcaadb1c70
2643;SELECT inventory.* FROM inventory JOIN item ON inventory.inv_item_sk = item.i_item_sk JOIN date_dim ON inventory.inv_date_sk = date_dim.d_date_sk LIMIT 396;299fb4cfa787497b4342706a74c85128
2645;SELECT store_sales.* FROM store_sales JOIN store ON store_sales.ss_store_sk = store.s_store_sk LIMIT 162;6ffb61e7ef70237b72ece3d84f0dd708
2646;SELECT web_sales.* FROM web_sales JOIN customer ON web_sales.ws_bill_customer_sk = customer.c_customer_sk LIMIT 463;bb833af5a6a0b3c448d79c730a235650
2647;SELECT store_returns.* FROM store_returns JOIN customer ON store_returns.sr_customer_sk = customer.c_customer_sk LIMIT 413;8d9e495de7b53b0f90a898bc09617b86
2648;SELECT web_sales.* FROM web_sales JOIN customer ON web_sales.ws_bill_customer_sk = customer.c_customer_sk LIMIT 192;cd7dc3ddb789598f97d8b36637feeabd
2650;SELECT catalog_sales.* FROM catalog_sales JOIN customer ON catalog_sales.cs_bill_customer_sk = customer.c_customer_sk LIMIT 126;49dcb0402d54ab5dc8fefb6b602e41e0
2651;SELECT web_returns.* FROM web_returns JOIN date_dim ON web_returns.wr_returned_date_sk = date_dim.d_date_sk LIMIT 478;d2b2b1b89e75b9bc9da742ed288e6528
2652;SELECT web_sales.* FROM web_sales JOIN customer ON web_sales.ws_bill_customer_sk = customer.c_customer_sk LIMIT 68;3fe9e4152673dbd98097d03b72f1f61c
2653;SELECT web_returns.* FROM web_returns JOIN item ON web_returns.wr_item_sk = item.i_item_sk JOIN customer ON web_returns.wr_refunded_customer_sk = customer.c_customer_sk LIMIT 215;36c896568afcdc164ca3e85729e28f92
2654;SELECT inventory.* FROM inventory JOIN warehouse ON inventory.inv_warehouse_sk = warehouse.w_warehouse_sk LIMIT 161;60f249ef61c4c01182a3d530410e06bc
2655;SELECT web_sales.* FROM web_sales JOIN customer ON web_sales.ws_bill_customer_sk = customer.c_customer_sk JOIN date_dim ON web_sales.ws_sold_date_sk = date_dim.d_date_sk LIMIT 326;126e2b9b8e385f7c1f0684b62dcf948e
2656;SELECT store_sales.* FROM store_sales JOIN date_dim ON store_sales.ss_sold_date_sk = date_dim.d_date_sk LIMIT 248;8d3ad243e4e5463e742fc55544e652f8
2657;SELECT inventory.* FROM inventory JOIN warehouse ON inventory.inv_warehouse_sk = warehouse.w_warehouse_sk LIMIT 206;ed4b84aa05b5bcffc1f7eb88513c4c09
2658;SELECT inventory.* FROM inventory JOIN item ON inventory.inv_item_sk = item.i_item_sk LIMIT 203;a50fc5f82b82716ce35072ae96d06ea8
2659;SELECT store_returns.* FROM store_returns JOIN date_dim ON store_returns.sr_returned_date_sk = date_dim.d_date_sk JOIN customer ON store_returns.sr_customer_sk = customer.c_customer_sk LIMIT 99;243613b5bda40c1e1feaab965739b098
2660;SELECT store_sales.* FROM store_sales JOIN item ON store_sales.ss_item_sk = item.i_item_sk LIMIT 473;6bdebaa230dd72e61a5efdbee7fa6d0a
2662;SELECT web_sales.* FROM web_sales JOIN date_dim ON web_sales.ws_sold_date_sk = date_dim.d_date_sk LIMIT 263;f669e0e47bb4ae353e7d858dbe486c2b
2663;SELECT inventory.* FROM inventory JOIN date_dim ON inventory.inv_date_sk = date_dim.d_date_sk JOIN warehouse ON inventory.inv_warehouse_sk = warehouse.w_warehouse_sk LIMIT 302;f16ce29c7d3edd96349df4d5fa692ff5
2666;SELECT inventory.* FROM inventory JOIN date_dim ON inventory.inv_date_sk = date_dim.d_date_sk LIMIT 131;c1380ff673d3013ad5662ddb37827344
2667;SELECT web_sales.* FROM web_sales JOIN web_site ON web_sales.ws_web_site_sk = web_site.web_site_sk LIMIT 160;a641618a0daa38a59664a40a59b2688b
2668;SELECT web_returns.* FROM web_returns JOIN item ON web_returns.wr_item_sk = item.i_item_sk JOIN date_dim ON web_returns.wr_returned_date_sk = date_dim.d_date_sk LIMIT 247;6a3ef4cc7f4ca98955dec8adb0373503
2671;SELECT catalog_sales.* FROM catalog_sales JOIN customer ON catalog_sales.cs_bill_customer_sk = customer.c_customer_sk LIMIT 271;f3c8f892f269d958288c240874ee76b4
2672;SELECT web_sales.* FROM web_sales JOIN web_site ON web_sales.ws_web_site_sk = web_site.web_site_sk LIMIT 389;71ded89fea85bf3dc713795fa60689ba
2673;SELECT inventory.* FROM inventory JOIN item ON inventory.inv_item_sk = item.i_item_sk JOIN warehouse ON inventory.inv_warehouse_sk = warehouse.w_warehouse_sk LIMIT 113;d9f0de8ed8e376f333badc038feab93a
2674;SELECT store_sales.* FROM store_sales JOIN date_dim ON store_sales.ss_sold_date_sk = date_dim.d_date_sk JOIN item ON store_sales.ss_item_sk = item.i_item_sk LIMIT 101;6f6a81386e66c1833ba3af63c58868ae
2675;SELECT store_returns.* FROM store_returns JOIN customer ON store_returns.sr_customer_sk = customer.c_customer_sk JOIN date_dim ON store_returns.sr_returned_date_sk = date_dim.d_date_sk LIMIT 208;082d2101fb40adf8498e20d7fe034963
2677;SELECT catalog_sales.* FROM catalog_sales JOIN item ON catalog_sales.cs_item_sk = item.i_item_sk JOIN customer ON catalog_sales.cs_bill_customer_sk = customer.c_customer_sk LIMIT 407;db13210c00834770968525cbfdddbc0a
2678;SELECT web_sales.* FROM web_sales JOIN customer ON web_sales.ws_bill_customer_sk = customer.c_customer_sk LIMIT 90;c7d1d5047914e9a99c9a094a3043fec5
2679;SELECT store_sales.* FROM store_sales JOIN item ON store_sales.ss_item_sk = item.i_item_sk JOIN date_dim ON store_sales.ss_sold_date_sk = date_dim.d_date_sk LIMIT 409;4eb37380ccade0cf0d0172c4d0e5814c
2681;SELECT dt.d_year, item.i_brand_id AS brand_id, item.i_brand AS brand, SUM(ss_ext_sales_price) AS sum_agg FROM date_dim AS dt, store_sales, item WHERE dt.d_date_sk = store_sales.ss_sold_date_sk AND store_sales.ss_item_sk = item.i_item_sk AND item.i_manufact_id = 130 AND dt.d_moy = 10 GROUP BY dt.d_year, item.i_brand, item.i_brand_id ORDER BY dt.d_year, sum_agg DESC NULLS LAST, brand_id LIMIT 70;647a9140080a93cecbcec2f6aa733436
2682;SELECT web_sales.* FROM web_sales JOIN customer ON web_sales.ws_bill_customer_sk = customer.c_customer_sk JOIN web_site ON web_sales.ws_web_site_sk = web_site.web_site_sk LIMIT 277;cc71e220f9d13345926eb08e0863f0c7
2683;SELECT store_sales.* FROM store_sales JOIN date_dim ON store_sales.ss_sold_date_sk = date_dim.d_date_sk JOIN customer ON store_sales.ss_customer_sk = customer.c_customer_sk LIMIT 478;0ce18a859930109643bc3c4df04304ab
2684;SELECT catalog_sales.* FROM catalog_sales JOIN item ON catalog_sales.cs_item_sk = item.i_item_sk LIMIT 144;5d06861cba4ad944e294505bd6daebc4
2685;SELECT store_sales.* FROM store_sales JOIN customer ON store_sales.ss_customer_sk = customer.c_customer_sk JOIN store ON store_sales.ss_store_sk = store.s_store_sk LIMIT 170;65ec6ad889dc2b2f6172dffd46285ef3
2686;SELECT inventory.* FROM inventory JOIN item ON inventory.inv_item_sk = item.i_item_sk LIMIT 405;3c1a683157db9436e060e6f70c22acaf
2687;SELECT store_sales.* FROM store_sales JOIN item ON store_sales.ss_item_sk = item.i_item_sk JOIN date_dim ON store_sales.ss_sold_date_sk = date_dim.d_date_sk LIMIT 443;91f5248231806a70074aacae8221f7ba
2688;SELECT store_sales.* FROM store_sales JOIN date_dim ON store_sales.ss_sold_date_sk = date_dim.d_date_sk JOIN customer ON store_sales.ss_customer_sk = customer.c_customer_sk LIMIT 99;5dd2ea91e4e68261b2cdcfda72c7061f
2689;SELECT store_sales.* FROM store_sales JOIN date_dim ON store_sales.ss_sold_date_sk = date_dim.d_date_sk JOIN store ON store_sales.ss_store_sk = store.s_store_sk LIMIT 147;9de95e98fc3d0257456dca5adee4df1f
2690;SELECT web_sales.* FROM web_sales JOIN item ON web_sales.ws_item_sk = item.i_item_sk JOIN web_site ON web_sales.ws_web_site_sk = web_site.web_site_sk LIMIT 299;0d4f2c68a24190cc1979aca6303e24c3
2691;SELECT web_sales.* FROM web_sales JOIN web_site ON web_sales.ws_web_site_sk = web_site.web_site_sk LIMIT 238;a6df7a3b751e87e4ad7d77afaff61b30
2692;SELECT store_returns.* FROM store_returns JOIN item ON store_returns.sr_item_sk = item.i_item_sk LIMIT 136;9a10ee5ae34719c05808b33f784916cb
2693;SELECT web_returns.* FROM web_returns JOIN customer ON web_returns.wr_refunded_customer_sk = customer.c_customer_sk JOIN date_dim ON web_returns.wr_returned_date_sk = date_dim.d_date_sk LIMIT 145;d1a0edb5e0cb1bbf29c4cf793a45b4f0
2694;SELECT store_sales.* FROM store_sales JOIN customer ON store_sales.ss_customer_sk = customer.c_customer_sk LIMIT 273;59a8e6d40776333213333daa2de84541
2696;SELECT store_returns.* FROM store_returns JOIN date_dim ON store_returns.sr_returned_date_sk = date_dim.d_date_sk LIMIT 142;b125820f86443086e61ec74831875c19
2697;SELECT store_sales.* FROM store_sales JOIN date_dim ON store_sales.ss_sold_date_sk = date_dim.d_date_sk JOIN item ON store_sales.ss_item_sk = item.i_item_sk LIMIT 458;d252d03f3989385175009d9c70fa1691
2698;SELECT store_sales.* FROM store_sales JOIN date_dim ON store_sales.ss_sold_date_sk = date_dim.d_date_sk LIMIT 341;9705abcbf0dac95116a10ef9fea11231
2699;SELECT catalog_sales.* FROM catalog_sales JOIN date_dim ON catalog_sales.cs_sold_date_sk = date_dim.d_date_sk JOIN item ON catalog_sales.cs_item_sk = item.i_item_sk LIMIT 150;70a770512672115cea48934f0ad6c600
2700;SELECT catalog_sales.* FROM catalog_sales JOIN item ON catalog_sales.cs_item_sk = item.i_item_sk JOIN warehouse ON catalog_sales.cs_warehouse_sk = warehouse.w_warehouse_sk LIMIT 457;4d24106cd9615771fa858c492158f28f
2701;SELECT catalog_sales.* FROM catalog_sales JOIN customer ON catalog_sales.cs_bill_customer_sk = customer.c_customer_sk JOIN item ON catalog_sales.cs_item_sk = item.i_item_sk LIMIT 179;d693ab956cfd364d72c0885de314952e
2703;SELECT inventory.* FROM inventory JOIN warehouse ON inventory.inv_warehouse_sk = warehouse.w_warehouse_sk LIMIT 489;4960a7097036a7e8f0cd95ae575e28aa
2704;SELECT web_returns.* FROM web_returns JOIN item ON web_returns.wr_item_sk = item.i_item_sk LIMIT 134;b796b5bdf54f437cd93feca7c42e61fc
2705;SELECT catalog_sales.* FROM catalog_sales JOIN warehouse ON catalog_sales.cs_warehouse_sk = warehouse.w_warehouse_sk JOIN item ON catalog_sales.cs_item_sk = item.i_item_sk LIMIT 207;84df5955c5143a9af26468828c9a892f
2706;SELECT inventory.* FROM inventory JOIN date_dim ON inventory.inv_date_sk = date_dim.d_date_sk LIMIT 82;4967f069bf1770392988bf1e83955d98
2707;SELECT catalog_sales.* FROM catalog_sales JOIN customer ON catalog_sales.cs_bill_customer_sk = customer.c_customer_sk LIMIT 172;a250c69e377992eab8fcf45f77597b97
2708;SELECT catalog_sales.* FROM catalog_sales JOIN date_dim ON catalog_sales.cs_sold_date_sk = date_dim.d_date_sk LIMIT 486;71596fd0e403690fb575446d796909d0
2709;SELECT catalog_sales.* FROM catalog_sales JOIN customer ON catalog_sales.cs_bill_customer_sk = customer.c_customer_sk JOIN date_dim ON catalog_sales.cs_sold_date_sk = date_dim.d_date_sk LIMIT 281;821829af43324f6b3c949c50413407fc
2710;SELECT store_sales.* FROM store_sales JOIN item ON store_sales.ss_item_sk = item.i_item_sk LIMIT 201;bd35c5b85ca7c25217c44c97bbc9df0c
2711;SELECT web_sales.* FROM web_sales JOIN date_dim ON web_sales.ws_sold_date_sk = date_dim.d_date_sk LIMIT 385;2c8d3f7a12fb029e0535e65ae49e20b9
2712;SELECT inventory.* FROM inventory JOIN date_dim ON inventory.inv_date_sk = date_dim.d_date_sk JOIN warehouse ON inventory.inv_warehouse_sk = warehouse.w_warehouse_sk LIMIT 429;2cf96dfdaaf1d92a7fad59f60d1815f0
2713;SELECT store_returns.* FROM store_returns JOIN customer ON store_returns.sr_customer_sk = customer.c_customer_sk JOIN date_dim ON store_returns.sr_returned_date_sk = date_dim.d_date_sk LIMIT 387;b2e71ecc9a1402e41a8940c97cd114e3
2714;SELECT catalog_sales.* FROM catalog_sales JOIN warehouse ON catalog_sales.cs_warehouse_sk = warehouse.w_warehouse_sk JOIN item ON catalog_sales.cs_item_sk = item.i_item_sk LIMIT 358;308d8c306d1ee2c7510f1a4178686b6c
2715;SELECT web_sales.* FROM web_sales JOIN item ON web_sales.ws_item_sk = item.i_item_sk LIMIT 303;7e2a0bcd1df526a41172d07b74f11ac9
2716;SELECT web_sales.* FROM web_sales JOIN web_site ON web_sales.ws_web_site_sk = web_site.web_site_sk JOIN date_dim ON web_sales.ws_sold_date_sk = date_dim.d_date_sk LIMIT 248;96d942c59d8feb7ae42ca5cf1bcd97c6
2717;SELECT store_sales.* FROM store_sales JOIN store ON store_sales.ss_store_sk = store.s_store_sk JOIN item ON store_sales.ss_item_sk = item.i_item_sk LIMIT 318;a599eab471ff89333ba4d36386aafd9c
2718;SELECT catalog_sales.* FROM catalog_sales JOIN warehouse ON catalog_sales.cs_warehouse_sk = warehouse.w_warehouse_sk LIMIT 156;ddff25b4076dad40c4eb1da48df7f03e
2719;SELECT inventory.* FROM inventory JOIN warehouse ON inventory.inv_warehouse_sk = warehouse.w_warehouse_sk LIMIT 337;e4a33cbe4dc5903b837ed73e8149a54c
2720;SELECT web_sales.* FROM web_sales JOIN item ON web_sales.ws_item_sk = item.i_item_sk LIMIT 322;cb2ea8c64ffdefbabb34afeb801c1d0c
2723;SELECT store_sales.* FROM store_sales JOIN customer ON store_sales.ss_customer_sk = customer.c_customer_sk LIMIT 98;3aa613e96c845a58f39b9e8ee8128e59
2724;SELECT web_sales.* FROM web_sales JOIN item ON web_sales.ws_item_sk = item.i_item_sk LIMIT 457;3993dfe5ff3b66e94aa45297d31dbf37
2725;SELECT catalog_sales.* FROM catalog_sales JOIN date_dim ON catalog_sales.cs_sold_date_sk = date_dim.d_date_sk LIMIT 247;be8ca2b659fddff0d2735ef4fe6ebb65
2726;SELECT inventory.* FROM inventory JOIN warehouse ON inventory.inv_warehouse_sk = warehouse.w_warehouse_sk LIMIT 461;26b121d5dc76bd3b9b2f11821e03c69e
2727;SELECT web_returns.* FROM web_returns JOIN customer ON web_returns.wr_refunded_customer_sk = customer.c_customer_sk LIMIT 382;15a22870f6b2c43a9ddd2c0c64078132
2728;SELECT web_returns.* FROM web_returns JOIN customer ON web_returns.wr_refunded_customer_sk = customer.c_customer_sk LIMIT 228;e8ab2aaf35f114b7e10bf18118e33ea0
2729;SELECT store_returns.* FROM store_returns JOIN date_dim ON store_returns.sr_returned_date_sk = date_dim.d_date_sk JOIN customer ON store_returns.sr_customer_sk = customer.c_customer_sk LIMIT 386;9fcec6baef3bc802cc5d7b343dd0969e
2730;SELECT inventory.* FROM inventory JOIN warehouse ON inventory.inv_warehouse_sk = warehouse.w_warehouse_sk LIMIT 94;85b0cf8567bdd7ad804ceb16fc9ef992
2731;SELECT store_sales.* FROM store_sales JOIN item ON store_sales.ss_item_sk = item.i_item_sk LIMIT 195;cc26987604a7e2f453289800cd56b558
2732;SELECT store_returns.* FROM store_returns JOIN item ON store_returns.sr_item_sk = item.i_item_sk LIMIT 100;c094216ba99f170430b2ea8f71679fc1
2733;SELECT web_sales.* FROM web_sales JOIN date_dim ON web_sales.ws_sold_date_sk = date_dim.d_date_sk JOIN customer ON web_sales.ws_bill_customer_sk = customer.c_customer_sk LIMIT 59;8fe2d1788651d23acbed0df3bec38398
2735;SELECT catalog_sales.* FROM catalog_sales JOIN item ON catalog_sales.cs_item_sk = item.i_item_sk LIMIT 318;a39ac355d2593599a915c43d553eeaee
2736;SELECT inventory.* FROM inventory JOIN date_dim ON inventory.inv_date_sk = date_dim.d_date_sk JOIN item ON inventory.inv_item_sk = item.i_item_sk LIMIT 344;05f9fabfd2b44e4f4aafc6362fdd39ac
2737;SELECT inventory.* FROM inventory JOIN item ON inventory.inv_item_sk = item.i_item_sk JOIN warehouse ON inventory.inv_warehouse_sk = warehouse.w_warehouse_sk LIMIT 101;b51f44c45d06e22fe370409bd1b12047
2739;SELECT catalog_sales.* FROM catalog_sales JOIN customer ON catalog_sales.cs_bill_customer_sk = customer.c_customer_sk JOIN item ON catalog_sales.cs_item_sk = item.i_item_sk LIMIT 199;21bd39458e0bc1bb003586d18a86b79e
2740;SELECT catalog_sales.* FROM catalog_sales JOIN customer ON catalog_sales.cs_bill_customer_sk = customer.c_customer_sk LIMIT 138;60b2217121462967b9ce4cbc01593ccb
2741;SELECT web_sales.* FROM web_sales JOIN web_site ON web_sales.ws_web_site_sk = web_site.web_site_sk JOIN item ON web_sales.ws_item_sk = item.i_item_sk LIMIT 227;9bb80bd2b4cc01e651f6bf1bcc04b14c
2742;SELECT inventory.* FROM inventory JOIN date_dim ON inventory.inv_date_sk = date_dim.d_date_sk LIMIT 460;f58ed3b3b9b97df60029ac4bdb154ec7
2743;SELECT store_returns.* FROM store_returns JOIN customer ON store_returns.sr_customer_sk = customer.c_customer_sk LIMIT 150;637ad416ed99178f570113619f67c3c5
2744;SELECT store_returns.* FROM store_returns JOIN date_dim ON store_returns.sr_returned_date_sk = date_dim.d_date_sk JOIN customer ON store_returns.sr_customer_sk = customer.c_customer_sk LIMIT 417;b7b2f75a45557badabaf5ff40ae9b2d3
2745;SELECT inventory.* FROM inventory JOIN item ON inventory.inv_item_sk = item.i_item_sk JOIN date_dim ON inventory.inv_date_sk = date_dim.d_date_sk LIMIT 256;f882ba3e4e3f0aa28582f3f57b78d557
2747;SELECT web_returns.* FROM web_returns JOIN item ON web_returns.wr_item_sk = item.i_item_sk LIMIT 473;b57defb23aca64ff00b07e8642ca3ed2
2748;SELECT catalog_sales.* FROM catalog_sales JOIN warehouse ON catalog_sales.cs_warehouse_sk = warehouse.w_warehouse_sk JOIN date_dim ON catalog_sales.cs_sold_date_sk = date_dim.d_date_sk LIMIT 387;f60a8d9979d779dd9b04cb6cf7b8fbc5
2749;SELECT inventory.* FROM inventory JOIN item ON inventory.inv_item_sk = item.i_item_sk JOIN warehouse ON inventory.inv_warehouse_sk = warehouse.w_warehouse_sk LIMIT 446;c89d3d1d33277cc8b830bba55c8beb1c
2750;SELECT catalog_sales.* FROM catalog_sales JOIN date_dim ON catalog_sales.cs_sold_date_sk = date_dim.d_date_sk JOIN customer ON catalog_sales.cs_bill_customer_sk = customer.c_customer_sk LIMIT 253;cfa553009cdf040f36f7b12f9e9e5699
2751;SELECT catalog_sales.* FROM catalog_sales JOIN item ON catalog_sales.cs_item_sk = item.i_item_sk JOIN date_dim ON catalog_sales.cs_sold_date_sk = date_dim.d_date_sk LIMIT 118;5d4dea8bd938711d6d16e80efb85e63e
2752;SELECT inventory.* FROM inventory JOIN warehouse ON inventory.inv_warehouse_sk = warehouse.w_warehouse_sk JOIN date_dim ON inventory.inv_date_sk = date_dim.d_date_sk LIMIT 452;2d90cbd42aefe91e3afc0588f828bd69
2753;SELECT catalog_sales.* FROM catalog_sales JOIN item ON catalog_sales.cs_item_sk = item.i_item_sk JOIN warehouse ON catalog_sales.cs_warehouse_sk = warehouse.w_warehouse_sk LIMIT 500;3fc91d5003004adaba6ed8c5baff31b8
2754;SELECT catalog_sales.* FROM catalog_sales JOIN warehouse ON catalog_sales.cs_warehouse_sk = warehouse.w_warehouse_sk JOIN customer ON catalog_sales.cs_bill_customer_sk = customer.c_customer_sk LIMIT 310;3c8aae70b82e2f12ee976490583389d6
2755;SELECT web_returns.* FROM web_returns JOIN date_dim ON web_returns.wr_returned_date_sk = date_dim.d_date_sk LIMIT 308;683e556d88c031a98bf9b44da0b25e91
2757;SELECT inventory.* FROM inventory JOIN item ON inventory.inv_item_sk = item.i_item_sk JOIN warehouse ON inventory.inv_warehouse_sk = warehouse.w_warehouse_sk LIMIT 211;b42cb19de12aad4a737f0ab8404554e9
2758;SELECT web_returns.* FROM web_returns JOIN item ON web_returns.wr_item_sk = item.i_item_sk LIMIT 56;cb86452cfbae8e4046ae2f9d8a36e178
2759;SELECT web_sales.* FROM web_sales JOIN customer ON web_sales.ws_bill_customer_sk = customer.c_customer_sk LIMIT 228;e0e0eb32aafb9388fc30a1d88d6b3280
2761;SELECT web_sales.* FROM web_sales JOIN customer ON web_sales.ws_bill_customer_sk = customer.c_customer_sk LIMIT 201;41ffc9ee0ba8e5c19e6db7707b1ad3ca
2762;SELECT channel, item, return_ratio, return_rank, currency_rank FROM (SELECT 'web' AS channel, web.item, web.return_ratio, web.return_rank, web.currency_rank FROM (SELECT item, return_ratio, currency_ratio, RANK() OVER (ORDER BY return_ratio) AS return_rank, RANK() OVER (ORDER BY currency_ratio) AS currency_rank FROM (SELECT ws.ws_item_sk AS item, (CAST(SUM(COALESCE(wr.wr_return_quantity, 0.0)) AS DECIMAL(15, 4)) / NULLIF(CAST(SUM(COALESCE(ws.ws_quantity, 0.0)) AS DECIMAL(12, 3)), 0)) AS return_ratio, (CAST(SUM(COALESCE(wr.wr_return_amt, 0.0)) AS DECIMAL(14, 2)) / NULLIF(CAST(SUM(COALESCE(ws.ws_net_paid, 0.0)) AS DECIMAL(8, 4)), 0)) AS currency_ratio FROM web_sales AS ws LEFT OUTER JOIN web_returns AS wr ON (ws.ws_order_number = wr.wr_order_number AND ws.ws_item_sk = wr.wr_item_sk), date_dim WHERE wr.wr_return_amt > 7564 AND ws.ws_net_profit > 1.0 AND ws.ws_net_paid > 0.0 AND ws.ws_quantity > 0.0 AND ws_sold_date_sk = d_date_sk AND d_year = 1976 AND d_moy = 6 GROUP BY ws.ws_item_sk) AS in_web) AS web WHERE (web.return_rank <= 7 OR web.currency_rank <= 12) UNION SELECT 'catalog' AS channel, catalog.item, catalog.return_ratio, catalog.return_rank, catalog.currency_rank FROM (SELECT item, return_ratio, currency_ratio, RANK() OVER (ORDER BY return_ratio) AS return_rank, RANK() OVER (ORDER BY currency_ratio) AS currency_rank FROM (SELECT cs.cs_item_sk AS item, (CAST(SUM(COALESCE(cr.cr_return_quantity, 0.0)) AS DECIMAL(9, 2)) / NULLIF(CAST(SUM(COALESCE(cs.cs_quantity, 0.0)) AS DECIMAL(20, 3)), 0)) AS return_ratio, (CAST(SUM(COALESCE(cr.cr_return_amount, 0.0)) AS DECIMAL(9, 3)) / NULLIF(CAST(SUM(COALESCE(cs.cs_net_paid, 0.0)) AS DECIMAL(15, 4)), 0)) AS currency_ratio FROM catalog_sales AS cs LEFT OUTER JOIN catalog_returns AS cr ON (cs.cs_order_number = cr.cr_order_number AND cs.cs_item_sk = cr.cr_item_sk), date_dim WHERE cr.cr_return_amount > 6734 AND cs.cs_net_profit > 1.0 AND cs.cs_net_paid > 0.0 AND cs.cs_quantity > 0.0 AND cs_sold_date_sk = d_date_sk AND d_year = 1102 AND d_moy = 12 GROUP BY cs.cs_item_sk) AS in_cat) AS CATALOG WHERE (catalog.return_rank <= 10 OR catalog.currency_rank <= 14) UNION SELECT 'store' AS channel, store.item, store.return_ratio, store.return_rank, store.currency_rank FROM (SELECT item, return_ratio, currency_ratio, RANK() OVER (ORDER BY return_ratio) AS return_rank, RANK() OVER (ORDER BY currency_ratio) AS currency_rank FROM (SELECT sts.ss_item_sk AS item, (CAST(SUM(COALESCE(sr.sr_return_quantity, 0.0)) AS DECIMAL(9, 5)) / NULLIF(CAST(SUM(COALESCE(sts.ss_quantity, 0.0)) AS DECIMAL(10, 5)), 0)) AS return_ratio, (CAST(SUM(COALESCE(sr.sr_return_amt, 0.0)) AS DECIMAL(15, 2)) / NULLIF(CAST(SUM(COALESCE(sts.ss_net_paid, 0.0)) AS DECIMAL(15, 3)), 0)) AS currency_ratio FROM store_sales AS sts LEFT OUTER JOIN store_returns AS sr ON (sts.ss_ticket_number = sr.sr_ticket_number AND sts.ss_item_sk = sr.sr_item_sk), date_dim WHERE sr.sr_return_amt > 8891 AND sts.ss_net_profit > 1.0 AND sts.ss_net_paid > 0.0 AND sts.ss_quantity > 0.0 AND ss_sold_date_sk = d_date_sk AND d_year = 2188 AND d_moy = 10 GROUP BY sts.ss_item_sk) AS in_store) AS store WHERE (store.return_rank <= 12 OR store.currency_rank <= 8)) AS sq1 ORDER BY 1.0 NULLS FIRST, 5 NULLS FIRST, 6 NULLS FIRST, 1 NULLS FIRST LIMIT 90;4ff4301fa4e597c23e559f5234a82b11
2763;SELECT store_sales.* FROM store_sales JOIN item ON store_sales.ss_item_sk = item.i_item_sk LIMIT 141;eca27c11b11d5591e6d536c22ef6836c
2764;SELECT store_returns.* FROM store_returns JOIN customer ON store_returns.sr_customer_sk = customer.c_customer_sk LIMIT 483;edb2cff15ee566df4da35ee16eca7938
2765;SELECT web_returns.* FROM web_returns JOIN date_dim ON web_returns.wr_returned_date_sk = date_dim.d_date_sk JOIN customer ON web_returns.wr_refunded_customer_sk = customer.c_customer_sk LIMIT 148;f27124237dd4fff5dca6dbe8512c350c
2767;SELECT catalog_sales.* FROM catalog_sales JOIN warehouse ON catalog_sales.cs_warehouse_sk = warehouse.w_warehouse_sk LIMIT 235;508b1e853dbed855c099d0776bd4f822
2768;SELECT web_sales.* FROM web_sales JOIN customer ON web_sales.ws_bill_customer_sk = customer.c_customer_sk LIMIT 244;86328292ef0ba64d9bfee14786933093
2769;SELECT catalog_sales.* FROM catalog_sales JOIN customer ON catalog_sales.cs_bill_customer_sk = customer.c_customer_sk JOIN warehouse ON catalog_sales.cs_warehouse_sk = warehouse.w_warehouse_sk LIMIT 461;f4b54c1271771b02f7546684c7a4c39d
2770;SELECT web_sales.* FROM web_sales JOIN customer ON web_sales.ws_bill_customer_sk = customer.c_customer_sk JOIN web_site ON web_sales.ws_web_site_sk = web_site.web_site_sk LIMIT 321;e6bbc6402b0e9f421ece16a41c60f464
2771;SELECT catalog_sales.* FROM catalog_sales JOIN item ON catalog_sales.cs_item_sk = item.i_item_sk JOIN date_dim ON catalog_sales.cs_sold_date_sk = date_dim.d_date_sk LIMIT 418;886f58844a01840463606b02c65fc953
2773;SELECT web_returns.* FROM web_returns JOIN customer ON web_returns.wr_refunded_customer_sk = customer.c_customer_sk JOIN item ON web_returns.wr_item_sk = item.i_item_sk LIMIT 198;02cccd360a9c7c75378c41c4628324f3
2774;SELECT catalog_sales.* FROM catalog_sales JOIN warehouse ON catalog_sales.cs_warehouse_sk = warehouse.w_warehouse_sk JOIN item ON catalog_sales.cs_item_sk = item.i_item_sk LIMIT 377;9a2563898c42114565e2d9da52dd9e1e
2775;SELECT store_returns.* FROM store_returns JOIN item ON store_returns.sr_item_sk = item.i_item_sk LIMIT 76;5766d731203caa8c69e20d479d8fe9d2
2776;SELECT web_sales.* FROM web_sales JOIN web_site ON web_sales.ws_web_site_sk = web_site.web_site_sk JOIN date_dim ON web_sales.ws_sold_date_sk = date_dim.d_date_sk LIMIT 55;d5c9d24637f0dbf7fbc5868f4ef57ae4
2777;SELECT web_returns.* FROM web_returns JOIN date_dim ON web_returns.wr_returned_date_sk = date_dim.d_date_sk JOIN customer ON web_returns.wr_refunded_customer_sk = customer.c_customer_sk LIMIT 328;d41f1a4cb51fe4fe38d55317677ef47d
2778;SELECT inventory.* FROM inventory JOIN warehouse ON inventory.inv_warehouse_sk = warehouse.w_warehouse_sk LIMIT 360;a46e7c6dcbc222e3fe0e275b563c6671
2779;SELECT catalog_sales.* FROM catalog_sales JOIN warehouse ON catalog_sales.cs_warehouse_sk = warehouse.w_warehouse_sk JOIN customer ON catalog_sales.cs_bill_customer_sk = customer.c_customer_sk LIMIT 178;28f16240d91668a8167155f6eee7eb6e
2780;SELECT store_returns.* FROM store_returns JOIN customer ON store_returns.sr_customer_sk = customer.c_customer_sk JOIN date_dim ON store_returns.sr_returned_date_sk = date_dim.d_date_sk LIMIT 396;b1598cbc38561f1285c02424aafaad56
2781;SELECT inventory.* FROM inventory JOIN item ON inventory.inv_item_sk = item.i_item_sk JOIN warehouse ON inventory.inv_warehouse_sk = warehouse.w_warehouse_sk LIMIT 445;d0bc15eb7931760a7aec65fdbe1c6369
2782;SELECT web_returns.* FROM web_returns JOIN date_dim ON web_returns.wr_returned_date_sk = date_dim.d_date_sk JOIN item ON web_returns.wr_item_sk = item.i_item_sk LIMIT 353;079f1f81a7119f452e9f8915f9ae6217
2783;SELECT catalog_sales.* FROM catalog_sales JOIN date_dim ON catalog_sales.cs_sold_date_sk = date_dim.d_date_sk JOIN item ON catalog_sales.cs_item_sk = item.i_item_sk LIMIT 363;50ea874fa16b653384da1beffb517d1f
2784;SELECT store_returns.* FROM store_returns JOIN customer ON store_returns.sr_customer_sk = customer.c_customer_sk JOIN date_dim ON store_returns.sr_returned_date_sk = date_dim.d_date_sk LIMIT 56;634d266b80894b4f07759ce46fd313ed
2785;SELECT store_sales.* FROM store_sales JOIN item ON store_sales.ss_item_sk = item.i_item_sk LIMIT 421;b48a64c8921a4bbb04bae88d45d2a642
2787;SELECT web_sales.* FROM web_sales JOIN item ON web_sales.ws_item_sk = item.i_item_sk LIMIT 446;2bd0c774b9edaa9bcc3959df327feaa9
2789;SELECT inventory.* FROM inventory JOIN date_dim ON inventory.inv_date_sk = date_dim.d_date_sk LIMIT 64;c4f31b32d36552412e46248985b85a1a
2790;SELECT catalog_sales.* FROM catalog_sales JOIN item ON catalog_sales.cs_item_sk = item.i_item_sk LIMIT 366;7650f6740dd62ddbce83b2054e288ba7
2791;SELECT catalog_sales.* FROM catalog_sales JOIN date_dim ON catalog_sales.cs_sold_date_sk = date_dim.d_date_sk JOIN customer ON catalog_sales.cs_bill_customer_sk = customer.c_customer_sk LIMIT 219;52d4a31c97f6ae7c26fb5bbaff582bfb
2792;SELECT inventory.* FROM inventory JOIN date_dim ON inventory.inv_date_sk = date_dim.d_date_sk JOIN item ON inventory.inv_item_sk = item.i_item_sk LIMIT 102;86ad6355da9bbb11569a7e7afc1361fc
2793;SELECT store_returns.* FROM store_returns JOIN customer ON store_returns.sr_customer_sk = customer.c_customer_sk LIMIT 156;0804878cda5716c13d5a608a2a72bc39
2794;SELECT inventory.* FROM inventory JOIN date_dim ON inventory.inv_date_sk = date_dim.d_date_sk LIMIT 439;a1c244f7c69f73834cce1f7e360b72f8
2795;SELECT web_sales.* FROM web_sales JOIN customer ON web_sales.ws_bill_customer_sk = customer.c_customer_sk LIMIT 306;edda9d14455bade9d559a1eb3a0f076f
2796;SELECT store_sales.* FROM store_sales JOIN store ON store_sales.ss_store_sk = store.s_store_sk JOIN item ON store_sales.ss_item_sk = item.i_item_sk LIMIT 404;86c3012201cc30d0dc10e3ce6b3f5a3d
2797;SELECT store_returns.* FROM store_returns JOIN customer ON store_returns.sr_customer_sk = customer.c_customer_sk JOIN item ON store_returns.sr_item_sk = item.i_item_sk LIMIT 110;478b3b7d6d4b81cb5e2f8d0606eb0e85
2799;SELECT store_returns.* FROM store_returns JOIN item ON store_returns.sr_item_sk = item.i_item_sk LIMIT 237;7267e416765f45bd7d5036c6c6cdc09c
2802;SELECT web_returns.* FROM web_returns JOIN date_dim ON web_returns.wr_returned_date_sk = date_dim.d_date_sk JOIN customer ON web_returns.wr_refunded_customer_sk = customer.c_customer_sk LIMIT 209;7e66e57015a80c1578658d8c5d9cfe27
2803;SELECT store_sales.* FROM store_sales JOIN customer ON store_sales.ss_customer_sk = customer.c_customer_sk LIMIT 479;98e0b89923c3ff53c0ccff48f427f757
2804;SELECT inventory.* FROM inventory JOIN item ON inventory.inv_item_sk = item.i_item_sk JOIN date_dim ON inventory.inv_date_sk = date_dim.d_date_sk LIMIT 441;2de53aaf2798be2d3da3fcae28041b2d
2805;SELECT web_sales.* FROM web_sales JOIN date_dim ON web_sales.ws_sold_date_sk = date_dim.d_date_sk LIMIT 303;ec3f772d911988c54a0352102d517911
2807;SELECT web_sales.* FROM web_sales JOIN date_dim ON web_sales.ws_sold_date_sk = date_dim.d_date_sk JOIN web_site ON web_sales.ws_web_site_sk = web_site.web_site_sk LIMIT 192;5ec28314640ded37b88a9e9efd821830
2808;SELECT catalog_sales.* FROM catalog_sales JOIN item ON catalog_sales.cs_item_sk = item.i_item_sk LIMIT 90;1767fa9bfaebcf5c545aefb4bc0ff5bd
2809;SELECT web_sales.* FROM web_sales JOIN date_dim ON web_sales.ws_sold_date_sk = date_dim.d_date_sk LIMIT 366;79836e10c6f97894a954697a903d0c3f
2810;SELECT inventory.* FROM inventory JOIN date_dim ON inventory.inv_date_sk = date_dim.d_date_sk JOIN warehouse ON inventory.inv_warehouse_sk = warehouse.w_warehouse_sk LIMIT 141;e160813f869fe60ec9deaaa67120f944
2811;SELECT inventory.* FROM inventory JOIN item ON inventory.inv_item_sk = item.i_item_sk JOIN warehouse ON inventory.inv_warehouse_sk = warehouse.w_warehouse_sk LIMIT 482;e582d695f6dffb7eca6b537dcdeea2fe
2812;SELECT web_returns.* FROM web_returns JOIN customer ON web_returns.wr_refunded_customer_sk = customer.c_customer_sk LIMIT 197;985f7bfde59f8daad834b28ab5afe876
2813;SELECT web_sales.* FROM web_sales JOIN date_dim ON web_sales.ws_sold_date_sk = date_dim.d_date_sk LIMIT 360;b04fa6628d07db2532d4d230b780e26e
2814;SELECT catalog_sales.* FROM catalog_sales JOIN date_dim ON catalog_sales.cs_sold_date_sk = date_dim.d_date_sk JOIN customer ON catalog_sales.cs_bill_customer_sk = customer.c_customer_sk LIMIT 257;942a99a7f43b1b646c6ee395193e1fe5
2815;SELECT store_sales.* FROM store_sales JOIN item ON store_sales.ss_item_sk = item.i_item_sk LIMIT 83;61e046130721fc9e8f9ba054bc89dd05
2816;SELECT store_sales.* FROM store_sales JOIN store ON store_sales.ss_store_sk = store.s_store_sk JOIN customer ON store_sales.ss_customer_sk = customer.c_customer_sk LIMIT 50;8f6131e62035b2aecc912f4ac366db3d
2817;SELECT web_returns.* FROM web_returns JOIN customer ON web_returns.wr_refunded_customer_sk = customer.c_customer_sk JOIN item ON web_returns.wr_item_sk = item.i_item_sk LIMIT 331;7fd4d451e1e6242274194ccfce8a71b2
2818;SELECT web_sales.* FROM web_sales JOIN date_dim ON web_sales.ws_sold_date_sk = date_dim.d_date_sk JOIN customer ON web_sales.ws_bill_customer_sk = customer.c_customer_sk LIMIT 265;9b1a7afea62051929c413aaf83acfd92
2819;SELECT catalog_sales.* FROM catalog_sales JOIN item ON catalog_sales.cs_item_sk = item.i_item_sk LIMIT 125;d800c4c68080bd699e2e0e303d0fa0ae
2820;SELECT catalog_sales.* FROM catalog_sales JOIN warehouse ON catalog_sales.cs_warehouse_sk = warehouse.w_warehouse_sk LIMIT 163;7eee43f94ea9c8d819eb34ea65948a77
2821;SELECT web_returns.* FROM web_returns JOIN date_dim ON web_returns.wr_returned_date_sk = date_dim.d_date_sk JOIN item ON web_returns.wr_item_sk = item.i_item_sk LIMIT 379;a2259cbd156399430835dd2534a10d96
2822;SELECT store_returns.* FROM store_returns JOIN customer ON store_returns.sr_customer_sk = customer.c_customer_sk JOIN date_dim ON store_returns.sr_returned_date_sk = date_dim.d_date_sk LIMIT 63;896b53a057e38598fcd0a2a631a9b49b
2823;SELECT inventory.* FROM inventory JOIN date_dim ON inventory.inv_date_sk = date_dim.d_date_sk LIMIT 338;219ac7189dd8c000d1af5951801e514b
2824;SELECT store_returns.* FROM store_returns JOIN customer ON store_returns.sr_customer_sk = customer.c_customer_sk JOIN date_dim ON store_returns.sr_returned_date_sk = date_dim.d_date_sk LIMIT 54;0d856d12decb5f3bc8ae01daf0d125d7
2825;SELECT web_returns.* FROM web_returns JOIN customer ON web_returns.wr_refunded_customer_sk = customer.c_customer_sk JOIN date_dim ON web_returns.wr_returned_date_sk = date_dim.d_date_sk LIMIT 366;73af311ed37d96e32a681f43b969aa26
2826;SELECT store_sales.* FROM store_sales JOIN customer ON store_sales.ss_customer_sk = customer.c_customer_sk LIMIT 359;267c4413fd52d2fe3aee74410a8b2537
2827;SELECT web_sales.* FROM web_sales JOIN item ON web_sales.ws_item_sk = item.i_item_sk LIMIT 247;cbdc05f1a156a7c993fb51abc0b37cb4
2828;SELECT web_sales.* FROM web_sales JOIN customer ON web_sales.ws_bill_customer_sk = customer.c_customer_sk LIMIT 477;af3900f4a43723d15991379518a5a24b
2829;SELECT catalog_sales.* FROM catalog_sales JOIN customer ON catalog_sales.cs_bill_customer_sk = customer.c_customer_sk LIMIT 324;92d7386ebd5218c7b15bdff17705eb93
2830;SELECT store_returns.* FROM store_returns JOIN customer ON store_returns.sr_customer_sk = customer.c_customer_sk LIMIT 175;1cc293efa26cb1502864df43136c8cf7
2831;SELECT catalog_sales.* FROM catalog_sales JOIN warehouse ON catalog_sales.cs_warehouse_sk = warehouse.w_warehouse_sk LIMIT 354;0534ab0b8c455c3d5666273f2963ed12
2832;SELECT web_sales.* FROM web_sales JOIN item ON web_sales.ws_item_sk = item.i_item_sk JOIN web_site ON web_sales.ws_web_site_sk = web_site.web_site_sk LIMIT 138;df07b4c345c6e505baf2f5d4fc1d2a67
2833;SELECT catalog_sales.* FROM catalog_sales JOIN item ON catalog_sales.cs_item_sk = item.i_item_sk JOIN customer ON catalog_sales.cs_bill_customer_sk = customer.c_customer_sk LIMIT 160;fec6a8df2e6b86959e48beb87dcdde0f
2834;SELECT store_returns.* FROM store_returns JOIN item ON store_returns.sr_item_sk = item.i_item_sk JOIN customer ON store_returns.sr_customer_sk = customer.c_customer_sk LIMIT 308;e84a548d878d90c9e99334f088b1dfb4
2836;SELECT store_returns.* FROM store_returns JOIN date_dim ON store_returns.sr_returned_date_sk = date_dim.d_date_sk JOIN customer ON store_returns.sr_customer_sk = customer.c_customer_sk LIMIT 83;a46e0e51fdd4f88cb7e6044afdfbf47d
2837;SELECT store_returns.* FROM store_returns JOIN customer ON store_returns.sr_customer_sk = customer.c_customer_sk LIMIT 491;6aafdf674dd8f7442b63b5fb986d1e7c
2838;SELECT store_sales.* FROM store_sales JOIN customer ON store_sales.ss_customer_sk = customer.c_customer_sk LIMIT 407;e3f8818083d487634d0f04fdcc163ab0
2839;SELECT inventory.* FROM inventory JOIN item ON inventory.inv_item_sk = item.i_item_sk JOIN warehouse ON inventory.inv_warehouse_sk = warehouse.w_warehouse_sk LIMIT 410;b220b97bca21fa9c83329c1dc0f7cf71
2840;SELECT store_returns.* FROM store_returns JOIN item ON store_returns.sr_item_sk = item.i_item_sk LIMIT 68;01324a9968dab834d36574690f84291c
2841;SELECT web_sales.* FROM web_sales JOIN customer ON web_sales.ws_bill_customer_sk = customer.c_customer_sk LIMIT 162;8faf14ef646c94a9dd625fc2ee3d7d47
2842;SELECT web_sales.* FROM web_sales JOIN customer ON web_sales.ws_bill_customer_sk = customer.c_customer_sk LIMIT 89;ab4097577467604398657bc435c1b17b
2843;SELECT web_returns.* FROM web_returns JOIN date_dim ON web_returns.wr_returned_date_sk = date_dim.d_date_sk JOIN item ON web_returns.wr_item_sk = item.i_item_sk LIMIT 267;cbec03245ae424a947c7b7d6e8eb71df
2844;SELECT web_sales.* FROM web_sales JOIN web_site ON web_sales.ws_web_site_sk = web_site.web_site_sk LIMIT 167;7ac772ab4be9f7eecb1c66c7545c3962
2845;SELECT store_sales.* FROM store_sales JOIN store ON store_sales.ss_store_sk = store.s_store_sk JOIN item ON store_sales.ss_item_sk = item.i_item_sk LIMIT 484;a69510e9253f5cd136ec3af2326525dd
2846;SELECT catalog_sales.* FROM catalog_sales JOIN date_dim ON catalog_sales.cs_sold_date_sk = date_dim.d_date_sk JOIN warehouse ON catalog_sales.cs_warehouse_sk = warehouse.w_warehouse_sk LIMIT 130;78152b80e18c155d4c98496c00c8b9a0
2847;SELECT web_returns.* FROM web_returns JOIN customer ON web_returns.wr_refunded_customer_sk = customer.c_customer_sk LIMIT 258;49f45e341ca4fb580f58eece9b195c70
2848;SELECT web_sales.* FROM web_sales JOIN customer ON web_sales.ws_bill_customer_sk = customer.c_customer_sk JOIN web_site ON web_sales.ws_web_site_sk = web_site.web_site_sk LIMIT 483;99c4d486a2561ae4f3bf831f1e28384e
2850;SELECT store_returns.* FROM store_returns JOIN customer ON store_returns.sr_customer_sk = customer.c_customer_sk LIMIT 436;c8a924aeea6b0dfbac867fd14565a059
2853;SELECT web_sales.* FROM web_sales JOIN web_site ON web_sales.ws_web_site_sk = web_site.web_site_sk LIMIT 220;3f00e23df489393110010f02a84a419e
2855;SELECT store_returns.* FROM store_returns JOIN date_dim ON store_returns.sr_returned_date_sk = date_dim.d_date_sk JOIN item ON store_returns.sr_item_sk = item.i_item_sk LIMIT 199;e37c86e2ac9527b3d070631d8e68cf14
2856;SELECT web_returns.* FROM web_returns JOIN date_dim ON web_returns.wr_returned_date_sk = date_dim.d_date_sk LIMIT 479;5363446b59dd69d2c06bad4a0f9125e6
2857;SELECT store_sales.* FROM store_sales JOIN customer ON store_sales.ss_customer_sk = customer.c_customer_sk LIMIT 91;c5d9d5e9db3385562f4e8db221e9b615
2858;SELECT store_returns.* FROM store_returns JOIN customer ON store_returns.sr_customer_sk = customer.c_customer_sk LIMIT 285;2995fdf392f87cea19fbd277eb15145c
2859;SELECT inventory.* FROM inventory JOIN warehouse ON inventory.inv_warehouse_sk = warehouse.w_warehouse_sk LIMIT 105;4e608de6a9d3ca7f7ea99d0e5712ec1b
2860;SELECT catalog_sales.* FROM catalog_sales JOIN warehouse ON catalog_sales.cs_warehouse_sk = warehouse.w_warehouse_sk JOIN date_dim ON catalog_sales.cs_sold_date_sk = date_dim.d_date_sk LIMIT 367;0d80309fca4c26c1f82b1c3aa7f8a11b
2861;SELECT dt.d_year, item.i_brand_id AS brand_id, item.i_brand AS brand, SUM(ss_ext_sales_price) AS sum_agg FROM date_dim AS dt, store_sales, item WHERE dt.d_date_sk = store_sales.ss_sold_date_sk AND store_sales.ss_item_sk = item.i_item_sk AND item.i_manufact_id = 78 AND dt.d_moy = 13 GROUP BY dt.d_year, item.i_brand, item.i_brand_id ORDER BY dt.d_year, sum_agg DESC NULLS LAST, brand_id LIMIT 66;a74beccfcc1463cb7867976bbcb43351
2862;SELECT web_sales.* FROM web_sales JOIN web_site ON web_sales.ws_web_site_sk = web_site.web_site_sk LIMIT 148;4fc3f39e1d71d7ac5d34c2c5fd73a5a7
2864;SELECT store_sales.* FROM store_sales JOIN customer ON store_sales.ss_customer_sk = customer.c_customer_sk JOIN item ON store_sales.ss_item_sk = item.i_item_sk LIMIT 155;7d1863326dbec1fd407bad2319a22ae5
2865;SELECT web_sales.* FROM web_sales JOIN customer ON web_sales.ws_bill_customer_sk = customer.c_customer_sk LIMIT 312;16bd5408b47aae75e5c5a6f814a747e1
2866;SELECT inventory.* FROM inventory JOIN item ON inventory.inv_item_sk = item.i_item_sk JOIN warehouse ON inventory.inv_warehouse_sk = warehouse.w_warehouse_sk LIMIT 326;c57d9e385f14ca1cb99f99e6bf6fd6da
2867;SELECT store_sales.* FROM store_sales JOIN item ON store_sales.ss_item_sk = item.i_item_sk JOIN date_dim ON store_sales.ss_sold_date_sk = date_dim.d_date_sk LIMIT 477;541c0b0e80e532d079dd72a0de5a073a
2868;SELECT web_returns.* FROM web_returns JOIN date_dim ON web_returns.wr_returned_date_sk = date_dim.d_date_sk JOIN item ON web_returns.wr_item_sk = item.i_item_sk LIMIT 105;76daf606f1ccb79af2b8a7f47e43c55d
2869;SELECT web_returns.* FROM web_returns JOIN date_dim ON web_returns.wr_returned_date_sk = date_dim.d_date_sk LIMIT 326;8b6f4896c73031cdfd8ef47e7a34d16e
2870;SELECT dt.d_year, SUM(ss_ext_sales_price) FROM date_dim AS dt, store_sales WHERE  GROUP BY dt.d_year ORDER BY SUM(ss_ext_sales_price) DESC NULLS LAST, dt.d_year LIMIT 139;5b0e9f706723556953f9a50bb85c5823
2871;SELECT catalog_sales.* FROM catalog_sales JOIN item ON catalog_sales.cs_item_sk = item.i_item_sk LIMIT 99;c84c0a644e99a2ab168ae8f3df3043a5
2872;SELECT web_returns.* FROM web_returns JOIN customer ON web_returns.wr_refunded_customer_sk = customer.c_customer_sk LIMIT 154;e4cfde5518b74259b2f3a5bbf1afdfda
2873;SELECT store_sales.* FROM store_sales JOIN store ON store_sales.ss_store_sk = store.s_store_sk LIMIT 489;84eef5c94a1209a33f97c7f5c43dc154
2874;SELECT store_sales.* FROM store_sales JOIN item ON store_sales.ss_item_sk = item.i_item_sk LIMIT 448;989ffe0a1b46a8b767890eb61cde72c9
2875;SELECT store_returns.* FROM store_returns JOIN item ON store_returns.sr_item_sk = item.i_item_sk JOIN customer ON store_returns.sr_customer_sk = customer.c_customer_sk LIMIT 265;2cffe847f6761abaf25a5e1a29d0e1b0
2876;SELECT catalog_sales.* FROM catalog_sales JOIN date_dim ON catalog_sales.cs_sold_date_sk = date_dim.d_date_sk LIMIT 284;266b72000c8270bbdd2eaee9c0f33c05
2877;SELECT store_sales.* FROM store_sales JOIN customer ON store_sales.ss_customer_sk = customer.c_customer_sk LIMIT 319;35f46fe1d2062183c8b9ed1a4e1ce2dd
2878;SELECT web_returns.* FROM web_returns JOIN customer ON web_returns.wr_refunded_customer_sk = customer.c_customer_sk JOIN item ON web_returns.wr_item_sk = item.i_item_sk LIMIT 248;388e2b466514ef62ae0b9442a1424db2
2879;SELECT store_returns.* FROM store_returns JOIN customer ON store_returns.sr_customer_sk = customer.c_customer_sk LIMIT 377;c7b5d941cebe5101d98bcf8d253fc736
2880;SELECT web_returns.* FROM web_returns JOIN item ON web_returns.wr_item_sk = item.i_item_sk LIMIT 370;9631968541d21cf9c58ea00c934af896
2881;SELECT catalog_sales.* FROM catalog_sales JOIN customer ON catalog_sales.cs_bill_customer_sk = customer.c_customer_sk LIMIT 286;eab32867f462d3b3b328c559ac3b9af1
2882;SELECT web_returns.* FROM web_returns JOIN item ON web_returns.wr_item_sk = item.i_item_sk LIMIT 322;a31a7d90985133e3e4a319fbceee512a
2883;SELECT web_sales.* FROM web_sales JOIN web_site ON web_sales.ws_web_site_sk = web_site.web_site_sk JOIN date_dim ON web_sales.ws_sold_date_sk = date_dim.d_date_sk LIMIT 471;1d28eb6f16abaf9bee6b00b30934a1d9
2884;SELECT inventory.* FROM inventory JOIN item ON inventory.inv_item_sk = item.i_item_sk JOIN date_dim ON inventory.inv_date_sk = date_dim.d_date_sk LIMIT 163;8c82c4768236f622c0503cf4c18ab22b
2885;SELECT catalog_sales.* FROM catalog_sales JOIN warehouse ON catalog_sales.cs_warehouse_sk = warehouse.w_warehouse_sk LIMIT 142;0b3bd96cdad9480f53697a26d08dbd26
2887;SELECT inventory.* FROM inventory JOIN warehouse ON inventory.inv_warehouse_sk = warehouse.w_warehouse_sk LIMIT 412;125d07754bc077e0ac4c7f6941a67402
2889;SELECT web_sales.* FROM web_sales JOIN customer ON web_sales.ws_bill_customer_sk = customer.c_customer_sk LIMIT 287;2e6c86d60859348707f716c91629f755
2890;SELECT store_returns.* FROM store_returns JOIN item ON store_returns.sr_item_sk = item.i_item_sk JOIN date_dim ON store_returns.sr_returned_date_sk = date_dim.d_date_sk LIMIT 121;46004c13052d324200425ecba4150ed5
2891;SELECT catalog_sales.* FROM catalog_sales JOIN customer ON catalog_sales.cs_bill_customer_sk = customer.c_customer_sk LIMIT 158;dc793099f96fbba24896959472edf9ea
2892;SELECT web_sales.* FROM web_sales JOIN web_site ON web_sales.ws_web_site_sk = web_site.web_site_sk LIMIT 104;2f805dd4a7839a81662f71055b09d1f3
2893;SELECT catalog_sales.* FROM catalog_sales JOIN warehouse ON catalog_sales.cs_warehouse_sk = warehouse.w_warehouse_sk JOIN customer ON catalog_sales.cs_bill_customer_sk = customer.c_customer_sk LIMIT 66;202c8f73fad6d6654d26c2437ac84de0
2894;SELECT web_returns.* FROM web_returns JOIN date_dim ON web_returns.wr_returned_date_sk = date_dim.d_date_sk LIMIT 453;05b36f85bdaffe8ff2c02ce2d9721b98
2895;SELECT web_returns.* FROM web_returns JOIN item ON web_returns.wr_item_sk = item.i_item_sk LIMIT 293;fb4cef687a307a93a96dbade430e420b
2896;SELECT store_returns.* FROM store_returns JOIN customer ON store_returns.sr_customer_sk = customer.c_customer_sk JOIN item ON store_returns.sr_item_sk = item.i_item_sk LIMIT 294;df1ffbf21fcc1180c41b328c66cbc659
2897;SELECT catalog_sales.* FROM catalog_sales JOIN item ON catalog_sales.cs_item_sk = item.i_item_sk LIMIT 358;4d9d73eada4a25c2f4468886eb431bd5
2898;SELECT inventory.* FROM inventory JOIN warehouse ON inventory.inv_warehouse_sk = warehouse.w_warehouse_sk JOIN item ON inventory.inv_item_sk = item.i_item_sk LIMIT 400;8ab160471dbd89c6e8fc8ca97939bda3
2899;SELECT store_sales.* FROM store_sales JOIN date_dim ON store_sales.ss_sold_date_sk = date_dim.d_date_sk JOIN item ON store_sales.ss_item_sk = item.i_item_sk LIMIT 345;961507f15bc88ed9636f6e9993205b18
2900;SELECT inventory.* FROM inventory JOIN warehouse ON inventory.inv_warehouse_sk = warehouse.w_warehouse_sk JOIN date_dim ON inventory.inv_date_sk = date_dim.d_date_sk LIMIT 192;3585c2e8e49e4470d8651eb34d75dcf1
2901;SELECT catalog_sales.* FROM catalog_sales JOIN date_dim ON catalog_sales.cs_sold_date_sk = date_dim.d_date_sk JOIN item ON catalog_sales.cs_item_sk = item.i_item_sk LIMIT 301;b5426ff4fbe566b76bee11fc55ffd18c
2902;SELECT inventory.* FROM inventory JOIN date_dim ON inventory.inv_date_sk = date_dim.d_date_sk JOIN warehouse ON inventory.inv_warehouse_sk = warehouse.w_warehouse_sk LIMIT 90;512894d06ab4e2fa7c777ce8c35e9b34
2903;SELECT web_sales.* FROM web_sales JOIN date_dim ON web_sales.ws_sold_date_sk = date_dim.d_date_sk LIMIT 449;6ea494bd438703000ebafdf04c7e647c
2905;SELECT web_sales.* FROM web_sales JOIN web_site ON web_sales.ws_web_site_sk = web_site.web_site_sk LIMIT 390;9693276c410429e18246bad810ee7f36
2906;SELECT web_returns.* FROM web_returns JOIN item ON web_returns.wr_item_sk = item.i_item_sk JOIN date_dim ON web_returns.wr_returned_date_sk = date_dim.d_date_sk LIMIT 281;5dface03c408e73ae4f791f6adfb9977
2907;SELECT catalog_sales.* FROM catalog_sales JOIN item ON catalog_sales.cs_item_sk = item.i_item_sk LIMIT 134;b872a835ffa3ea770213b9af6f12c635
2908;SELECT inventory.* FROM inventory JOIN date_dim ON inventory.inv_date_sk = date_dim.d_date_sk LIMIT 362;f20f03c0ce6ef6cb73a8446cf1104be4
2909;SELECT catalog_sales.* FROM catalog_sales JOIN item ON catalog_sales.cs_item_sk = item.i_item_sk JOIN date_dim ON catalog_sales.cs_sold_date_sk = date_dim.d_date_sk LIMIT 468;0946c9e170525a8113c4f547fe3327cb
2910;SELECT web_returns.* FROM web_returns JOIN date_dim ON web_returns.wr_returned_date_sk = date_dim.d_date_sk LIMIT 254;b66ab10de13c6d764908d457ef265cbf
2911;SELECT store_returns.* FROM store_returns JOIN date_dim ON store_returns.sr_returned_date_sk = date_dim.d_date_sk LIMIT 487;e012eac89245bc4438684caea3b396e1
2912;SELECT web_returns.* FROM web_returns JOIN date_dim ON web_returns.wr_returned_date_sk = date_dim.d_date_sk JOIN item ON web_returns.wr_item_sk = item.i_item_sk LIMIT 76;b6394f279f2aa6a7e9dcd580289fe1e6
2913;WITH all_sales AS (SELECT d_year, i_brand_id, i_class_id, i_category_id, i_manufact_id, SUM(sales_cnt) AS sales_cnt, SUM(sales_amt) AS sales_amt FROM (SELECT d_year, i_brand_id, i_class_id, i_category_id, i_manufact_id, cs_quantity - COALESCE(cr_return_quantity, 0.0) AS sales_cnt, cs_ext_sales_price - COALESCE(cr_return_amount, 0.0) AS sales_amt FROM catalog_sales JOIN item ON i_item_sk = cs_item_sk JOIN date_dim ON d_date_sk = cs_sold_date_sk LEFT JOIN catalog_returns ON (cs_order_number = cr_order_number AND cs_item_sk = cr_item_sk) WHERE i_category = 'Books' UNION SELECT d_year, i_brand_id, i_class_id, i_category_id, i_manufact_id, ss_quantity - COALESCE(sr_return_quantity, 0.0) AS sales_cnt, ss_ext_sales_price - COALESCE(sr_return_amt, 0.0) AS sales_amt FROM store_sales JOIN item ON i_item_sk = ss_item_sk JOIN date_dim ON d_date_sk = ss_sold_date_sk LEFT JOIN store_returns ON (ss_ticket_number = sr_ticket_number AND ss_item_sk = sr_item_sk) WHERE i_category = 'Books' UNION SELECT d_year, i_brand_id, i_class_id, i_category_id, i_manufact_id, ws_quantity - COALESCE(wr_return_quantity, 0.0) AS sales_cnt, ws_ext_sales_price - COALESCE(wr_return_amt, 0.0) AS sales_amt FROM web_sales JOIN item ON i_item_sk = ws_item_sk JOIN date_dim ON d_date_sk = ws_sold_date_sk LEFT JOIN web_returns ON (ws_order_number = wr_order_number AND ws_item_sk = wr_item_sk) WHERE i_category = 'Books') AS sales_detail GROUP BY d_year, i_brand_id, i_class_id, i_category_id, i_manufact_id) SELECT prev_yr.d_year AS prev_year, curr_yr.d_year AS year_, curr_yr.i_brand_id, curr_yr.i_class_id, curr_yr.i_category_id, curr_yr.i_manufact_id, prev_yr.sales_cnt AS prev_yr_cnt, curr_yr.sales_cnt AS curr_yr_cnt, curr_yr.sales_cnt - prev_yr.sales_cnt AS sales_cnt_diff, curr_yr.sales_amt - prev_yr.sales_amt AS sales_amt_diff FROM all_sales AS curr_yr, all_sales AS prev_yr WHERE curr_yr.i_brand_id = prev_yr.i_brand_id AND curr_yr.i_class_id = prev_yr.i_class_id AND curr_yr.i_category_id = prev_yr.i_category_id AND curr_yr.i_manufact_id = prev_yr.i_manufact_id AND curr_yr.d_year = 2935 AND prev_yr.d_year = 1097 - 1.0 AND CAST(curr_yr.sales_cnt AS DECIMAL(22, 1)) / NULLIF(CAST(prev_yr.sales_cnt AS DECIMAL(15, 1)), 0) < 0.9 ORDER BY sales_cnt_diff, sales_amt_diff LIMIT 116;d9a9ea4b8ac5660c36e2e2982ec76ab2
2914;SELECT catalog_sales.* FROM catalog_sales JOIN date_dim ON catalog_sales.cs_sold_date_sk = date_dim.d_date_sk LIMIT 173;7042a9369c6f71e41070880565abca9c
2915;SELECT inventory.* FROM inventory JOIN warehouse ON inventory.inv_warehouse_sk = warehouse.w_warehouse_sk LIMIT 419;4fe147ccec5d9bf32af84230494c92ef
2916;SELECT web_sales.* FROM web_sales JOIN date_dim ON web_sales.ws_sold_date_sk = date_dim.d_date_sk JOIN customer ON web_sales.ws_bill_customer_sk = customer.c_customer_sk LIMIT 289;a47fdf4bb425802f8c89f0b6d5221695
2918;SELECT web_returns.* FROM web_returns JOIN item ON web_returns.wr_item_sk = item.i_item_sk JOIN customer ON web_returns.wr_refunded_customer_sk = customer.c_customer_sk LIMIT 188;096543bf66ec0b80397cf7b452b6fd73
2920;SELECT web_sales.* FROM web_sales JOIN web_site ON web_sales.ws_web_site_sk = web_site.web_site_sk LIMIT 124;4588f2789ed215d6d120b676ec78da74
2921;SELECT web_sales.* FROM web_sales JOIN date_dim ON web_sales.ws_sold_date_sk = date_dim.d_date_sk JOIN customer ON web_sales.ws_bill_customer_sk = customer.c_customer_sk LIMIT 385;485882f1e863c659b1c64ae169396998
2922;SELECT catalog_sales.* FROM catalog_sales JOIN warehouse ON catalog_sales.cs_warehouse_sk = warehouse.w_warehouse_sk JOIN date_dim ON catalog_sales.cs_sold_date_sk = date_dim.d_date_sk LIMIT 148;b7b23a8e0c36f813d2e2fa56e20893bc
2923;SELECT web_sales.* FROM web_sales JOIN item ON web_sales.ws_item_sk = item.i_item_sk JOIN customer ON web_sales.ws_bill_customer_sk = customer.c_customer_sk LIMIT 215;0c0471066f35d4d48bb2ef32161c527e
2924;SELECT inventory.* FROM inventory JOIN date_dim ON inventory.inv_date_sk = date_dim.d_date_sk JOIN warehouse ON inventory.inv_warehouse_sk = warehouse.w_warehouse_sk LIMIT 155;d42c9bbd385a61f98f0d30e729f78ce7
2926;SELECT catalog_sales.* FROM catalog_sales JOIN date_dim ON catalog_sales.cs_sold_date_sk = date_dim.d_date_sk JOIN customer ON catalog_sales.cs_bill_customer_sk = customer.c_customer_sk LIMIT 323;f049cc8bf3b298b0b014880e28fd1d28
2927;SELECT ss_customer_sk, SUM(act_sales) AS sumsales FROM (SELECT ss_item_sk, ss_ticket_number, ss_customer_sk, CASE WHEN NOT sr_return_quantity IS NULL THEN (ss_quantity - sr_return_quantity) * ss_sales_price ELSE (ss_quantity * ss_sales_price) END AS act_sales FROM store_sales LEFT OUTER JOIN store_returns ON (sr_item_sk = ss_item_sk AND sr_ticket_number = ss_ticket_number), reason WHERE sr_reason_sk = r_reason_sk AND r_reason_desc = 'reason 28') AS t GROUP BY ss_customer_sk ORDER BY sumsales NULLS FIRST, ss_customer_sk NULLS FIRST LIMIT 72;bc3d3da2c68c8fd5b60a771d288cd733
2928;SELECT catalog_sales.* FROM catalog_sales JOIN warehouse ON catalog_sales.cs_warehouse_sk = warehouse.w_warehouse_sk LIMIT 468;f71767f22a7d43f16f4a932418e6425a
2929;SELECT store_returns.* FROM store_returns JOIN customer ON store_returns.sr_customer_sk = customer.c_customer_sk LIMIT 369;47fb6556156ea11a723aa470e4f38cac
2930;SELECT web_sales.* FROM web_sales JOIN customer ON web_sales.ws_bill_customer_sk = customer.c_customer_sk LIMIT 203;e30a33f021510d491b27b9a583ef8d29
2931;SELECT store_returns.* FROM store_returns JOIN item ON store_returns.sr_item_sk = item.i_item_sk JOIN date_dim ON store_returns.sr_returned_date_sk = date_dim.d_date_sk LIMIT 351;836c6d8fed30123ddab638f3df5698bc
2932;SELECT inventory.* FROM inventory JOIN date_dim ON inventory.inv_date_sk = date_dim.d_date_sk JOIN warehouse ON inventory.inv_warehouse_sk = warehouse.w_warehouse_sk LIMIT 123;80358d7301e2245c1ff6e724d63d1e2e
2933;SELECT web_sales.* FROM web_sales JOIN date_dim ON web_sales.ws_sold_date_sk = date_dim.d_date_sk JOIN item ON web_sales.ws_item_sk = item.i_item_sk LIMIT 116;34c689752ed262517661464df980f601
2934;SELECT store_returns.* FROM store_returns JOIN customer ON store_returns.sr_customer_sk = customer.c_customer_sk LIMIT 431;92a37bff4d283965e09cfc1b90b5d921
2935;SELECT store_returns.* FROM store_returns JOIN date_dim ON store_returns.sr_returned_date_sk = date_dim.d_date_sk LIMIT 170;8946bf8242fa2c657021ac0bf3bc4c2b
2936;SELECT store_returns.* FROM store_returns JOIN date_dim ON store_returns.sr_returned_date_sk = date_dim.d_date_sk LIMIT 159;b87c3f679bbead5e1c680b94a5359fb0
2937;SELECT inventory.* FROM inventory JOIN warehouse ON inventory.inv_warehouse_sk = warehouse.w_warehouse_sk LIMIT 452;4e609723df4e36bc717d5ef9638e3e17
2939;SELECT dt.d_year, item.i_brand_id AS brand_id, item.i_brand AS brand, SUM(ss_ext_sales_price) AS sum_agg FROM date_dim AS dt, store_sales, item WHERE dt.d_date_sk = store_sales.ss_sold_date_sk AND store_sales.ss_item_sk = item.i_item_sk AND item.i_manufact_id = 136 AND dt.d_moy = 15 GROUP BY dt.d_year, item.i_brand, item.i_brand_id ORDER BY dt.d_year, sum_agg DESC NULLS LAST, brand_id LIMIT 121;46cdc8ff413d56d19e0c9f55e3e2520e
2940;SELECT store_sales.* FROM store_sales JOIN customer ON store_sales.ss_customer_sk = customer.c_customer_sk LIMIT 263;96207c1caf6fc57fb5cbeeb97474b388
2941;SELECT store_returns.* FROM store_returns JOIN customer ON store_returns.sr_customer_sk = customer.c_customer_sk LIMIT 265;d981b8227e3b0e42de56979143c3e105
2942;SELECT store_sales.* FROM store_sales JOIN date_dim ON store_sales.ss_sold_date_sk = date_dim.d_date_sk JOIN store ON store_sales.ss_store_sk = store.s_store_sk LIMIT 480;c3161e2ed6cebeea4e24d89adb1d19ac
2943;SELECT web_returns.* FROM web_returns JOIN item ON web_returns.wr_item_sk = item.i_item_sk JOIN date_dim ON web_returns.wr_returned_date_sk = date_dim.d_date_sk LIMIT 495;978e8b806041414f9efcaac1e6c486d0
2944;SELECT inventory.* FROM inventory JOIN item ON inventory.inv_item_sk = item.i_item_sk JOIN date_dim ON inventory.inv_date_sk = date_dim.d_date_sk LIMIT 296;df9604b4f2f046860d855006f3ee7966
2946;SELECT catalog_sales.* FROM catalog_sales JOIN date_dim ON catalog_sales.cs_sold_date_sk = date_dim.d_date_sk JOIN warehouse ON catalog_sales.cs_warehouse_sk = warehouse.w_warehouse_sk LIMIT 310;f7f635699b14d4ed244a32a458e01f3d
2947;SELECT web_sales.* FROM web_sales JOIN item ON web_sales.ws_item_sk = item.i_item_sk LIMIT 146;7de1ce74e237db4b454c5495103ad6d1
2948;SELECT inventory.* FROM inventory JOIN item ON inventory.inv_item_sk = item.i_item_sk LIMIT 453;ee0eee2fb44341487435f4c5b4f450e8
2950;SELECT inventory.* FROM inventory JOIN date_dim ON inventory.inv_date_sk = date_dim.d_date_sk LIMIT 206;0e0d4b10bb41e3c51615f05851461595
2951;SELECT store_sales.* FROM store_sales JOIN item ON store_sales.ss_item_sk = item.i_item_sk JOIN customer ON store_sales.ss_customer_sk = customer.c_customer_sk LIMIT 56;05055642b9d09f3efa22ac35223bedb7
2952;SELECT web_returns.* FROM web_returns JOIN customer ON web_returns.wr_refunded_customer_sk = customer.c_customer_sk JOIN item ON web_returns.wr_item_sk = item.i_item_sk LIMIT 146;cfdd99548b1b29ee22b3ce8c2c16499c
2953;SELECT web_sales.* FROM web_sales JOIN web_site ON web_sales.ws_web_site_sk = web_site.web_site_sk LIMIT 255;69e619cf834199eeed9b5e16e5e0ac7c
2955;SELECT store_returns.* FROM store_returns JOIN date_dim ON store_returns.sr_returned_date_sk = date_dim.d_date_sk LIMIT 371;85f910280c409fb358b7e51a48fb99bb
2956;SELECT web_sales.* FROM web_sales JOIN date_dim ON web_sales.ws_sold_date_sk = date_dim.d_date_sk JOIN item ON web_sales.ws_item_sk = item.i_item_sk LIMIT 351;559ebc8e19d2520e71a393cc5dc74ea1
2958;SELECT inventory.* FROM inventory JOIN date_dim ON inventory.inv_date_sk = date_dim.d_date_sk LIMIT 296;a84669fc7f341d5b1520f6e26df60662
2960;WITH all_sales AS (SELECT d_year, i_brand_id, i_class_id, i_category_id, i_manufact_id, SUM(sales_cnt) AS sales_cnt, SUM(sales_amt) AS sales_amt FROM (SELECT d_year, i_brand_id, i_class_id, i_category_id, i_manufact_id, cs_quantity - COALESCE(cr_return_quantity, 0.0) AS sales_cnt, cs_ext_sales_price - COALESCE(cr_return_amount, 0.0) AS sales_amt FROM catalog_sales JOIN item ON i_item_sk = cs_item_sk JOIN date_dim ON d_date_sk = cs_sold_date_sk LEFT JOIN catalog_returns ON (cs_order_number = cr_order_number AND cs_item_sk = cr_item_sk) WHERE i_category = 'Books' UNION SELECT d_year, i_brand_id, i_class_id, i_category_id, i_manufact_id, ss_quantity - COALESCE(sr_return_quantity, 0.0) AS sales_cnt, ss_ext_sales_price - COALESCE(sr_return_amt, 0.0) AS sales_amt FROM store_sales JOIN item ON i_item_sk = ss_item_sk JOIN date_dim ON d_date_sk = ss_sold_date_sk LEFT JOIN store_returns ON (ss_ticket_number = sr_ticket_number AND ss_item_sk = sr_item_sk) WHERE i_category = 'Books' UNION SELECT d_year, i_brand_id, i_class_id, i_category_id, i_manufact_id, ws_quantity - COALESCE(wr_return_quantity, 0.0) AS sales_cnt, ws_ext_sales_price - COALESCE(wr_return_amt, 0.0) AS sales_amt FROM web_sales JOIN item ON i_item_sk = ws_item_sk JOIN date_dim ON d_date_sk = ws_sold_date_sk LEFT JOIN web_returns ON (ws_order_number = wr_order_number AND ws_item_sk = wr_item_sk) WHERE i_category = 'Books') AS sales_detail GROUP BY d_year, i_brand_id, i_class_id, i_category_id, i_manufact_id) SELECT prev_yr.d_year AS prev_year, curr_yr.d_year AS year_, curr_yr.i_brand_id, curr_yr.i_class_id, curr_yr.i_category_id, curr_yr.i_manufact_id, prev_yr.sales_cnt AS prev_yr_cnt, curr_yr.sales_cnt AS curr_yr_cnt, curr_yr.sales_cnt - prev_yr.sales_cnt AS sales_cnt_diff, curr_yr.sales_amt - prev_yr.sales_amt AS sales_amt_diff FROM all_sales AS curr_yr, all_sales AS prev_yr WHERE curr_yr.i_brand_id = prev_yr.i_brand_id AND curr_yr.i_class_id = prev_yr.i_class_id AND curr_yr.i_category_id = prev_yr.i_category_id AND curr_yr.i_manufact_id = prev_yr.i_manufact_id AND curr_yr.d_year = 1524 AND prev_yr.d_year = 2775 - 1.0 AND CAST(curr_yr.sales_cnt AS DECIMAL(23, 1)) / NULLIF(CAST(prev_yr.sales_cnt AS DECIMAL(13, 1)), 0) < 0.9 ORDER BY sales_cnt_diff, sales_amt_diff LIMIT 104;f07486d1e558422d7d64adccdfd5e326
2961;SELECT inventory.* FROM inventory JOIN date_dim ON inventory.inv_date_sk = date_dim.d_date_sk LIMIT 139;8766bf744e1b2e9ec06bedcd2175c691
2962;SELECT store_sales.* FROM store_sales JOIN customer ON store_sales.ss_customer_sk = customer.c_customer_sk JOIN store ON store_sales.ss_store_sk = store.s_store_sk LIMIT 496;d1fa005a789bcd214b5b7685873b6e5e
2963;SELECT catalog_sales.* FROM catalog_sales JOIN customer ON catalog_sales.cs_bill_customer_sk = customer.c_customer_sk LIMIT 242;bcce0b97da59a3c1d51f0be4debc0cef
2965;SELECT web_returns.* FROM web_returns JOIN customer ON web_returns.wr_refunded_customer_sk = customer.c_customer_sk LIMIT 62;71b7c52642642d29422bc321fb2e4481
2966;WITH ssr AS (SELECT s_store_id AS store_id, SUM(ss_ext_sales_price) AS sales, SUM(COALESCE(sr_return_amt, 0.0)) AS returns_, SUM(ss_net_profit - COALESCE(sr_net_loss, 0.0)) AS profit FROM store_sales LEFT OUTER JOIN store_returns ON (ss_item_sk = sr_item_sk AND ss_ticket_number = sr_ticket_number), date_dim, store, item, promotion WHERE ss_sold_date_sk = d_date_sk AND d_date BETWEEN CAST('2000-08-23' AS DATE) AND CAST('2000-09-22' AS DATE) AND ss_store_sk = s_store_sk AND ss_item_sk = i_item_sk AND i_current_price > 54 AND ss_promo_sk = p_promo_sk AND p_channel_tv = 'N' GROUP BY s_store_id), csr AS (SELECT cp_catalog_page_id AS catalog_page_id, SUM(cs_ext_sales_price) AS sales, SUM(COALESCE(cr_return_amount, 0.0)) AS returns_, SUM(cs_net_profit - COALESCE(cr_net_loss, 0.0)) AS profit FROM catalog_sales LEFT OUTER JOIN catalog_returns ON (cs_item_sk = cr_item_sk AND cs_order_number = cr_order_number), date_dim, catalog_page, item, promotion WHERE cs_sold_date_sk = d_date_sk AND d_date BETWEEN CAST('2000-08-23' AS DATE) AND CAST('2000-09-22' AS DATE) AND cs_catalog_page_sk = cp_catalog_page_sk AND cs_item_sk = i_item_sk AND i_current_price > 38 AND cs_promo_sk = p_promo_sk AND p_channel_tv = 'N' GROUP BY cp_catalog_page_id), wsr AS (SELECT web_site_id, SUM(ws_ext_sales_price) AS sales, SUM(COALESCE(wr_return_amt, 0.0)) AS returns_, SUM(ws_net_profit - COALESCE(wr_net_loss, 0.0)) AS profit FROM web_sales LEFT OUTER JOIN web_returns ON (ws_item_sk = wr_item_sk AND ws_order_number = wr_order_number), date_dim, web_site, item, promotion WHERE ws_sold_date_sk = d_date_sk AND d_date BETWEEN CAST('2000-08-23' AS DATE) AND CAST('2000-09-22' AS DATE) AND ws_web_site_sk = web_site_sk AND ws_item_sk = i_item_sk AND i_current_price > 32 AND ws_promo_sk = p_promo_sk AND p_channel_tv = 'N' GROUP BY web_site_id) SELECT channel, id, SUM(sales) AS sales, SUM(returns_) AS returns_, SUM(profit) AS profit FROM (SELECT 'store channel' AS channel, CONCAT('store', store_id) AS id, sales, returns_, profit FROM ssr UNION ALL SELECT 'catalog channel' AS channel, CONCAT('catalog_page', catalog_page_id) AS id, sales, returns_, profit FROM csr UNION ALL SELECT 'web channel' AS channel, CONCAT('web_site', web_site_id) AS id, sales, returns_, profit FROM wsr) AS x GROUP BY ROLLUP (channel, id) ORDER BY channel NULLS FIRST, id NULLS FIRST LIMIT 54;f59c3c098c10b6b85cbb221e916d52bb
2967;SELECT catalog_sales.* FROM catalog_sales JOIN date_dim ON catalog_sales.cs_sold_date_sk = date_dim.d_date_sk LIMIT 425;57f91f4bebbf6c2ae90705e62483ca9c
2968;SELECT catalog_sales.* FROM catalog_sales JOIN warehouse ON catalog_sales.cs_warehouse_sk = warehouse.w_warehouse_sk LIMIT 169;dc9d02e332cd7fd2236af28be4acf3ee
2969;SELECT store_returns.* FROM store_returns JOIN customer ON store_returns.sr_customer_sk = customer.c_customer_sk LIMIT 271;e6d819bd1105bdeb9cf229e3ae22a1a3
2970;SELECT store_sales.* FROM store_sales JOIN item ON store_sales.ss_item_sk = item.i_item_sk JOIN store ON store_sales.ss_store_sk = store.s_store_sk LIMIT 104;e622f859b4ecb7a5be83ea98343276d4
2973;SELECT inventory.* FROM inventory JOIN warehouse ON inventory.inv_warehouse_sk = warehouse.w_warehouse_sk LIMIT 495;870c3260b0688671b96cb9cc6f23d685
2974;SELECT store_sales.* FROM store_sales JOIN date_dim ON store_sales.ss_sold_date_sk = date_dim.d_date_sk LIMIT 372;15e1dbabc46f6a35a6185f35b8513013
2975;SELECT web_sales.* FROM web_sales JOIN item ON web_sales.ws_item_sk = item.i_item_sk JOIN web_site ON web_sales.ws_web_site_sk = web_site.web_site_sk LIMIT 216;2f37f5a5cc432ca1c089334a26528732
2976;SELECT catalog_sales.* FROM catalog_sales JOIN customer ON catalog_sales.cs_bill_customer_sk = customer.c_customer_sk JOIN item ON catalog_sales.cs_item_sk = item.i_item_sk LIMIT 420;1f9a76a420e1594acf6e500163a53981
2978;SELECT catalog_sales.* FROM catalog_sales JOIN date_dim ON catalog_sales.cs_sold_date_sk = date_dim.d_date_sk JOIN warehouse ON catalog_sales.cs_warehouse_sk = warehouse.w_warehouse_sk LIMIT 386;36d87149900b1502ccfa06abe5b64d1b
2979;SELECT inventory.* FROM inventory JOIN warehouse ON inventory.inv_warehouse_sk = warehouse.w_warehouse_sk JOIN date_dim ON inventory.inv_date_sk = date_dim.d_date_sk LIMIT 309;21a77ffb5cd711eb722721b957a1f5a9
2980;SELECT web_returns.* FROM web_returns JOIN customer ON web_returns.wr_refunded_customer_sk = customer.c_customer_sk LIMIT 209;0d89ca12b9670e42b76e487a7458a1cd
2981;SELECT store_sales.* FROM store_sales JOIN customer ON store_sales.ss_customer_sk = customer.c_customer_sk JOIN date_dim ON store_sales.ss_sold_date_sk = date_dim.d_date_sk LIMIT 357;40f3f5b57d75f6dff2d16994dcc4ce27
2982;SELECT store_sales.* FROM store_sales JOIN item ON store_sales.ss_item_sk = item.i_item_sk LIMIT 93;7c52adf0e81b4d0eff98fec0502b8274
2983;SELECT store_returns.* FROM store_returns JOIN item ON store_returns.sr_item_sk = item.i_item_sk LIMIT 432;136a1c8d6ee05717413b62ad0c4b7dca
2984;SELECT i_item_desc, w_warehouse_name, d1.d_week_seq, SUM(CASE WHEN p_promo_sk IS NULL THEN 1.0 ELSE 0.0 END) AS no_promo, SUM(CASE WHEN NOT p_promo_sk IS NULL THEN 1.0 ELSE 0.0 END) AS promo, COUNT(*) AS total_cnt FROM catalog_sales JOIN inventory ON (cs_item_sk = inv_item_sk) JOIN warehouse ON (w_warehouse_sk = inv_warehouse_sk) JOIN item ON (i_item_sk = cs_item_sk) JOIN customer_demographics ON (cs_bill_cdemo_sk = cd_demo_sk) JOIN household_demographics ON (cs_bill_hdemo_sk = hd_demo_sk) JOIN date_dim AS d1 ON (cs_sold_date_sk = d1.d_date_sk) JOIN date_dim AS d2 ON (inv_date_sk = d2.d_date_sk) JOIN date_dim AS d3 ON (cs_ship_date_sk = d3.d_date_sk) LEFT OUTER JOIN promotion ON (cs_promo_sk = p_promo_sk) LEFT OUTER JOIN catalog_returns ON (cr_item_sk = cs_item_sk AND cr_order_number = cs_order_number) WHERE d1.d_week_seq = d2.d_week_seq AND inv_quantity_on_hand < cs_quantity AND d3.d_date > d1.d_date + 7 AND hd_buy_potential = '>10000' AND d1.d_year = 2797 AND cd_marital_status = 'D' GROUP BY i_item_desc, w_warehouse_name, d1.d_week_seq ORDER BY total_cnt DESC, i_item_desc NULLS FIRST, w_warehouse_name NULLS FIRST, d1.d_week_seq NULLS FIRST LIMIT 97;726ba66c6a8abfffb448ef0864ea8738
2985;SELECT inventory.* FROM inventory JOIN item ON inventory.inv_item_sk = item.i_item_sk LIMIT 145;87818467d6e2b6567326373c0208c2ec
2987;SELECT store_returns.* FROM store_returns JOIN date_dim ON store_returns.sr_returned_date_sk = date_dim.d_date_sk JOIN customer ON store_returns.sr_customer_sk = customer.c_customer_sk LIMIT 196;62f96813187b584ddd687971e4979aff
2988;SELECT catalog_sales.* FROM catalog_sales JOIN item ON catalog_sales.cs_item_sk = item.i_item_sk LIMIT 101;3d9dbd4e3d6c124ef9eed90651a7a467
2989;SELECT store_sales.* FROM store_sales JOIN date_dim ON store_sales.ss_sold_date_sk = date_dim.d_date_sk JOIN item ON store_sales.ss_item_sk = item.i_item_sk LIMIT 189;911de5be5d4aad5050d5422720f91e3e
2990;SELECT store_returns.* FROM store_returns JOIN item ON store_returns.sr_item_sk = item.i_item_sk JOIN date_dim ON store_returns.sr_returned_date_sk = date_dim.d_date_sk LIMIT 153;5278bfcf9ee832936469003f91f220c0
2991;SELECT catalog_sales.* FROM catalog_sales JOIN warehouse ON catalog_sales.cs_warehouse_sk = warehouse.w_warehouse_sk JOIN item ON catalog_sales.cs_item_sk = item.i_item_sk LIMIT 468;dc5007266c805fec84eb5203e7e7e51e
2993;SELECT web_returns.* FROM web_returns JOIN customer ON web_returns.wr_refunded_customer_sk = customer.c_customer_sk LIMIT 211;9ae06b51079ad1099d7a9bc8fc89ced8
2994;SELECT catalog_sales.* FROM catalog_sales JOIN warehouse ON catalog_sales.cs_warehouse_sk = warehouse.w_warehouse_sk JOIN customer ON catalog_sales.cs_bill_customer_sk = customer.c_customer_sk LIMIT 456;7bd06cd8b87d7abac92d5ee055f6667f
2995;SELECT web_sales.* FROM web_sales JOIN item ON web_sales.ws_item_sk = item.i_item_sk LIMIT 460;ea041a7e3b85924b537f80ceaeef00bc
2996;SELECT inventory.* FROM inventory JOIN date_dim ON inventory.inv_date_sk = date_dim.d_date_sk LIMIT 368;cf41c733c5c53a33cc7639fe4050737a
2997;SELECT web_sales.* FROM web_sales JOIN web_site ON web_sales.ws_web_site_sk = web_site.web_site_sk JOIN date_dim ON web_sales.ws_sold_date_sk = date_dim.d_date_sk LIMIT 469;0bc7e6ded671014cc5dd7ef16db56b57
2998;SELECT inventory.* FROM inventory JOIN date_dim ON inventory.inv_date_sk = date_dim.d_date_sk JOIN warehouse ON inventory.inv_warehouse_sk = warehouse.w_warehouse_sk LIMIT 446;25f552854e46ca9063e8b99a97499828
2999;SELECT catalog_sales.* FROM catalog_sales JOIN item ON catalog_sales.cs_item_sk = item.i_item_sk JOIN warehouse ON catalog_sales.cs_warehouse_sk = warehouse.w_warehouse_sk LIMIT 116;d11ed883106211683cff6388636816d6
3000;SELECT web_returns.* FROM web_returns JOIN item ON web_returns.wr_item_sk = item.i_item_sk JOIN date_dim ON web_returns.wr_returned_date_sk = date_dim.d_date_sk LIMIT 367;86f79a6d9111529bbba6f5b2c8bc0d53
3001;SELECT inventory.* FROM inventory JOIN warehouse ON inventory.inv_warehouse_sk = warehouse.w_warehouse_sk LIMIT 102;56080856c1bd5825fd4616367ba2475d
3003;SELECT store_sales.* FROM store_sales JOIN customer ON store_sales.ss_customer_sk = customer.c_customer_sk JOIN store ON store_sales.ss_store_sk = store.s_store_sk LIMIT 385;1789c0419c1eeec9642621b2ec66d354
3004;SELECT store_returns.* FROM store_returns JOIN item ON store_returns.sr_item_sk = item.i_item_sk JOIN customer ON store_returns.sr_customer_sk = customer.c_customer_sk LIMIT 193;793629f91eb5297bdd21100a860970bd
3005;SELECT store_returns.* FROM store_returns JOIN item ON store_returns.sr_item_sk = item.i_item_sk LIMIT 66;ca4b455569a7fa9e460376fc0bbf4fe8
3006;SELECT store_returns.* FROM store_returns JOIN date_dim ON store_returns.sr_returned_date_sk = date_dim.d_date_sk JOIN customer ON store_returns.sr_customer_sk = customer.c_customer_sk LIMIT 135;535d31b1acb8005aae13e84215c018b6
3007;SELECT dt.d_year, item.i_category_id, item.i_category, SUM(ss_ext_sales_price) FROM date_dim AS dt, store_sales, item WHERE dt.d_date_sk = store_sales.ss_sold_date_sk AND store_sales.ss_item_sk = item.i_item_sk AND item.i_manager_id = 1.0 AND dt.d_moy = 9 AND dt.d_year = 1969 GROUP BY dt.d_year, item.i_category_id, item.i_category ORDER BY SUM(ss_ext_sales_price) DESC NULLS LAST, dt.d_year, item.i_category_id, item.i_category LIMIT 90;c0aa86d0986de8c91bb2998af69d1b2c
3009;SELECT store_sales.* FROM store_sales JOIN date_dim ON store_sales.ss_sold_date_sk = date_dim.d_date_sk LIMIT 73;77fc789dc7dfc06eaadf714bc2279525
3010;SELECT store_sales.* FROM store_sales JOIN customer ON store_sales.ss_customer_sk = customer.c_customer_sk LIMIT 299;5c30f704af680cfa78b692dca43f6c03
3011;SELECT store_returns.* FROM store_returns JOIN date_dim ON store_returns.sr_returned_date_sk = date_dim.d_date_sk JOIN customer ON store_returns.sr_customer_sk = customer.c_customer_sk LIMIT 265;aaca24a219c2d441fa96270abfabad2d
3012;SELECT web_sales.* FROM web_sales JOIN item ON web_sales.ws_item_sk = item.i_item_sk JOIN customer ON web_sales.ws_bill_customer_sk = customer.c_customer_sk LIMIT 50;5672ad9e56cf633c64b32011d43ded69
3013;SELECT web_sales.* FROM web_sales JOIN customer ON web_sales.ws_bill_customer_sk = customer.c_customer_sk JOIN item ON web_sales.ws_item_sk = item.i_item_sk LIMIT 233;ed3fa71476b81a9a5da80fb1a493e3b1
3014;SELECT inventory.* FROM inventory JOIN warehouse ON inventory.inv_warehouse_sk = warehouse.w_warehouse_sk JOIN item ON inventory.inv_item_sk = item.i_item_sk LIMIT 173;3118ca87e5283022e009c2ed9eb02446
3015;SELECT inventory.* FROM inventory JOIN item ON inventory.inv_item_sk = item.i_item_sk JOIN warehouse ON inventory.inv_warehouse_sk = warehouse.w_warehouse_sk LIMIT 368;d5008de2c2594b9464634fd157ac8db1
3016;SELECT web_sales.* FROM web_sales JOIN web_site ON web_sales.ws_web_site_sk = web_site.web_site_sk LIMIT 247;1232bac573ac1d0c6c240a92b56627de
3017;SELECT store_returns.* FROM store_returns JOIN customer ON store_returns.sr_customer_sk = customer.c_customer_sk LIMIT 270;1c642266a6245dfc4ea8ac63f8e2d5cc
3019;SELECT store_sales.* FROM store_sales JOIN store ON store_sales.ss_store_sk = store.s_store_sk LIMIT 108;04da33e62c1bca4c301406d1d104190c
3020;SELECT web_returns.* FROM web_returns JOIN item ON web_returns.wr_item_sk = item.i_item_sk LIMIT 98;57a5a96d1ed251393ed9177f9cf4d8ae
3021;SELECT catalog_sales.* FROM catalog_sales JOIN item ON catalog_sales.cs_item_sk = item.i_item_sk LIMIT 288;229e8f0659ffce6b3a31ad270383c712
3022;SELECT web_sales.* FROM web_sales JOIN date_dim ON web_sales.ws_sold_date_sk = date_dim.d_date_sk LIMIT 106;18836426f723dc5ef4eb5cde6804d9e2
3023;SELECT inventory.* FROM inventory JOIN date_dim ON inventory.inv_date_sk = date_dim.d_date_sk JOIN item ON inventory.inv_item_sk = item.i_item_sk LIMIT 465;1735f464d7dc2f9b5baa8447622c7071
3024;SELECT store_returns.* FROM store_returns JOIN item ON store_returns.sr_item_sk = item.i_item_sk JOIN date_dim ON store_returns.sr_returned_date_sk = date_dim.d_date_sk LIMIT 297;b83354a5ae8cfd969eb34f03a45e2bce
3027;SELECT inventory.* FROM inventory JOIN item ON inventory.inv_item_sk = item.i_item_sk JOIN date_dim ON inventory.inv_date_sk = date_dim.d_date_sk LIMIT 404;ca9e25a1be957b30ef3476f56bed447b
3029;SELECT web_returns.* FROM web_returns JOIN date_dim ON web_returns.wr_returned_date_sk = date_dim.d_date_sk JOIN item ON web_returns.wr_item_sk = item.i_item_sk LIMIT 374;620841ac8f29d7c2c736ad83483e546f
3030;SELECT store_sales.* FROM store_sales JOIN item ON store_sales.ss_item_sk = item.i_item_sk JOIN store ON store_sales.ss_store_sk = store.s_store_sk LIMIT 396;b951007891e366351492839696391509
3031;SELECT web_sales.* FROM web_sales JOIN item ON web_sales.ws_item_sk = item.i_item_sk JOIN date_dim ON web_sales.ws_sold_date_sk = date_dim.d_date_sk LIMIT 467;dba93ef378c7681ce45444bac7467e35
3032;SELECT web_sales.* FROM web_sales JOIN web_site ON web_sales.ws_web_site_sk = web_site.web_site_sk JOIN date_dim ON web_sales.ws_sold_date_sk = date_dim.d_date_sk LIMIT 137;ff3eac7801fb7be552c6a4ea68cc619d
3033;SELECT catalog_sales.* FROM catalog_sales JOIN customer ON catalog_sales.cs_bill_customer_sk = customer.c_customer_sk JOIN date_dim ON catalog_sales.cs_sold_date_sk = date_dim.d_date_sk LIMIT 208;a9a92002ebef2250b966dfa36249fde0
3034;SELECT inventory.* FROM inventory JOIN item ON inventory.inv_item_sk = item.i_item_sk LIMIT 154;6b067abed557b6b7ac75b56d805e1ded
3035;SELECT web_sales.* FROM web_sales JOIN web_site ON web_sales.ws_web_site_sk = web_site.web_site_sk LIMIT 492;84b3be8a22d7047e0fd258f693d4d166
3036;SELECT web_returns.* FROM web_returns JOIN item ON web_returns.wr_item_sk = item.i_item_sk LIMIT 93;f1ea074e0b326c7a4db9af77e4563ccc
3037;SELECT store_sales.* FROM store_sales JOIN customer ON store_sales.ss_customer_sk = customer.c_customer_sk JOIN item ON store_sales.ss_item_sk = item.i_item_sk LIMIT 363;b4a9a2900050e0fcfb7328e641735769
3038;SELECT catalog_sales.* FROM catalog_sales JOIN date_dim ON catalog_sales.cs_sold_date_sk = date_dim.d_date_sk JOIN warehouse ON catalog_sales.cs_warehouse_sk = warehouse.w_warehouse_sk LIMIT 466;ef5f70cc8509e5047b230276a8960e77
3039;SELECT web_sales.* FROM web_sales JOIN web_site ON web_sales.ws_web_site_sk = web_site.web_site_sk JOIN customer ON web_sales.ws_bill_customer_sk = customer.c_customer_sk LIMIT 235;815c3561937e5e36f91ddf60a2bd13a4
3040;SELECT catalog_sales.* FROM catalog_sales JOIN warehouse ON catalog_sales.cs_warehouse_sk = warehouse.w_warehouse_sk LIMIT 279;fbdbd9a1917910a36f49342cae6a116c
3041;SELECT catalog_sales.* FROM catalog_sales JOIN item ON catalog_sales.cs_item_sk = item.i_item_sk JOIN customer ON catalog_sales.cs_bill_customer_sk = customer.c_customer_sk LIMIT 152;30e4b59eca997963232a43a241b59df2
3042;SELECT web_returns.* FROM web_returns JOIN date_dim ON web_returns.wr_returned_date_sk = date_dim.d_date_sk JOIN customer ON web_returns.wr_refunded_customer_sk = customer.c_customer_sk LIMIT 67;ae05a53ec93d5b9130bb78171ca01c55
3043;SELECT web_returns.* FROM web_returns JOIN date_dim ON web_returns.wr_returned_date_sk = date_dim.d_date_sk LIMIT 391;deedef2572cd6a1e5ed9defa8a77d012
3044;SELECT inventory.* FROM inventory JOIN item ON inventory.inv_item_sk = item.i_item_sk JOIN warehouse ON inventory.inv_warehouse_sk = warehouse.w_warehouse_sk LIMIT 220;2a8d68962bcc9e566ecc89715728936f
3045;SELECT catalog_sales.* FROM catalog_sales JOIN date_dim ON catalog_sales.cs_sold_date_sk = date_dim.d_date_sk JOIN item ON catalog_sales.cs_item_sk = item.i_item_sk LIMIT 202;c78eebb32551a5509d6f9ffdd07a3176
3046;SELECT store_sales.* FROM store_sales JOIN date_dim ON store_sales.ss_sold_date_sk = date_dim.d_date_sk LIMIT 335;9f9be9225ec156f34c9be665761ebe18
3047;SELECT web_returns.* FROM web_returns JOIN item ON web_returns.wr_item_sk = item.i_item_sk LIMIT 126;0b49c643f83af927d7e96812664bbf0a
3048;SELECT ss_customer_sk, SUM(act_sales) AS sumsales FROM (SELECT ss_item_sk, ss_ticket_number, ss_customer_sk, CASE WHEN NOT sr_return_quantity IS NULL THEN (ss_quantity - sr_return_quantity) * ss_sales_price ELSE (ss_quantity * ss_sales_price) END AS act_sales FROM store_sales LEFT OUTER JOIN store_returns ON (sr_item_sk = ss_item_sk AND sr_ticket_number = ss_ticket_number), reason WHERE sr_reason_sk = r_reason_sk AND r_reason_desc = 'reason 28') AS t GROUP BY ss_customer_sk ORDER BY sumsales NULLS FIRST, ss_customer_sk NULLS FIRST LIMIT 138;a13f26eb3d3f49579b02850729ad1427
3049;SELECT store_sales.* FROM store_sales JOIN store ON store_sales.ss_store_sk = store.s_store_sk LIMIT 359;f2b55f009cd6f5fc0892ad08462bc023
3050;SELECT web_sales.* FROM web_sales JOIN customer ON web_sales.ws_bill_customer_sk = customer.c_customer_sk JOIN web_site ON web_sales.ws_web_site_sk = web_site.web_site_sk LIMIT 307;1e7423ce0f4a5f3f3397e5d441debe86
3051;SELECT store_sales.* FROM store_sales JOIN customer ON store_sales.ss_customer_sk = customer.c_customer_sk JOIN date_dim ON store_sales.ss_sold_date_sk = date_dim.d_date_sk LIMIT 271;5fda65d7bbeca8d17eb627bb443e2663
3052;SELECT inventory.* FROM inventory JOIN date_dim ON inventory.inv_date_sk = date_dim.d_date_sk LIMIT 482;26e2a6a64aa0ecbcc15beee30fac7a67
3053;SELECT store_returns.* FROM store_returns JOIN customer ON store_returns.sr_customer_sk = customer.c_customer_sk JOIN date_dim ON store_returns.sr_returned_date_sk = date_dim.d_date_sk LIMIT 65;4d3089f23a9b8f42741b0643aff02458
3054;SELECT inventory.* FROM inventory JOIN warehouse ON inventory.inv_warehouse_sk = warehouse.w_warehouse_sk JOIN item ON inventory.inv_item_sk = item.i_item_sk LIMIT 292;7a7edc5ab978fe3cfd1258f769da48fe
3055;SELECT web_sales.* FROM web_sales JOIN date_dim ON web_sales.ws_sold_date_sk = date_dim.d_date_sk JOIN web_site ON web_sales.ws_web_site_sk = web_site.web_site_sk LIMIT 469;ec89577b1f93dd3c7b3cd305690b93d9
3056;SELECT store_returns.* FROM store_returns JOIN date_dim ON store_returns.sr_returned_date_sk = date_dim.d_date_sk LIMIT 367;cfee0b1ec9fbe11630391e1f4b5fbe8b
3057;SELECT channel, item, return_ratio, return_rank, currency_rank FROM (SELECT 'web' AS channel, web.item, web.return_ratio, web.return_rank, web.currency_rank FROM (SELECT item, return_ratio, currency_ratio, RANK() OVER (ORDER BY return_ratio) AS return_rank, RANK() OVER (ORDER BY currency_ratio) AS currency_rank FROM (SELECT ws.ws_item_sk AS item, (CAST(SUM(COALESCE(wr.wr_return_quantity, 0)) AS DECIMAL(15, 4)) / NULLIF(CAST(SUM(COALESCE(ws.ws_quantity, 0)) AS DECIMAL(15, 4)), 0)) AS return_ratio, (CAST(SUM(COALESCE(wr.wr_return_amt, 0)) AS DECIMAL(15, 4)) / NULLIF(CAST(SUM(COALESCE(ws.ws_net_paid, 0)) AS DECIMAL(15, 4)), 0)) AS currency_ratio FROM web_sales AS ws LEFT OUTER JOIN web_returns AS wr ON (ws.ws_order_number = wr.wr_order_number AND ws.ws_item_sk = wr.wr_item_sk), date_dim WHERE wr.wr_return_amt > 10000 AND ws.ws_net_profit > 1 AND ws.ws_net_paid > 0 AND ws.ws_quantity > 0 AND ws_sold_date_sk = d_date_sk AND d_year = 2001 AND d_moy = 12 GROUP BY ws.ws_item_sk) AS in_web) AS web WHERE (web.return_rank <= 10 OR web.currency_rank <= 10) UNION SELECT 'catalog' AS channel, catalog.item, catalog.return_ratio, catalog.return_rank, catalog.currency_rank FROM (SELECT item, return_ratio, currency_ratio, RANK() OVER (ORDER BY return_ratio) AS return_rank, RANK() OVER (ORDER BY currency_ratio) AS currency_rank FROM (SELECT cs.cs_item_sk AS item, (CAST(SUM(COALESCE(cr.cr_return_quantity, 0)) AS DECIMAL(15, 4)) / NULLIF(CAST(SUM(COALESCE(cs.cs_quantity, 0)) AS DECIMAL(15, 4)), 0)) AS return_ratio, (CAST(SUM(COALESCE(cr.cr_return_amount, 0)) AS DECIMAL(15, 4)) / NULLIF(CAST(SUM(COALESCE(cs.cs_net_paid, 0)) AS DECIMAL(15, 4)), 0)) AS currency_ratio FROM catalog_sales AS cs LEFT OUTER JOIN catalog_returns AS cr ON (cs.cs_order_number = cr.cr_order_number AND cs.cs_item_sk = cr.cr_item_sk), date_dim WHERE cr.cr_return_amount > 10000 AND cs.cs_net_profit > 1 AND cs.cs_net_paid > 0 AND cs.cs_quantity > 0 AND cs_sold_date_sk = d_date_sk AND d_year = 2001 AND d_moy = 12 GROUP BY cs.cs_item_sk) AS in_cat) AS CATALOG WHERE (catalog.return_rank <= 10 OR catalog.currency_rank <= 10) UNION SELECT 'store' AS channel, store.item, store.return_ratio, store.return_rank, store.currency_rank FROM (SELECT item, return_ratio, currency_ratio, RANK() OVER (ORDER BY return_ratio) AS return_rank, RANK() OVER (ORDER BY currency_ratio) AS currency_rank FROM (SELECT sts.ss_item_sk AS item, (CAST(SUM(COALESCE(sr.sr_return_quantity, 0)) AS DECIMAL(15, 4)) / NULLIF(CAST(SUM(COALESCE(sts.ss_quantity, 0)) AS DECIMAL(15, 4)), 0)) AS return_ratio, (CAST(SUM(COALESCE(sr.sr_return_amt, 0)) AS DECIMAL(15, 4)) / NULLIF(CAST(SUM(COALESCE(sts.ss_net_paid, 0)) AS DECIMAL(15, 4)), 0)) AS currency_ratio FROM store_sales AS sts LEFT OUTER JOIN store_returns AS sr ON (sts.ss_ticket_number = sr.sr_ticket_number AND sts.ss_item_sk = sr.sr_item_sk), date_dim WHERE sr.sr_return_amt > 10000 AND sts.ss_net_profit > 1 AND sts.ss_net_paid > 0 AND sts.ss_quantity > 0 AND ss_sold_date_sk = d_date_sk AND d_year = 2001 AND d_moy = 12 GROUP BY sts.ss_item_sk) AS in_store) AS store WHERE (store.return_rank <= 10 OR store.currency_rank <= 10)) AS sq1 ORDER BY 1 NULLS FIRST, 4 NULLS FIRST, 5 NULLS FIRST, 2 NULLS FIRST LIMIT 100;df6414510b110fdb6a6e8db0afca392c
3058;SELECT catalog_sales.* FROM catalog_sales JOIN warehouse ON catalog_sales.cs_warehouse_sk = warehouse.w_warehouse_sk LIMIT 112;20e08a6a2fd1e37be0115a1a45a41bca
3059;SELECT store_sales.* FROM store_sales JOIN date_dim ON store_sales.ss_sold_date_sk = date_dim.d_date_sk LIMIT 243;6f2ef8c11fbaea8c4ae96b0df4307d4a
3060;SELECT store_returns.* FROM store_returns JOIN customer ON store_returns.sr_customer_sk = customer.c_customer_sk JOIN date_dim ON store_returns.sr_returned_date_sk = date_dim.d_date_sk LIMIT 139;e02f6f2b7a4949a5434a2e8e859ce374
3061;SELECT catalog_sales.* FROM catalog_sales JOIN date_dim ON catalog_sales.cs_sold_date_sk = date_dim.d_date_sk LIMIT 352;9a8ca61807ebca9979987bb6a737725f
3063;SELECT web_sales.* FROM web_sales JOIN customer ON web_sales.ws_bill_customer_sk = customer.c_customer_sk JOIN date_dim ON web_sales.ws_sold_date_sk = date_dim.d_date_sk LIMIT 203;8fb4f3a61a780dd3069cd12b8da9e83f
3064;SELECT web_returns.* FROM web_returns JOIN customer ON web_returns.wr_refunded_customer_sk = customer.c_customer_sk JOIN item ON web_returns.wr_item_sk = item.i_item_sk LIMIT 375;b3c935155e6d866a5c4b6ccd6c666d35
3066;SELECT web_returns.* FROM web_returns JOIN customer ON web_returns.wr_refunded_customer_sk = customer.c_customer_sk LIMIT 283;96e7a64c90ef7763e284f0838fd4693e
3067;SELECT inventory.* FROM inventory JOIN date_dim ON inventory.inv_date_sk = date_dim.d_date_sk LIMIT 404;31ec049ddde98313a7fe8aac962046cf
3069;SELECT catalog_sales.* FROM catalog_sales JOIN date_dim ON catalog_sales.cs_sold_date_sk = date_dim.d_date_sk JOIN item ON catalog_sales.cs_item_sk = item.i_item_sk LIMIT 137;8d61d2748bcbaf4b4b4e2894f7862316
3070;SELECT web_sales.* FROM web_sales JOIN customer ON web_sales.ws_bill_customer_sk = customer.c_customer_sk LIMIT 257;22b4e799fc2581a1cf6ecf931ec183f3
3071;SELECT web_sales.* FROM web_sales JOIN customer ON web_sales.ws_bill_customer_sk = customer.c_customer_sk JOIN item ON web_sales.ws_item_sk = item.i_item_sk LIMIT 155;2e39dc57ab82737e0da47c4acdc6ed20
3073;SELECT inventory.* FROM inventory JOIN warehouse ON inventory.inv_warehouse_sk = warehouse.w_warehouse_sk LIMIT 392;8a231568d4caf86df4d08422cfe24e26
3074;SELECT inventory.* FROM inventory JOIN warehouse ON inventory.inv_warehouse_sk = warehouse.w_warehouse_sk LIMIT 248;142f23a1f825252be6b233e9bf68b6a9
3076;SELECT store_returns.* FROM store_returns JOIN customer ON store_returns.sr_customer_sk = customer.c_customer_sk JOIN date_dim ON store_returns.sr_returned_date_sk = date_dim.d_date_sk LIMIT 137;e88a516d2822cee176f54fbd7b36a57c
3077;SELECT store_returns.* FROM store_returns JOIN customer ON store_returns.sr_customer_sk = customer.c_customer_sk JOIN item ON store_returns.sr_item_sk = item.i_item_sk LIMIT 500;25569edf7b84f93f580258fea433a59f
3078;SELECT catalog_sales.* FROM catalog_sales JOIN item ON catalog_sales.cs_item_sk = item.i_item_sk LIMIT 139;33a5af6739a4e6a23779520e5dd0c324
3080;SELECT store_sales.* FROM store_sales JOIN store ON store_sales.ss_store_sk = store.s_store_sk JOIN item ON store_sales.ss_item_sk = item.i_item_sk LIMIT 152;9c59f1401d406fe425782ee43481646a
3081;SELECT store_returns.* FROM store_returns JOIN date_dim ON store_returns.sr_returned_date_sk = date_dim.d_date_sk LIMIT 58;c24a67eae610232a61926b4bbff1c43f
3082;SELECT web_returns.* FROM web_returns JOIN date_dim ON web_returns.wr_returned_date_sk = date_dim.d_date_sk LIMIT 340;abed0b72eb9c8d9e2c6470cfdc51200a
3083;SELECT web_returns.* FROM web_returns JOIN item ON web_returns.wr_item_sk = item.i_item_sk LIMIT 463;3d1bb0db0d8877231f70065511cf8117
3085;SELECT web_returns.* FROM web_returns JOIN customer ON web_returns.wr_refunded_customer_sk = customer.c_customer_sk JOIN item ON web_returns.wr_item_sk = item.i_item_sk LIMIT 390;4cca176fa202db0cccc1f3eb58b7cb25
3086;SELECT store_sales.* FROM store_sales JOIN store ON store_sales.ss_store_sk = store.s_store_sk JOIN item ON store_sales.ss_item_sk = item.i_item_sk LIMIT 471;0aab9863e1740c8e6f34b686d89d0db6
3089;SELECT catalog_sales.* FROM catalog_sales JOIN item ON catalog_sales.cs_item_sk = item.i_item_sk JOIN warehouse ON catalog_sales.cs_warehouse_sk = warehouse.w_warehouse_sk LIMIT 445;23f6dee7f9e683c3568a4d385d019650
3090;SELECT store_returns.* FROM store_returns JOIN date_dim ON store_returns.sr_returned_date_sk = date_dim.d_date_sk LIMIT 364;6a7c8210f1e4147b62fc7301121229ec
3091;SELECT store_returns.* FROM store_returns JOIN customer ON store_returns.sr_customer_sk = customer.c_customer_sk LIMIT 445;027edd09ee8e2f239c607658c1e9a0c3
3092;SELECT catalog_sales.* FROM catalog_sales JOIN date_dim ON catalog_sales.cs_sold_date_sk = date_dim.d_date_sk JOIN warehouse ON catalog_sales.cs_warehouse_sk = warehouse.w_warehouse_sk LIMIT 470;bcae04647955ef2a7169c3a8363234b2
3093;SELECT store_returns.* FROM store_returns JOIN customer ON store_returns.sr_customer_sk = customer.c_customer_sk LIMIT 244;5df6d5112f0363b8d427293a5e967940
3094;SELECT inventory.* FROM inventory JOIN item ON inventory.inv_item_sk = item.i_item_sk JOIN warehouse ON inventory.inv_warehouse_sk = warehouse.w_warehouse_sk LIMIT 116;64ba276de228ec4068c914b9e73eac83
3095;SELECT catalog_sales.* FROM catalog_sales JOIN date_dim ON catalog_sales.cs_sold_date_sk = date_dim.d_date_sk JOIN warehouse ON catalog_sales.cs_warehouse_sk = warehouse.w_warehouse_sk LIMIT 434;fa786b07e7aa180dd3fcf8fcea5a7b43
3096;SELECT web_sales.* FROM web_sales JOIN date_dim ON web_sales.ws_sold_date_sk = date_dim.d_date_sk LIMIT 323;94d2a90abefa9db62b1bd7b935c7cc9d
3097;SELECT web_sales.* FROM web_sales JOIN item ON web_sales.ws_item_sk = item.i_item_sk LIMIT 171;8bb31494b8f81e8764a576e26dc616b2
3098;SELECT i_item_desc, w_warehouse_name, d1.d_week_seq, SUM(CASE WHEN p_promo_sk IS NULL THEN 1.0 ELSE 0.0 END) AS no_promo, SUM(CASE WHEN NOT p_promo_sk IS NULL THEN 1.0 ELSE 0.0 END) AS promo, COUNT(*) AS total_cnt FROM catalog_sales JOIN inventory ON (cs_item_sk = inv_item_sk) JOIN warehouse ON (w_warehouse_sk = inv_warehouse_sk) JOIN item ON (i_item_sk = cs_item_sk) JOIN customer_demographics ON (cs_bill_cdemo_sk = cd_demo_sk) JOIN household_demographics ON (cs_bill_hdemo_sk = hd_demo_sk) JOIN date_dim AS d1 ON (cs_sold_date_sk = d1.d_date_sk) JOIN date_dim AS d2 ON (inv_date_sk = d2.d_date_sk) JOIN date_dim AS d3 ON (cs_ship_date_sk = d3.d_date_sk) LEFT OUTER JOIN promotion ON (cs_promo_sk = p_promo_sk) WHERE d1.d_week_seq = d2.d_week_seq AND inv_quantity_on_hand < cs_quantity AND d3.d_date > d1.d_date + 6 AND hd_buy_potential = '>10000' AND d1.d_year = 1656 AND cd_marital_status = 'D' GROUP BY i_item_desc, w_warehouse_name, d1.d_week_seq ORDER BY total_cnt DESC, i_item_desc NULLS FIRST, w_warehouse_name NULLS FIRST, d1.d_week_seq NULLS FIRST LIMIT 144;1296a02d8808e57b8655aa7db77ee7ed
3099;SELECT web_sales.* FROM web_sales JOIN item ON web_sales.ws_item_sk = item.i_item_sk LIMIT 439;299d77951efaf1a4fa7d69c61ea70634
3100;SELECT store_returns.* FROM store_returns JOIN customer ON store_returns.sr_customer_sk = customer.c_customer_sk JOIN date_dim ON store_returns.sr_returned_date_sk = date_dim.d_date_sk LIMIT 486;0164466e9a98976c9aa09686bcea2fd3
3101;SELECT inventory.* FROM inventory JOIN warehouse ON inventory.inv_warehouse_sk = warehouse.w_warehouse_sk JOIN date_dim ON inventory.inv_date_sk = date_dim.d_date_sk LIMIT 384;300c09ac26de2427f6ac0fe6eff49700
3102;SELECT web_sales.* FROM web_sales JOIN customer ON web_sales.ws_bill_customer_sk = customer.c_customer_sk LIMIT 368;db41c2f146da9bd5506de2b21a59fa87
3103;SELECT web_sales.* FROM web_sales JOIN customer ON web_sales.ws_bill_customer_sk = customer.c_customer_sk LIMIT 431;ec8fd43c215f7ad729e584a20bf8da78
3104;SELECT catalog_sales.* FROM catalog_sales JOIN item ON catalog_sales.cs_item_sk = item.i_item_sk JOIN warehouse ON catalog_sales.cs_warehouse_sk = warehouse.w_warehouse_sk LIMIT 77;e3180782c129a6222441b42ad22c743f
3105;SELECT web_sales.* FROM web_sales JOIN web_site ON web_sales.ws_web_site_sk = web_site.web_site_sk JOIN item ON web_sales.ws_item_sk = item.i_item_sk LIMIT 185;ee890af1ab8cf21f7344dff61ee8b505
3107;SELECT inventory.* FROM inventory JOIN date_dim ON inventory.inv_date_sk = date_dim.d_date_sk LIMIT 288;028051ba49204a6a2ebb3e5a70c45487
3108;SELECT catalog_sales.* FROM catalog_sales JOIN customer ON catalog_sales.cs_bill_customer_sk = customer.c_customer_sk JOIN item ON catalog_sales.cs_item_sk = item.i_item_sk LIMIT 487;13aa040bbeeba691425ef30a0bbf5d23
3109;SELECT inventory.* FROM inventory JOIN item ON inventory.inv_item_sk = item.i_item_sk JOIN date_dim ON inventory.inv_date_sk = date_dim.d_date_sk LIMIT 457;a71d2dc9d0509573d168af0313ba9ade
3110;SELECT web_returns.* FROM web_returns JOIN customer ON web_returns.wr_refunded_customer_sk = customer.c_customer_sk JOIN item ON web_returns.wr_item_sk = item.i_item_sk LIMIT 374;7c834dc54d07b7a80a8de10b14df56f1
3112;SELECT web_returns.* FROM web_returns JOIN date_dim ON web_returns.wr_returned_date_sk = date_dim.d_date_sk JOIN item ON web_returns.wr_item_sk = item.i_item_sk LIMIT 219;12ac12fedde41d7595b93b98c149087c
3114;SELECT inventory.* FROM inventory JOIN warehouse ON inventory.inv_warehouse_sk = warehouse.w_warehouse_sk LIMIT 287;44c23988cfe20ed17da7b81dd870da60
3116;SELECT catalog_sales.* FROM catalog_sales JOIN customer ON catalog_sales.cs_bill_customer_sk = customer.c_customer_sk JOIN warehouse ON catalog_sales.cs_warehouse_sk = warehouse.w_warehouse_sk LIMIT 327;12c0ee3fef77ba64406a7787f4c33f76
3118;SELECT inventory.* FROM inventory JOIN warehouse ON inventory.inv_warehouse_sk = warehouse.w_warehouse_sk JOIN date_dim ON inventory.inv_date_sk = date_dim.d_date_sk LIMIT 58;5ff45df54aa6984b6d5c46e3bbc20f1d
3119;SELECT catalog_sales.* FROM catalog_sales JOIN date_dim ON catalog_sales.cs_sold_date_sk = date_dim.d_date_sk LIMIT 362;8340e09dd478ca7abb5890824f240bcd
3121;SELECT inventory.* FROM inventory JOIN warehouse ON inventory.inv_warehouse_sk = warehouse.w_warehouse_sk LIMIT 145;7f8e36a26f2df0a8fa107337ff8d6ae4
3122;SELECT store_sales.* FROM store_sales JOIN store ON store_sales.ss_store_sk = store.s_store_sk LIMIT 356;386dedf7ee0be2bc8d8c5d63c0d92b46
3124;SELECT web_sales.* FROM web_sales JOIN item ON web_sales.ws_item_sk = item.i_item_sk JOIN web_site ON web_sales.ws_web_site_sk = web_site.web_site_sk LIMIT 55;597d88374041a3639861ebb3067f4139
3125;SELECT catalog_sales.* FROM catalog_sales JOIN item ON catalog_sales.cs_item_sk = item.i_item_sk JOIN customer ON catalog_sales.cs_bill_customer_sk = customer.c_customer_sk LIMIT 492;fe4acdd61fdbdabbd0370ebd56dba785
3126;SELECT catalog_sales.* FROM catalog_sales JOIN warehouse ON catalog_sales.cs_warehouse_sk = warehouse.w_warehouse_sk LIMIT 406;8ab8d67b97d4be20b1a798c8face1f3d
3127;SELECT inventory.* FROM inventory JOIN date_dim ON inventory.inv_date_sk = date_dim.d_date_sk LIMIT 377;631a45b242dce86904fef259b5dac9bf
3128;SELECT store_returns.* FROM store_returns JOIN item ON store_returns.sr_item_sk = item.i_item_sk JOIN customer ON store_returns.sr_customer_sk = customer.c_customer_sk LIMIT 179;195d347a588310473706b5761dc1352e
3130;SELECT catalog_sales.* FROM catalog_sales JOIN warehouse ON catalog_sales.cs_warehouse_sk = warehouse.w_warehouse_sk JOIN date_dim ON catalog_sales.cs_sold_date_sk = date_dim.d_date_sk LIMIT 247;7de80bd2fa91783ad5e7e8a0875baeab
3132;SELECT inventory.* FROM inventory JOIN warehouse ON inventory.inv_warehouse_sk = warehouse.w_warehouse_sk JOIN date_dim ON inventory.inv_date_sk = date_dim.d_date_sk LIMIT 78;11f26443efedbb3b1ee1d07813cc6ac9
3133;SELECT inventory.* FROM inventory JOIN warehouse ON inventory.inv_warehouse_sk = warehouse.w_warehouse_sk JOIN item ON inventory.inv_item_sk = item.i_item_sk LIMIT 263;130468f4a01761fc50157d264541391f
3134;SELECT web_sales.* FROM web_sales JOIN customer ON web_sales.ws_bill_customer_sk = customer.c_customer_sk JOIN item ON web_sales.ws_item_sk = item.i_item_sk LIMIT 235;7d329b140451696cde80a458e7eb34f7
3136;SELECT web_sales.* FROM web_sales JOIN item ON web_sales.ws_item_sk = item.i_item_sk LIMIT 454;0a3c4dd8130166e16dfd28ceda19fec7
3137;SELECT inventory.* FROM inventory JOIN item ON inventory.inv_item_sk = item.i_item_sk LIMIT 287;92b7e94763f4c5bc3cfa9f12e16dd0a2
3139;SELECT store_returns.* FROM store_returns JOIN date_dim ON store_returns.sr_returned_date_sk = date_dim.d_date_sk LIMIT 144;71ad241a0d0c9b8c405fe9e16cf18a6f
3140;SELECT catalog_sales.* FROM catalog_sales JOIN date_dim ON catalog_sales.cs_sold_date_sk = date_dim.d_date_sk JOIN warehouse ON catalog_sales.cs_warehouse_sk = warehouse.w_warehouse_sk LIMIT 203;26db6ef422eff0f05f80a9c1cc41e86c
3141;SELECT store_sales.* FROM store_sales JOIN date_dim ON store_sales.ss_sold_date_sk = date_dim.d_date_sk LIMIT 211;ec64aad4d97a1783a1b85348c10d0ee8
3142;SELECT store_sales.* FROM store_sales JOIN store ON store_sales.ss_store_sk = store.s_store_sk JOIN date_dim ON store_sales.ss_sold_date_sk = date_dim.d_date_sk LIMIT 309;47d5d674beb9fb058457d2b92a73dcb6
3143;SELECT catalog_sales.* FROM catalog_sales JOIN customer ON catalog_sales.cs_bill_customer_sk = customer.c_customer_sk JOIN item ON catalog_sales.cs_item_sk = item.i_item_sk LIMIT 166;dba82da783e2f6c974905110f00a7083
3144;SELECT web_sales.* FROM web_sales JOIN date_dim ON web_sales.ws_sold_date_sk = date_dim.d_date_sk JOIN item ON web_sales.ws_item_sk = item.i_item_sk LIMIT 362;e0b90b794d2645b28ff7c612caf7b6ca
3145;SELECT store_sales.* FROM store_sales JOIN date_dim ON store_sales.ss_sold_date_sk = date_dim.d_date_sk JOIN item ON store_sales.ss_item_sk = item.i_item_sk LIMIT 288;c586f1095a48d7d6a407a3e2a92b41ff
3146;SELECT web_sales.* FROM web_sales JOIN customer ON web_sales.ws_bill_customer_sk = customer.c_customer_sk JOIN item ON web_sales.ws_item_sk = item.i_item_sk LIMIT 250;a2289cb486c2ab81f153d6b46bb43cb4
3147;SELECT catalog_sales.* FROM catalog_sales JOIN item ON catalog_sales.cs_item_sk = item.i_item_sk LIMIT 446;5ba8d84b691805f05c9d5c4ae6c3afa9
3148;SELECT inventory.* FROM inventory JOIN item ON inventory.inv_item_sk = item.i_item_sk LIMIT 354;e8a8edeb51829fbe16c5964a44a60562
3149;SELECT inventory.* FROM inventory JOIN item ON inventory.inv_item_sk = item.i_item_sk LIMIT 371;7fbbd9fcf44f98458abbcb7c8a8a1c03
3150;SELECT store_sales.* FROM store_sales JOIN item ON store_sales.ss_item_sk = item.i_item_sk JOIN date_dim ON store_sales.ss_sold_date_sk = date_dim.d_date_sk LIMIT 392;223035509a0ef61a7551d253fcbe3970
3152;WITH ssr AS (SELECT s_store_id AS store_id, SUM(ss_ext_sales_price) AS sales, SUM(COALESCE(sr_return_amt, 0.0)) AS returns_, SUM(ss_net_profit - COALESCE(sr_net_loss, 0.0)) AS profit FROM store_sales LEFT OUTER JOIN store_returns ON (ss_item_sk = sr_item_sk AND ss_ticket_number = sr_ticket_number), date_dim, store, item, promotion WHERE ss_sold_date_sk = d_date_sk AND d_date BETWEEN CAST('2000-08-23' AS DATE) AND CAST('2000-09-22' AS DATE) AND ss_store_sk = s_store_sk AND ss_item_sk = i_item_sk AND i_current_price > 67 AND ss_promo_sk = p_promo_sk AND p_channel_tv = 'N' GROUP BY s_store_id), csr AS (SELECT cp_catalog_page_id AS catalog_page_id, SUM(cs_ext_sales_price) AS sales, SUM(COALESCE(cr_return_amount, 0.0)) AS returns_, SUM(cs_net_profit - COALESCE(cr_net_loss, 0.0)) AS profit FROM catalog_sales LEFT OUTER JOIN catalog_returns ON (cs_item_sk = cr_item_sk AND cs_order_number = cr_order_number), date_dim, catalog_page, item, promotion WHERE cs_sold_date_sk = d_date_sk AND d_date BETWEEN CAST('2000-08-23' AS DATE) AND CAST('2000-09-22' AS DATE) AND cs_catalog_page_sk = cp_catalog_page_sk AND cs_item_sk = i_item_sk AND i_current_price > 39 AND cs_promo_sk = p_promo_sk AND p_channel_tv = 'N' GROUP BY cp_catalog_page_id), wsr AS (SELECT web_site_id, SUM(ws_ext_sales_price) AS sales, SUM(COALESCE(wr_return_amt, 0.0)) AS returns_, SUM(ws_net_profit - COALESCE(wr_net_loss, 0.0)) AS profit FROM web_sales LEFT OUTER JOIN web_returns ON (ws_item_sk = wr_item_sk AND ws_order_number = wr_order_number), date_dim, web_site, item, promotion WHERE ws_sold_date_sk = d_date_sk AND d_date BETWEEN CAST('2000-08-23' AS DATE) AND CAST('2000-09-22' AS DATE) AND ws_web_site_sk = web_site_sk AND ws_item_sk = i_item_sk AND i_current_price > 39 AND ws_promo_sk = p_promo_sk AND p_channel_tv = 'N' GROUP BY web_site_id) SELECT channel, id, SUM(sales) AS sales, SUM(returns_) AS returns_, SUM(profit) AS profit FROM (SELECT 'store channel' AS channel, CONCAT('store', store_id) AS id, sales, returns_, profit FROM ssr UNION ALL SELECT 'catalog channel' AS channel, CONCAT('catalog_page', catalog_page_id) AS id, sales, returns_, profit FROM csr UNION ALL SELECT 'web channel' AS channel, CONCAT('web_site', web_site_id) AS id, sales, returns_, profit FROM wsr) AS x GROUP BY ROLLUP (channel, id) ORDER BY channel NULLS FIRST, id NULLS FIRST LIMIT 107;3ade0e822908f6fc14895694d26672e7
3153;SELECT web_returns.* FROM web_returns JOIN date_dim ON web_returns.wr_returned_date_sk = date_dim.d_date_sk LIMIT 331;4ad41da9412fc1d58b06f103ac911234
3154;SELECT channel, item, return_ratio, return_rank, currency_rank FROM (SELECT 'web' AS channel, web.item, web.return_ratio, web.return_rank, web.currency_rank FROM (SELECT item, return_ratio, currency_ratio, RANK() OVER (ORDER BY return_ratio) AS return_rank, RANK() OVER (ORDER BY currency_ratio) AS currency_rank FROM (SELECT ws.ws_item_sk AS item, (CAST(SUM(COALESCE(wr.wr_return_quantity, 0.0)) AS DECIMAL(21, 2)) / NULLIF(CAST(SUM(COALESCE(ws.ws_quantity, 0.0)) AS DECIMAL(19, 5)), 0)) AS return_ratio, (CAST(SUM(COALESCE(wr.wr_return_amt, 0.0)) AS DECIMAL(19, 2)) / NULLIF(CAST(SUM(COALESCE(ws.ws_net_paid, 0.0)) AS DECIMAL(17, 3)), 0)) AS currency_ratio FROM web_sales AS ws LEFT OUTER JOIN web_returns AS wr ON (ws.ws_order_number = wr.wr_order_number AND ws.ws_item_sk = wr.wr_item_sk), date_dim WHERE wr.wr_return_amt > 14781 AND ws.ws_net_profit > 1.0 AND ws.ws_net_paid > 0.0 AND ws.ws_quantity > 0.0 AND ws_sold_date_sk = d_date_sk AND d_year = 2630 AND d_moy = 6 GROUP BY ws.ws_item_sk) AS in_web) AS web WHERE (web.return_rank <= 10 OR web.currency_rank <= 13) UNION SELECT 'catalog' AS channel, catalog.item, catalog.return_ratio, catalog.return_rank, catalog.currency_rank FROM (SELECT item, return_ratio, currency_ratio, RANK() OVER (ORDER BY return_ratio) AS return_rank, RANK() OVER (ORDER BY currency_ratio) AS currency_rank FROM (SELECT cs.cs_item_sk AS item, (CAST(SUM(COALESCE(cr.cr_return_quantity, 0.0)) AS DECIMAL(10, 4)) / NULLIF(CAST(SUM(COALESCE(cs.cs_quantity, 0.0)) AS DECIMAL(19, 5)), 0)) AS return_ratio, (CAST(SUM(COALESCE(cr.cr_return_amount, 0.0)) AS DECIMAL(12, 3)) / NULLIF(CAST(SUM(COALESCE(cs.cs_net_paid, 0.0)) AS DECIMAL(13, 5)), 0)) AS currency_ratio FROM catalog_sales AS cs LEFT OUTER JOIN catalog_returns AS cr ON (cs.cs_order_number = cr.cr_order_number AND cs.cs_item_sk = cr.cr_item_sk), date_dim WHERE cr.cr_return_amount > 12112 AND cs.cs_net_profit > 1.0 AND cs.cs_net_paid > 0.0 AND cs.cs_quantity > 0.0 AND cs_sold_date_sk = d_date_sk AND d_year = 1652 AND d_moy = 7 GROUP BY cs.cs_item_sk) AS in_cat) AS CATALOG WHERE (catalog.return_rank <= 14 OR catalog.currency_rank <= 10) UNION SELECT 'store' AS channel, store.item, store.return_ratio, store.return_rank, store.currency_rank FROM (SELECT item, return_ratio, currency_ratio, RANK() OVER (ORDER BY return_ratio) AS return_rank, RANK() OVER (ORDER BY currency_ratio) AS currency_rank FROM (SELECT sts.ss_item_sk AS item, (CAST(SUM(COALESCE(sr.sr_return_quantity, 0.0)) AS DECIMAL(16, 3)) / NULLIF(CAST(SUM(COALESCE(sts.ss_quantity, 0.0)) AS DECIMAL(12, 5)), 0)) AS return_ratio, (CAST(SUM(COALESCE(sr.sr_return_amt, 0.0)) AS DECIMAL(8, 3)) / NULLIF(CAST(SUM(COALESCE(sts.ss_net_paid, 0.0)) AS DECIMAL(21, 4)), 0)) AS currency_ratio FROM store_sales AS sts LEFT OUTER JOIN store_returns AS sr ON (sts.ss_ticket_number = sr.sr_ticket_number AND sts.ss_item_sk = sr.sr_item_sk), date_dim WHERE sr.sr_return_amt > 7426 AND sts.ss_net_profit > 1.0 AND sts.ss_net_paid > 0.0 AND sts.ss_quantity > 0.0 AND ss_sold_date_sk = d_date_sk AND d_year = 2310 AND d_moy = 10 GROUP BY sts.ss_item_sk) AS in_store) AS store WHERE (store.return_rank <= 6 OR store.currency_rank <= 5)) AS sq1 ORDER BY 1.0 NULLS FIRST, 4 NULLS FIRST, 4 NULLS FIRST, 1 NULLS FIRST LIMIT 90;7483f967aaff2cc093a4f604022eb36a
3155;SELECT web_sales.* FROM web_sales JOIN web_site ON web_sales.ws_web_site_sk = web_site.web_site_sk LIMIT 321;487a485a7bd608e09e8b66a2e8dfc2a5
3156;SELECT store_returns.* FROM store_returns JOIN customer ON store_returns.sr_customer_sk = customer.c_customer_sk JOIN date_dim ON store_returns.sr_returned_date_sk = date_dim.d_date_sk LIMIT 77;8e6c797816d9c6d159f5e55e7d58b1c6
3157;SELECT web_sales.* FROM web_sales JOIN item ON web_sales.ws_item_sk = item.i_item_sk JOIN date_dim ON web_sales.ws_sold_date_sk = date_dim.d_date_sk LIMIT 340;1c4cbbc310f041617938028a1ecf60e9
3158;SELECT web_sales.* FROM web_sales JOIN web_site ON web_sales.ws_web_site_sk = web_site.web_site_sk JOIN date_dim ON web_sales.ws_sold_date_sk = date_dim.d_date_sk LIMIT 277;52f9136d3cb091b3a51c2d58ed0c8583
3159;SELECT inventory.* FROM inventory JOIN date_dim ON inventory.inv_date_sk = date_dim.d_date_sk LIMIT 256;47a230781f5ab87917fc40b16753fe88
3160;SELECT store_returns.* FROM store_returns JOIN item ON store_returns.sr_item_sk = item.i_item_sk LIMIT 329;95ab340c7c884c9af948f978f53e31d0
3161;SELECT web_returns.* FROM web_returns JOIN item ON web_returns.wr_item_sk = item.i_item_sk LIMIT 355;b9d998c8b02af237754eecc50c6b7002
3162;SELECT inventory.* FROM inventory JOIN item ON inventory.inv_item_sk = item.i_item_sk LIMIT 207;e5d44857f26088c59581d606958879d9
3163;SELECT web_returns.* FROM web_returns JOIN customer ON web_returns.wr_refunded_customer_sk = customer.c_customer_sk LIMIT 365;93e1f8423b471ab22356c141e8011df9
3164;SELECT store_sales.* FROM store_sales JOIN item ON store_sales.ss_item_sk = item.i_item_sk JOIN store ON store_sales.ss_store_sk = store.s_store_sk LIMIT 238;84efa8f552967f7e0ff5bf769d6aa1cf
3165;SELECT catalog_sales.* FROM catalog_sales JOIN date_dim ON catalog_sales.cs_sold_date_sk = date_dim.d_date_sk LIMIT 414;8d9188320804d716f9e5dd9a6704ba01
3166;SELECT store_returns.* FROM store_returns JOIN date_dim ON store_returns.sr_returned_date_sk = date_dim.d_date_sk LIMIT 365;b287bdf11b5a474f7839203d21391906
3167;SELECT inventory.* FROM inventory JOIN date_dim ON inventory.inv_date_sk = date_dim.d_date_sk LIMIT 435;1cea51c7e02e66d784a23a9bba5b7415
3168;SELECT store_sales.* FROM store_sales JOIN item ON store_sales.ss_item_sk = item.i_item_sk LIMIT 382;3abcf5d4fcac5f0dee419358045a0e6c
3169;SELECT catalog_sales.* FROM catalog_sales JOIN date_dim ON catalog_sales.cs_sold_date_sk = date_dim.d_date_sk JOIN item ON catalog_sales.cs_item_sk = item.i_item_sk LIMIT 414;85d9c3d535e3b72869812296adce4c72
3170;SELECT inventory.* FROM inventory JOIN warehouse ON inventory.inv_warehouse_sk = warehouse.w_warehouse_sk LIMIT 74;28d5115968533e8def9c4d5b966fced8
3171;SELECT web_sales.* FROM web_sales JOIN item ON web_sales.ws_item_sk = item.i_item_sk LIMIT 232;74cf8edf8f5ef8022f42e2f1cd824297
3172;SELECT web_sales.* FROM web_sales JOIN date_dim ON web_sales.ws_sold_date_sk = date_dim.d_date_sk JOIN item ON web_sales.ws_item_sk = item.i_item_sk LIMIT 427;be72e5de6d8250bd8ecdf8ab70f6a2b7
3173;SELECT inventory.* FROM inventory JOIN warehouse ON inventory.inv_warehouse_sk = warehouse.w_warehouse_sk LIMIT 348;211921bcab0563d81988f18012eb61d3
3174;SELECT web_returns.* FROM web_returns JOIN item ON web_returns.wr_item_sk = item.i_item_sk JOIN customer ON web_returns.wr_refunded_customer_sk = customer.c_customer_sk LIMIT 171;d72ae98abf909077bd15be450f615a68
3175;SELECT web_returns.* FROM web_returns JOIN item ON web_returns.wr_item_sk = item.i_item_sk JOIN date_dim ON web_returns.wr_returned_date_sk = date_dim.d_date_sk LIMIT 304;ed6be33a1bee325cfde0e09f0c628b12
3176;SELECT store_sales.* FROM store_sales JOIN item ON store_sales.ss_item_sk = item.i_item_sk LIMIT 149;83cf3917da29c52321487ed9e74c4899
3178;SELECT web_sales.* FROM web_sales JOIN web_site ON web_sales.ws_web_site_sk = web_site.web_site_sk LIMIT 352;bc86b4aad622e36b34b4c784532f1586
3179;SELECT web_returns.* FROM web_returns JOIN customer ON web_returns.wr_refunded_customer_sk = customer.c_customer_sk LIMIT 107;f1cade03bc47acbddc480dfc2c0dd48d
3180;SELECT web_sales.* FROM web_sales JOIN item ON web_sales.ws_item_sk = item.i_item_sk JOIN customer ON web_sales.ws_bill_customer_sk = customer.c_customer_sk LIMIT 471;33d303a69f9b25bfdf24bbe0cee9d701
3181;SELECT web_sales.* FROM web_sales JOIN customer ON web_sales.ws_bill_customer_sk = customer.c_customer_sk LIMIT 446;a0269b87149263366dbc8c7899e2bcea
3183;SELECT web_sales.* FROM web_sales JOIN web_site ON web_sales.ws_web_site_sk = web_site.web_site_sk JOIN date_dim ON web_sales.ws_sold_date_sk = date_dim.d_date_sk LIMIT 337;4595dfa320e94249ab225ce57d2f3828
3184;SELECT catalog_sales.* FROM catalog_sales JOIN warehouse ON catalog_sales.cs_warehouse_sk = warehouse.w_warehouse_sk JOIN date_dim ON catalog_sales.cs_sold_date_sk = date_dim.d_date_sk LIMIT 217;bb7b346dfef1b95190f5a9544485aee2
3185;SELECT store_returns.* FROM store_returns JOIN date_dim ON store_returns.sr_returned_date_sk = date_dim.d_date_sk LIMIT 124;581e8f8e8e343d0b90f684c7edce4417
3187;SELECT store_returns.* FROM store_returns JOIN customer ON store_returns.sr_customer_sk = customer.c_customer_sk LIMIT 125;cac1175e970000a9f68d88cd4c3a829f
3188;SELECT inventory.* FROM inventory JOIN warehouse ON inventory.inv_warehouse_sk = warehouse.w_warehouse_sk JOIN date_dim ON inventory.inv_date_sk = date_dim.d_date_sk LIMIT 499;707f70408ba6be193716f603e5d6eeb8
3190;SELECT store_returns.* FROM store_returns JOIN date_dim ON store_returns.sr_returned_date_sk = date_dim.d_date_sk JOIN item ON store_returns.sr_item_sk = item.i_item_sk LIMIT 214;323f82316cd1c7026ff67598bb45ef20
3192;SELECT store_sales.* FROM store_sales JOIN item ON store_sales.ss_item_sk = item.i_item_sk JOIN store ON store_sales.ss_store_sk = store.s_store_sk LIMIT 490;604fd8ce1bf3c3d74a27d0e347365e1a
3193;SELECT web_returns.* FROM web_returns JOIN date_dim ON web_returns.wr_returned_date_sk = date_dim.d_date_sk LIMIT 317;93a476e7bd906e7d9fd370e487744e0e
3194;SELECT web_sales.* FROM web_sales JOIN customer ON web_sales.ws_bill_customer_sk = customer.c_customer_sk JOIN item ON web_sales.ws_item_sk = item.i_item_sk LIMIT 398;f7f66bf133d8282ceb0d14c3ee40afde
3195;SELECT store_sales.* FROM store_sales JOIN date_dim ON store_sales.ss_sold_date_sk = date_dim.d_date_sk LIMIT 307;8c71cf8a136c2b1afe9c5f93f7df61ac
3196;SELECT store_returns.* FROM store_returns JOIN date_dim ON store_returns.sr_returned_date_sk = date_dim.d_date_sk LIMIT 253;5ba741f61b4c6274d61e3d174b79294c
3197;WITH ws AS (SELECT d_year AS ws_sold_year, ws_item_sk, ws_bill_customer_sk AS ws_customer_sk, SUM(ws_quantity) AS ws_qty, SUM(ws_wholesale_cost) AS ws_wc, SUM(ws_sales_price) AS ws_sp FROM web_sales LEFT JOIN web_returns ON wr_order_number = ws_order_number AND ws_item_sk = wr_item_sk JOIN date_dim ON ws_sold_date_sk = d_date_sk WHERE wr_order_number IS NULL GROUP BY d_year, ws_item_sk, ws_bill_customer_sk), cs AS (SELECT d_year AS cs_sold_year, cs_item_sk, cs_bill_customer_sk AS cs_customer_sk, SUM(cs_quantity) AS cs_qty, SUM(cs_wholesale_cost) AS cs_wc, SUM(cs_sales_price) AS cs_sp FROM catalog_sales LEFT JOIN catalog_returns ON cr_order_number = cs_order_number AND cs_item_sk = cr_item_sk JOIN date_dim ON cs_sold_date_sk = d_date_sk WHERE cr_order_number IS NULL GROUP BY d_year, cs_item_sk, cs_bill_customer_sk), ss AS (SELECT d_year AS ss_sold_year, ss_item_sk, ss_customer_sk, SUM(ss_quantity) AS ss_qty, SUM(ss_wholesale_cost) AS ss_wc, SUM(ss_sales_price) AS ss_sp FROM store_sales LEFT JOIN store_returns ON sr_ticket_number = ss_ticket_number AND ss_item_sk = sr_item_sk JOIN date_dim ON ss_sold_date_sk = d_date_sk WHERE sr_ticket_number IS NULL GROUP BY d_year, ss_item_sk, ss_customer_sk) SELECT ss_sold_year, ss_item_sk, ss_customer_sk, ROUND(CAST((ss_qty * 1.0) AS DOUBLE PRECISION) / NULLIF((COALESCE(ws_qty, 0.0) + COALESCE(cs_qty, 0.0)), 0), 1) AS ratio, ss_qty AS store_qty, ss_wc AS store_wholesale_cost, ss_sp AS store_sales_price, COALESCE(ws_qty, 0.0) + COALESCE(cs_qty, 0.0) AS other_chan_qty, COALESCE(ws_wc, 0.0) + COALESCE(cs_wc, 0.0) AS other_chan_wholesale_cost, COALESCE(ws_sp, 0.0) + COALESCE(cs_sp, 0.0) AS other_chan_sales_price FROM ss LEFT JOIN ws ON (ws_sold_year = ss_sold_year AND ws_item_sk = ss_item_sk AND ws_customer_sk = ss_customer_sk) LEFT JOIN cs ON (cs_sold_year = ss_sold_year AND cs_item_sk = ss_item_sk AND cs_customer_sk = ss_customer_sk) WHERE (COALESCE(ws_qty, 0.0) > 0.0 OR COALESCE(cs_qty, 0.0) > 0.0) AND ss_sold_year = 2521 ORDER BY ss_sold_year, ss_item_sk, ss_customer_sk, ss_qty DESC NULLS LAST, ss_wc DESC NULLS LAST, ss_sp DESC NULLS LAST, other_chan_qty, other_chan_wholesale_cost, other_chan_sales_price, ratio LIMIT 67;a9108319dc4229cad67ebe5039cb9847
3198;SELECT store_returns.* FROM store_returns JOIN date_dim ON store_returns.sr_returned_date_sk = date_dim.d_date_sk JOIN item ON store_returns.sr_item_sk = item.i_item_sk LIMIT 281;b22bbc0868702ea949ec9c6241611a85
3199;SELECT inventory.* FROM inventory JOIN item ON inventory.inv_item_sk = item.i_item_sk JOIN date_dim ON inventory.inv_date_sk = date_dim.d_date_sk LIMIT 144;806444e5cb1fcdf5192d09b6992a231a
3201;SELECT catalog_sales.* FROM catalog_sales JOIN customer ON catalog_sales.cs_bill_customer_sk = customer.c_customer_sk JOIN date_dim ON catalog_sales.cs_sold_date_sk = date_dim.d_date_sk LIMIT 498;8d86ef3b57713161a1673683beae3ada
3202;SELECT catalog_sales.* FROM catalog_sales JOIN date_dim ON catalog_sales.cs_sold_date_sk = date_dim.d_date_sk JOIN warehouse ON catalog_sales.cs_warehouse_sk = warehouse.w_warehouse_sk LIMIT 330;136c3029d0d12aa09cd7e093ced61900
3203;SELECT web_sales.* FROM web_sales JOIN item ON web_sales.ws_item_sk = item.i_item_sk LIMIT 472;5badbe9c7cb29f9170cbe71125d377c2
3204;SELECT inventory.* FROM inventory JOIN warehouse ON inventory.inv_warehouse_sk = warehouse.w_warehouse_sk JOIN date_dim ON inventory.inv_date_sk = date_dim.d_date_sk LIMIT 480;2e05daae76f676685dc5d62e3e7d3d02
3205;SELECT store_returns.* FROM store_returns JOIN item ON store_returns.sr_item_sk = item.i_item_sk LIMIT 389;7595912c700377e0644eaf9217aa0f41
3206;SELECT web_returns.* FROM web_returns JOIN item ON web_returns.wr_item_sk = item.i_item_sk JOIN customer ON web_returns.wr_refunded_customer_sk = customer.c_customer_sk LIMIT 205;0d42a8a3c8f3668bb08b9521ebec8ad7
3208;SELECT web_returns.* FROM web_returns JOIN item ON web_returns.wr_item_sk = item.i_item_sk LIMIT 76;016975bbe47de54bce28e4e17435861f
3209;SELECT web_returns.* FROM web_returns JOIN customer ON web_returns.wr_refunded_customer_sk = customer.c_customer_sk LIMIT 52;f60d36feb89cf5f7e51895fd789b0b9a
3210;SELECT inventory.* FROM inventory JOIN item ON inventory.inv_item_sk = item.i_item_sk JOIN date_dim ON inventory.inv_date_sk = date_dim.d_date_sk LIMIT 341;7326dc6b5f3b6ea224e5dd320485c81d
3211;SELECT web_sales.* FROM web_sales JOIN date_dim ON web_sales.ws_sold_date_sk = date_dim.d_date_sk LIMIT 277;b293ea919d22305cf57ef571297a63f5
3212;SELECT store_sales.* FROM store_sales JOIN item ON store_sales.ss_item_sk = item.i_item_sk LIMIT 143;d39219049c00624962ec9b1e5909cd2f
3213;SELECT catalog_sales.* FROM catalog_sales JOIN item ON catalog_sales.cs_item_sk = item.i_item_sk LIMIT 403;130be1bba5bf0106cf5280aa00fcc282
3214;SELECT web_returns.* FROM web_returns JOIN item ON web_returns.wr_item_sk = item.i_item_sk JOIN date_dim ON web_returns.wr_returned_date_sk = date_dim.d_date_sk LIMIT 384;69a27512c6ba93b09155737bc082e4cd
3217;SELECT store_sales.* FROM store_sales JOIN date_dim ON store_sales.ss_sold_date_sk = date_dim.d_date_sk LIMIT 131;6775415e04a71a7e3919421b8cf3eadd
3218;SELECT web_returns.* FROM web_returns JOIN date_dim ON web_returns.wr_returned_date_sk = date_dim.d_date_sk JOIN item ON web_returns.wr_item_sk = item.i_item_sk LIMIT 421;0c92881f7d6d5fe6809a287d6307108e
3219;SELECT web_returns.* FROM web_returns JOIN item ON web_returns.wr_item_sk = item.i_item_sk JOIN customer ON web_returns.wr_refunded_customer_sk = customer.c_customer_sk LIMIT 295;5ba2c4473797cc86e5157667bfa60f5d
3220;SELECT store_sales.* FROM store_sales JOIN date_dim ON store_sales.ss_sold_date_sk = date_dim.d_date_sk LIMIT 169;7af33f1a7f542fdf43607d9afd179f35
3221;SELECT store_returns.* FROM store_returns JOIN customer ON store_returns.sr_customer_sk = customer.c_customer_sk JOIN date_dim ON store_returns.sr_returned_date_sk = date_dim.d_date_sk LIMIT 467;a55d748600f8dd813ef1f89f74119f0e
3222;SELECT store_sales.* FROM store_sales JOIN store ON store_sales.ss_store_sk = store.s_store_sk JOIN date_dim ON store_sales.ss_sold_date_sk = date_dim.d_date_sk LIMIT 402;16629e58dbadd19fa64336db5842dfa8
3223;SELECT store_sales.* FROM store_sales JOIN item ON store_sales.ss_item_sk = item.i_item_sk JOIN store ON store_sales.ss_store_sk = store.s_store_sk LIMIT 282;0092c1b73d8d411419c9221f79048bc1
3224;SELECT store_sales.* FROM store_sales JOIN date_dim ON store_sales.ss_sold_date_sk = date_dim.d_date_sk LIMIT 204;6da3b69754979249b4299453568bd570
3225;SELECT store_sales.* FROM store_sales JOIN store ON store_sales.ss_store_sk = store.s_store_sk JOIN customer ON store_sales.ss_customer_sk = customer.c_customer_sk LIMIT 115;9410580a7481421d0cea1a6ae1ea6626
3226;SELECT store_returns.* FROM store_returns JOIN item ON store_returns.sr_item_sk = item.i_item_sk LIMIT 465;25f991add26599b9b86b30b5a08b6944
3227;SELECT inventory.* FROM inventory JOIN date_dim ON inventory.inv_date_sk = date_dim.d_date_sk LIMIT 386;8114abb87b74adbe1c1f68c0b6757663
3228;SELECT store_returns.* FROM store_returns JOIN date_dim ON store_returns.sr_returned_date_sk = date_dim.d_date_sk LIMIT 443;5d5fd863ab459cf1e874cb26af8fc94e
3229;SELECT inventory.* FROM inventory JOIN warehouse ON inventory.inv_warehouse_sk = warehouse.w_warehouse_sk JOIN date_dim ON inventory.inv_date_sk = date_dim.d_date_sk LIMIT 397;bcae04b6c91d3fb9102ca2f4a31d20b1
3230;SELECT catalog_sales.* FROM catalog_sales JOIN date_dim ON catalog_sales.cs_sold_date_sk = date_dim.d_date_sk JOIN item ON catalog_sales.cs_item_sk = item.i_item_sk LIMIT 224;6707a4a22eccf3a64341d270e04fe28f
3231;SELECT inventory.* FROM inventory JOIN item ON inventory.inv_item_sk = item.i_item_sk LIMIT 258;f03208b26c83a20145692325ac11def4
3232;SELECT a.ca_state AS state, COUNT(*) AS cnt FROM customer_address AS a, customer AS c, store_sales AS s, date_dim AS d, item AS i WHERE a.ca_address_sk = c.c_current_addr_sk AND c.c_customer_sk = s.ss_customer_sk AND s.ss_sold_date_sk = d.d_date_sk AND s.ss_item_sk = i.i_item_sk AND d.d_month_seq = (SELECT DISTINCT (d_month_seq) FROM date_dim WHERE d_year = 1405 AND d_moy = 1.0) AND i.i_current_price > 0 * (SELECT AVG(j.i_current_price) FROM item AS j WHERE j.i_category = i.i_category) GROUP BY a.ca_state HAVING COUNT(*) >= 14 ORDER BY cnt NULLS FIRST, a.ca_state NULLS FIRST LIMIT 129;61749f5d730b2141b346ec5df869a1d9
3233;SELECT inventory.* FROM inventory JOIN date_dim ON inventory.inv_date_sk = date_dim.d_date_sk LIMIT 433;4bb7871de1154247fe4894eed68a44bc
3234;SELECT store_sales.* FROM store_sales JOIN date_dim ON store_sales.ss_sold_date_sk = date_dim.d_date_sk LIMIT 423;8115541d3277b98173e68176b09d7ccf
3235;SELECT inventory.* FROM inventory JOIN warehouse ON inventory.inv_warehouse_sk = warehouse.w_warehouse_sk JOIN item ON inventory.inv_item_sk = item.i_item_sk LIMIT 438;42de47b88194f5255af2767016f1c8a9
3236;SELECT store_sales.* FROM store_sales JOIN store ON store_sales.ss_store_sk = store.s_store_sk JOIN date_dim ON store_sales.ss_sold_date_sk = date_dim.d_date_sk LIMIT 157;2d981f74cb85a5cb5a5e1a6526e91680
3238;SELECT web_returns.* FROM web_returns JOIN item ON web_returns.wr_item_sk = item.i_item_sk LIMIT 332;7a477fa90d8f77255ed2af98eb9ff536
3239;SELECT inventory.* FROM inventory JOIN warehouse ON inventory.inv_warehouse_sk = warehouse.w_warehouse_sk JOIN item ON inventory.inv_item_sk = item.i_item_sk LIMIT 361;c3bf9baa35ba0fdccb93d12d56a166e7
3240;SELECT web_returns.* FROM web_returns JOIN date_dim ON web_returns.wr_returned_date_sk = date_dim.d_date_sk JOIN item ON web_returns.wr_item_sk = item.i_item_sk LIMIT 57;ee2b76d2a262e8f784acd0fb505d38c0
3241;SELECT web_sales.* FROM web_sales JOIN date_dim ON web_sales.ws_sold_date_sk = date_dim.d_date_sk LIMIT 474;282924fdaea19cf267135a9a289535ab
3242;SELECT catalog_sales.* FROM catalog_sales JOIN date_dim ON catalog_sales.cs_sold_date_sk = date_dim.d_date_sk JOIN warehouse ON catalog_sales.cs_warehouse_sk = warehouse.w_warehouse_sk LIMIT 147;478411932b15b83233570c48b082e826
3243;SELECT web_sales.* FROM web_sales JOIN customer ON web_sales.ws_bill_customer_sk = customer.c_customer_sk LIMIT 427;16840bd8e17427369a477cf20e22e8cd
3244;SELECT store_returns.* FROM store_returns JOIN customer ON store_returns.sr_customer_sk = customer.c_customer_sk JOIN date_dim ON store_returns.sr_returned_date_sk = date_dim.d_date_sk LIMIT 231;624144c2b3ae12610c441db1d13bdd0b
3245;SELECT web_sales.* FROM web_sales JOIN customer ON web_sales.ws_bill_customer_sk = customer.c_customer_sk LIMIT 124;d1cd24cbf20dadc401796de450d8517a
3248;SELECT store_returns.* FROM store_returns JOIN date_dim ON store_returns.sr_returned_date_sk = date_dim.d_date_sk JOIN item ON store_returns.sr_item_sk = item.i_item_sk LIMIT 141;319c3a79af7d1a792aaa0685974309ab
3250;SELECT store_sales.* FROM store_sales JOIN store ON store_sales.ss_store_sk = store.s_store_sk LIMIT 161;0c187873c22ffbfa5f89b20339c13a20
3253;SELECT web_returns.* FROM web_returns JOIN date_dim ON web_returns.wr_returned_date_sk = date_dim.d_date_sk JOIN item ON web_returns.wr_item_sk = item.i_item_sk LIMIT 179;9a88bdc19d3c1fd1d2520b1b659e88a1
3254;SELECT store_sales.* FROM store_sales JOIN store ON store_sales.ss_store_sk = store.s_store_sk JOIN item ON store_sales.ss_item_sk = item.i_item_sk LIMIT 439;6ecf506355e59e7faa288fdc853deea6
3255;SELECT inventory.* FROM inventory JOIN warehouse ON inventory.inv_warehouse_sk = warehouse.w_warehouse_sk JOIN item ON inventory.inv_item_sk = item.i_item_sk LIMIT 199;c7a7824e151ba81f1b672eff0623e313
3256;SELECT catalog_sales.* FROM catalog_sales JOIN customer ON catalog_sales.cs_bill_customer_sk = customer.c_customer_sk JOIN warehouse ON catalog_sales.cs_warehouse_sk = warehouse.w_warehouse_sk LIMIT 485;575436793e9a6bba5ca3b04492cc0d97
3257;SELECT web_sales.* FROM web_sales JOIN customer ON web_sales.ws_bill_customer_sk = customer.c_customer_sk JOIN item ON web_sales.ws_item_sk = item.i_item_sk LIMIT 131;841f13b070f8d0fcdeee1dfdaaa43a5a
3258;SELECT catalog_sales.* FROM catalog_sales JOIN customer ON catalog_sales.cs_bill_customer_sk = customer.c_customer_sk LIMIT 478;7ce9b37ea84c92df361fdef8831e5a68
3259;SELECT web_sales.* FROM web_sales JOIN customer ON web_sales.ws_bill_customer_sk = customer.c_customer_sk JOIN date_dim ON web_sales.ws_sold_date_sk = date_dim.d_date_sk LIMIT 487;6b45afb92e2287f4f5d230e5664441a1
3260;SELECT catalog_sales.* FROM catalog_sales JOIN warehouse ON catalog_sales.cs_warehouse_sk = warehouse.w_warehouse_sk JOIN customer ON catalog_sales.cs_bill_customer_sk = customer.c_customer_sk LIMIT 377;0e4c09e9246e3059dfac36b89e932874
3261;SELECT store_returns.* FROM store_returns JOIN date_dim ON store_returns.sr_returned_date_sk = date_dim.d_date_sk LIMIT 334;58a359724d29faf87645409b57de3481
3262;SELECT store_returns.* FROM store_returns JOIN date_dim ON store_returns.sr_returned_date_sk = date_dim.d_date_sk LIMIT 490;273610ca57c0befe33789bcb493fe029
3264;SELECT store_returns.* FROM store_returns JOIN item ON store_returns.sr_item_sk = item.i_item_sk LIMIT 198;13b9b9d596adf8a9ef83db525f402192
3265;SELECT web_sales.* FROM web_sales JOIN item ON web_sales.ws_item_sk = item.i_item_sk LIMIT 256;3561ba445dec2a6b5c23fedad329c162
3267;SELECT web_sales.* FROM web_sales JOIN item ON web_sales.ws_item_sk = item.i_item_sk JOIN customer ON web_sales.ws_bill_customer_sk = customer.c_customer_sk LIMIT 355;9dd9db5a3f8dbe62d9d59aa65a0cc7af
3268;SELECT catalog_sales.* FROM catalog_sales JOIN item ON catalog_sales.cs_item_sk = item.i_item_sk JOIN warehouse ON catalog_sales.cs_warehouse_sk = warehouse.w_warehouse_sk LIMIT 175;c5724ec30fe3e54db71a109edf65ef11
3269;SELECT web_sales.* FROM web_sales JOIN date_dim ON web_sales.ws_sold_date_sk = date_dim.d_date_sk LIMIT 424;e0d9ff2d10ece0f86596c49835653bc5
3270;SELECT inventory.* FROM inventory JOIN warehouse ON inventory.inv_warehouse_sk = warehouse.w_warehouse_sk LIMIT 404;35110300d8143caa8ca7872c26fa0e30
3271;SELECT store_returns.* FROM store_returns JOIN date_dim ON store_returns.sr_returned_date_sk = date_dim.d_date_sk JOIN item ON store_returns.sr_item_sk = item.i_item_sk LIMIT 403;43e4e45f5ce741f969dbf66d2ac3f8bc
3272;SELECT store_sales.* FROM store_sales JOIN date_dim ON store_sales.ss_sold_date_sk = date_dim.d_date_sk LIMIT 351;c783fad8923f48baa28803c0a84adc2a
3273;SELECT store_returns.* FROM store_returns JOIN customer ON store_returns.sr_customer_sk = customer.c_customer_sk JOIN item ON store_returns.sr_item_sk = item.i_item_sk LIMIT 54;f6137057337a2b7f4bc72693dabf4e73
3274;SELECT store_returns.* FROM store_returns JOIN customer ON store_returns.sr_customer_sk = customer.c_customer_sk JOIN date_dim ON store_returns.sr_returned_date_sk = date_dim.d_date_sk LIMIT 317;a410d046073b61c4baae4ecc41366658
3275;SELECT web_returns.* FROM web_returns JOIN item ON web_returns.wr_item_sk = item.i_item_sk LIMIT 373;551ce67ab952a374de3f8919116b974f
3276;SELECT web_sales.* FROM web_sales JOIN web_site ON web_sales.ws_web_site_sk = web_site.web_site_sk JOIN item ON web_sales.ws_item_sk = item.i_item_sk LIMIT 202;72d47925658cbd3678308d0fe6b30b0f
3277;SELECT web_returns.* FROM web_returns JOIN customer ON web_returns.wr_refunded_customer_sk = customer.c_customer_sk JOIN date_dim ON web_returns.wr_returned_date_sk = date_dim.d_date_sk LIMIT 461;2c7f731913e38b470c13b4656985b106
3278;SELECT inventory.* FROM inventory JOIN warehouse ON inventory.inv_warehouse_sk = warehouse.w_warehouse_sk LIMIT 65;a389cc0d4da1ef7ae9f20c9680dd51f4
3279;SELECT web_returns.* FROM web_returns JOIN item ON web_returns.wr_item_sk = item.i_item_sk JOIN date_dim ON web_returns.wr_returned_date_sk = date_dim.d_date_sk LIMIT 129;17fe452e198434c8a51edf82adab91cf
3280;SELECT catalog_sales.* FROM catalog_sales JOIN customer ON catalog_sales.cs_bill_customer_sk = customer.c_customer_sk JOIN date_dim ON catalog_sales.cs_sold_date_sk = date_dim.d_date_sk LIMIT 211;b47e1be3b269b7008fc0fd3308a57af3
3281;SELECT inventory.* FROM inventory JOIN item ON inventory.inv_item_sk = item.i_item_sk LIMIT 248;b799e9c0a1cc9beaa71c9f5b7e01f3aa
3283;SELECT web_sales.* FROM web_sales JOIN web_site ON web_sales.ws_web_site_sk = web_site.web_site_sk LIMIT 212;9a3866d78af37cf360b76aee945dfd46
3284;SELECT web_returns.* FROM web_returns JOIN customer ON web_returns.wr_refunded_customer_sk = customer.c_customer_sk LIMIT 446;bb75f0d84e85462b13cbeb0073484c8e
3285;SELECT catalog_sales.* FROM catalog_sales JOIN warehouse ON catalog_sales.cs_warehouse_sk = warehouse.w_warehouse_sk JOIN item ON catalog_sales.cs_item_sk = item.i_item_sk LIMIT 430;7e32cb8173bba4f580fd82f3a3dee057
3286;SELECT inventory.* FROM inventory JOIN warehouse ON inventory.inv_warehouse_sk = warehouse.w_warehouse_sk JOIN item ON inventory.inv_item_sk = item.i_item_sk LIMIT 451;5d8589b646300d7b2d8774bd7e80cf4a
3287;SELECT catalog_sales.* FROM catalog_sales JOIN customer ON catalog_sales.cs_bill_customer_sk = customer.c_customer_sk JOIN item ON catalog_sales.cs_item_sk = item.i_item_sk LIMIT 418;257ad1dab4c136e15363f2035fb4486f
3288;SELECT store_sales.* FROM store_sales JOIN customer ON store_sales.ss_customer_sk = customer.c_customer_sk LIMIT 233;03143cc05946f2d62db6ee5160a5943a
3289;SELECT w_state, i_item_id, SUM(CASE WHEN (CAST(d_date AS DATE) < CAST('2000-03-11' AS DATE)) THEN cs_sales_price - COALESCE(cr_refunded_cash, 0.0) ELSE 0.0 END) AS sales_before, SUM(CASE WHEN (CAST(d_date AS DATE) >= CAST('2000-03-11' AS DATE)) THEN cs_sales_price - COALESCE(cr_refunded_cash, 0.0) ELSE 0.0 END) AS sales_after FROM catalog_sales LEFT OUTER JOIN catalog_returns ON (cs_order_number = cr_order_number AND cs_item_sk = cr_item_sk), warehouse, item, date_dim WHERE i_current_price BETWEEN 0.99 AND 0 AND i_item_sk = cs_item_sk AND cs_warehouse_sk = w_warehouse_sk AND cs_sold_date_sk = d_date_sk AND d_date BETWEEN CAST('2000-02-10' AS DATE) AND CAST('2000-04-10' AS DATE) GROUP BY w_state, i_item_id ORDER BY w_state, i_item_id LIMIT 147;1d1d92ee165cc623a557a576419961ea
3291;SELECT store_sales.* FROM store_sales JOIN store ON store_sales.ss_store_sk = store.s_store_sk LIMIT 175;f855d2b80fbc26049f9404e08e55406d
3292;SELECT channel, item, return_ratio, return_rank, currency_rank FROM (SELECT 'web' AS channel, web.item, web.return_ratio, web.return_rank, web.currency_rank FROM (SELECT item, return_ratio, currency_ratio, RANK() OVER (ORDER BY return_ratio) AS return_rank, RANK() OVER (ORDER BY currency_ratio) AS currency_rank FROM (SELECT ws.ws_item_sk AS item, (CAST(SUM(COALESCE(wr.wr_return_quantity, 0.0)) AS DECIMAL(14, 4)) / NULLIF(CAST(SUM(COALESCE(ws.ws_quantity, 0.0)) AS DECIMAL(9, 2)), 0)) AS return_ratio, (CAST(SUM(COALESCE(wr.wr_return_amt, 0.0)) AS DECIMAL(10, 4)) / NULLIF(CAST(SUM(COALESCE(ws.ws_net_paid, 0.0)) AS DECIMAL(22, 4)), 0)) AS currency_ratio FROM web_sales AS ws LEFT OUTER JOIN web_returns AS wr ON (ws.ws_order_number = wr.wr_order_number AND ws.ws_item_sk = wr.wr_item_sk), date_dim WHERE wr.wr_return_amt > 5430 AND ws.ws_net_profit > 1.0 AND ws.ws_net_paid > 0.0 AND ws.ws_quantity > 0.0 AND ws_sold_date_sk = d_date_sk AND d_year = 1917 AND d_moy = 13 GROUP BY ws.ws_item_sk) AS in_web) AS web WHERE (web.return_rank <= 5 OR web.currency_rank <= 10) UNION SELECT 'catalog' AS channel, catalog.item, catalog.return_ratio, catalog.return_rank, catalog.currency_rank FROM (SELECT item, return_ratio, currency_ratio, RANK() OVER (ORDER BY return_ratio) AS return_rank, RANK() OVER (ORDER BY currency_ratio) AS currency_rank FROM (SELECT cs.cs_item_sk AS item FROM catalog_sales AS cs, date_dim WHERE  GROUP BY cs.cs_item_sk) AS in_cat) AS CATALOG WHERE (catalog.return_rank <= 12 OR catalog.currency_rank <= 5) UNION SELECT 'store' AS channel, store.item, store.return_ratio, store.return_rank, store.currency_rank FROM (SELECT item, return_ratio, currency_ratio, RANK() OVER (ORDER BY return_ratio) AS return_rank, RANK() OVER (ORDER BY currency_ratio) AS currency_rank FROM (SELECT sts.ss_item_sk AS item, (CAST(SUM(COALESCE(sr.sr_return_quantity, 0.0)) AS DECIMAL(16, 5)) / NULLIF(CAST(SUM(COALESCE(sts.ss_quantity, 0.0)) AS DECIMAL(20, 3)), 0)) AS return_ratio, (CAST(SUM(COALESCE(sr.sr_return_amt, 0.0)) AS DECIMAL(11, 5)) / NULLIF(CAST(SUM(COALESCE(sts.ss_net_paid, 0.0)) AS DECIMAL(9, 5)), 0)) AS currency_ratio FROM store_sales AS sts LEFT OUTER JOIN store_returns AS sr ON (sts.ss_ticket_number = sr.sr_ticket_number AND sts.ss_item_sk = sr.sr_item_sk), date_dim WHERE sr.sr_return_amt > 9552 AND sts.ss_net_profit > 1.0 AND sts.ss_net_paid > 0.0 AND sts.ss_quantity > 0.0 AND ss_sold_date_sk = d_date_sk AND d_year = 2212 AND d_moy = 17 GROUP BY sts.ss_item_sk) AS in_store) AS store WHERE (store.return_rank <= 8 OR store.currency_rank <= 8)) AS sq1 ORDER BY 1.0 NULLS FIRST, 5 NULLS FIRST, 6 NULLS FIRST, 2 NULLS FIRST LIMIT 97;8a2c2304a0b1ce3d043db24e06bb6519
3293;SELECT web_sales.* FROM web_sales JOIN item ON web_sales.ws_item_sk = item.i_item_sk LIMIT 310;278636be71ddab62c04bc161fb0b69e0
3294;SELECT store_returns.* FROM store_returns JOIN date_dim ON store_returns.sr_returned_date_sk = date_dim.d_date_sk LIMIT 289;1719cd26edca4ae23da620e6f1835a97
3295;SELECT store_sales.* FROM store_sales JOIN customer ON store_sales.ss_customer_sk = customer.c_customer_sk LIMIT 414;e834f6fd5ea2a5bb944367df7b71c7af
3296;SELECT inventory.* FROM inventory JOIN item ON inventory.inv_item_sk = item.i_item_sk JOIN warehouse ON inventory.inv_warehouse_sk = warehouse.w_warehouse_sk LIMIT 356;d012fd9e413487e13611de4ff374c29f
3297;SELECT catalog_sales.* FROM catalog_sales JOIN date_dim ON catalog_sales.cs_sold_date_sk = date_dim.d_date_sk JOIN warehouse ON catalog_sales.cs_warehouse_sk = warehouse.w_warehouse_sk LIMIT 278;fa9e959cf88210683455381a4e9faa53
3298;SELECT store_sales.* FROM store_sales JOIN customer ON store_sales.ss_customer_sk = customer.c_customer_sk LIMIT 440;0fff52fb5bf45b05305a6ba550d89372
3299;SELECT i_item_desc, w_warehouse_name, d1.d_week_seq, SUM(CASE WHEN p_promo_sk IS NULL THEN 1.0 ELSE 0.0 END) AS no_promo, SUM(CASE WHEN NOT p_promo_sk IS NULL THEN 1.0 ELSE 0.0 END) AS promo, COUNT(*) AS total_cnt FROM catalog_sales JOIN inventory ON (cs_item_sk = inv_item_sk) JOIN item ON (i_item_sk = cs_item_sk) JOIN customer_demographics ON (cs_bill_cdemo_sk = cd_demo_sk) JOIN household_demographics ON (cs_bill_hdemo_sk = hd_demo_sk) JOIN date_dim AS d1 ON (cs_sold_date_sk = d1.d_date_sk) JOIN date_dim AS d2 ON (inv_date_sk = d2.d_date_sk) JOIN date_dim AS d3 ON (cs_ship_date_sk = d3.d_date_sk) LEFT OUTER JOIN promotion ON (cs_promo_sk = p_promo_sk) LEFT OUTER JOIN catalog_returns ON (cr_item_sk = cs_item_sk AND cr_order_number = cs_order_number) WHERE d1.d_week_seq = d2.d_week_seq AND inv_quantity_on_hand < cs_quantity AND d3.d_date > d1.d_date + 3 AND hd_buy_potential = '>10000' AND d1.d_year = 1695 AND cd_marital_status = 'D' GROUP BY i_item_desc, w_warehouse_name, d1.d_week_seq ORDER BY total_cnt DESC, i_item_desc NULLS FIRST, w_warehouse_name NULLS FIRST, d1.d_week_seq NULLS FIRST LIMIT 103;d58dcceb3f4b0cfd91f6f56f08e05637
3300;SELECT web_sales.* FROM web_sales JOIN customer ON web_sales.ws_bill_customer_sk = customer.c_customer_sk LIMIT 215;a2d519d3c8410e6fd928a7e2d99b0421
3301;SELECT store_returns.* FROM store_returns JOIN item ON store_returns.sr_item_sk = item.i_item_sk LIMIT 326;a11975f4e05a625e33cca4a5c21df2c7
3303;SELECT web_returns.* FROM web_returns JOIN customer ON web_returns.wr_refunded_customer_sk = customer.c_customer_sk LIMIT 97;69219861266a814eb4c838d818a69d7e
3304;SELECT catalog_sales.* FROM catalog_sales JOIN warehouse ON catalog_sales.cs_warehouse_sk = warehouse.w_warehouse_sk LIMIT 74;9a6c608013887fe74abc3a406f6c13ba
3305;SELECT store_sales.* FROM store_sales JOIN store ON store_sales.ss_store_sk = store.s_store_sk JOIN customer ON store_sales.ss_customer_sk = customer.c_customer_sk LIMIT 69;d19a7c6e22b35cb4dc4cd6bd9135cca2
3306;SELECT store_sales.* FROM store_sales JOIN item ON store_sales.ss_item_sk = item.i_item_sk JOIN store ON store_sales.ss_store_sk = store.s_store_sk LIMIT 299;b3a0be230f9fb73a15278861aa9e9e51
3307;SELECT inventory.* FROM inventory JOIN warehouse ON inventory.inv_warehouse_sk = warehouse.w_warehouse_sk JOIN item ON inventory.inv_item_sk = item.i_item_sk LIMIT 381;3573d103bdaa15f97a5517b392b91b21
3308;SELECT inventory.* FROM inventory JOIN item ON inventory.inv_item_sk = item.i_item_sk LIMIT 399;30307409be7ee6d6fdbdaa6991adc2ae
3310;SELECT web_sales.* FROM web_sales JOIN date_dim ON web_sales.ws_sold_date_sk = date_dim.d_date_sk LIMIT 437;c81290299768d01511a04e686723604c
3312;SELECT web_returns.* FROM web_returns JOIN customer ON web_returns.wr_refunded_customer_sk = customer.c_customer_sk LIMIT 141;77d487d5d5fb66055094bfc03fb37d70
3313;SELECT inventory.* FROM inventory JOIN date_dim ON inventory.inv_date_sk = date_dim.d_date_sk JOIN warehouse ON inventory.inv_warehouse_sk = warehouse.w_warehouse_sk LIMIT 229;1efe8f91857dd9bf625e28da95b4c565
3315;SELECT web_returns.* FROM web_returns JOIN customer ON web_returns.wr_refunded_customer_sk = customer.c_customer_sk JOIN item ON web_returns.wr_item_sk = item.i_item_sk LIMIT 257;e0c676aa42122dfe462d228490325fee
3316;SELECT catalog_sales.* FROM catalog_sales JOIN item ON catalog_sales.cs_item_sk = item.i_item_sk LIMIT 385;5fc3ee9a56c07ac6fa651bcec857c6e6
3317;SELECT inventory.* FROM inventory JOIN date_dim ON inventory.inv_date_sk = date_dim.d_date_sk JOIN item ON inventory.inv_item_sk = item.i_item_sk LIMIT 483;2a330736877f96f4c931e8d7fe031058
3318;SELECT store_returns.* FROM store_returns JOIN item ON store_returns.sr_item_sk = item.i_item_sk LIMIT 348;eb8f0c6106503c24e6517c643681c254
3319;SELECT web_sales.* FROM web_sales JOIN item ON web_sales.ws_item_sk = item.i_item_sk LIMIT 244;419c8e43b5a2dfc0c5bf1b82b80f88aa
3320;SELECT store_returns.* FROM store_returns JOIN date_dim ON store_returns.sr_returned_date_sk = date_dim.d_date_sk LIMIT 354;01a9ee797f54c77dcbf96753d8c6b89c
3321;SELECT catalog_sales.* FROM catalog_sales JOIN customer ON catalog_sales.cs_bill_customer_sk = customer.c_customer_sk LIMIT 281;e567a2b46f1331545389c829ba561fcd
3322;WITH ws AS (SELECT d_year AS ws_sold_year, ws_item_sk, ws_bill_customer_sk AS ws_customer_sk, SUM(ws_quantity) AS ws_qty, SUM(ws_wholesale_cost) AS ws_wc, SUM(ws_sales_price) AS ws_sp FROM web_sales LEFT JOIN web_returns ON wr_order_number = ws_order_number AND ws_item_sk = wr_item_sk JOIN date_dim ON ws_sold_date_sk = d_date_sk WHERE wr_order_number IS NULL GROUP BY d_year, ws_item_sk, ws_bill_customer_sk), cs AS (SELECT d_year AS cs_sold_year, cs_item_sk, cs_bill_customer_sk AS cs_customer_sk, SUM(cs_quantity) AS cs_qty, SUM(cs_wholesale_cost) AS cs_wc, SUM(cs_sales_price) AS cs_sp FROM catalog_sales LEFT JOIN catalog_returns ON cr_order_number = cs_order_number AND cs_item_sk = cr_item_sk JOIN date_dim ON cs_sold_date_sk = d_date_sk WHERE cr_order_number IS NULL GROUP BY d_year, cs_item_sk, cs_bill_customer_sk), ss AS (SELECT d_year AS ss_sold_year, ss_item_sk, ss_customer_sk, SUM(ss_quantity) AS ss_qty, SUM(ss_wholesale_cost) AS ss_wc, SUM(ss_sales_price) AS ss_sp FROM store_sales LEFT JOIN store_returns ON sr_ticket_number = ss_ticket_number AND ss_item_sk = sr_item_sk JOIN date_dim ON ss_sold_date_sk = d_date_sk WHERE sr_ticket_number IS NULL GROUP BY d_year, ss_item_sk, ss_customer_sk) SELECT ss_sold_year, ss_item_sk, ss_customer_sk, ROUND(CAST((ss_qty * 1.0) AS DOUBLE PRECISION) / NULLIF((COALESCE(ws_qty, 0.0) + COALESCE(cs_qty, 0.0)), 0), 2) AS ratio, ss_qty AS store_qty, ss_wc AS store_wholesale_cost, ss_sp AS store_sales_price, COALESCE(ws_qty, 0.0) + COALESCE(cs_qty, 0.0) AS other_chan_qty, COALESCE(ws_wc, 0.0) + COALESCE(cs_wc, 0.0) AS other_chan_wholesale_cost, COALESCE(ws_sp, 0.0) + COALESCE(cs_sp, 0.0) AS other_chan_sales_price FROM ss LEFT JOIN ws ON (ws_sold_year = ss_sold_year AND ws_item_sk = ss_item_sk AND ws_customer_sk = ss_customer_sk) LEFT JOIN cs ON (cs_sold_year = ss_sold_year AND cs_item_sk = ss_item_sk AND cs_customer_sk = ss_customer_sk) WHERE (COALESCE(ws_qty, 0.0) > 0.0 OR COALESCE(cs_qty, 0.0) > 0.0) AND ss_sold_year = 1662 ORDER BY ss_sold_year, ss_item_sk, ss_customer_sk, ss_qty DESC NULLS LAST, ss_wc DESC NULLS LAST, ss_sp DESC NULLS LAST, other_chan_qty, other_chan_wholesale_cost, other_chan_sales_price, ratio LIMIT 89;cd46a22760b4eb3ddecdb74403839a28
3323;SELECT dt.d_year, item.i_brand_id AS brand_id, item.i_brand AS brand, SUM(ss_ext_sales_price) AS sum_agg FROM date_dim AS dt, store_sales, item WHERE dt.d_date_sk = store_sales.ss_sold_date_sk AND store_sales.ss_item_sk = item.i_item_sk AND item.i_manufact_id = 138 AND dt.d_moy = 6 GROUP BY dt.d_year, item.i_brand, item.i_brand_id ORDER BY dt.d_year, sum_agg DESC NULLS LAST, brand_id LIMIT 123;256f097c0437ffce278a70794cb15b41
3324;SELECT web_returns.* FROM web_returns JOIN item ON web_returns.wr_item_sk = item.i_item_sk JOIN customer ON web_returns.wr_refunded_customer_sk = customer.c_customer_sk LIMIT 201;45d4b4e846a3df0cede2b5f7573de2eb
3325;SELECT store_sales.* FROM store_sales JOIN customer ON store_sales.ss_customer_sk = customer.c_customer_sk JOIN store ON store_sales.ss_store_sk = store.s_store_sk LIMIT 262;41dc906236fb625bc6f049d18fae40ef
3326;SELECT catalog_sales.* FROM catalog_sales JOIN customer ON catalog_sales.cs_bill_customer_sk = customer.c_customer_sk JOIN warehouse ON catalog_sales.cs_warehouse_sk = warehouse.w_warehouse_sk LIMIT 426;ee3fd43fa9960aaa0a4da335d39ebcfe
3327;SELECT web_sales.* FROM web_sales JOIN item ON web_sales.ws_item_sk = item.i_item_sk LIMIT 272;56919d5f3f38501e607b97dcf602f97a
3328;SELECT store_sales.* FROM store_sales JOIN date_dim ON store_sales.ss_sold_date_sk = date_dim.d_date_sk JOIN store ON store_sales.ss_store_sk = store.s_store_sk LIMIT 105;a95c6e6e8f5eaebdc1881124a027de82
3329;SELECT catalog_sales.* FROM catalog_sales JOIN item ON catalog_sales.cs_item_sk = item.i_item_sk LIMIT 344;371e42059e1107cc1377d984e51e40b5
3330;SELECT catalog_sales.* FROM catalog_sales JOIN customer ON catalog_sales.cs_bill_customer_sk = customer.c_customer_sk JOIN warehouse ON catalog_sales.cs_warehouse_sk = warehouse.w_warehouse_sk LIMIT 88;8c086e1aeb9878ddf213b022231ab8f1
3331;SELECT web_returns.* FROM web_returns JOIN item ON web_returns.wr_item_sk = item.i_item_sk JOIN date_dim ON web_returns.wr_returned_date_sk = date_dim.d_date_sk LIMIT 485;6e2bec3323acf7090e75a6d7a43d8739
3332;SELECT web_sales.* FROM web_sales JOIN web_site ON web_sales.ws_web_site_sk = web_site.web_site_sk JOIN customer ON web_sales.ws_bill_customer_sk = customer.c_customer_sk LIMIT 359;d1230e0a741c00792676e7e311708dc7
3333;SELECT web_returns.* FROM web_returns JOIN customer ON web_returns.wr_refunded_customer_sk = customer.c_customer_sk LIMIT 95;0690671347ac032fdf8564001b180f33
3334;SELECT web_sales.* FROM web_sales JOIN item ON web_sales.ws_item_sk = item.i_item_sk JOIN date_dim ON web_sales.ws_sold_date_sk = date_dim.d_date_sk LIMIT 281;0e916532e911cc03aab640e39f30b9f0
3335;SELECT catalog_sales.* FROM catalog_sales JOIN warehouse ON catalog_sales.cs_warehouse_sk = warehouse.w_warehouse_sk JOIN item ON catalog_sales.cs_item_sk = item.i_item_sk LIMIT 164;4e96ddf233bb88fd2c085c8b2880215a
3336;SELECT web_sales.* FROM web_sales JOIN customer ON web_sales.ws_bill_customer_sk = customer.c_customer_sk JOIN date_dim ON web_sales.ws_sold_date_sk = date_dim.d_date_sk LIMIT 140;a098c3a5aa0f400d7bcf31dfe07bf08d
3337;SELECT store_sales.* FROM store_sales JOIN item ON store_sales.ss_item_sk = item.i_item_sk LIMIT 56;aee672af106c7f3df09d2d0e7a0b1550
3338;SELECT catalog_sales.* FROM catalog_sales JOIN warehouse ON catalog_sales.cs_warehouse_sk = warehouse.w_warehouse_sk LIMIT 166;451682f128a3b0f2008d183a3f4df598
3339;SELECT web_sales.* FROM web_sales JOIN date_dim ON web_sales.ws_sold_date_sk = date_dim.d_date_sk JOIN web_site ON web_sales.ws_web_site_sk = web_site.web_site_sk LIMIT 75;c7dbe80347c63aaa6802e383ed262729
3341;SELECT store_returns.* FROM store_returns JOIN item ON store_returns.sr_item_sk = item.i_item_sk JOIN customer ON store_returns.sr_customer_sk = customer.c_customer_sk LIMIT 314;b468eeb1768515427e1cd9d7b88bfa20
3342;SELECT store_sales.* FROM store_sales JOIN store ON store_sales.ss_store_sk = store.s_store_sk LIMIT 230;3c2619d2e79be1743808f6463cc089f5
3343;SELECT web_sales.* FROM web_sales JOIN date_dim ON web_sales.ws_sold_date_sk = date_dim.d_date_sk JOIN item ON web_sales.ws_item_sk = item.i_item_sk LIMIT 327;95bd5b75a989d0ca32b8b45039189662
3345;SELECT inventory.* FROM inventory JOIN item ON inventory.inv_item_sk = item.i_item_sk LIMIT 359;f6ffad6ed5b8f0f590ce5693a2fcf897
3346;SELECT catalog_sales.* FROM catalog_sales JOIN date_dim ON catalog_sales.cs_sold_date_sk = date_dim.d_date_sk LIMIT 397;a343bdf1fffdf0060017ffa61daddcba
3347;SELECT store_sales.* FROM store_sales JOIN item ON store_sales.ss_item_sk = item.i_item_sk LIMIT 245;30c0f72ea8f96ddf5c2e8297d1123bc2
3348;SELECT web_returns.* FROM web_returns JOIN item ON web_returns.wr_item_sk = item.i_item_sk JOIN date_dim ON web_returns.wr_returned_date_sk = date_dim.d_date_sk LIMIT 458;1c4b709fbcda6c572453f0946ec63fc4
3349;SELECT web_returns.* FROM web_returns JOIN date_dim ON web_returns.wr_returned_date_sk = date_dim.d_date_sk JOIN customer ON web_returns.wr_refunded_customer_sk = customer.c_customer_sk LIMIT 115;d503fd088b55c11db898e8f792bc9bd0
3350;SELECT inventory.* FROM inventory JOIN date_dim ON inventory.inv_date_sk = date_dim.d_date_sk JOIN warehouse ON inventory.inv_warehouse_sk = warehouse.w_warehouse_sk LIMIT 221;ea2f0ab114a0e60d3aa645b2257627a7
3351;SELECT inventory.* FROM inventory JOIN date_dim ON inventory.inv_date_sk = date_dim.d_date_sk LIMIT 327;2ba2d758b000d68d5ef827be0b23dc54
3352;SELECT store_returns.* FROM store_returns JOIN customer ON store_returns.sr_customer_sk = customer.c_customer_sk JOIN item ON store_returns.sr_item_sk = item.i_item_sk LIMIT 383;604bbc1c13e10228f6ae49aea9c57f79
3353;SELECT web_sales.* FROM web_sales JOIN date_dim ON web_sales.ws_sold_date_sk = date_dim.d_date_sk JOIN customer ON web_sales.ws_bill_customer_sk = customer.c_customer_sk LIMIT 345;a0fbb1c138386ca8b2fa5bf11332463f
3354;SELECT store_returns.* FROM store_returns JOIN date_dim ON store_returns.sr_returned_date_sk = date_dim.d_date_sk JOIN item ON store_returns.sr_item_sk = item.i_item_sk LIMIT 169;530aef12665e7b550b75334a8fc2ecfc
3355;SELECT store_returns.* FROM store_returns JOIN date_dim ON store_returns.sr_returned_date_sk = date_dim.d_date_sk JOIN customer ON store_returns.sr_customer_sk = customer.c_customer_sk LIMIT 222;9653fc720bf6593468d9b8c4736c718d
3356;SELECT inventory.* FROM inventory JOIN warehouse ON inventory.inv_warehouse_sk = warehouse.w_warehouse_sk JOIN item ON inventory.inv_item_sk = item.i_item_sk LIMIT 109;887ab27e7a03652ab5a7cc6c83aa5fcb
3357;SELECT store_sales.* FROM store_sales JOIN item ON store_sales.ss_item_sk = item.i_item_sk JOIN customer ON store_sales.ss_customer_sk = customer.c_customer_sk LIMIT 229;4ec28e2bc5c15962b21d5137a89842db
3358;SELECT web_sales.* FROM web_sales JOIN date_dim ON web_sales.ws_sold_date_sk = date_dim.d_date_sk JOIN customer ON web_sales.ws_bill_customer_sk = customer.c_customer_sk LIMIT 357;ca66b1163e90e7d2b9a16ff92e0d76fc
3359;SELECT store_sales.* FROM store_sales JOIN customer ON store_sales.ss_customer_sk = customer.c_customer_sk LIMIT 404;ca6c72025ee12f15200d69df472493ed
3360;SELECT inventory.* FROM inventory JOIN warehouse ON inventory.inv_warehouse_sk = warehouse.w_warehouse_sk JOIN date_dim ON inventory.inv_date_sk = date_dim.d_date_sk LIMIT 365;1176e8e7416aa4ec4b0e3d75a3fa0813
3361;SELECT web_returns.* FROM web_returns JOIN date_dim ON web_returns.wr_returned_date_sk = date_dim.d_date_sk JOIN item ON web_returns.wr_item_sk = item.i_item_sk LIMIT 281;59498f3bb32e3f116665a50b767736b3
3362;SELECT inventory.* FROM inventory JOIN warehouse ON inventory.inv_warehouse_sk = warehouse.w_warehouse_sk LIMIT 351;2227b096ef696b10260b41a0a6126418
3363;SELECT web_sales.* FROM web_sales JOIN item ON web_sales.ws_item_sk = item.i_item_sk JOIN date_dim ON web_sales.ws_sold_date_sk = date_dim.d_date_sk LIMIT 195;3c0d9f2acf1aafbfdfa0e5b81c92280a
3365;SELECT web_returns.* FROM web_returns JOIN item ON web_returns.wr_item_sk = item.i_item_sk LIMIT 253;04bf2cc8aa4c9561c646a366e27f8307
3367;SELECT catalog_sales.* FROM catalog_sales JOIN date_dim ON catalog_sales.cs_sold_date_sk = date_dim.d_date_sk JOIN warehouse ON catalog_sales.cs_warehouse_sk = warehouse.w_warehouse_sk LIMIT 78;22adbaa741fa2fcde52f68c6202a9e8d
3368;SELECT catalog_sales.* FROM catalog_sales JOIN date_dim ON catalog_sales.cs_sold_date_sk = date_dim.d_date_sk JOIN warehouse ON catalog_sales.cs_warehouse_sk = warehouse.w_warehouse_sk LIMIT 143;af5010e61379e1d98fc62e62795fc766
3369;SELECT inventory.* FROM inventory JOIN item ON inventory.inv_item_sk = item.i_item_sk LIMIT 383;a9d18200fd92334abb37d0ecb334c41a
3370;SELECT web_sales.* FROM web_sales JOIN web_site ON web_sales.ws_web_site_sk = web_site.web_site_sk LIMIT 69;8f2228365705949112588529ba7dd69b
3371;SELECT web_returns.* FROM web_returns JOIN customer ON web_returns.wr_refunded_customer_sk = customer.c_customer_sk JOIN date_dim ON web_returns.wr_returned_date_sk = date_dim.d_date_sk LIMIT 282;c7136e3bc6e267e6e48b21ef34639868
3372;SELECT store_sales.* FROM store_sales JOIN customer ON store_sales.ss_customer_sk = customer.c_customer_sk LIMIT 371;7dd482cc4e987df2eda7446f8e1bc1d3
3373;SELECT web_sales.* FROM web_sales JOIN web_site ON web_sales.ws_web_site_sk = web_site.web_site_sk LIMIT 117;782d776712fdc2b137134dddd75fc3ba
3374;SELECT store_returns.* FROM store_returns JOIN date_dim ON store_returns.sr_returned_date_sk = date_dim.d_date_sk JOIN item ON store_returns.sr_item_sk = item.i_item_sk LIMIT 362;76c0269129998558e9d60ee3645a3e8e
3375;SELECT web_sales.* FROM web_sales JOIN web_site ON web_sales.ws_web_site_sk = web_site.web_site_sk LIMIT 386;6df9467f1af1c0679e1ea5fd9e2357a2
3376;SELECT store_sales.* FROM store_sales JOIN customer ON store_sales.ss_customer_sk = customer.c_customer_sk JOIN item ON store_sales.ss_item_sk = item.i_item_sk LIMIT 292;0d5faaf8026938196cc59b1f2650d800
3377;SELECT store_sales.* FROM store_sales JOIN customer ON store_sales.ss_customer_sk = customer.c_customer_sk LIMIT 240;4155cf7c45be1459cfd7d3ba4e93f821
3378;SELECT web_returns.* FROM web_returns JOIN customer ON web_returns.wr_refunded_customer_sk = customer.c_customer_sk JOIN item ON web_returns.wr_item_sk = item.i_item_sk LIMIT 144;b1bc07a0c71b8de08adfa8847d3f072f
3380;SELECT store_sales.* FROM store_sales JOIN date_dim ON store_sales.ss_sold_date_sk = date_dim.d_date_sk LIMIT 155;3c2b41a2a6962eb2d62c14b0d4f40160
3381;SELECT web_sales.* FROM web_sales JOIN web_site ON web_sales.ws_web_site_sk = web_site.web_site_sk LIMIT 486;c48b608d50311c3dab4e32903ccc6289
3382;SELECT catalog_sales.* FROM catalog_sales JOIN date_dim ON catalog_sales.cs_sold_date_sk = date_dim.d_date_sk LIMIT 83;e22f52a539b4b85feda421fac73de7bf
3383;SELECT web_returns.* FROM web_returns JOIN item ON web_returns.wr_item_sk = item.i_item_sk LIMIT 498;4f181237c1cd5543fb304eb1e9dbeb3e
3385;SELECT catalog_sales.* FROM catalog_sales JOIN warehouse ON catalog_sales.cs_warehouse_sk = warehouse.w_warehouse_sk JOIN customer ON catalog_sales.cs_bill_customer_sk = customer.c_customer_sk LIMIT 413;f1d06545c5e75e008cc11d261b794bef
3386;SELECT inventory.* FROM inventory JOIN warehouse ON inventory.inv_warehouse_sk = warehouse.w_warehouse_sk JOIN item ON inventory.inv_item_sk = item.i_item_sk LIMIT 443;98d1ec9c6973027e8da2f96de23a7367
3388;SELECT web_sales.* FROM web_sales JOIN item ON web_sales.ws_item_sk = item.i_item_sk JOIN date_dim ON web_sales.ws_sold_date_sk = date_dim.d_date_sk LIMIT 382;d28aa41687cdaebfa42b1503c5b4b0b3
3389;SELECT web_sales.* FROM web_sales JOIN web_site ON web_sales.ws_web_site_sk = web_site.web_site_sk JOIN item ON web_sales.ws_item_sk = item.i_item_sk LIMIT 215;2d4a7c4f5430d808d4e61828bc71f6eb
3391;SELECT catalog_sales.* FROM catalog_sales JOIN item ON catalog_sales.cs_item_sk = item.i_item_sk JOIN date_dim ON catalog_sales.cs_sold_date_sk = date_dim.d_date_sk LIMIT 205;6703f19c7ec49f1a3105cd43af3f0ef2
3392;SELECT inventory.* FROM inventory JOIN warehouse ON inventory.inv_warehouse_sk = warehouse.w_warehouse_sk JOIN item ON inventory.inv_item_sk = item.i_item_sk LIMIT 309;7f621c33b28a170e1ad6966483d06a48
3393;SELECT store_sales.* FROM store_sales JOIN store ON store_sales.ss_store_sk = store.s_store_sk LIMIT 102;355297625e51056d5611949c6131f1bf
3394;SELECT catalog_sales.* FROM catalog_sales JOIN warehouse ON catalog_sales.cs_warehouse_sk = warehouse.w_warehouse_sk JOIN customer ON catalog_sales.cs_bill_customer_sk = customer.c_customer_sk LIMIT 53;1db193db6084b92cbe546038662725c0
3395;SELECT store_sales.* FROM store_sales JOIN item ON store_sales.ss_item_sk = item.i_item_sk JOIN date_dim ON store_sales.ss_sold_date_sk = date_dim.d_date_sk LIMIT 431;4ee075c3a327b2fb20042801d0569a3d
3396;SELECT web_returns.* FROM web_returns JOIN item ON web_returns.wr_item_sk = item.i_item_sk LIMIT 340;09b468b57ee86345918a6a1e3c4f0125
3397;SELECT web_sales.* FROM web_sales JOIN web_site ON web_sales.ws_web_site_sk = web_site.web_site_sk JOIN date_dim ON web_sales.ws_sold_date_sk = date_dim.d_date_sk LIMIT 91;ec66fb9952872983e4cf8d39c91764db
3398;SELECT catalog_sales.* FROM catalog_sales JOIN customer ON catalog_sales.cs_bill_customer_sk = customer.c_customer_sk LIMIT 90;ab6f1d5866bfe8c66eec4f1e73fe9bf4
3399;SELECT catalog_sales.* FROM catalog_sales JOIN item ON catalog_sales.cs_item_sk = item.i_item_sk LIMIT 341;f01409fe1507e5ed76b1146cc02b1c42
3400;SELECT catalog_sales.* FROM catalog_sales JOIN customer ON catalog_sales.cs_bill_customer_sk = customer.c_customer_sk LIMIT 369;76f91b750fae68ab9a75f763bcc222b1
3402;SELECT web_returns.* FROM web_returns JOIN date_dim ON web_returns.wr_returned_date_sk = date_dim.d_date_sk LIMIT 217;dec9c7c539e970dc52944e4c91285791
3403;SELECT web_returns.* FROM web_returns JOIN customer ON web_returns.wr_refunded_customer_sk = customer.c_customer_sk JOIN item ON web_returns.wr_item_sk = item.i_item_sk LIMIT 442;eafbbbdb447031fa0ccdf1f34c529754
3404;SELECT inventory.* FROM inventory JOIN warehouse ON inventory.inv_warehouse_sk = warehouse.w_warehouse_sk JOIN date_dim ON inventory.inv_date_sk = date_dim.d_date_sk LIMIT 285;9e04bc61fd1265dc7b6f873d8d4de253
3405;SELECT web_sales.* FROM web_sales JOIN date_dim ON web_sales.ws_sold_date_sk = date_dim.d_date_sk JOIN item ON web_sales.ws_item_sk = item.i_item_sk LIMIT 329;0270125f168cc278787a14a833f77e3f
3407;SELECT web_returns.* FROM web_returns JOIN customer ON web_returns.wr_refunded_customer_sk = customer.c_customer_sk LIMIT 213;39e2a5ec6aa3997a01855e5b3f5044f3
3409;SELECT catalog_sales.* FROM catalog_sales JOIN date_dim ON catalog_sales.cs_sold_date_sk = date_dim.d_date_sk JOIN warehouse ON catalog_sales.cs_warehouse_sk = warehouse.w_warehouse_sk LIMIT 264;4ad57fe37582c47477d6f958f6521bf8
3410;SELECT web_sales.* FROM web_sales JOIN item ON web_sales.ws_item_sk = item.i_item_sk JOIN date_dim ON web_sales.ws_sold_date_sk = date_dim.d_date_sk LIMIT 361;fc8f21d91153abdab6483d87e553c966
3412;SELECT store_sales.* FROM store_sales JOIN customer ON store_sales.ss_customer_sk = customer.c_customer_sk JOIN date_dim ON store_sales.ss_sold_date_sk = date_dim.d_date_sk LIMIT 333;161eea93e0b743b495cb63ff8140ca26
3414;SELECT web_returns.* FROM web_returns JOIN date_dim ON web_returns.wr_returned_date_sk = date_dim.d_date_sk JOIN item ON web_returns.wr_item_sk = item.i_item_sk LIMIT 177;c515551f678c14baadd27b432f9e7dab
3416;SELECT catalog_sales.* FROM catalog_sales JOIN date_dim ON catalog_sales.cs_sold_date_sk = date_dim.d_date_sk JOIN item ON catalog_sales.cs_item_sk = item.i_item_sk LIMIT 361;d8984616714d8ede1fcc45e00b764df7
3417;SELECT inventory.* FROM inventory JOIN warehouse ON inventory.inv_warehouse_sk = warehouse.w_warehouse_sk JOIN item ON inventory.inv_item_sk = item.i_item_sk LIMIT 448;0435fc275dc2334bb3b05cd0f2e01824
3418;SELECT catalog_sales.* FROM catalog_sales JOIN customer ON catalog_sales.cs_bill_customer_sk = customer.c_customer_sk LIMIT 173;d3a2cf312a0779f3355fb8c9e87320e8
3420;SELECT inventory.* FROM inventory JOIN warehouse ON inventory.inv_warehouse_sk = warehouse.w_warehouse_sk JOIN item ON inventory.inv_item_sk = item.i_item_sk LIMIT 382;e871f479f36dfc741c8a5d3006cf0ac6
3421;SELECT store_returns.* FROM store_returns JOIN item ON store_returns.sr_item_sk = item.i_item_sk JOIN date_dim ON store_returns.sr_returned_date_sk = date_dim.d_date_sk LIMIT 170;8e444dd2681637117e3ec942e6fa2104
3422;SELECT web_sales.* FROM web_sales JOIN customer ON web_sales.ws_bill_customer_sk = customer.c_customer_sk JOIN web_site ON web_sales.ws_web_site_sk = web_site.web_site_sk LIMIT 244;b91d42754d8b2869eb4e515a5857f5c2
3423;SELECT store_sales.* FROM store_sales JOIN store ON store_sales.ss_store_sk = store.s_store_sk JOIN item ON store_sales.ss_item_sk = item.i_item_sk LIMIT 205;e7d05bbe74d134fecd8d0bdca8f9657a
3424;SELECT web_sales.* FROM web_sales JOIN item ON web_sales.ws_item_sk = item.i_item_sk JOIN customer ON web_sales.ws_bill_customer_sk = customer.c_customer_sk LIMIT 66;ffcac22b75b23ae9a160dd319dbb044d
3426;SELECT catalog_sales.* FROM catalog_sales JOIN item ON catalog_sales.cs_item_sk = item.i_item_sk JOIN date_dim ON catalog_sales.cs_sold_date_sk = date_dim.d_date_sk LIMIT 75;cbc0976860b2194f5e3f8f6f79758c9e
3428;SELECT web_returns.* FROM web_returns JOIN date_dim ON web_returns.wr_returned_date_sk = date_dim.d_date_sk JOIN customer ON web_returns.wr_refunded_customer_sk = customer.c_customer_sk LIMIT 492;6530dc4669d5884fb5389db04c0e5b5d
3429;SELECT store_returns.* FROM store_returns JOIN date_dim ON store_returns.sr_returned_date_sk = date_dim.d_date_sk JOIN customer ON store_returns.sr_customer_sk = customer.c_customer_sk LIMIT 232;0253cab3333a326148c21da543ebf2c4
3430;SELECT store_returns.* FROM store_returns JOIN date_dim ON store_returns.sr_returned_date_sk = date_dim.d_date_sk JOIN item ON store_returns.sr_item_sk = item.i_item_sk LIMIT 182;656d13bd009c4029e4fad4372b365367
3431;SELECT web_returns.* FROM web_returns JOIN item ON web_returns.wr_item_sk = item.i_item_sk JOIN customer ON web_returns.wr_refunded_customer_sk = customer.c_customer_sk LIMIT 254;7f4282a96d33642709db4a630f473cbd
3432;SELECT inventory.* FROM inventory JOIN item ON inventory.inv_item_sk = item.i_item_sk LIMIT 110;cec41704bdbaeee2772164b5222165f2
3433;SELECT web_sales.* FROM web_sales JOIN customer ON web_sales.ws_bill_customer_sk = customer.c_customer_sk JOIN web_site ON web_sales.ws_web_site_sk = web_site.web_site_sk LIMIT 466;3e9ea3d72de1f82482bf3de7f1ffc674
3434;SELECT web_returns.* FROM web_returns JOIN date_dim ON web_returns.wr_returned_date_sk = date_dim.d_date_sk LIMIT 139;35899780596ca117d3cbd39a505d8ecf
3435;SELECT web_sales.* FROM web_sales JOIN web_site ON web_sales.ws_web_site_sk = web_site.web_site_sk LIMIT 71;085cf872fbaa842a02e3ff32965e6f39
3436;SELECT catalog_sales.* FROM catalog_sales JOIN item ON catalog_sales.cs_item_sk = item.i_item_sk JOIN warehouse ON catalog_sales.cs_warehouse_sk = warehouse.w_warehouse_sk LIMIT 228;e0158f0712fb7a1c4b5bac2f40bc1e8b
3437;SELECT web_sales.* FROM web_sales JOIN web_site ON web_sales.ws_web_site_sk = web_site.web_site_sk JOIN date_dim ON web_sales.ws_sold_date_sk = date_dim.d_date_sk LIMIT 265;d0b4ff6af30923106fc507e14f90d2eb
3438;SELECT web_sales.* FROM web_sales JOIN item ON web_sales.ws_item_sk = item.i_item_sk JOIN date_dim ON web_sales.ws_sold_date_sk = date_dim.d_date_sk LIMIT 418;099bdb122cbf6d513a64dd7c8183ff56
3439;SELECT web_sales.* FROM web_sales JOIN item ON web_sales.ws_item_sk = item.i_item_sk LIMIT 184;2b3e6fbbfc95fc55e80abe245a2e029e
3440;SELECT web_sales.* FROM web_sales JOIN web_site ON web_sales.ws_web_site_sk = web_site.web_site_sk JOIN item ON web_sales.ws_item_sk = item.i_item_sk LIMIT 383;5f491ec5ce99ec991517fb9819714ba6
3441;SELECT store_returns.* FROM store_returns JOIN item ON store_returns.sr_item_sk = item.i_item_sk LIMIT 265;10622af37f03660a6568a0b7e935b14d
3442;SELECT inventory.* FROM inventory JOIN date_dim ON inventory.inv_date_sk = date_dim.d_date_sk JOIN item ON inventory.inv_item_sk = item.i_item_sk LIMIT 217;c3bef94ef64aae9ef8df2467ad0a1930
3443;SELECT catalog_sales.* FROM catalog_sales JOIN warehouse ON catalog_sales.cs_warehouse_sk = warehouse.w_warehouse_sk JOIN date_dim ON catalog_sales.cs_sold_date_sk = date_dim.d_date_sk LIMIT 341;464448a0740b2674454d07cc8c122c13
3444;SELECT inventory.* FROM inventory JOIN item ON inventory.inv_item_sk = item.i_item_sk JOIN date_dim ON inventory.inv_date_sk = date_dim.d_date_sk LIMIT 159;5293060de8df18dfa66aef174a3b5334
3446;SELECT web_returns.* FROM web_returns JOIN item ON web_returns.wr_item_sk = item.i_item_sk LIMIT 211;dc1114d406f87fd7a9d79af651f6ab40
3449;SELECT store_returns.* FROM store_returns JOIN date_dim ON store_returns.sr_returned_date_sk = date_dim.d_date_sk LIMIT 169;d5c8d15e1a6f48fc338c053d182a3761
3450;SELECT store_sales.* FROM store_sales JOIN customer ON store_sales.ss_customer_sk = customer.c_customer_sk JOIN item ON store_sales.ss_item_sk = item.i_item_sk LIMIT 134;946b49addcce9a176da2dfe87fedff34
3451;SELECT inventory.* FROM inventory JOIN warehouse ON inventory.inv_warehouse_sk = warehouse.w_warehouse_sk JOIN date_dim ON inventory.inv_date_sk = date_dim.d_date_sk LIMIT 419;5d3a3a199371f7929a6ada49085840c9
3453;SELECT web_returns.* FROM web_returns JOIN customer ON web_returns.wr_refunded_customer_sk = customer.c_customer_sk JOIN date_dim ON web_returns.wr_returned_date_sk = date_dim.d_date_sk LIMIT 264;a5fd15fbe4fef7422965af762c550e9f
3454;SELECT store_returns.* FROM store_returns JOIN item ON store_returns.sr_item_sk = item.i_item_sk JOIN customer ON store_returns.sr_customer_sk = customer.c_customer_sk LIMIT 130;59faab68de9dd2c165f4d473a38846c4
3455;SELECT web_sales.* FROM web_sales JOIN item ON web_sales.ws_item_sk = item.i_item_sk LIMIT 383;724b444559d7a084e34adf225b4623a8
3456;SELECT web_sales.* FROM web_sales JOIN web_site ON web_sales.ws_web_site_sk = web_site.web_site_sk JOIN item ON web_sales.ws_item_sk = item.i_item_sk LIMIT 348;542e0ae5b0290552aa70485d74bba5c7
3457;SELECT store_returns.* FROM store_returns JOIN date_dim ON store_returns.sr_returned_date_sk = date_dim.d_date_sk LIMIT 228;4e0bbcc23151f5f67a8a7c3ba159b648
3459;SELECT catalog_sales.* FROM catalog_sales JOIN warehouse ON catalog_sales.cs_warehouse_sk = warehouse.w_warehouse_sk JOIN customer ON catalog_sales.cs_bill_customer_sk = customer.c_customer_sk LIMIT 67;76c05cc3bf8865f8729a2afc9bf4dbc1
3460;SELECT catalog_sales.* FROM catalog_sales JOIN item ON catalog_sales.cs_item_sk = item.i_item_sk LIMIT 128;9163201bacd3ecd893a3ff22adb91d2d
3461;SELECT store_sales.* FROM store_sales JOIN customer ON store_sales.ss_customer_sk = customer.c_customer_sk JOIN item ON store_sales.ss_item_sk = item.i_item_sk LIMIT 412;12918b262ccdad4f20dad992a53f6812
3462;SELECT catalog_sales.* FROM catalog_sales JOIN warehouse ON catalog_sales.cs_warehouse_sk = warehouse.w_warehouse_sk JOIN customer ON catalog_sales.cs_bill_customer_sk = customer.c_customer_sk LIMIT 330;84a7ca22a15dbf74fc6dcc024da46576
3463;SELECT store_returns.* FROM store_returns JOIN customer ON store_returns.sr_customer_sk = customer.c_customer_sk JOIN date_dim ON store_returns.sr_returned_date_sk = date_dim.d_date_sk LIMIT 153;1a60dcd70a646d5adc2d8181633b2f99
3464;SELECT catalog_sales.* FROM catalog_sales JOIN customer ON catalog_sales.cs_bill_customer_sk = customer.c_customer_sk JOIN item ON catalog_sales.cs_item_sk = item.i_item_sk LIMIT 269;370915a0270daa69b1cec09c7782c8f7
3465;SELECT inventory.* FROM inventory JOIN item ON inventory.inv_item_sk = item.i_item_sk JOIN warehouse ON inventory.inv_warehouse_sk = warehouse.w_warehouse_sk LIMIT 420;ac1759371c436974be958ee37299db1a
3466;SELECT inventory.* FROM inventory JOIN warehouse ON inventory.inv_warehouse_sk = warehouse.w_warehouse_sk JOIN item ON inventory.inv_item_sk = item.i_item_sk LIMIT 128;59ffb66a250612c89e1553d6811abafd
3468;SELECT catalog_sales.* FROM catalog_sales JOIN item ON catalog_sales.cs_item_sk = item.i_item_sk LIMIT 452;ed94db011944bb95593acd6d5c7adb7c
3469;SELECT web_sales.* FROM web_sales JOIN web_site ON web_sales.ws_web_site_sk = web_site.web_site_sk LIMIT 330;fe5a81d48ca570e3a43fecc68438e687
3470;SELECT inventory.* FROM inventory JOIN item ON inventory.inv_item_sk = item.i_item_sk LIMIT 379;108614a872e40fc9653b9af7ab4527ca
3471;SELECT web_sales.* FROM web_sales JOIN web_site ON web_sales.ws_web_site_sk = web_site.web_site_sk JOIN date_dim ON web_sales.ws_sold_date_sk = date_dim.d_date_sk LIMIT 126;3eb2f1cc2c7d35914c271ed580405ddd
3472;SELECT web_returns.* FROM web_returns JOIN item ON web_returns.wr_item_sk = item.i_item_sk LIMIT 193;4a99c7ab61cd5100a2bb65f077c06034
3473;SELECT store_sales.* FROM store_sales JOIN store ON store_sales.ss_store_sk = store.s_store_sk JOIN customer ON store_sales.ss_customer_sk = customer.c_customer_sk LIMIT 397;e00b0d708197e6648666e95cadf3b298
3474;SELECT store_returns.* FROM store_returns JOIN item ON store_returns.sr_item_sk = item.i_item_sk JOIN customer ON store_returns.sr_customer_sk = customer.c_customer_sk LIMIT 274;8218e74ec07a8cb1e914feb6b1edc72f
3475;SELECT store_sales.* FROM store_sales JOIN store ON store_sales.ss_store_sk = store.s_store_sk JOIN date_dim ON store_sales.ss_sold_date_sk = date_dim.d_date_sk LIMIT 425;2f4c42a5452a8fa7f63d6c9eaf335780
3476;SELECT catalog_sales.* FROM catalog_sales JOIN warehouse ON catalog_sales.cs_warehouse_sk = warehouse.w_warehouse_sk JOIN item ON catalog_sales.cs_item_sk = item.i_item_sk LIMIT 323;0f4d3037e3f8a2863a10c01e8fa5201c
3477;SELECT inventory.* FROM inventory JOIN item ON inventory.inv_item_sk = item.i_item_sk LIMIT 414;0f0f488067778c71bf6894eefa0d27bb
3478;SELECT store_sales.* FROM store_sales JOIN item ON store_sales.ss_item_sk = item.i_item_sk JOIN date_dim ON store_sales.ss_sold_date_sk = date_dim.d_date_sk LIMIT 304;8c53c6e03a0f05ac81f1200d086ab451
3479;SELECT store_sales.* FROM store_sales JOIN item ON store_sales.ss_item_sk = item.i_item_sk JOIN date_dim ON store_sales.ss_sold_date_sk = date_dim.d_date_sk LIMIT 86;ca23ee93be44ea91088ab1aa4b3ffbaf
3480;SELECT web_returns.* FROM web_returns JOIN date_dim ON web_returns.wr_returned_date_sk = date_dim.d_date_sk LIMIT 361;2bb62120d336096e2034a20e9ea07650
3481;SELECT store_sales.* FROM store_sales JOIN store ON store_sales.ss_store_sk = store.s_store_sk LIMIT 152;be97e8e2e361cee10ad27b4ece141400
3482;SELECT web_sales.* FROM web_sales JOIN item ON web_sales.ws_item_sk = item.i_item_sk JOIN customer ON web_sales.ws_bill_customer_sk = customer.c_customer_sk LIMIT 117;37f1b70f14e036969e4847ae575c95b1
3483;SELECT inventory.* FROM inventory JOIN warehouse ON inventory.inv_warehouse_sk = warehouse.w_warehouse_sk JOIN item ON inventory.inv_item_sk = item.i_item_sk LIMIT 239;8c1987b51f338a7c3e86924e15773021
3484;SELECT store_returns.* FROM store_returns JOIN item ON store_returns.sr_item_sk = item.i_item_sk JOIN date_dim ON store_returns.sr_returned_date_sk = date_dim.d_date_sk LIMIT 472;2f4e631ab563dbac19ed89e47e6adff5
3487;SELECT inventory.* FROM inventory JOIN date_dim ON inventory.inv_date_sk = date_dim.d_date_sk JOIN warehouse ON inventory.inv_warehouse_sk = warehouse.w_warehouse_sk LIMIT 407;b86d10ace9e18a7fa246fd3f4882c219
3488;SELECT web_sales.* FROM web_sales JOIN item ON web_sales.ws_item_sk = item.i_item_sk JOIN customer ON web_sales.ws_bill_customer_sk = customer.c_customer_sk LIMIT 91;3019cf561bcf199b489c1a2f537b0813
3489;SELECT catalog_sales.* FROM catalog_sales JOIN customer ON catalog_sales.cs_bill_customer_sk = customer.c_customer_sk LIMIT 310;9cca8a2edddec2479be15aae488aa73f
3491;SELECT store_returns.* FROM store_returns JOIN customer ON store_returns.sr_customer_sk = customer.c_customer_sk JOIN item ON store_returns.sr_item_sk = item.i_item_sk LIMIT 481;b3d0ee95c48a32b59084851e5a8a81e1
3492;SELECT catalog_sales.* FROM catalog_sales JOIN date_dim ON catalog_sales.cs_sold_date_sk = date_dim.d_date_sk JOIN warehouse ON catalog_sales.cs_warehouse_sk = warehouse.w_warehouse_sk LIMIT 59;d6351d6be360b016f07d90d69a2a3ac0
3493;SELECT catalog_sales.* FROM catalog_sales JOIN customer ON catalog_sales.cs_bill_customer_sk = customer.c_customer_sk JOIN date_dim ON catalog_sales.cs_sold_date_sk = date_dim.d_date_sk LIMIT 170;e8b3d50b95fed32aac3e18065ad23a4f
3495;SELECT web_returns.* FROM web_returns JOIN date_dim ON web_returns.wr_returned_date_sk = date_dim.d_date_sk JOIN item ON web_returns.wr_item_sk = item.i_item_sk LIMIT 449;2caf916cc91464ef6b96e714a98a2325
3496;SELECT store_sales.* FROM store_sales JOIN store ON store_sales.ss_store_sk = store.s_store_sk JOIN item ON store_sales.ss_item_sk = item.i_item_sk LIMIT 391;ccb732f8548e35fe27609c2f159b61e8
3497;SELECT inventory.* FROM inventory JOIN date_dim ON inventory.inv_date_sk = date_dim.d_date_sk LIMIT 397;2f786f8964381e7c122f7b87f95487b5
3498;SELECT store_returns.* FROM store_returns JOIN item ON store_returns.sr_item_sk = item.i_item_sk JOIN customer ON store_returns.sr_customer_sk = customer.c_customer_sk LIMIT 249;372996c260ce6a725b1adf3b3f34377e
3500;SELECT store_returns.* FROM store_returns JOIN item ON store_returns.sr_item_sk = item.i_item_sk LIMIT 256;3b8db2770094f3cae1bb263d1ed057f4
3501;SELECT web_returns.* FROM web_returns JOIN item ON web_returns.wr_item_sk = item.i_item_sk LIMIT 128;740c92d9651fd55242a6f0968639b9ca
3502;SELECT catalog_sales.* FROM catalog_sales JOIN customer ON catalog_sales.cs_bill_customer_sk = customer.c_customer_sk JOIN warehouse ON catalog_sales.cs_warehouse_sk = warehouse.w_warehouse_sk LIMIT 274;b5a6d1ecb13f1074ad510bb0c3ce893d
3503;SELECT web_sales.* FROM web_sales JOIN web_site ON web_sales.ws_web_site_sk = web_site.web_site_sk LIMIT 186;0073764044b3df07a7bc8752d509b4fb
3504;SELECT web_returns.* FROM web_returns JOIN customer ON web_returns.wr_refunded_customer_sk = customer.c_customer_sk JOIN item ON web_returns.wr_item_sk = item.i_item_sk LIMIT 473;5b416125ddeb1b9f2b46ef861fc74b43
3506;SELECT catalog_sales.* FROM catalog_sales JOIN customer ON catalog_sales.cs_bill_customer_sk = customer.c_customer_sk JOIN warehouse ON catalog_sales.cs_warehouse_sk = warehouse.w_warehouse_sk LIMIT 241;abb32da7e916683d926c779e4a498fe2
3507;SELECT web_returns.* FROM web_returns JOIN item ON web_returns.wr_item_sk = item.i_item_sk JOIN date_dim ON web_returns.wr_returned_date_sk = date_dim.d_date_sk LIMIT 199;459098383e3866ff833ebb44ae7ea487
3509;SELECT store_sales.* FROM store_sales JOIN date_dim ON store_sales.ss_sold_date_sk = date_dim.d_date_sk JOIN item ON store_sales.ss_item_sk = item.i_item_sk LIMIT 379;5be290117b15262d6e34e1d29810b994
3510;SELECT store_sales.* FROM store_sales JOIN store ON store_sales.ss_store_sk = store.s_store_sk LIMIT 478;2cceedb6cd31f4148b119623d3abcdb1
3511;SELECT web_sales.* FROM web_sales JOIN customer ON web_sales.ws_bill_customer_sk = customer.c_customer_sk JOIN date_dim ON web_sales.ws_sold_date_sk = date_dim.d_date_sk LIMIT 433;a0858c52ba273eafc3d2526c7f82e544
3512;SELECT store_returns.* FROM store_returns JOIN customer ON store_returns.sr_customer_sk = customer.c_customer_sk JOIN date_dim ON store_returns.sr_returned_date_sk = date_dim.d_date_sk LIMIT 159;ecbad2bfad1fd97a0eb05ba3b0e4c56c
3513;SELECT inventory.* FROM inventory JOIN item ON inventory.inv_item_sk = item.i_item_sk JOIN date_dim ON inventory.inv_date_sk = date_dim.d_date_sk LIMIT 358;814ab9107b22c4acd82cf6209e98ca92
3514;SELECT catalog_sales.* FROM catalog_sales JOIN date_dim ON catalog_sales.cs_sold_date_sk = date_dim.d_date_sk LIMIT 149;da73c525e65cea88c221450b48c4182e
3515;SELECT web_returns.* FROM web_returns JOIN date_dim ON web_returns.wr_returned_date_sk = date_dim.d_date_sk LIMIT 287;d13065c60941d72fca1f00d64d1a03a0
3516;SELECT ss_customer_sk, SUM(act_sales) AS sumsales FROM (SELECT ss_item_sk, ss_ticket_number, ss_customer_sk, CASE WHEN NOT sr_return_quantity IS NULL THEN (ss_quantity - sr_return_quantity) * ss_sales_price ELSE (ss_quantity * ss_sales_price) END AS act_sales FROM store_sales LEFT OUTER JOIN store_returns ON (sr_item_sk = ss_item_sk AND sr_ticket_number = ss_ticket_number), reason WHERE sr_reason_sk = r_reason_sk AND r_reason_desc = 'reason 28') AS t GROUP BY ss_customer_sk ORDER BY sumsales NULLS FIRST, ss_customer_sk NULLS FIRST LIMIT 125;19dd0f77aed22474a5572770e149b3d4
3517;SELECT store_returns.* FROM store_returns JOIN customer ON store_returns.sr_customer_sk = customer.c_customer_sk LIMIT 141;cf5d4826daf7d0073c64f1af8874c5ce
3518;SELECT store_sales.* FROM store_sales JOIN item ON store_sales.ss_item_sk = item.i_item_sk LIMIT 401;a4ba09630dd370293a211eb438ab171f
3519;SELECT store_sales.* FROM store_sales JOIN store ON store_sales.ss_store_sk = store.s_store_sk JOIN date_dim ON store_sales.ss_sold_date_sk = date_dim.d_date_sk LIMIT 179;b5ecdac3fef925ce1759e2007395940f
3520;SELECT store_returns.* FROM store_returns JOIN customer ON store_returns.sr_customer_sk = customer.c_customer_sk LIMIT 181;0971448ff531423974f79403ee7f35be
3521;SELECT inventory.* FROM inventory JOIN item ON inventory.inv_item_sk = item.i_item_sk LIMIT 78;4a84711d94ed6477e6460591f4f8f588
3522;SELECT store_sales.* FROM store_sales JOIN date_dim ON store_sales.ss_sold_date_sk = date_dim.d_date_sk JOIN store ON store_sales.ss_store_sk = store.s_store_sk LIMIT 235;c3c58d4cbeff2a888606f4c58a12f66b
3523;SELECT web_returns.* FROM web_returns JOIN customer ON web_returns.wr_refunded_customer_sk = customer.c_customer_sk LIMIT 396;74ee150f64515ae074cbb23e7ceb9c6d
3524;SELECT web_returns.* FROM web_returns JOIN item ON web_returns.wr_item_sk = item.i_item_sk JOIN customer ON web_returns.wr_refunded_customer_sk = customer.c_customer_sk LIMIT 180;395cc60a69869da8291a85aef4af8166
3525;SELECT web_returns.* FROM web_returns JOIN date_dim ON web_returns.wr_returned_date_sk = date_dim.d_date_sk LIMIT 171;aabcd17fba3d81aed2b466fa46c87099
3526;SELECT web_sales.* FROM web_sales JOIN date_dim ON web_sales.ws_sold_date_sk = date_dim.d_date_sk JOIN item ON web_sales.ws_item_sk = item.i_item_sk LIMIT 449;68e19288e6735e1e866aa2f1d0b1a791
3527;SELECT store_returns.* FROM store_returns JOIN customer ON store_returns.sr_customer_sk = customer.c_customer_sk JOIN date_dim ON store_returns.sr_returned_date_sk = date_dim.d_date_sk LIMIT 258;8265fb70649c194b47610ed943fadc40
3528;SELECT store_sales.* FROM store_sales JOIN store ON store_sales.ss_store_sk = store.s_store_sk LIMIT 252;8510d8ac40c292daa1f318e10be6bed5
3529;SELECT store_returns.* FROM store_returns JOIN item ON store_returns.sr_item_sk = item.i_item_sk LIMIT 109;36f655c55f1406bc1d07de483e24fc0a
3530;SELECT web_sales.* FROM web_sales JOIN date_dim ON web_sales.ws_sold_date_sk = date_dim.d_date_sk LIMIT 430;568a1bc7a296d6382b0a5082be9c2bbc
3532;SELECT catalog_sales.* FROM catalog_sales JOIN customer ON catalog_sales.cs_bill_customer_sk = customer.c_customer_sk JOIN date_dim ON catalog_sales.cs_sold_date_sk = date_dim.d_date_sk LIMIT 287;6b2c48330cc5cb9e145673cacfccc4b6
3534;SELECT store_returns.* FROM store_returns JOIN customer ON store_returns.sr_customer_sk = customer.c_customer_sk JOIN item ON store_returns.sr_item_sk = item.i_item_sk LIMIT 68;8ba273841f55f281472cef50af4d7f4f
3535;SELECT web_sales.* FROM web_sales JOIN customer ON web_sales.ws_bill_customer_sk = customer.c_customer_sk LIMIT 179;777e8495aa2fbaf7999b19d6fe4ffe6c
3536;SELECT web_returns.* FROM web_returns JOIN customer ON web_returns.wr_refunded_customer_sk = customer.c_customer_sk JOIN item ON web_returns.wr_item_sk = item.i_item_sk LIMIT 317;0e2397d0b3249883938ed8a617414bab
3537;SELECT catalog_sales.* FROM catalog_sales JOIN date_dim ON catalog_sales.cs_sold_date_sk = date_dim.d_date_sk LIMIT 338;23fe3a3f7f90636884f9bf1fe6d2e321
3538;SELECT web_returns.* FROM web_returns JOIN date_dim ON web_returns.wr_returned_date_sk = date_dim.d_date_sk JOIN item ON web_returns.wr_item_sk = item.i_item_sk LIMIT 180;61a55796138625c469424988f45136a5
3539;SELECT store_returns.* FROM store_returns JOIN date_dim ON store_returns.sr_returned_date_sk = date_dim.d_date_sk JOIN customer ON store_returns.sr_customer_sk = customer.c_customer_sk LIMIT 256;a3ffbc07bdec7b5865af2a7285b8458f
3540;SELECT store_sales.* FROM store_sales JOIN customer ON store_sales.ss_customer_sk = customer.c_customer_sk LIMIT 213;ea334da4a8a0e62ce5df93ea8d213383
3541;SELECT catalog_sales.* FROM catalog_sales JOIN customer ON catalog_sales.cs_bill_customer_sk = customer.c_customer_sk JOIN item ON catalog_sales.cs_item_sk = item.i_item_sk LIMIT 66;5bd6070823eddb0766aaf75abd451b39
3542;SELECT catalog_sales.* FROM catalog_sales JOIN item ON catalog_sales.cs_item_sk = item.i_item_sk JOIN customer ON catalog_sales.cs_bill_customer_sk = customer.c_customer_sk LIMIT 294;99f11357e3d87b916b8276779952926f
3543;SELECT a.ca_state AS state, COUNT(*) AS cnt FROM customer_address AS a, customer AS c, store_sales AS s, item AS i WHERE  GROUP BY a.ca_state HAVING COUNT(*) >= 12 ORDER BY cnt NULLS FIRST, a.ca_state NULLS FIRST LIMIT 148;bd0aa82c23f900b96eb2b747c35729bc
3544;SELECT web_sales.* FROM web_sales JOIN customer ON web_sales.ws_bill_customer_sk = customer.c_customer_sk JOIN web_site ON web_sales.ws_web_site_sk = web_site.web_site_sk LIMIT 495;1010c561db9b0aec74cda59d8ba8c3ca
3545;SELECT catalog_sales.* FROM catalog_sales JOIN customer ON catalog_sales.cs_bill_customer_sk = customer.c_customer_sk LIMIT 446;6b6f4fe456041f3ba996e572a0917960
3546;SELECT store_returns.* FROM store_returns JOIN date_dim ON store_returns.sr_returned_date_sk = date_dim.d_date_sk LIMIT 283;c578524d45384d180dd310826fdef14d
3547;SELECT store_returns.* FROM store_returns JOIN date_dim ON store_returns.sr_returned_date_sk = date_dim.d_date_sk JOIN customer ON store_returns.sr_customer_sk = customer.c_customer_sk LIMIT 333;1e97943fec4b5346a77eaf720169669a
3548;SELECT store_sales.* FROM store_sales JOIN customer ON store_sales.ss_customer_sk = customer.c_customer_sk JOIN item ON store_sales.ss_item_sk = item.i_item_sk LIMIT 247;54ae8a5d11f79a2617acae9b9b326575
3549;SELECT inventory.* FROM inventory JOIN date_dim ON inventory.inv_date_sk = date_dim.d_date_sk LIMIT 468;7c9a80c0a5e4845b3fc85c62f6b620d5
3550;SELECT store_sales.* FROM store_sales JOIN item ON store_sales.ss_item_sk = item.i_item_sk JOIN date_dim ON store_sales.ss_sold_date_sk = date_dim.d_date_sk LIMIT 444;e63af4c8c3cccad859b56eff75c9f4a4
3551;SELECT inventory.* FROM inventory JOIN item ON inventory.inv_item_sk = item.i_item_sk JOIN date_dim ON inventory.inv_date_sk = date_dim.d_date_sk LIMIT 475;bae209af6ce6d0aa150a9321911c04d9
3552;SELECT store_sales.* FROM store_sales JOIN store ON store_sales.ss_store_sk = store.s_store_sk LIMIT 462;0c02ffe0b5e587fcf652ea743accce42
3553;SELECT web_returns.* FROM web_returns JOIN customer ON web_returns.wr_refunded_customer_sk = customer.c_customer_sk JOIN date_dim ON web_returns.wr_returned_date_sk = date_dim.d_date_sk LIMIT 496;0e9f3f726f15fa5662e83104039ea1e5
3554;SELECT catalog_sales.* FROM catalog_sales JOIN date_dim ON catalog_sales.cs_sold_date_sk = date_dim.d_date_sk LIMIT 207;d6a197606e2b819977c006fc08159b44
3555;SELECT inventory.* FROM inventory JOIN item ON inventory.inv_item_sk = item.i_item_sk JOIN date_dim ON inventory.inv_date_sk = date_dim.d_date_sk LIMIT 330;812d939f546c797e9071d077bbbce2d3
3556;SELECT store_returns.* FROM store_returns JOIN item ON store_returns.sr_item_sk = item.i_item_sk JOIN date_dim ON store_returns.sr_returned_date_sk = date_dim.d_date_sk LIMIT 340;916f4329b1346bd72da684cc61e92f3b
3558;SELECT store_sales.* FROM store_sales JOIN customer ON store_sales.ss_customer_sk = customer.c_customer_sk LIMIT 379;2569b3ffb0caf28741f574b13857a175
3560;SELECT web_sales.* FROM web_sales JOIN web_site ON web_sales.ws_web_site_sk = web_site.web_site_sk LIMIT 337;bb6e3a6d96fe2dbdec764043ef1f36ba
3561;SELECT web_sales.* FROM web_sales JOIN web_site ON web_sales.ws_web_site_sk = web_site.web_site_sk JOIN item ON web_sales.ws_item_sk = item.i_item_sk LIMIT 99;2bc92fbc30a3708b19f8558a59903660
3563;SELECT web_returns.* FROM web_returns JOIN date_dim ON web_returns.wr_returned_date_sk = date_dim.d_date_sk JOIN item ON web_returns.wr_item_sk = item.i_item_sk LIMIT 493;024f4ae098e03d158861425e2d58a091
3564;SELECT inventory.* FROM inventory JOIN date_dim ON inventory.inv_date_sk = date_dim.d_date_sk JOIN item ON inventory.inv_item_sk = item.i_item_sk LIMIT 204;71ac214637c6a6a21f2c53500d33765a
3565;SELECT dt.d_year, item.i_brand_id AS brand_id, item.i_brand AS brand, SUM(ss_ext_sales_price) AS sum_agg FROM date_dim AS dt, store_sales, item WHERE dt.d_date_sk = store_sales.ss_sold_date_sk AND store_sales.ss_item_sk = item.i_item_sk AND item.i_manufact_id = 72 AND dt.d_moy = 7 GROUP BY dt.d_year, item.i_brand, item.i_brand_id ORDER BY dt.d_year, sum_agg DESC NULLS LAST, brand_id LIMIT 54;3217fdf3c8c87d0eac9ee9be1a512cbd
3566;SELECT store_returns.* FROM store_returns JOIN customer ON store_returns.sr_customer_sk = customer.c_customer_sk LIMIT 119;4a556fb24dccff1048b3d74e67480b97
3567;SELECT store_returns.* FROM store_returns JOIN item ON store_returns.sr_item_sk = item.i_item_sk LIMIT 439;4ba47c1296b0720d20ba66d9473c2602
3568;SELECT web_returns.* FROM web_returns JOIN date_dim ON web_returns.wr_returned_date_sk = date_dim.d_date_sk JOIN item ON web_returns.wr_item_sk = item.i_item_sk LIMIT 454;436ef5b70d380c4d557405013e6cf89c
3570;SELECT web_sales.* FROM web_sales JOIN date_dim ON web_sales.ws_sold_date_sk = date_dim.d_date_sk LIMIT 103;650d6d3b671e350781023c2f18e47efd
3571;SELECT web_returns.* FROM web_returns JOIN date_dim ON web_returns.wr_returned_date_sk = date_dim.d_date_sk LIMIT 349;7a37dc9991f6d665dd9df4baa0faf2bc
3573;SELECT web_sales.* FROM web_sales JOIN web_site ON web_sales.ws_web_site_sk = web_site.web_site_sk JOIN customer ON web_sales.ws_bill_customer_sk = customer.c_customer_sk LIMIT 109;7cf708e45e9d6a955f3334572cead615
3575;SELECT web_returns.* FROM web_returns JOIN item ON web_returns.wr_item_sk = item.i_item_sk LIMIT 350;e276706f3dd72c0a023cebac95a614a5
3576;SELECT inventory.* FROM inventory JOIN item ON inventory.inv_item_sk = item.i_item_sk JOIN date_dim ON inventory.inv_date_sk = date_dim.d_date_sk LIMIT 411;8e9e6e44c747f5e97b6cbd96f847476e
3577;SELECT DISTINCT (i_product_name) FROM item AS i1 WHERE i_manufact_id BETWEEN 588 AND 899 + 54 AND (SELECT COUNT(*) AS item_cnt FROM item WHERE (i_manufact = i1.i_manufact AND ((i_category = 'Women' AND (i_color = 'powder' OR i_color = 'khaki') AND (i_units = 'Ounce' OR i_units = 'Oz') AND (i_size = 'medium' OR i_size = 'extra large')) OR (i_category = 'Women' AND (i_color = 'brown' OR i_color = 'honeydew') AND (i_units = 'Bunch' OR i_units = 'Ton') AND (i_size = 'N/A' OR i_size = 'small')) OR (i_category = 'Men' AND (i_color = 'floral' OR i_color = 'deep') AND (i_units = 'N/A' OR i_units = 'Dozen') AND (i_size = 'petite' OR i_size = 'petite')) OR (i_category = 'Men' AND (i_color = 'light' OR i_color = 'cornflower') AND (i_units = 'Box' OR i_units = 'Pound') AND (i_size = 'medium' OR i_size = 'extra large')))) OR (i_manufact = i1.i_manufact AND ((i_category = 'Women' AND (i_color = 'midnight' OR i_color = 'snow') AND (i_units = 'Pallet' OR i_units = 'Gross') AND (i_size = 'medium' OR i_size = 'extra large')) OR (i_category = 'Women' AND (i_color = 'cyan' OR i_color = 'papaya') AND (i_units = 'Cup' OR i_units = 'Dram') AND (i_size = 'N/A' OR i_size = 'small')) OR (i_category = 'Men' AND (i_color = 'orange' OR i_color = 'frosted') AND (i_units = 'Each' OR i_units = 'Tbl') AND (i_size = 'petite' OR i_size = 'petite')) OR (i_category = 'Men' AND (i_color = 'forest' OR i_color = 'ghost') AND (i_units = 'Lb' OR i_units = 'Bundle') AND (i_size = 'medium' OR i_size = 'extra large'))))) > 0.0 ORDER BY i_product_name LIMIT 79;e3312924c2183799a080eee5772f2796
3578;SELECT catalog_sales.* FROM catalog_sales JOIN customer ON catalog_sales.cs_bill_customer_sk = customer.c_customer_sk LIMIT 447;c580728731aa06a76e9faac365fc87e4
3579;SELECT store_sales.* FROM store_sales JOIN date_dim ON store_sales.ss_sold_date_sk = date_dim.d_date_sk JOIN store ON store_sales.ss_store_sk = store.s_store_sk LIMIT 127;d98031fccf7e7e6aa62843a2c97a09e6
3580;SELECT web_returns.* FROM web_returns JOIN date_dim ON web_returns.wr_returned_date_sk = date_dim.d_date_sk JOIN customer ON web_returns.wr_refunded_customer_sk = customer.c_customer_sk LIMIT 398;fd4939861a1c24929972ac66bdf863fa
3581;SELECT store_returns.* FROM store_returns JOIN date_dim ON store_returns.sr_returned_date_sk = date_dim.d_date_sk JOIN customer ON store_returns.sr_customer_sk = customer.c_customer_sk LIMIT 280;45451f98284c7f85874fd841226977d2
3582;SELECT inventory.* FROM inventory JOIN item ON inventory.inv_item_sk = item.i_item_sk JOIN warehouse ON inventory.inv_warehouse_sk = warehouse.w_warehouse_sk LIMIT 436;ec03dd3dc80a9bad89223cacec3a920e
3583;SELECT web_sales.* FROM web_sales JOIN date_dim ON web_sales.ws_sold_date_sk = date_dim.d_date_sk LIMIT 318;967d7cf3ee64f3e21b6f617d6444e6d3
3584;SELECT inventory.* FROM inventory JOIN warehouse ON inventory.inv_warehouse_sk = warehouse.w_warehouse_sk JOIN date_dim ON inventory.inv_date_sk = date_dim.d_date_sk LIMIT 234;5478cd9760eff0b483f02e67dd96ce18
3585;SELECT store_sales.* FROM store_sales JOIN store ON store_sales.ss_store_sk = store.s_store_sk JOIN date_dim ON store_sales.ss_sold_date_sk = date_dim.d_date_sk LIMIT 127;ba1fb5baa2a60ccef2e6212b49ec1f11
3586;SELECT catalog_sales.* FROM catalog_sales JOIN item ON catalog_sales.cs_item_sk = item.i_item_sk LIMIT 376;4029d4e59199986fe2f7f1c8117fd38e
3587;SELECT store_returns.* FROM store_returns JOIN item ON store_returns.sr_item_sk = item.i_item_sk LIMIT 80;9f51445d263627f921c39aafa2dc69ae
3588;SELECT web_sales.* FROM web_sales JOIN customer ON web_sales.ws_bill_customer_sk = customer.c_customer_sk LIMIT 243;56ad3d475e35da117ef75b1eaacc3413
3589;SELECT catalog_sales.* FROM catalog_sales JOIN item ON catalog_sales.cs_item_sk = item.i_item_sk LIMIT 273;64a22eb1cc5109bcc936fea3e22937c2
3590;SELECT inventory.* FROM inventory JOIN date_dim ON inventory.inv_date_sk = date_dim.d_date_sk JOIN warehouse ON inventory.inv_warehouse_sk = warehouse.w_warehouse_sk LIMIT 97;e80455339f8a400bdcfdb2780a930692
3591;SELECT catalog_sales.* FROM catalog_sales JOIN warehouse ON catalog_sales.cs_warehouse_sk = warehouse.w_warehouse_sk JOIN date_dim ON catalog_sales.cs_sold_date_sk = date_dim.d_date_sk LIMIT 385;4bd2d0d5048d4c10c6f74c95b67ee779
3592;SELECT catalog_sales.* FROM catalog_sales JOIN warehouse ON catalog_sales.cs_warehouse_sk = warehouse.w_warehouse_sk LIMIT 489;e831bcb6fa1b4be1030bc20abf1ea11d
3593;SELECT store_sales.* FROM store_sales JOIN store ON store_sales.ss_store_sk = store.s_store_sk LIMIT 213;2b8b3d19980ad3c88e5807ae0e53afd5
3595;SELECT store_returns.* FROM store_returns JOIN customer ON store_returns.sr_customer_sk = customer.c_customer_sk JOIN item ON store_returns.sr_item_sk = item.i_item_sk LIMIT 171;d8d519f42c78ac2b4f5c52a25dd09881
3597;SELECT inventory.* FROM inventory JOIN warehouse ON inventory.inv_warehouse_sk = warehouse.w_warehouse_sk JOIN date_dim ON inventory.inv_date_sk = date_dim.d_date_sk LIMIT 242;bb7b56b778225a7642d628012bcff95d
3598;SELECT web_returns.* FROM web_returns JOIN item ON web_returns.wr_item_sk = item.i_item_sk LIMIT 433;c663409cb77fdddce269a13738cf4850
3599;SELECT store_sales.* FROM store_sales JOIN customer ON store_sales.ss_customer_sk = customer.c_customer_sk LIMIT 358;ddabc4601709acca8df45015560f5534
3600;SELECT store_sales.* FROM store_sales JOIN date_dim ON store_sales.ss_sold_date_sk = date_dim.d_date_sk JOIN item ON store_sales.ss_item_sk = item.i_item_sk LIMIT 272;458e1b4d8fca91fb27e04b7aecb3cae8
3601;SELECT catalog_sales.* FROM catalog_sales JOIN customer ON catalog_sales.cs_bill_customer_sk = customer.c_customer_sk JOIN warehouse ON catalog_sales.cs_warehouse_sk = warehouse.w_warehouse_sk LIMIT 300;456177fbe98eddb6124ba5c873e92930
3602;SELECT web_returns.* FROM web_returns JOIN date_dim ON web_returns.wr_returned_date_sk = date_dim.d_date_sk JOIN item ON web_returns.wr_item_sk = item.i_item_sk LIMIT 375;edfddf770954d733c26ce3b55fae7edf
3603;SELECT web_returns.* FROM web_returns JOIN item ON web_returns.wr_item_sk = item.i_item_sk JOIN customer ON web_returns.wr_refunded_customer_sk = customer.c_customer_sk LIMIT 183;939c1ce6a97a975093e2354e586e4f1b
3604;SELECT web_sales.* FROM web_sales JOIN web_site ON web_sales.ws_web_site_sk = web_site.web_site_sk JOIN item ON web_sales.ws_item_sk = item.i_item_sk LIMIT 482;10ee3434c4abf2352b51a0548e26397e
3605;SELECT web_returns.* FROM web_returns JOIN customer ON web_returns.wr_refunded_customer_sk = customer.c_customer_sk JOIN item ON web_returns.wr_item_sk = item.i_item_sk LIMIT 279;6235b81e367db108e2207038e289a761
3606;SELECT web_sales.* FROM web_sales JOIN item ON web_sales.ws_item_sk = item.i_item_sk LIMIT 76;2096108ab3c1b545d59a334bddc35521
3607;SELECT catalog_sales.* FROM catalog_sales JOIN warehouse ON catalog_sales.cs_warehouse_sk = warehouse.w_warehouse_sk LIMIT 285;d05bcf901c703a7d7ae417a74c11e415
3608;SELECT catalog_sales.* FROM catalog_sales JOIN date_dim ON catalog_sales.cs_sold_date_sk = date_dim.d_date_sk LIMIT 183;d01ed5558a105eb702516f011723664f
3609;SELECT catalog_sales.* FROM catalog_sales JOIN item ON catalog_sales.cs_item_sk = item.i_item_sk LIMIT 231;7c366c0f64c6ddac5773c84eb22cb12e
3610;SELECT store_sales.* FROM store_sales JOIN customer ON store_sales.ss_customer_sk = customer.c_customer_sk LIMIT 485;93cd688615973616b3e153fb6e06053f
3611;SELECT web_sales.* FROM web_sales JOIN date_dim ON web_sales.ws_sold_date_sk = date_dim.d_date_sk LIMIT 462;1089d494f75235d37f14e7de1706a504
3612;SELECT store_returns.* FROM store_returns JOIN item ON store_returns.sr_item_sk = item.i_item_sk JOIN customer ON store_returns.sr_customer_sk = customer.c_customer_sk LIMIT 470;09647bc708ae84a6e4c3df9d8b7f91e4
3613;SELECT web_returns.* FROM web_returns JOIN date_dim ON web_returns.wr_returned_date_sk = date_dim.d_date_sk JOIN item ON web_returns.wr_item_sk = item.i_item_sk LIMIT 424;8df9c9d4c6ee6b166251be234e8ef611
3615;SELECT catalog_sales.* FROM catalog_sales JOIN customer ON catalog_sales.cs_bill_customer_sk = customer.c_customer_sk LIMIT 207;87609e74f2dd8d2bef43829cacce8179
3616;SELECT catalog_sales.* FROM catalog_sales JOIN customer ON catalog_sales.cs_bill_customer_sk = customer.c_customer_sk LIMIT 305;3b1960ed993b68ff2f0fd425cadc8fe5
3617;SELECT web_returns.* FROM web_returns JOIN item ON web_returns.wr_item_sk = item.i_item_sk JOIN customer ON web_returns.wr_refunded_customer_sk = customer.c_customer_sk LIMIT 468;d03ec0a056c2c653428a13d69b731a63
3618;SELECT store_sales.* FROM store_sales JOIN item ON store_sales.ss_item_sk = item.i_item_sk JOIN customer ON store_sales.ss_customer_sk = customer.c_customer_sk LIMIT 404;3009b805e59d0793e2cacda9369d7044
3619;SELECT web_returns.* FROM web_returns JOIN item ON web_returns.wr_item_sk = item.i_item_sk LIMIT 170;2b81f097fc196cdc22c3af9caa447a3a
3620;SELECT web_returns.* FROM web_returns JOIN date_dim ON web_returns.wr_returned_date_sk = date_dim.d_date_sk JOIN item ON web_returns.wr_item_sk = item.i_item_sk LIMIT 339;149d6ac60939f5fb0034712bf0fa32c6
3621;SELECT inventory.* FROM inventory JOIN item ON inventory.inv_item_sk = item.i_item_sk LIMIT 419;501a0864e76ae3172e8e0bb6f50cfecf
3622;SELECT inventory.* FROM inventory JOIN warehouse ON inventory.inv_warehouse_sk = warehouse.w_warehouse_sk LIMIT 98;c661204336b4c49241f74b3d55a66c2f
3623;SELECT store_sales.* FROM store_sales JOIN store ON store_sales.ss_store_sk = store.s_store_sk JOIN customer ON store_sales.ss_customer_sk = customer.c_customer_sk LIMIT 232;b22aedbaf93364b59e5e7393d0b64eae
3624;SELECT web_sales.* FROM web_sales JOIN date_dim ON web_sales.ws_sold_date_sk = date_dim.d_date_sk JOIN customer ON web_sales.ws_bill_customer_sk = customer.c_customer_sk LIMIT 441;2b1b680120f7311a74f96c1a7fe33ed7
3625;SELECT store_sales.* FROM store_sales JOIN date_dim ON store_sales.ss_sold_date_sk = date_dim.d_date_sk JOIN store ON store_sales.ss_store_sk = store.s_store_sk LIMIT 95;7795e2d2e5eb54366f785ea2df5c22a4
3628;SELECT store_sales.* FROM store_sales JOIN item ON store_sales.ss_item_sk = item.i_item_sk JOIN date_dim ON store_sales.ss_sold_date_sk = date_dim.d_date_sk LIMIT 114;6ea2324694b95f40d634f570fa22f776
3630;SELECT store_returns.* FROM store_returns JOIN item ON store_returns.sr_item_sk = item.i_item_sk JOIN customer ON store_returns.sr_customer_sk = customer.c_customer_sk LIMIT 443;53258e287ee0fd3247fc169d06c0fb38
3631;SELECT store_returns.* FROM store_returns JOIN item ON store_returns.sr_item_sk = item.i_item_sk LIMIT 101;edc4d24e6a5c11f51b5739051936127b
3633;SELECT web_sales.* FROM web_sales JOIN date_dim ON web_sales.ws_sold_date_sk = date_dim.d_date_sk JOIN web_site ON web_sales.ws_web_site_sk = web_site.web_site_sk LIMIT 93;0db00665a488bed2487bc88d19dfbcf2
3635;SELECT web_returns.* FROM web_returns JOIN customer ON web_returns.wr_refunded_customer_sk = customer.c_customer_sk JOIN date_dim ON web_returns.wr_returned_date_sk = date_dim.d_date_sk LIMIT 402;880b14bda1d846e04f495663a2845080
3636;SELECT store_returns.* FROM store_returns JOIN item ON store_returns.sr_item_sk = item.i_item_sk LIMIT 430;fbcecc01731ebd93fd2fa97845687f2f
3637;SELECT inventory.* FROM inventory JOIN warehouse ON inventory.inv_warehouse_sk = warehouse.w_warehouse_sk JOIN item ON inventory.inv_item_sk = item.i_item_sk LIMIT 174;8fe79a8fc0d81f0217d61b22d4fcaca9
3638;SELECT store_sales.* FROM store_sales JOIN store ON store_sales.ss_store_sk = store.s_store_sk LIMIT 209;36b05f3d45e189dd2884ca024d0c32c4
3639;SELECT catalog_sales.* FROM catalog_sales JOIN warehouse ON catalog_sales.cs_warehouse_sk = warehouse.w_warehouse_sk LIMIT 474;4abaf319afb69b072cb362177cf32099
3640;SELECT inventory.* FROM inventory JOIN date_dim ON inventory.inv_date_sk = date_dim.d_date_sk JOIN item ON inventory.inv_item_sk = item.i_item_sk LIMIT 468;e68d99d7dc8e2428da3edbe5a1164c7f
3641;SELECT inventory.* FROM inventory JOIN item ON inventory.inv_item_sk = item.i_item_sk JOIN warehouse ON inventory.inv_warehouse_sk = warehouse.w_warehouse_sk LIMIT 234;6b4e57cd7ebe185c02cbc9b034dde7a8
3642;SELECT store_returns.* FROM store_returns JOIN customer ON store_returns.sr_customer_sk = customer.c_customer_sk JOIN item ON store_returns.sr_item_sk = item.i_item_sk LIMIT 403;981108718b8a31c116bdf2539c973c49
3644;SELECT store_sales.* FROM store_sales JOIN customer ON store_sales.ss_customer_sk = customer.c_customer_sk LIMIT 147;4bfec54a4631d524bbc35ec5de7c4464
3645;SELECT inventory.* FROM inventory JOIN date_dim ON inventory.inv_date_sk = date_dim.d_date_sk JOIN warehouse ON inventory.inv_warehouse_sk = warehouse.w_warehouse_sk LIMIT 327;bd9236dd717fb039b7f85343f2c23da8
3646;SELECT web_sales.* FROM web_sales JOIN customer ON web_sales.ws_bill_customer_sk = customer.c_customer_sk JOIN web_site ON web_sales.ws_web_site_sk = web_site.web_site_sk LIMIT 234;84b57abfd78c57b39ca4811a7bd5cd82
3647;SELECT inventory.* FROM inventory JOIN item ON inventory.inv_item_sk = item.i_item_sk LIMIT 144;9159fb874d3fddf6d31f7186a2cb5212
3648;SELECT web_sales.* FROM web_sales JOIN web_site ON web_sales.ws_web_site_sk = web_site.web_site_sk LIMIT 372;f0cfd08ee85b44a3fd4bf06013218d7a
3649;SELECT store_returns.* FROM store_returns JOIN customer ON store_returns.sr_customer_sk = customer.c_customer_sk LIMIT 52;413774497466a98919aea8433c2a62df
3650;SELECT web_sales.* FROM web_sales JOIN web_site ON web_sales.ws_web_site_sk = web_site.web_site_sk JOIN date_dim ON web_sales.ws_sold_date_sk = date_dim.d_date_sk LIMIT 490;5047331c7fd040203378fe11262e03d4
3651;SELECT inventory.* FROM inventory JOIN date_dim ON inventory.inv_date_sk = date_dim.d_date_sk LIMIT 225;0b97697111f25d21e4583f9f2963990f
3652;SELECT catalog_sales.* FROM catalog_sales JOIN warehouse ON catalog_sales.cs_warehouse_sk = warehouse.w_warehouse_sk JOIN customer ON catalog_sales.cs_bill_customer_sk = customer.c_customer_sk LIMIT 374;3c7e91c4879c41c6e16147fb7d3aaa46
3653;SELECT store_returns.* FROM store_returns JOIN date_dim ON store_returns.sr_returned_date_sk = date_dim.d_date_sk LIMIT 296;99079f85997654e4d52412cfeb9194f3
3654;SELECT store_returns.* FROM store_returns JOIN customer ON store_returns.sr_customer_sk = customer.c_customer_sk JOIN date_dim ON store_returns.sr_returned_date_sk = date_dim.d_date_sk LIMIT 141;478751d58ffbb9be20b9ff1b10d679e7
3656;SELECT ss_customer_sk, SUM(act_sales) AS sumsales FROM (SELECT ss_item_sk, ss_ticket_number, ss_customer_sk, CASE WHEN NOT sr_return_quantity IS NULL THEN (ss_quantity - sr_return_quantity) * ss_sales_price ELSE (ss_quantity * ss_sales_price) END AS act_sales FROM store_sales LEFT OUTER JOIN store_returns ON (sr_item_sk = ss_item_sk AND sr_ticket_number = ss_ticket_number), reason WHERE sr_reason_sk = r_reason_sk AND r_reason_desc = 'reason 28') AS t GROUP BY ss_customer_sk ORDER BY sumsales NULLS FIRST, ss_customer_sk NULLS FIRST LIMIT 77;e20deb677b7dd03246665e762df2bb97
3657;SELECT web_returns.* FROM web_returns JOIN date_dim ON web_returns.wr_returned_date_sk = date_dim.d_date_sk LIMIT 53;1787ddf64e60b14982a7f8ecc4910ca5
3659;SELECT inventory.* FROM inventory JOIN date_dim ON inventory.inv_date_sk = date_dim.d_date_sk LIMIT 210;f7eb6cfdfe6e8c99ba153b6094467017
3660;SELECT catalog_sales.* FROM catalog_sales JOIN customer ON catalog_sales.cs_bill_customer_sk = customer.c_customer_sk LIMIT 204;b2a703c33c001e92e2dce76bdd672072
3661;SELECT web_returns.* FROM web_returns JOIN item ON web_returns.wr_item_sk = item.i_item_sk JOIN customer ON web_returns.wr_refunded_customer_sk = customer.c_customer_sk LIMIT 439;09d3d878c90a0ab2bc7efdfe25673ef7
3662;SELECT store_returns.* FROM store_returns JOIN date_dim ON store_returns.sr_returned_date_sk = date_dim.d_date_sk LIMIT 168;dc22b1363efd6f5d1387a683d6e4e9b4
3663;SELECT inventory.* FROM inventory JOIN warehouse ON inventory.inv_warehouse_sk = warehouse.w_warehouse_sk JOIN date_dim ON inventory.inv_date_sk = date_dim.d_date_sk LIMIT 301;dfa0264c91c43480e01f40a4339c9832
3664;SELECT web_sales.* FROM web_sales JOIN customer ON web_sales.ws_bill_customer_sk = customer.c_customer_sk LIMIT 430;2bb48c132bd9287394e2ab184c86a675
3666;SELECT store_returns.* FROM store_returns JOIN item ON store_returns.sr_item_sk = item.i_item_sk LIMIT 77;999fbfcf20d7ffb84359d4e0fad36c6d
3667;SELECT store_returns.* FROM store_returns JOIN date_dim ON store_returns.sr_returned_date_sk = date_dim.d_date_sk JOIN customer ON store_returns.sr_customer_sk = customer.c_customer_sk LIMIT 278;06ae4acc95a15a1bfc1bac30d7897290
3668;SELECT store_returns.* FROM store_returns JOIN customer ON store_returns.sr_customer_sk = customer.c_customer_sk JOIN item ON store_returns.sr_item_sk = item.i_item_sk LIMIT 432;20e70915d8d271c1f32e36a93772b456
3669;SELECT catalog_sales.* FROM catalog_sales JOIN warehouse ON catalog_sales.cs_warehouse_sk = warehouse.w_warehouse_sk JOIN item ON catalog_sales.cs_item_sk = item.i_item_sk LIMIT 87;4ad4932684ff1289cb6fcd76025449a3
3670;SELECT web_sales.* FROM web_sales JOIN customer ON web_sales.ws_bill_customer_sk = customer.c_customer_sk LIMIT 195;25ec7e9f4d5332e4953ae2186b033b93
3671;SELECT inventory.* FROM inventory JOIN warehouse ON inventory.inv_warehouse_sk = warehouse.w_warehouse_sk LIMIT 282;fd3806ba6071a3d45758600076a96a58
3672;SELECT inventory.* FROM inventory JOIN date_dim ON inventory.inv_date_sk = date_dim.d_date_sk JOIN warehouse ON inventory.inv_warehouse_sk = warehouse.w_warehouse_sk LIMIT 377;412dc1fbb4377fe51a907d92786c072d
3674;SELECT catalog_sales.* FROM catalog_sales JOIN warehouse ON catalog_sales.cs_warehouse_sk = warehouse.w_warehouse_sk LIMIT 229;05c7c4a41183026500ed17b89161be15
3676;SELECT catalog_sales.* FROM catalog_sales JOIN customer ON catalog_sales.cs_bill_customer_sk = customer.c_customer_sk JOIN warehouse ON catalog_sales.cs_warehouse_sk = warehouse.w_warehouse_sk LIMIT 147;ad9c822cef8659e7fce0a298b27735c7
3677;SELECT web_returns.* FROM web_returns JOIN date_dim ON web_returns.wr_returned_date_sk = date_dim.d_date_sk LIMIT 344;1087c11b147b6aca66714ea42d29ab0a
3678;SELECT store_sales.* FROM store_sales JOIN customer ON store_sales.ss_customer_sk = customer.c_customer_sk JOIN date_dim ON store_sales.ss_sold_date_sk = date_dim.d_date_sk LIMIT 492;6fa5cac51eb5719bb956973e2e4f08e8
3679;SELECT web_sales.* FROM web_sales JOIN web_site ON web_sales.ws_web_site_sk = web_site.web_site_sk LIMIT 490;944993a1357d1f3028197f9f39c120ae
3680;SELECT store_sales.* FROM store_sales JOIN customer ON store_sales.ss_customer_sk = customer.c_customer_sk JOIN date_dim ON store_sales.ss_sold_date_sk = date_dim.d_date_sk LIMIT 424;38fcc13bca954382b29f03ef248a77eb
3681;SELECT web_returns.* FROM web_returns JOIN date_dim ON web_returns.wr_returned_date_sk = date_dim.d_date_sk LIMIT 160;4fdfe44707fd2296bb23570240f4279b
3682;SELECT store_returns.* FROM store_returns JOIN customer ON store_returns.sr_customer_sk = customer.c_customer_sk JOIN item ON store_returns.sr_item_sk = item.i_item_sk LIMIT 465;4b69185572ed3e2d69b3b3276a353579
3683;SELECT catalog_sales.* FROM catalog_sales JOIN item ON catalog_sales.cs_item_sk = item.i_item_sk LIMIT 308;5e2c868a4d0939d68183d95eb5a265cc
3685;SELECT inventory.* FROM inventory JOIN warehouse ON inventory.inv_warehouse_sk = warehouse.w_warehouse_sk JOIN date_dim ON inventory.inv_date_sk = date_dim.d_date_sk LIMIT 303;6fff5ee5bb8a4c9effcb4921f10db4fc
3686;SELECT web_sales.* FROM web_sales JOIN customer ON web_sales.ws_bill_customer_sk = customer.c_customer_sk JOIN date_dim ON web_sales.ws_sold_date_sk = date_dim.d_date_sk LIMIT 395;d3b20da32c40997d210734864ed521c8
3687;SELECT catalog_sales.* FROM catalog_sales JOIN customer ON catalog_sales.cs_bill_customer_sk = customer.c_customer_sk LIMIT 77;64b6ace510e6673f15c99c74f0e70a8f
3688;SELECT web_sales.* FROM web_sales JOIN web_site ON web_sales.ws_web_site_sk = web_site.web_site_sk LIMIT 472;0a7a55db23d646e601e848e236165ff2
3689;SELECT store_returns.* FROM store_returns JOIN item ON store_returns.sr_item_sk = item.i_item_sk JOIN customer ON store_returns.sr_customer_sk = customer.c_customer_sk LIMIT 293;b54bc6957c7cf40fe1350889b08c3f3a
3690;SELECT store_sales.* FROM store_sales JOIN customer ON store_sales.ss_customer_sk = customer.c_customer_sk LIMIT 226;59e3f5a69c9bbbab3eda68f256093fe3
3691;SELECT catalog_sales.* FROM catalog_sales JOIN warehouse ON catalog_sales.cs_warehouse_sk = warehouse.w_warehouse_sk JOIN customer ON catalog_sales.cs_bill_customer_sk = customer.c_customer_sk LIMIT 74;0486ced1e7da8212cd7bf3ebd5445466
3692;SELECT store_sales.* FROM store_sales JOIN date_dim ON store_sales.ss_sold_date_sk = date_dim.d_date_sk JOIN item ON store_sales.ss_item_sk = item.i_item_sk LIMIT 245;968b622bfa26d3b8d6c7df3c893d3a49
3693;SELECT store_sales.* FROM store_sales JOIN customer ON store_sales.ss_customer_sk = customer.c_customer_sk JOIN store ON store_sales.ss_store_sk = store.s_store_sk LIMIT 187;2c618eea1429afaced78a356b211179b
3694;SELECT inventory.* FROM inventory JOIN date_dim ON inventory.inv_date_sk = date_dim.d_date_sk LIMIT 334;d8ad5513802b08cadb4590955a018ab8
3695;SELECT web_returns.* FROM web_returns JOIN item ON web_returns.wr_item_sk = item.i_item_sk JOIN customer ON web_returns.wr_refunded_customer_sk = customer.c_customer_sk LIMIT 270;ec4f852e8020cb9cc0bd89fd9c9ef586
3696;SELECT catalog_sales.* FROM catalog_sales JOIN warehouse ON catalog_sales.cs_warehouse_sk = warehouse.w_warehouse_sk LIMIT 159;24960b5c10ca7dcce10e8e4916011547
3697;SELECT catalog_sales.* FROM catalog_sales JOIN customer ON catalog_sales.cs_bill_customer_sk = customer.c_customer_sk JOIN warehouse ON catalog_sales.cs_warehouse_sk = warehouse.w_warehouse_sk LIMIT 102;df8f979fb715d2beb29d16274da766c0
3698;SELECT web_sales.* FROM web_sales JOIN item ON web_sales.ws_item_sk = item.i_item_sk LIMIT 245;6a3c9dff63fc07a08d452b03df0b35af
3699;SELECT web_sales.* FROM web_sales JOIN date_dim ON web_sales.ws_sold_date_sk = date_dim.d_date_sk JOIN customer ON web_sales.ws_bill_customer_sk = customer.c_customer_sk LIMIT 351;a5192dd9310b54df38a80583a3518845
3700;SELECT web_sales.* FROM web_sales JOIN item ON web_sales.ws_item_sk = item.i_item_sk LIMIT 212;caeb821ec7608da768f45db4036340a2
3701;SELECT store_returns.* FROM store_returns JOIN customer ON store_returns.sr_customer_sk = customer.c_customer_sk LIMIT 239;b98bbe4a1a2ec09d2e59fb9f083019bd
3703;SELECT web_sales.* FROM web_sales JOIN customer ON web_sales.ws_bill_customer_sk = customer.c_customer_sk LIMIT 154;2effb322a5fdde735e2c9bbfb5ab1c05
3704;WITH customer_total_return AS (SELECT sr_customer_sk AS ctr_customer_sk, sr_store_sk AS ctr_store_sk, SUM(sr_return_amt) AS ctr_total_return FROM store_returns WHERE sr_returned_date_sk = d_date_sk AND d_year = 2274 GROUP BY sr_customer_sk, sr_store_sk) SELECT c_customer_id FROM customer_total_return AS ctr1, store, customer WHERE ctr1.ctr_total_return > (SELECT AVG(ctr_total_return) * 0 FROM customer_total_return AS ctr2 WHERE ctr1.ctr_store_sk = ctr2.ctr_store_sk) AND s_store_sk = ctr1.ctr_store_sk AND s_state = 'TN' AND ctr1.ctr_customer_sk = c_customer_sk ORDER BY c_customer_id LIMIT 135;45386b68b1b976ed59d3a4442c2a68a5
3706;SELECT store_returns.* FROM store_returns JOIN date_dim ON store_returns.sr_returned_date_sk = date_dim.d_date_sk LIMIT 57;1db1a59a00c5c91c9e1631d6841e2ccb
3707;SELECT store_returns.* FROM store_returns JOIN item ON store_returns.sr_item_sk = item.i_item_sk JOIN date_dim ON store_returns.sr_returned_date_sk = date_dim.d_date_sk LIMIT 326;3964f17420203a4d7680355d4e7af81a
3708;SELECT store_sales.* FROM store_sales JOIN customer ON store_sales.ss_customer_sk = customer.c_customer_sk JOIN store ON store_sales.ss_store_sk = store.s_store_sk LIMIT 177;b54f46f5c56fc5b0cf88e508d6a76466
3709;SELECT catalog_sales.* FROM catalog_sales JOIN warehouse ON catalog_sales.cs_warehouse_sk = warehouse.w_warehouse_sk JOIN item ON catalog_sales.cs_item_sk = item.i_item_sk LIMIT 493;01f233c9f611da72ca473622203d6c20
3710;SELECT store_returns.* FROM store_returns JOIN item ON store_returns.sr_item_sk = item.i_item_sk JOIN date_dim ON store_returns.sr_returned_date_sk = date_dim.d_date_sk LIMIT 358;a008ed9481c7ba80deaff67d01716ee3
3711;SELECT inventory.* FROM inventory JOIN item ON inventory.inv_item_sk = item.i_item_sk LIMIT 268;6038b2829117c13b0ff2a44683d43f04
3714;SELECT web_sales.* FROM web_sales JOIN web_site ON web_sales.ws_web_site_sk = web_site.web_site_sk JOIN customer ON web_sales.ws_bill_customer_sk = customer.c_customer_sk LIMIT 351;ff8a4825868b33a43363696f86300aea
3715;SELECT web_returns.* FROM web_returns JOIN item ON web_returns.wr_item_sk = item.i_item_sk LIMIT 477;c3561b187392e4883b2f64e96c69d342
3716;SELECT store_sales.* FROM store_sales JOIN customer ON store_sales.ss_customer_sk = customer.c_customer_sk LIMIT 239;77cf7764401f7fa4dbfc11b73a2cf214
3717;SELECT catalog_sales.* FROM catalog_sales JOIN warehouse ON catalog_sales.cs_warehouse_sk = warehouse.w_warehouse_sk JOIN customer ON catalog_sales.cs_bill_customer_sk = customer.c_customer_sk LIMIT 207;6ea72ef83a5d255cc558b3bced552d0e
3718;SELECT web_sales.* FROM web_sales JOIN web_site ON web_sales.ws_web_site_sk = web_site.web_site_sk JOIN date_dim ON web_sales.ws_sold_date_sk = date_dim.d_date_sk LIMIT 235;a3b3fd33b6c2cc9c7ca87c4fb971d563
3720;SELECT store_sales.* FROM store_sales JOIN customer ON store_sales.ss_customer_sk = customer.c_customer_sk LIMIT 250;ef578d313057e042645cfe8711ec7d54
3723;SELECT store_sales.* FROM store_sales JOIN customer ON store_sales.ss_customer_sk = customer.c_customer_sk LIMIT 192;fb0f578612a68ce08ac18eb7520aec38
3724;SELECT web_sales.* FROM web_sales JOIN customer ON web_sales.ws_bill_customer_sk = customer.c_customer_sk LIMIT 284;2b2c4a3e11c30a4eeaacf52d9fc83ad7
3725;SELECT web_sales.* FROM web_sales JOIN date_dim ON web_sales.ws_sold_date_sk = date_dim.d_date_sk JOIN customer ON web_sales.ws_bill_customer_sk = customer.c_customer_sk LIMIT 91;15315222cbe7d6283e984a731e3bfbae
3726;SELECT web_returns.* FROM web_returns JOIN item ON web_returns.wr_item_sk = item.i_item_sk JOIN date_dim ON web_returns.wr_returned_date_sk = date_dim.d_date_sk LIMIT 439;946ef5f231ebcfea42b1baadd4729c8b
3727;SELECT inventory.* FROM inventory JOIN warehouse ON inventory.inv_warehouse_sk = warehouse.w_warehouse_sk LIMIT 378;663dde9f69c4742dc27a29184566170b
3728;SELECT inventory.* FROM inventory JOIN warehouse ON inventory.inv_warehouse_sk = warehouse.w_warehouse_sk LIMIT 262;8dcbee49f7f66c13c0670082b059680f
3729;SELECT store_returns.* FROM store_returns JOIN customer ON store_returns.sr_customer_sk = customer.c_customer_sk JOIN item ON store_returns.sr_item_sk = item.i_item_sk LIMIT 495;85546515d114940ca114937f499fc94f
3730;SELECT inventory.* FROM inventory JOIN date_dim ON inventory.inv_date_sk = date_dim.d_date_sk LIMIT 133;ad39dad424e2fa9db5ed405c80c04b05
3731;SELECT store_returns.* FROM store_returns JOIN item ON store_returns.sr_item_sk = item.i_item_sk JOIN customer ON store_returns.sr_customer_sk = customer.c_customer_sk LIMIT 485;47ffe6851fa3d481ad50ca0d42d82b59
3732;SELECT web_returns.* FROM web_returns JOIN item ON web_returns.wr_item_sk = item.i_item_sk JOIN date_dim ON web_returns.wr_returned_date_sk = date_dim.d_date_sk LIMIT 196;b9fae8a8305396307f2363d978a1b26c
3733;SELECT store_returns.* FROM store_returns JOIN customer ON store_returns.sr_customer_sk = customer.c_customer_sk JOIN date_dim ON store_returns.sr_returned_date_sk = date_dim.d_date_sk LIMIT 201;c6c2b4ea862fd834206c331144002ba2
3734;SELECT catalog_sales.* FROM catalog_sales JOIN warehouse ON catalog_sales.cs_warehouse_sk = warehouse.w_warehouse_sk JOIN date_dim ON catalog_sales.cs_sold_date_sk = date_dim.d_date_sk LIMIT 245;57145d7d51224d66e95f91513886f78f
3735;SELECT web_returns.* FROM web_returns JOIN item ON web_returns.wr_item_sk = item.i_item_sk JOIN customer ON web_returns.wr_refunded_customer_sk = customer.c_customer_sk LIMIT 476;e69464b3e2b151f1deea9e3fe2233a98
3737;SELECT catalog_sales.* FROM catalog_sales JOIN warehouse ON catalog_sales.cs_warehouse_sk = warehouse.w_warehouse_sk JOIN date_dim ON catalog_sales.cs_sold_date_sk = date_dim.d_date_sk LIMIT 461;251347411e986e448b8217c6ae3af067
3738;SELECT inventory.* FROM inventory JOIN warehouse ON inventory.inv_warehouse_sk = warehouse.w_warehouse_sk JOIN date_dim ON inventory.inv_date_sk = date_dim.d_date_sk LIMIT 216;b79b496af8b4965681d8208d706ef1d1
3739;SELECT web_sales.* FROM web_sales JOIN date_dim ON web_sales.ws_sold_date_sk = date_dim.d_date_sk LIMIT 75;d5a974b3cee5fbfc7bb0910c74b3e4a6
3740;SELECT web_returns.* FROM web_returns JOIN item ON web_returns.wr_item_sk = item.i_item_sk LIMIT 64;e8a9563c4afe5dad69abbb95ff1ba06b
3741;SELECT catalog_sales.* FROM catalog_sales JOIN customer ON catalog_sales.cs_bill_customer_sk = customer.c_customer_sk LIMIT 329;21d96efa4e1a564bc358d63e0b1c9840
3742;SELECT web_sales.* FROM web_sales JOIN item ON web_sales.ws_item_sk = item.i_item_sk LIMIT 286;bce9ff0ff7c46f844848881b5e3607a2
3743;SELECT store_returns.* FROM store_returns JOIN date_dim ON store_returns.sr_returned_date_sk = date_dim.d_date_sk LIMIT 293;a5bd753481634e9575938c68a947f426
3744;SELECT inventory.* FROM inventory JOIN item ON inventory.inv_item_sk = item.i_item_sk JOIN date_dim ON inventory.inv_date_sk = date_dim.d_date_sk LIMIT 196;b9fe49e33fbef0d40eec587790c055ff
3746;SELECT store_sales.* FROM store_sales JOIN date_dim ON store_sales.ss_sold_date_sk = date_dim.d_date_sk JOIN store ON store_sales.ss_store_sk = store.s_store_sk LIMIT 101;3d1f6723e3067c1d6568af6b764edc81
3747;SELECT web_sales.* FROM web_sales JOIN item ON web_sales.ws_item_sk = item.i_item_sk JOIN web_site ON web_sales.ws_web_site_sk = web_site.web_site_sk LIMIT 215;5d963751f0f0d470ba608914dff26926
3748;SELECT inventory.* FROM inventory JOIN date_dim ON inventory.inv_date_sk = date_dim.d_date_sk LIMIT 387;5f7eb738fc454a3baa2a919c81f8d890
3749;SELECT inventory.* FROM inventory JOIN warehouse ON inventory.inv_warehouse_sk = warehouse.w_warehouse_sk JOIN item ON inventory.inv_item_sk = item.i_item_sk LIMIT 300;11230afe866398eff3a90c82c5010e1e
3750;SELECT store_sales.* FROM store_sales JOIN customer ON store_sales.ss_customer_sk = customer.c_customer_sk LIMIT 421;c0dce89a5f0d5047f0af4313bcfd7907
3751;SELECT inventory.* FROM inventory JOIN item ON inventory.inv_item_sk = item.i_item_sk JOIN date_dim ON inventory.inv_date_sk = date_dim.d_date_sk LIMIT 374;65bd374c48a75961de5cffaf07655e28
3753;SELECT store_sales.* FROM store_sales JOIN customer ON store_sales.ss_customer_sk = customer.c_customer_sk JOIN item ON store_sales.ss_item_sk = item.i_item_sk LIMIT 72;65a0f285ea9bff085cc2b8855f4dc444
3755;SELECT web_sales.* FROM web_sales JOIN item ON web_sales.ws_item_sk = item.i_item_sk LIMIT 269;b8593cdcdad7b88f9f7dc75756c6f567
3756;SELECT web_returns.* FROM web_returns JOIN date_dim ON web_returns.wr_returned_date_sk = date_dim.d_date_sk LIMIT 393;cefd513325b139cb4f1477b6ab858acb
3757;SELECT store_sales.* FROM store_sales JOIN item ON store_sales.ss_item_sk = item.i_item_sk LIMIT 323;700ac600e9c9efc913d7ba1de137949d
3758;SELECT web_sales.* FROM web_sales JOIN customer ON web_sales.ws_bill_customer_sk = customer.c_customer_sk LIMIT 148;613ea13714b55cacf0bdd6ff4d8da2ae
3759;SELECT store_returns.* FROM store_returns JOIN customer ON store_returns.sr_customer_sk = customer.c_customer_sk LIMIT 93;b97e95b0790ac24974ba6514c794f0df
3760;SELECT store_returns.* FROM store_returns JOIN customer ON store_returns.sr_customer_sk = customer.c_customer_sk JOIN date_dim ON store_returns.sr_returned_date_sk = date_dim.d_date_sk LIMIT 404;0d4cdddeca51505eb42230866832e142
3761;SELECT store_returns.* FROM store_returns JOIN customer ON store_returns.sr_customer_sk = customer.c_customer_sk LIMIT 81;d3f557fccd2992c07f1c5eb5441fd188
3762;SELECT catalog_sales.* FROM catalog_sales JOIN date_dim ON catalog_sales.cs_sold_date_sk = date_dim.d_date_sk JOIN customer ON catalog_sales.cs_bill_customer_sk = customer.c_customer_sk LIMIT 429;b2f4b85174d17e72184fc97fc0c7790c
3765;SELECT catalog_sales.* FROM catalog_sales JOIN date_dim ON catalog_sales.cs_sold_date_sk = date_dim.d_date_sk JOIN item ON catalog_sales.cs_item_sk = item.i_item_sk LIMIT 373;2d296a34dba728aac20cae582da22c64
3766;SELECT web_sales.* FROM web_sales JOIN date_dim ON web_sales.ws_sold_date_sk = date_dim.d_date_sk JOIN customer ON web_sales.ws_bill_customer_sk = customer.c_customer_sk LIMIT 138;bfa06518ac4b0c19acc89aa6ab66ebb9
3769;SELECT store_sales.* FROM store_sales JOIN store ON store_sales.ss_store_sk = store.s_store_sk JOIN date_dim ON store_sales.ss_sold_date_sk = date_dim.d_date_sk LIMIT 117;5dcbe7cd8f11a4738fa3f4b6b756831d
3770;SELECT store_returns.* FROM store_returns JOIN date_dim ON store_returns.sr_returned_date_sk = date_dim.d_date_sk JOIN item ON store_returns.sr_item_sk = item.i_item_sk LIMIT 269;a76d6de79b6e090de08f25798365330f
3771;SELECT store_returns.* FROM store_returns JOIN customer ON store_returns.sr_customer_sk = customer.c_customer_sk JOIN date_dim ON store_returns.sr_returned_date_sk = date_dim.d_date_sk LIMIT 180;c00043df70a906e58254a861bc0b2077
3772;SELECT web_sales.* FROM web_sales JOIN customer ON web_sales.ws_bill_customer_sk = customer.c_customer_sk JOIN web_site ON web_sales.ws_web_site_sk = web_site.web_site_sk LIMIT 210;ea17dce63171103f1dbe14769c0e5662
3773;SELECT web_sales.* FROM web_sales JOIN web_site ON web_sales.ws_web_site_sk = web_site.web_site_sk JOIN item ON web_sales.ws_item_sk = item.i_item_sk LIMIT 412;d48fab05c9adf59918a0256e1c371b9d
3774;SELECT store_sales.* FROM store_sales JOIN store ON store_sales.ss_store_sk = store.s_store_sk LIMIT 377;9a998b7ae7ac0a888357191da89a9774
3775;SELECT store_sales.* FROM store_sales JOIN item ON store_sales.ss_item_sk = item.i_item_sk LIMIT 187;597f8f60c878fbc986e60aabeb386654
3776;SELECT store_returns.* FROM store_returns JOIN customer ON store_returns.sr_customer_sk = customer.c_customer_sk JOIN item ON store_returns.sr_item_sk = item.i_item_sk LIMIT 300;46dd3c64161960671c7bd50ed560c3be
3777;SELECT web_returns.* FROM web_returns JOIN date_dim ON web_returns.wr_returned_date_sk = date_dim.d_date_sk JOIN item ON web_returns.wr_item_sk = item.i_item_sk LIMIT 381;8158559d33e6dc00ebc08c307cc6b11d
3779;SELECT store_sales.* FROM store_sales JOIN item ON store_sales.ss_item_sk = item.i_item_sk JOIN store ON store_sales.ss_store_sk = store.s_store_sk LIMIT 84;d1910aa2e3a061c08c6bbe1b2f2801fd
3780;SELECT store_returns.* FROM store_returns JOIN item ON store_returns.sr_item_sk = item.i_item_sk JOIN date_dim ON store_returns.sr_returned_date_sk = date_dim.d_date_sk LIMIT 184;f80cff0604cbce252cd712682a97c134
3781;SELECT web_returns.* FROM web_returns JOIN item ON web_returns.wr_item_sk = item.i_item_sk JOIN date_dim ON web_returns.wr_returned_date_sk = date_dim.d_date_sk LIMIT 308;85c23d0a9757d78b5bac284b98307264
3782;SELECT store_sales.* FROM store_sales JOIN customer ON store_sales.ss_customer_sk = customer.c_customer_sk JOIN item ON store_sales.ss_item_sk = item.i_item_sk LIMIT 60;24437402ce9aa5757cf78cfa3dacf2c8
3783;SELECT catalog_sales.* FROM catalog_sales JOIN item ON catalog_sales.cs_item_sk = item.i_item_sk JOIN warehouse ON catalog_sales.cs_warehouse_sk = warehouse.w_warehouse_sk LIMIT 151;e01b1679ce4efce2ada340f5ba60e65c
3784;SELECT store_returns.* FROM store_returns JOIN customer ON store_returns.sr_customer_sk = customer.c_customer_sk JOIN date_dim ON store_returns.sr_returned_date_sk = date_dim.d_date_sk LIMIT 148;4bc209d9174c1ef11e87224693215fff
3785;SELECT web_returns.* FROM web_returns JOIN customer ON web_returns.wr_refunded_customer_sk = customer.c_customer_sk LIMIT 439;96f251e312e1318a029c6a708b2cafdc
3786;SELECT store_returns.* FROM store_returns JOIN item ON store_returns.sr_item_sk = item.i_item_sk LIMIT 475;c3b38aa0a6abc9f5a79458a441c4760a
3787;SELECT web_returns.* FROM web_returns JOIN date_dim ON web_returns.wr_returned_date_sk = date_dim.d_date_sk JOIN item ON web_returns.wr_item_sk = item.i_item_sk LIMIT 428;1213d25178de56a3e502fbae9bb8ff11
3789;SELECT store_returns.* FROM store_returns JOIN item ON store_returns.sr_item_sk = item.i_item_sk LIMIT 62;2611fdcf97b6685f62efdfe8b9ff9b8c
3790;SELECT catalog_sales.* FROM catalog_sales JOIN warehouse ON catalog_sales.cs_warehouse_sk = warehouse.w_warehouse_sk LIMIT 295;387d4df32448389e71993e06356e50c4
3792;SELECT web_returns.* FROM web_returns JOIN item ON web_returns.wr_item_sk = item.i_item_sk LIMIT 103;bc60685308e7db2d9fabdd6b4a9e6e16
3793;SELECT inventory.* FROM inventory JOIN warehouse ON inventory.inv_warehouse_sk = warehouse.w_warehouse_sk LIMIT 167;4b459c85ec7ddb1d78e062c812080018
3794;SELECT web_sales.* FROM web_sales JOIN date_dim ON web_sales.ws_sold_date_sk = date_dim.d_date_sk JOIN customer ON web_sales.ws_bill_customer_sk = customer.c_customer_sk LIMIT 486;c96a3d970a8f572a27ba8e1c3c40f9ab
3795;SELECT web_sales.* FROM web_sales JOIN web_site ON web_sales.ws_web_site_sk = web_site.web_site_sk JOIN customer ON web_sales.ws_bill_customer_sk = customer.c_customer_sk LIMIT 57;da6ae82a88580b274f5d8f9b7fdf3127
3797;SELECT store_sales.* FROM store_sales JOIN customer ON store_sales.ss_customer_sk = customer.c_customer_sk LIMIT 385;724fb58289a498356762d77630aab4d1
3798;SELECT catalog_sales.* FROM catalog_sales JOIN item ON catalog_sales.cs_item_sk = item.i_item_sk JOIN warehouse ON catalog_sales.cs_warehouse_sk = warehouse.w_warehouse_sk LIMIT 79;c450e3f13e445d834445efc2b699c2d1
3800;SELECT web_returns.* FROM web_returns JOIN date_dim ON web_returns.wr_returned_date_sk = date_dim.d_date_sk LIMIT 56;8224d175d1654d2db1ed0010a0e61c68
3802;SELECT store_sales.* FROM store_sales JOIN item ON store_sales.ss_item_sk = item.i_item_sk LIMIT 276;c6e1542b30c260e81fc2f3123a0991fd
3803;SELECT store_returns.* FROM store_returns JOIN customer ON store_returns.sr_customer_sk = customer.c_customer_sk JOIN item ON store_returns.sr_item_sk = item.i_item_sk LIMIT 154;ffa46882d9e14a4107533768166da646
3805;SELECT web_sales.* FROM web_sales JOIN web_site ON web_sales.ws_web_site_sk = web_site.web_site_sk JOIN date_dim ON web_sales.ws_sold_date_sk = date_dim.d_date_sk LIMIT 162;ad89de04d464d95e92a44384eb3cf674
3806;SELECT web_returns.* FROM web_returns JOIN customer ON web_returns.wr_refunded_customer_sk = customer.c_customer_sk LIMIT 307;28ff26aab33c039ad1b39dbebb1a66f9
3807;SELECT web_sales.* FROM web_sales JOIN customer ON web_sales.ws_bill_customer_sk = customer.c_customer_sk JOIN web_site ON web_sales.ws_web_site_sk = web_site.web_site_sk LIMIT 413;1876150bd82ea13620c176a10db3fb5a
3808;SELECT store_returns.* FROM store_returns JOIN customer ON store_returns.sr_customer_sk = customer.c_customer_sk JOIN date_dim ON store_returns.sr_returned_date_sk = date_dim.d_date_sk LIMIT 183;252c268c03f71f12c12be15dd983632a
3809;"SELECT w_substr, sm_type, web_name, SUM(CASE WHEN (ws_ship_date_sk - ws_sold_date_sk <= 16) THEN 1.0 ELSE 0.0 END) AS ""30 days"", SUM(CASE WHEN (ws_ship_date_sk - ws_sold_date_sk > 28) AND (ws_ship_date_sk - ws_sold_date_sk <= 78) THEN 1.0 ELSE 0.0 END) AS ""31-60 days"", SUM(CASE WHEN (ws_ship_date_sk - ws_sold_date_sk > 89) AND (ws_ship_date_sk - ws_sold_date_sk <= 63) THEN 1.0 ELSE 0.0 END) AS ""61-90 days"", SUM(CASE WHEN (ws_ship_date_sk - ws_sold_date_sk > 46) AND (ws_ship_date_sk - ws_sold_date_sk <= 81) THEN 1.0 ELSE 0.0 END) AS ""91-120 days"", SUM(CASE WHEN (ws_ship_date_sk - ws_sold_date_sk > 101) THEN 1.0 ELSE 0.0 END) AS "">120 days"" FROM web_sales, (SELECT SUBSTRING(w_warehouse_name FROM 1.0 FOR 15) AS w_substr, * FROM warehouse) AS sq1, ship_mode, web_site, date_dim WHERE d_month_seq BETWEEN 1103 AND 754 + 6 AND ws_ship_date_sk = d_date_sk AND ws_warehouse_sk = w_warehouse_sk AND ws_ship_mode_sk = sm_ship_mode_sk AND ws_web_site_sk = web_site_sk GROUP BY w_substr, sm_type, web_name ORDER BY 1.0 NULLS FIRST, 2 NULLS FIRST, 2 NULLS FIRST LIMIT 148";2891d33d5390c35d2a576681984f0e8d
3810;SELECT store_sales.* FROM store_sales JOIN customer ON store_sales.ss_customer_sk = customer.c_customer_sk JOIN item ON store_sales.ss_item_sk = item.i_item_sk LIMIT 420;fc2803cd941beadc9950741e3ef3d98f
3811;SELECT store_sales.* FROM store_sales JOIN store ON store_sales.ss_store_sk = store.s_store_sk JOIN item ON store_sales.ss_item_sk = item.i_item_sk LIMIT 285;bc15ba3275ac90ad06e65e6dd4c2446b
3812;SELECT web_sales.* FROM web_sales JOIN web_site ON web_sales.ws_web_site_sk = web_site.web_site_sk LIMIT 411;3aac47211551f74d586172f993b8ba03
3813;SELECT web_sales.* FROM web_sales JOIN customer ON web_sales.ws_bill_customer_sk = customer.c_customer_sk JOIN web_site ON web_sales.ws_web_site_sk = web_site.web_site_sk LIMIT 400;611fea4c9e4ebfdc52bea8889f2aae8f
3814;SELECT catalog_sales.* FROM catalog_sales JOIN item ON catalog_sales.cs_item_sk = item.i_item_sk JOIN customer ON catalog_sales.cs_bill_customer_sk = customer.c_customer_sk LIMIT 388;94b00fe66a0862d76d669ba99a2e2139
3815;SELECT inventory.* FROM inventory JOIN date_dim ON inventory.inv_date_sk = date_dim.d_date_sk LIMIT 250;8a278d703e288657816409908a1ca838
3816;SELECT inventory.* FROM inventory JOIN warehouse ON inventory.inv_warehouse_sk = warehouse.w_warehouse_sk LIMIT 427;b34688fbf79722cd35ad7d16bc6bbdcd
3817;SELECT store_sales.* FROM store_sales JOIN customer ON store_sales.ss_customer_sk = customer.c_customer_sk JOIN item ON store_sales.ss_item_sk = item.i_item_sk LIMIT 490;2c7c25d1272218112f347292e089d66f
3818;SELECT web_sales.* FROM web_sales JOIN customer ON web_sales.ws_bill_customer_sk = customer.c_customer_sk LIMIT 357;c51efd32c8cc7147f3f3477f685066e4
3819;SELECT inventory.* FROM inventory JOIN warehouse ON inventory.inv_warehouse_sk = warehouse.w_warehouse_sk LIMIT 472;214e4d896249d46e673854298d2d1fd0
3820;SELECT web_returns.* FROM web_returns JOIN item ON web_returns.wr_item_sk = item.i_item_sk LIMIT 418;0deec72e4f9653e00d31968f68a20552
3822;SELECT web_sales.* FROM web_sales JOIN web_site ON web_sales.ws_web_site_sk = web_site.web_site_sk LIMIT 400;3d487810f268429a399dd1cf10664824
3823;SELECT catalog_sales.* FROM catalog_sales JOIN item ON catalog_sales.cs_item_sk = item.i_item_sk LIMIT 287;3ee556b34dbae806c6a17fd135e15769
3824;SELECT store_returns.* FROM store_returns JOIN item ON store_returns.sr_item_sk = item.i_item_sk JOIN customer ON store_returns.sr_customer_sk = customer.c_customer_sk LIMIT 69;78c93f52eed516907ee37c9a8ee5ca76
3827;SELECT web_returns.* FROM web_returns JOIN date_dim ON web_returns.wr_returned_date_sk = date_dim.d_date_sk LIMIT 415;b2d77d0112cbcf32be4b84b3706db8cc
3828;SELECT web_returns.* FROM web_returns JOIN date_dim ON web_returns.wr_returned_date_sk = date_dim.d_date_sk LIMIT 367;dea2735cedac480965c61cb0812bcce7
3829;SELECT web_sales.* FROM web_sales JOIN customer ON web_sales.ws_bill_customer_sk = customer.c_customer_sk JOIN web_site ON web_sales.ws_web_site_sk = web_site.web_site_sk LIMIT 217;2061d6e5da2f3b9357c0bc5978e8820b
3831;SELECT web_returns.* FROM web_returns JOIN item ON web_returns.wr_item_sk = item.i_item_sk JOIN date_dim ON web_returns.wr_returned_date_sk = date_dim.d_date_sk LIMIT 413;00340df98ad6f5ed41bc30932df26dd2
3833;SELECT inventory.* FROM inventory JOIN date_dim ON inventory.inv_date_sk = date_dim.d_date_sk JOIN warehouse ON inventory.inv_warehouse_sk = warehouse.w_warehouse_sk LIMIT 445;0bf3e68c233f5e8566288448c31e4ecb
3834;SELECT store_returns.* FROM store_returns JOIN date_dim ON store_returns.sr_returned_date_sk = date_dim.d_date_sk LIMIT 259;833d7ec63a983dcce5979b717a5901c2
3835;SELECT store_returns.* FROM store_returns JOIN date_dim ON store_returns.sr_returned_date_sk = date_dim.d_date_sk LIMIT 231;ac41a85149919f8e7625d8a4bcd6339a
3836;SELECT web_sales.* FROM web_sales JOIN customer ON web_sales.ws_bill_customer_sk = customer.c_customer_sk JOIN date_dim ON web_sales.ws_sold_date_sk = date_dim.d_date_sk LIMIT 241;82c81984d60214231a3c4a82708a6d68
3837;SELECT i_item_desc, w_warehouse_name, d1.d_week_seq, SUM(CASE WHEN p_promo_sk IS NULL THEN 1.0 ELSE 0.0 END) AS no_promo, SUM(CASE WHEN NOT p_promo_sk IS NULL THEN 1.0 ELSE 0.0 END) AS promo, COUNT(*) AS total_cnt FROM catalog_sales JOIN inventory ON (cs_item_sk = inv_item_sk) JOIN warehouse ON (w_warehouse_sk = inv_warehouse_sk) JOIN item ON (i_item_sk = cs_item_sk) JOIN customer_demographics ON (cs_bill_cdemo_sk = cd_demo_sk) JOIN household_demographics ON (cs_bill_hdemo_sk = hd_demo_sk) JOIN date_dim AS d1 ON (cs_sold_date_sk = d1.d_date_sk) JOIN date_dim AS d2 ON (inv_date_sk = d2.d_date_sk) JOIN date_dim AS d3 ON (cs_ship_date_sk = d3.d_date_sk) LEFT OUTER JOIN promotion ON (cs_promo_sk = p_promo_sk) LEFT OUTER JOIN catalog_returns ON (cr_item_sk = cs_item_sk AND cr_order_number = cs_order_number) WHERE d1.d_week_seq = d2.d_week_seq AND inv_quantity_on_hand < cs_quantity AND d3.d_date > d1.d_date + 6 AND hd_buy_potential = '>10000' AND d1.d_year = 1867 AND cd_marital_status = 'D' GROUP BY i_item_desc, w_warehouse_name, d1.d_week_seq ORDER BY total_cnt DESC, i_item_desc NULLS FIRST, w_warehouse_name NULLS FIRST, d1.d_week_seq NULLS FIRST LIMIT 106;9a7eae971ba30d7b65664a3e5f1e43ba
3838;SELECT store_returns.* FROM store_returns JOIN item ON store_returns.sr_item_sk = item.i_item_sk LIMIT 298;ffe0cc13d516728e71c5f8507b71c8f0
3839;SELECT store_sales.* FROM store_sales JOIN customer ON store_sales.ss_customer_sk = customer.c_customer_sk JOIN store ON store_sales.ss_store_sk = store.s_store_sk LIMIT 412;485a4bc231a574e9967ae72752a1c452
3842;SELECT store_sales.* FROM store_sales JOIN date_dim ON store_sales.ss_sold_date_sk = date_dim.d_date_sk JOIN store ON store_sales.ss_store_sk = store.s_store_sk LIMIT 280;17c968a1cfd814b2936567caf33c9057
3843;SELECT dt.d_year, item.i_category_id, item.i_category, SUM(ss_ext_sales_price) FROM date_dim AS dt, store_sales, item WHERE dt.d_date_sk = store_sales.ss_sold_date_sk AND store_sales.ss_item_sk = item.i_item_sk AND item.i_manager_id = 1.0 AND dt.d_moy = 14 AND dt.d_year = 1227 GROUP BY dt.d_year, item.i_category_id, item.i_category ORDER BY SUM(ss_ext_sales_price) DESC NULLS LAST, dt.d_year, item.i_category_id, item.i_category LIMIT 148;60a0ad4a92f95db0597d289190f368ce
3844;SELECT web_returns.* FROM web_returns JOIN customer ON web_returns.wr_refunded_customer_sk = customer.c_customer_sk LIMIT 468;5c4154eea3f94571ca421eca8d1debca
3846;SELECT catalog_sales.* FROM catalog_sales JOIN date_dim ON catalog_sales.cs_sold_date_sk = date_dim.d_date_sk LIMIT 228;e6fbd866c5933ad1bb5d5ce589833a9e
3848;SELECT web_returns.* FROM web_returns JOIN item ON web_returns.wr_item_sk = item.i_item_sk LIMIT 331;3e9f3ed2d6f370882c3b6e8d9e36f3be
3849;SELECT store_returns.* FROM store_returns JOIN date_dim ON store_returns.sr_returned_date_sk = date_dim.d_date_sk JOIN customer ON store_returns.sr_customer_sk = customer.c_customer_sk LIMIT 204;d2e7b279b60a2e1994d04f3ced581ecd
3850;SELECT store_sales.* FROM store_sales JOIN store ON store_sales.ss_store_sk = store.s_store_sk LIMIT 445;de556d299470c805d9673b6ec9572da3
3851;SELECT inventory.* FROM inventory JOIN item ON inventory.inv_item_sk = item.i_item_sk JOIN warehouse ON inventory.inv_warehouse_sk = warehouse.w_warehouse_sk LIMIT 156;0a5d373ebe861b3b963f1e6eb6e0f8c6
3852;SELECT web_returns.* FROM web_returns JOIN customer ON web_returns.wr_refunded_customer_sk = customer.c_customer_sk JOIN date_dim ON web_returns.wr_returned_date_sk = date_dim.d_date_sk LIMIT 166;1845b79a6227cfbf16a836ecc75faf6c
3853;SELECT catalog_sales.* FROM catalog_sales JOIN warehouse ON catalog_sales.cs_warehouse_sk = warehouse.w_warehouse_sk LIMIT 237;da3a05ae28182bc6a048fe62d90d54f8
3854;SELECT catalog_sales.* FROM catalog_sales JOIN customer ON catalog_sales.cs_bill_customer_sk = customer.c_customer_sk LIMIT 413;4235b4c9f35a726f7f16edb65701b59c
3855;SELECT store_returns.* FROM store_returns JOIN customer ON store_returns.sr_customer_sk = customer.c_customer_sk LIMIT 86;2a52b495e123432649bc8cfcd5390681
3856;SELECT web_sales.* FROM web_sales JOIN item ON web_sales.ws_item_sk = item.i_item_sk LIMIT 208;c580804e4471bd1d8f3402b7095e7f0b
3857;SELECT inventory.* FROM inventory JOIN date_dim ON inventory.inv_date_sk = date_dim.d_date_sk JOIN item ON inventory.inv_item_sk = item.i_item_sk LIMIT 476;59166bc7615d3472adb68f6878883a02
3858;SELECT web_returns.* FROM web_returns JOIN item ON web_returns.wr_item_sk = item.i_item_sk LIMIT 476;2574bbb8c5c009ba7d0057d7697a8dad
3860;SELECT web_returns.* FROM web_returns JOIN date_dim ON web_returns.wr_returned_date_sk = date_dim.d_date_sk JOIN item ON web_returns.wr_item_sk = item.i_item_sk LIMIT 149;4055e89c18beac312d9cbf4c3e3a6e27
3861;SELECT inventory.* FROM inventory JOIN warehouse ON inventory.inv_warehouse_sk = warehouse.w_warehouse_sk LIMIT 170;f1b3780ba0354b0e933b431c66447538
3862;SELECT catalog_sales.* FROM catalog_sales JOIN date_dim ON catalog_sales.cs_sold_date_sk = date_dim.d_date_sk LIMIT 390;4d63e8a0bf534b82c5ce4ba639f44160
3863;SELECT web_returns.* FROM web_returns JOIN date_dim ON web_returns.wr_returned_date_sk = date_dim.d_date_sk JOIN item ON web_returns.wr_item_sk = item.i_item_sk LIMIT 303;a37a98025420bf42fc6c2d8e39b2c793
3864;SELECT store_returns.* FROM store_returns JOIN date_dim ON store_returns.sr_returned_date_sk = date_dim.d_date_sk LIMIT 150;ae21274fa102ba867bc4593f6ff3115b
3866;SELECT web_sales.* FROM web_sales JOIN customer ON web_sales.ws_bill_customer_sk = customer.c_customer_sk LIMIT 294;6eddaeba355ac37d1d7a32a6a2fc12dc
3867;SELECT web_returns.* FROM web_returns JOIN customer ON web_returns.wr_refunded_customer_sk = customer.c_customer_sk JOIN item ON web_returns.wr_item_sk = item.i_item_sk LIMIT 468;c6a3e6283be22591438c7d98c5fc8273
3869;SELECT catalog_sales.* FROM catalog_sales JOIN date_dim ON catalog_sales.cs_sold_date_sk = date_dim.d_date_sk JOIN customer ON catalog_sales.cs_bill_customer_sk = customer.c_customer_sk LIMIT 406;b1e32c41ce71cd27f08cd2b6ffbce388
3870;SELECT store_sales.* FROM store_sales JOIN customer ON store_sales.ss_customer_sk = customer.c_customer_sk JOIN item ON store_sales.ss_item_sk = item.i_item_sk LIMIT 414;16961ecc49e16e1fedab41d2bb8e5406
3871;SELECT store_sales.* FROM store_sales JOIN date_dim ON store_sales.ss_sold_date_sk = date_dim.d_date_sk JOIN store ON store_sales.ss_store_sk = store.s_store_sk LIMIT 386;9f733322c718b873d084185bdf41201c
3874;SELECT web_sales.* FROM web_sales JOIN item ON web_sales.ws_item_sk = item.i_item_sk LIMIT 375;7cb2a31c5005c6c4c8f1e6513ad6cdae
3875;SELECT store_returns.* FROM store_returns JOIN date_dim ON store_returns.sr_returned_date_sk = date_dim.d_date_sk JOIN customer ON store_returns.sr_customer_sk = customer.c_customer_sk LIMIT 391;82413357f65c6ea7df2a05abc3bf3d94
3876;SELECT web_returns.* FROM web_returns JOIN item ON web_returns.wr_item_sk = item.i_item_sk LIMIT 395;6c3d0b2e52e7f8fbc81a0122b2b6ca8d
3877;SELECT catalog_sales.* FROM catalog_sales JOIN item ON catalog_sales.cs_item_sk = item.i_item_sk LIMIT 165;e3a191a216d25c318320792444258f90
3878;SELECT web_sales.* FROM web_sales JOIN item ON web_sales.ws_item_sk = item.i_item_sk LIMIT 479;abd5ea81657301fa491e39ba65c6ef8c
3879;SELECT catalog_sales.* FROM catalog_sales JOIN customer ON catalog_sales.cs_bill_customer_sk = customer.c_customer_sk JOIN date_dim ON catalog_sales.cs_sold_date_sk = date_dim.d_date_sk LIMIT 252;fcaae30cd03995a61fb8b096e1df8c99
3880;SELECT web_returns.* FROM web_returns JOIN item ON web_returns.wr_item_sk = item.i_item_sk JOIN customer ON web_returns.wr_refunded_customer_sk = customer.c_customer_sk LIMIT 446;0288976c07d01dbb8d221f36df2aabdb
3881;SELECT store_sales.* FROM store_sales JOIN store ON store_sales.ss_store_sk = store.s_store_sk JOIN date_dim ON store_sales.ss_sold_date_sk = date_dim.d_date_sk LIMIT 399;4527ccaa5d4fa8c9e4de62e6c54466f9
3882;SELECT store_sales.* FROM store_sales JOIN date_dim ON store_sales.ss_sold_date_sk = date_dim.d_date_sk JOIN store ON store_sales.ss_store_sk = store.s_store_sk LIMIT 269;ae721ab63c4502c8ec3bc3a1598c57c6
3883;SELECT store_returns.* FROM store_returns JOIN date_dim ON store_returns.sr_returned_date_sk = date_dim.d_date_sk LIMIT 182;902410741b7177f5cf7d6d6b38294a69
3885;SELECT inventory.* FROM inventory JOIN warehouse ON inventory.inv_warehouse_sk = warehouse.w_warehouse_sk LIMIT 290;560287719902a81207d27a0ac2d1ffde
3886;SELECT store_returns.* FROM store_returns JOIN date_dim ON store_returns.sr_returned_date_sk = date_dim.d_date_sk LIMIT 315;d713f0204aa8730e070e6af239f9fb4a
3887;SELECT catalog_sales.* FROM catalog_sales JOIN item ON catalog_sales.cs_item_sk = item.i_item_sk JOIN date_dim ON catalog_sales.cs_sold_date_sk = date_dim.d_date_sk LIMIT 50;ebd93add7e63a418f1d8789bf227850d
3888;SELECT store_sales.* FROM store_sales JOIN customer ON store_sales.ss_customer_sk = customer.c_customer_sk JOIN item ON store_sales.ss_item_sk = item.i_item_sk LIMIT 377;88ce0d4485a5f6ee7789abfdeb185590
3889;SELECT store_sales.* FROM store_sales JOIN date_dim ON store_sales.ss_sold_date_sk = date_dim.d_date_sk JOIN customer ON store_sales.ss_customer_sk = customer.c_customer_sk LIMIT 105;b614018b73471e7c8b9dcc4a39043b52
3890;SELECT catalog_sales.* FROM catalog_sales JOIN item ON catalog_sales.cs_item_sk = item.i_item_sk JOIN date_dim ON catalog_sales.cs_sold_date_sk = date_dim.d_date_sk LIMIT 488;0063e3fcc21c0c50ed12a7a0ab1e463b
3891;SELECT store_sales.* FROM store_sales JOIN customer ON store_sales.ss_customer_sk = customer.c_customer_sk LIMIT 249;5dfa110e533ef3df1b2f485d49671b8d
3892;SELECT web_returns.* FROM web_returns JOIN item ON web_returns.wr_item_sk = item.i_item_sk LIMIT 302;39d5f399508908b996b988971f9f9d00
3895;SELECT inventory.* FROM inventory JOIN warehouse ON inventory.inv_warehouse_sk = warehouse.w_warehouse_sk JOIN date_dim ON inventory.inv_date_sk = date_dim.d_date_sk LIMIT 376;25c578a505e4a8b05c2735454d2e7cf0
3896;SELECT store_sales.* FROM store_sales JOIN item ON store_sales.ss_item_sk = item.i_item_sk JOIN date_dim ON store_sales.ss_sold_date_sk = date_dim.d_date_sk LIMIT 389;ced35531f34480d89e6c04c4c54fa799
3897;SELECT web_returns.* FROM web_returns JOIN item ON web_returns.wr_item_sk = item.i_item_sk LIMIT 314;f48f6acdd4f1348f5cfb11d8423e7d74
3898;SELECT store_returns.* FROM store_returns JOIN date_dim ON store_returns.sr_returned_date_sk = date_dim.d_date_sk LIMIT 290;989ba3ce0ddc8235253e0d4abfa7497d
3900;SELECT cd_gender, cd_marital_status, cd_education_status, COUNT(*) AS cnt1, cd_purchase_estimate, COUNT(*) AS cnt2, cd_credit_rating, COUNT(*) AS cnt3, cd_dep_count, COUNT(*) AS cnt4, cd_dep_employed_count, COUNT(*) AS cnt5, cd_dep_college_count, COUNT(*) AS cnt6 FROM customer AS c, customer_demographics WHERE  GROUP BY cd_gender, cd_marital_status, cd_education_status, cd_purchase_estimate, cd_credit_rating, cd_dep_count, cd_dep_employed_count, cd_dep_college_count ORDER BY cd_gender, cd_marital_status, cd_education_status, cd_purchase_estimate, cd_credit_rating, cd_dep_count, cd_dep_employed_count, cd_dep_college_count LIMIT 78;496cce7110583d2bd96712fb28a5dd3e
3901;SELECT store_sales.* FROM store_sales JOIN item ON store_sales.ss_item_sk = item.i_item_sk JOIN date_dim ON store_sales.ss_sold_date_sk = date_dim.d_date_sk LIMIT 75;f21e5466a6eaf10fe6b42dac77c487f7
3902;SELECT store_sales.* FROM store_sales JOIN store ON store_sales.ss_store_sk = store.s_store_sk JOIN date_dim ON store_sales.ss_sold_date_sk = date_dim.d_date_sk LIMIT 358;806330a1dea14c2a288607be999e159a
3903;SELECT inventory.* FROM inventory JOIN date_dim ON inventory.inv_date_sk = date_dim.d_date_sk LIMIT 100;6def65029014fdae42031d49305ab5c3
3904;SELECT catalog_sales.* FROM catalog_sales JOIN item ON catalog_sales.cs_item_sk = item.i_item_sk JOIN date_dim ON catalog_sales.cs_sold_date_sk = date_dim.d_date_sk LIMIT 271;6452df74778583a69b299b8c6666d658
3905;SELECT store_sales.* FROM store_sales JOIN customer ON store_sales.ss_customer_sk = customer.c_customer_sk JOIN store ON store_sales.ss_store_sk = store.s_store_sk LIMIT 157;3c17b2a37158d017afc16afa126e1a6a
3906;SELECT inventory.* FROM inventory JOIN item ON inventory.inv_item_sk = item.i_item_sk JOIN date_dim ON inventory.inv_date_sk = date_dim.d_date_sk LIMIT 82;2e02c75e8466b70db6290504d47b1847
3907;SELECT inventory.* FROM inventory JOIN item ON inventory.inv_item_sk = item.i_item_sk JOIN date_dim ON inventory.inv_date_sk = date_dim.d_date_sk LIMIT 193;ee040b486a729d64dd9834d1b22d7954
3908;SELECT store_returns.* FROM store_returns JOIN date_dim ON store_returns.sr_returned_date_sk = date_dim.d_date_sk JOIN item ON store_returns.sr_item_sk = item.i_item_sk LIMIT 328;419945bc1a2981a94fec14688ed1376f
3909;SELECT catalog_sales.* FROM catalog_sales JOIN warehouse ON catalog_sales.cs_warehouse_sk = warehouse.w_warehouse_sk LIMIT 199;9dd4d90d3b480f7ec34213f7bc8f5b72
3911;SELECT inventory.* FROM inventory JOIN item ON inventory.inv_item_sk = item.i_item_sk LIMIT 157;9297d4695ef902c69255277789a75780
3913;SELECT web_returns.* FROM web_returns JOIN date_dim ON web_returns.wr_returned_date_sk = date_dim.d_date_sk JOIN item ON web_returns.wr_item_sk = item.i_item_sk LIMIT 279;1727a70e0cbae84eb2417924005a28d0
3915;SELECT web_returns.* FROM web_returns JOIN customer ON web_returns.wr_refunded_customer_sk = customer.c_customer_sk LIMIT 226;1c62de2f145866e751ed6d74081caad4
3916;SELECT catalog_sales.* FROM catalog_sales JOIN customer ON catalog_sales.cs_bill_customer_sk = customer.c_customer_sk JOIN date_dim ON catalog_sales.cs_sold_date_sk = date_dim.d_date_sk LIMIT 300;a50d9489faf6330f6254d15dd8edcb05
3917;SELECT web_sales.* FROM web_sales JOIN customer ON web_sales.ws_bill_customer_sk = customer.c_customer_sk JOIN date_dim ON web_sales.ws_sold_date_sk = date_dim.d_date_sk LIMIT 305;d4ec15d47d61603080c50ebfab333720
3918;SELECT catalog_sales.* FROM catalog_sales JOIN item ON catalog_sales.cs_item_sk = item.i_item_sk LIMIT 269;33cd9cbdc4b20ade79858928688cc03f
3919;SELECT store_returns.* FROM store_returns JOIN item ON store_returns.sr_item_sk = item.i_item_sk JOIN customer ON store_returns.sr_customer_sk = customer.c_customer_sk LIMIT 369;fef88d36c32f3df1c464d7ced782eaca
3920;SELECT web_sales.* FROM web_sales JOIN item ON web_sales.ws_item_sk = item.i_item_sk JOIN customer ON web_sales.ws_bill_customer_sk = customer.c_customer_sk LIMIT 75;b606980be9695167302a70293ce9ccb9
3921;SELECT store_sales.* FROM store_sales JOIN customer ON store_sales.ss_customer_sk = customer.c_customer_sk LIMIT 337;c9500e7e96f466a958858e83b3ee8979
3922;SELECT inventory.* FROM inventory JOIN item ON inventory.inv_item_sk = item.i_item_sk LIMIT 386;190839f7cf1f46c240ad81d39712bcee
3923;SELECT web_sales.* FROM web_sales JOIN customer ON web_sales.ws_bill_customer_sk = customer.c_customer_sk LIMIT 393;182e1b303b4caa0369d6444e5c416100
3924;SELECT catalog_sales.* FROM catalog_sales JOIN item ON catalog_sales.cs_item_sk = item.i_item_sk LIMIT 434;35b2c187ed77aced939841a0c628e89b
3927;SELECT inventory.* FROM inventory JOIN date_dim ON inventory.inv_date_sk = date_dim.d_date_sk JOIN warehouse ON inventory.inv_warehouse_sk = warehouse.w_warehouse_sk LIMIT 456;f46ff4fc6449a45ef3dd179b01f491b9
3928;SELECT store_returns.* FROM store_returns JOIN customer ON store_returns.sr_customer_sk = customer.c_customer_sk LIMIT 304;d247b634be958bedf79711b163611eb8
3929;SELECT web_sales.* FROM web_sales JOIN date_dim ON web_sales.ws_sold_date_sk = date_dim.d_date_sk LIMIT 177;4a37e3618d3661107dc5d1c9db88fedf
3930;SELECT store_sales.* FROM store_sales JOIN customer ON store_sales.ss_customer_sk = customer.c_customer_sk JOIN item ON store_sales.ss_item_sk = item.i_item_sk LIMIT 349;965cbe82237e8780d17dd39bc3e25371
3931;SELECT store_returns.* FROM store_returns JOIN item ON store_returns.sr_item_sk = item.i_item_sk JOIN date_dim ON store_returns.sr_returned_date_sk = date_dim.d_date_sk LIMIT 60;521192be7ac5fd948f5d3244b50a5172
3934;SELECT web_sales.* FROM web_sales JOIN item ON web_sales.ws_item_sk = item.i_item_sk JOIN customer ON web_sales.ws_bill_customer_sk = customer.c_customer_sk LIMIT 232;30db499f6873f9eb0020cf5c19df954c
3935;SELECT web_sales.* FROM web_sales JOIN item ON web_sales.ws_item_sk = item.i_item_sk LIMIT 436;7e07533508f5a6d1fdc8b1e0af10871c
3936;SELECT web_sales.* FROM web_sales JOIN web_site ON web_sales.ws_web_site_sk = web_site.web_site_sk LIMIT 391;94f8da3d079e46d9e37ebcd83588194f
3937;SELECT web_sales.* FROM web_sales JOIN web_site ON web_sales.ws_web_site_sk = web_site.web_site_sk LIMIT 266;3498ef758be9e747f0d6276d09669c75
3938;SELECT catalog_sales.* FROM catalog_sales JOIN warehouse ON catalog_sales.cs_warehouse_sk = warehouse.w_warehouse_sk JOIN item ON catalog_sales.cs_item_sk = item.i_item_sk LIMIT 58;bbac7f6008a54a6ba1d20f8bf3fcb940
3939;SELECT web_sales.* FROM web_sales JOIN item ON web_sales.ws_item_sk = item.i_item_sk JOIN web_site ON web_sales.ws_web_site_sk = web_site.web_site_sk LIMIT 198;0bfcd72e270a25b27a99ceb3f12a05df
3940;SELECT store_sales.* FROM store_sales JOIN item ON store_sales.ss_item_sk = item.i_item_sk LIMIT 345;fc5f61232a4a46807df06b9840cf36a9
3941;SELECT store_returns.* FROM store_returns JOIN date_dim ON store_returns.sr_returned_date_sk = date_dim.d_date_sk JOIN item ON store_returns.sr_item_sk = item.i_item_sk LIMIT 440;d97722a6fc9bf478f5b13e13f8db0ab6
3944;SELECT store_sales.* FROM store_sales JOIN customer ON store_sales.ss_customer_sk = customer.c_customer_sk LIMIT 242;1aaf5093be01cf4d6f1cf59cedda3bf1
3946;SELECT store_returns.* FROM store_returns JOIN date_dim ON store_returns.sr_returned_date_sk = date_dim.d_date_sk JOIN item ON store_returns.sr_item_sk = item.i_item_sk LIMIT 174;ffd0de11b28383de8511f1608f62d4bb
3947;SELECT store_sales.* FROM store_sales JOIN store ON store_sales.ss_store_sk = store.s_store_sk LIMIT 247;1ad5edcaf49a078f595c9c47b1e21d50
3948;SELECT store_returns.* FROM store_returns JOIN date_dim ON store_returns.sr_returned_date_sk = date_dim.d_date_sk JOIN item ON store_returns.sr_item_sk = item.i_item_sk LIMIT 52;6de501f2af72fc0a331dcc4a36b64727
3949;SELECT catalog_sales.* FROM catalog_sales JOIN warehouse ON catalog_sales.cs_warehouse_sk = warehouse.w_warehouse_sk JOIN customer ON catalog_sales.cs_bill_customer_sk = customer.c_customer_sk LIMIT 148;2c85d74c197b889fa9faf95e3986ed97
3950;SELECT store_returns.* FROM store_returns JOIN item ON store_returns.sr_item_sk = item.i_item_sk JOIN customer ON store_returns.sr_customer_sk = customer.c_customer_sk LIMIT 430;cf5f9dbce4b8b52023b73de8d43b3699
3951;SELECT catalog_sales.* FROM catalog_sales JOIN warehouse ON catalog_sales.cs_warehouse_sk = warehouse.w_warehouse_sk LIMIT 463;6b60a65ac9ff7981b208648327ea06e1
3952;SELECT catalog_sales.* FROM catalog_sales JOIN warehouse ON catalog_sales.cs_warehouse_sk = warehouse.w_warehouse_sk JOIN customer ON catalog_sales.cs_bill_customer_sk = customer.c_customer_sk LIMIT 81;7d0b3be51284c9660303f0ecc73ea1d1
3954;SELECT store_sales.* FROM store_sales JOIN store ON store_sales.ss_store_sk = store.s_store_sk JOIN item ON store_sales.ss_item_sk = item.i_item_sk LIMIT 238;76671c01301cd776d5e2d7b2fb2d1aaa
3955;SELECT catalog_sales.* FROM catalog_sales JOIN customer ON catalog_sales.cs_bill_customer_sk = customer.c_customer_sk JOIN date_dim ON catalog_sales.cs_sold_date_sk = date_dim.d_date_sk LIMIT 403;cc91933b0ff413e48af061af28eff371
3956;SELECT inventory.* FROM inventory JOIN warehouse ON inventory.inv_warehouse_sk = warehouse.w_warehouse_sk JOIN item ON inventory.inv_item_sk = item.i_item_sk LIMIT 210;c060cd2c43fd27c933ba1b9cc3cac51b
3957;SELECT store_returns.* FROM store_returns JOIN customer ON store_returns.sr_customer_sk = customer.c_customer_sk JOIN date_dim ON store_returns.sr_returned_date_sk = date_dim.d_date_sk LIMIT 492;10e389e15bd84def2c8601bd56b77b45
3958;SELECT inventory.* FROM inventory JOIN date_dim ON inventory.inv_date_sk = date_dim.d_date_sk JOIN item ON inventory.inv_item_sk = item.i_item_sk LIMIT 169;96d4f7ffc06a4794e45ae719e6cb4685
3959;SELECT web_sales.* FROM web_sales JOIN customer ON web_sales.ws_bill_customer_sk = customer.c_customer_sk LIMIT 77;ab4e14279e5a856a34b1b7cacad4c34c
3960;SELECT store_returns.* FROM store_returns JOIN customer ON store_returns.sr_customer_sk = customer.c_customer_sk JOIN date_dim ON store_returns.sr_returned_date_sk = date_dim.d_date_sk LIMIT 80;320b717d72db77080f9982e6479d109d
3961;SELECT web_sales.* FROM web_sales JOIN web_site ON web_sales.ws_web_site_sk = web_site.web_site_sk JOIN item ON web_sales.ws_item_sk = item.i_item_sk LIMIT 252;9c562350e73e798d1e5b09cb5fc1daec
3962;SELECT catalog_sales.* FROM catalog_sales JOIN warehouse ON catalog_sales.cs_warehouse_sk = warehouse.w_warehouse_sk JOIN customer ON catalog_sales.cs_bill_customer_sk = customer.c_customer_sk LIMIT 376;7056a41f1e737c73f1d33bbae2c2328b
3963;SELECT web_returns.* FROM web_returns JOIN customer ON web_returns.wr_refunded_customer_sk = customer.c_customer_sk LIMIT 192;7bf7f55a00608ab0551155c61caed7a8
3964;SELECT DISTINCT (i_product_name) FROM item AS i1 WHERE i_manufact_id BETWEEN 952 AND 1050 + 38 AND (SELECT COUNT(*) AS item_cnt FROM item WHERE (i_manufact = i1.i_manufact AND ((i_category = 'Women' AND (i_color = 'powder' OR i_color = 'khaki') AND (i_units = 'Ounce' OR i_units = 'Oz') AND (i_size = 'medium' OR i_size = 'extra large')) OR (i_category = 'Women' AND (i_color = 'brown' OR i_color = 'honeydew') AND (i_units = 'Bunch' OR i_units = 'Ton') AND (i_size = 'N/A' OR i_size = 'small')) OR (i_category = 'Men' AND (i_color = 'floral' OR i_color = 'deep') AND (i_units = 'N/A' OR i_units = 'Dozen') AND (i_size = 'petite' OR i_size = 'petite')) OR (i_category = 'Men' AND (i_color = 'light' OR i_color = 'cornflower') AND (i_units = 'Box' OR i_units = 'Pound') AND (i_size = 'medium' OR i_size = 'extra large')))) OR (i_manufact = i1.i_manufact AND ((i_category = 'Women' AND (i_color = 'midnight' OR i_color = 'snow') AND (i_units = 'Pallet' OR i_units = 'Gross') AND (i_size = 'medium' OR i_size = 'extra large')) OR (i_category = 'Women' AND (i_color = 'cyan' OR i_color = 'papaya') AND (i_units = 'Cup' OR i_units = 'Dram') AND (i_size = 'N/A' OR i_size = 'small')) OR (i_category = 'Men' AND (i_color = 'orange' OR i_color = 'frosted') AND (i_units = 'Each' OR i_units = 'Tbl') AND (i_size = 'petite' OR i_size = 'petite')) OR (i_category = 'Men' AND (i_color = 'forest' OR i_color = 'ghost') AND (i_units = 'Lb' OR i_units = 'Bundle') AND (i_size = 'medium' OR i_size = 'extra large'))))) > 0.0 ORDER BY i_product_name LIMIT 73;538833462944899243096b51257a2d1e
3965;SELECT catalog_sales.* FROM catalog_sales JOIN warehouse ON catalog_sales.cs_warehouse_sk = warehouse.w_warehouse_sk LIMIT 383;74efca98706ec1096ccdabd0c97d9f17
3966;SELECT web_sales.* FROM web_sales JOIN customer ON web_sales.ws_bill_customer_sk = customer.c_customer_sk LIMIT 248;2c5f132436114e20b23adb6c33ae7502
3967;SELECT inventory.* FROM inventory JOIN item ON inventory.inv_item_sk = item.i_item_sk JOIN warehouse ON inventory.inv_warehouse_sk = warehouse.w_warehouse_sk LIMIT 73;cb411b278a38823997a946c1f0633b10
3968;SELECT store_sales.* FROM store_sales JOIN store ON store_sales.ss_store_sk = store.s_store_sk LIMIT 245;91d55486c13795dc306e337029e05e42
3969;SELECT web_returns.* FROM web_returns JOIN customer ON web_returns.wr_refunded_customer_sk = customer.c_customer_sk JOIN item ON web_returns.wr_item_sk = item.i_item_sk LIMIT 202;1628d57ec70b6654f1ce471a4fac8598
3970;SELECT web_sales.* FROM web_sales JOIN customer ON web_sales.ws_bill_customer_sk = customer.c_customer_sk JOIN web_site ON web_sales.ws_web_site_sk = web_site.web_site_sk LIMIT 231;f4053667af0955fdca33cf6fd51cd1c7
3971;SELECT catalog_sales.* FROM catalog_sales JOIN date_dim ON catalog_sales.cs_sold_date_sk = date_dim.d_date_sk LIMIT 415;ea58103450a1d42f15ed2cf11bb901c9
3972;SELECT web_returns.* FROM web_returns JOIN item ON web_returns.wr_item_sk = item.i_item_sk LIMIT 406;98f090e945ac910960d459ed582c96f4
3973;SELECT store_sales.* FROM store_sales JOIN store ON store_sales.ss_store_sk = store.s_store_sk LIMIT 297;3a5bf6877aab46a0c2863c9c8729ee5b
3974;SELECT store_returns.* FROM store_returns JOIN date_dim ON store_returns.sr_returned_date_sk = date_dim.d_date_sk JOIN customer ON store_returns.sr_customer_sk = customer.c_customer_sk LIMIT 364;f2950a3bf52bd11958a2b1b2e69b4bf2
3975;SELECT store_returns.* FROM store_returns JOIN customer ON store_returns.sr_customer_sk = customer.c_customer_sk LIMIT 50;682ed6f3aa4796572b0222d034cd9b32
3976;SELECT inventory.* FROM inventory JOIN item ON inventory.inv_item_sk = item.i_item_sk LIMIT 352;669d75365a9a20639e2fc8fa5cf03402
3977;SELECT web_sales.* FROM web_sales JOIN customer ON web_sales.ws_bill_customer_sk = customer.c_customer_sk JOIN item ON web_sales.ws_item_sk = item.i_item_sk LIMIT 488;dd7e345d6bb5c39204485d3b6bda150d
3978;SELECT web_returns.* FROM web_returns JOIN customer ON web_returns.wr_refunded_customer_sk = customer.c_customer_sk JOIN item ON web_returns.wr_item_sk = item.i_item_sk LIMIT 443;b1e00c14cad411940dc7431432c531ec
3980;SELECT store_returns.* FROM store_returns JOIN customer ON store_returns.sr_customer_sk = customer.c_customer_sk JOIN item ON store_returns.sr_item_sk = item.i_item_sk LIMIT 182;cc3ea0538c3aaa9dceb6d47a25f5fb21
3981;SELECT catalog_sales.* FROM catalog_sales JOIN item ON catalog_sales.cs_item_sk = item.i_item_sk JOIN customer ON catalog_sales.cs_bill_customer_sk = customer.c_customer_sk LIMIT 86;a62adde89892ee54b69ef249020fce8e
3982;SELECT catalog_sales.* FROM catalog_sales JOIN item ON catalog_sales.cs_item_sk = item.i_item_sk LIMIT 290;f0430b56a1e43928cf704b42cd2b1283
3984;SELECT inventory.* FROM inventory JOIN date_dim ON inventory.inv_date_sk = date_dim.d_date_sk LIMIT 62;038a0d15b0bcdbccbbf7eafec07b2607
3987;SELECT store_returns.* FROM store_returns JOIN date_dim ON store_returns.sr_returned_date_sk = date_dim.d_date_sk JOIN item ON store_returns.sr_item_sk = item.i_item_sk LIMIT 301;dbbe203afac14a82c56c90014a745b69
3988;SELECT web_sales.* FROM web_sales JOIN date_dim ON web_sales.ws_sold_date_sk = date_dim.d_date_sk LIMIT 382;56cbe0bef2dfd1d72e9813cc01da0e42
3989;SELECT web_sales.* FROM web_sales JOIN date_dim ON web_sales.ws_sold_date_sk = date_dim.d_date_sk LIMIT 253;88cd918384a76c0c92b57726251ee89a
3990;SELECT inventory.* FROM inventory JOIN date_dim ON inventory.inv_date_sk = date_dim.d_date_sk LIMIT 335;547fcb3f55d8935ed4dad95e825a506b
3991;SELECT store_returns.* FROM store_returns JOIN date_dim ON store_returns.sr_returned_date_sk = date_dim.d_date_sk LIMIT 214;d3973ab30e10c09f4e790c17dea3a87f
3992;SELECT web_sales.* FROM web_sales JOIN item ON web_sales.ws_item_sk = item.i_item_sk JOIN date_dim ON web_sales.ws_sold_date_sk = date_dim.d_date_sk LIMIT 127;3a72f74e33c8f0a8b3a65574eb6adc7c
3994;SELECT web_sales.* FROM web_sales JOIN date_dim ON web_sales.ws_sold_date_sk = date_dim.d_date_sk JOIN web_site ON web_sales.ws_web_site_sk = web_site.web_site_sk LIMIT 122;82d673d8fe8acab6cd789ffd3e9ca1d6
3995;SELECT store_returns.* FROM store_returns JOIN item ON store_returns.sr_item_sk = item.i_item_sk JOIN customer ON store_returns.sr_customer_sk = customer.c_customer_sk LIMIT 67;6bd0ab05297d82e9e723ad2202be53f0
3996;SELECT inventory.* FROM inventory JOIN warehouse ON inventory.inv_warehouse_sk = warehouse.w_warehouse_sk JOIN item ON inventory.inv_item_sk = item.i_item_sk LIMIT 138;c1fcffc2b46072ab2839726dbe3719d0
3997;SELECT inventory.* FROM inventory JOIN warehouse ON inventory.inv_warehouse_sk = warehouse.w_warehouse_sk LIMIT 279;f83d928afcad74482277d56b1ed306b6
3999;SELECT store_returns.* FROM store_returns JOIN date_dim ON store_returns.sr_returned_date_sk = date_dim.d_date_sk JOIN item ON store_returns.sr_item_sk = item.i_item_sk LIMIT 209;6b3059291756d8050bd5c8dbcab991a4
4000;SELECT catalog_sales.* FROM catalog_sales JOIN item ON catalog_sales.cs_item_sk = item.i_item_sk JOIN date_dim ON catalog_sales.cs_sold_date_sk = date_dim.d_date_sk LIMIT 179;1e631a093adfa1cbda76ad100242dd41
4001;SELECT catalog_sales.* FROM catalog_sales JOIN item ON catalog_sales.cs_item_sk = item.i_item_sk JOIN warehouse ON catalog_sales.cs_warehouse_sk = warehouse.w_warehouse_sk LIMIT 166;1b19b9c5f73ac50d2eff1befb5e42d89
4002;SELECT inventory.* FROM inventory JOIN warehouse ON inventory.inv_warehouse_sk = warehouse.w_warehouse_sk LIMIT 303;5ad850e93f10cce91b56fab960aab7be
4003;SELECT catalog_sales.* FROM catalog_sales JOIN date_dim ON catalog_sales.cs_sold_date_sk = date_dim.d_date_sk LIMIT 124;3aabc9e0f86922873fa8eb1537d44be4
4005;SELECT web_sales.* FROM web_sales JOIN date_dim ON web_sales.ws_sold_date_sk = date_dim.d_date_sk JOIN item ON web_sales.ws_item_sk = item.i_item_sk LIMIT 150;3596f4a5333e76464f15fc48159ae4f5
4006;SELECT store_sales.* FROM store_sales JOIN store ON store_sales.ss_store_sk = store.s_store_sk LIMIT 464;c30612a19311108ed7ebd2e5bd141095
4007;SELECT store_returns.* FROM store_returns JOIN customer ON store_returns.sr_customer_sk = customer.c_customer_sk LIMIT 301;50f9690786daf67bbd0b0186d94057cb
4008;SELECT catalog_sales.* FROM catalog_sales JOIN item ON catalog_sales.cs_item_sk = item.i_item_sk LIMIT 149;984dc7388c2e744a763abcbf6e35fb3e
4010;SELECT web_sales.* FROM web_sales JOIN web_site ON web_sales.ws_web_site_sk = web_site.web_site_sk LIMIT 344;3a8cf1361d6f0db2699c3bbf254bc7a2
4012;SELECT store_sales.* FROM store_sales JOIN store ON store_sales.ss_store_sk = store.s_store_sk JOIN customer ON store_sales.ss_customer_sk = customer.c_customer_sk LIMIT 369;9c925931614f45bf78ba6d6281afb08c
4015;SELECT inventory.* FROM inventory JOIN warehouse ON inventory.inv_warehouse_sk = warehouse.w_warehouse_sk JOIN item ON inventory.inv_item_sk = item.i_item_sk LIMIT 89;5674a78d248621895c4662141f4f8a0b
4017;SELECT store_sales.* FROM store_sales JOIN date_dim ON store_sales.ss_sold_date_sk = date_dim.d_date_sk LIMIT 428;568c2d2acb5ea4cd4592d575bff7a557
4018;SELECT store_sales.* FROM store_sales JOIN customer ON store_sales.ss_customer_sk = customer.c_customer_sk LIMIT 231;f113e090bc4f90777a32ac3b2c7e71b9
4019;SELECT store_returns.* FROM store_returns JOIN date_dim ON store_returns.sr_returned_date_sk = date_dim.d_date_sk JOIN item ON store_returns.sr_item_sk = item.i_item_sk LIMIT 201;7c418caed3d7bbb07d49d55ed0e6ad23
4020;SELECT store_returns.* FROM store_returns JOIN date_dim ON store_returns.sr_returned_date_sk = date_dim.d_date_sk LIMIT 452;4f470f062fad389d3d678bb5292a07e7
4021;SELECT store_returns.* FROM store_returns JOIN date_dim ON store_returns.sr_returned_date_sk = date_dim.d_date_sk JOIN customer ON store_returns.sr_customer_sk = customer.c_customer_sk LIMIT 431;fdc71db03bf8867f29bfb0e2f1143596
4022;SELECT web_sales.* FROM web_sales JOIN item ON web_sales.ws_item_sk = item.i_item_sk LIMIT 149;13c34a39adedcafa80f203bcb4347028
4023;SELECT web_sales.* FROM web_sales JOIN date_dim ON web_sales.ws_sold_date_sk = date_dim.d_date_sk JOIN item ON web_sales.ws_item_sk = item.i_item_sk LIMIT 66;6b0cdc5852d786e121f5bb4ebc10853d
4024;SELECT store_sales.* FROM store_sales JOIN item ON store_sales.ss_item_sk = item.i_item_sk LIMIT 383;263c2076003e371f70dbb756a6c623f9
4027;SELECT inventory.* FROM inventory JOIN item ON inventory.inv_item_sk = item.i_item_sk LIMIT 96;6b8f77b958c061dd7d43a962b374c662
4028;SELECT inventory.* FROM inventory JOIN date_dim ON inventory.inv_date_sk = date_dim.d_date_sk LIMIT 215;421c66ec66f7229d995ecafc5cd07c95
4029;SELECT store_sales.* FROM store_sales JOIN item ON store_sales.ss_item_sk = item.i_item_sk JOIN store ON store_sales.ss_store_sk = store.s_store_sk LIMIT 383;a0d2c1f7598c72c19a810070d25ba651
4030;SELECT store_sales.* FROM store_sales JOIN date_dim ON store_sales.ss_sold_date_sk = date_dim.d_date_sk JOIN store ON store_sales.ss_store_sk = store.s_store_sk LIMIT 257;df44024c8a68919cdd205659bbb5e0f5
4031;SELECT inventory.* FROM inventory JOIN item ON inventory.inv_item_sk = item.i_item_sk LIMIT 493;0edf5ba3ba52ae96809b4a98f17129f9
4032;"SELECT w_substr, sm_type, web_name, SUM(CASE WHEN (ws_ship_date_sk - ws_sold_date_sk <= 21) THEN 1.0 ELSE 0.0 END) AS ""30 days"", SUM(CASE WHEN (ws_ship_date_sk - ws_sold_date_sk > 21) AND (ws_ship_date_sk - ws_sold_date_sk <= 84) THEN 1.0 ELSE 0.0 END) AS ""31-60 days"", SUM(CASE WHEN (ws_ship_date_sk - ws_sold_date_sk > 84) AND (ws_ship_date_sk - ws_sold_date_sk <= 101) THEN 1.0 ELSE 0.0 END) AS ""61-90 days"", SUM(CASE WHEN (ws_ship_date_sk - ws_sold_date_sk > 97) AND (ws_ship_date_sk - ws_sold_date_sk <= 115) THEN 1.0 ELSE 0.0 END) AS ""91-120 days"", SUM(CASE WHEN (ws_ship_date_sk - ws_sold_date_sk > 123) THEN 1.0 ELSE 0.0 END) AS "">120 days"" FROM web_sales, (SELECT SUBSTRING(w_warehouse_name FROM 1.0 FOR 10) AS w_substr, * FROM warehouse) AS sq1, ship_mode, web_site, date_dim WHERE d_month_seq BETWEEN 1797 AND 1450 + 16 AND ws_ship_date_sk = d_date_sk AND ws_warehouse_sk = w_warehouse_sk AND ws_ship_mode_sk = sm_ship_mode_sk AND ws_web_site_sk = web_site_sk GROUP BY w_substr, sm_type, web_name ORDER BY 1.0 NULLS FIRST, 2 NULLS FIRST, 4 NULLS FIRST LIMIT 147";4854f92f9f118488ee93762b212c56e0
4035;SELECT store_returns.* FROM store_returns JOIN customer ON store_returns.sr_customer_sk = customer.c_customer_sk LIMIT 263;ace30c8a81f309d6897aa7702fc71365
4036;SELECT web_returns.* FROM web_returns JOIN item ON web_returns.wr_item_sk = item.i_item_sk JOIN date_dim ON web_returns.wr_returned_date_sk = date_dim.d_date_sk LIMIT 149;fda6c6eb4627227de8e7377831e587cc
4037;SELECT store_returns.* FROM store_returns JOIN item ON store_returns.sr_item_sk = item.i_item_sk LIMIT 134;b29c9c6337eb5bf28d304fee734ebd6e
4038;SELECT store_returns.* FROM store_returns JOIN item ON store_returns.sr_item_sk = item.i_item_sk JOIN customer ON store_returns.sr_customer_sk = customer.c_customer_sk LIMIT 185;e07e30e727cfd98e21ad2f5a425b14a2
4039;SELECT catalog_sales.* FROM catalog_sales JOIN warehouse ON catalog_sales.cs_warehouse_sk = warehouse.w_warehouse_sk JOIN customer ON catalog_sales.cs_bill_customer_sk = customer.c_customer_sk LIMIT 380;c772b035a7a1f6ceb86edc75ddbbd534
4040;SELECT web_returns.* FROM web_returns JOIN customer ON web_returns.wr_refunded_customer_sk = customer.c_customer_sk LIMIT 89;62155e411716bca8cd7ab24417ba73fe
4041;SELECT web_returns.* FROM web_returns JOIN item ON web_returns.wr_item_sk = item.i_item_sk JOIN customer ON web_returns.wr_refunded_customer_sk = customer.c_customer_sk LIMIT 92;0cdf45444f192d99a0557452f49cf05c
4043;SELECT inventory.* FROM inventory JOIN warehouse ON inventory.inv_warehouse_sk = warehouse.w_warehouse_sk JOIN date_dim ON inventory.inv_date_sk = date_dim.d_date_sk LIMIT 489;0a89ac4aaf3182f2c69b752dbb73e01b
4044;SELECT inventory.* FROM inventory JOIN warehouse ON inventory.inv_warehouse_sk = warehouse.w_warehouse_sk JOIN date_dim ON inventory.inv_date_sk = date_dim.d_date_sk LIMIT 479;99d5551e70b578ab28985ddb9290d528
4045;SELECT web_returns.* FROM web_returns JOIN customer ON web_returns.wr_refunded_customer_sk = customer.c_customer_sk JOIN date_dim ON web_returns.wr_returned_date_sk = date_dim.d_date_sk LIMIT 100;3cfa40b24e4ef740fba9827be521d34f
4046;SELECT web_sales.* FROM web_sales JOIN web_site ON web_sales.ws_web_site_sk = web_site.web_site_sk JOIN date_dim ON web_sales.ws_sold_date_sk = date_dim.d_date_sk LIMIT 65;843f9d9b7875c75af11a4b368c2734c6
4047;SELECT web_returns.* FROM web_returns JOIN customer ON web_returns.wr_refunded_customer_sk = customer.c_customer_sk JOIN item ON web_returns.wr_item_sk = item.i_item_sk LIMIT 86;b4f4d5a5dc48dd6b4391fb17fa5315c1
4048;SELECT store_returns.* FROM store_returns JOIN item ON store_returns.sr_item_sk = item.i_item_sk LIMIT 434;3fb547823cd75e4364f1ec7e71ff0e29
4049;SELECT web_returns.* FROM web_returns JOIN item ON web_returns.wr_item_sk = item.i_item_sk JOIN customer ON web_returns.wr_refunded_customer_sk = customer.c_customer_sk LIMIT 209;a75d18538436b31afa2bc982b81db0e3
4050;SELECT web_returns.* FROM web_returns JOIN date_dim ON web_returns.wr_returned_date_sk = date_dim.d_date_sk JOIN item ON web_returns.wr_item_sk = item.i_item_sk LIMIT 420;168aecc169d2c887b3fc93bf126f986c
4051;SELECT web_returns.* FROM web_returns JOIN item ON web_returns.wr_item_sk = item.i_item_sk JOIN customer ON web_returns.wr_refunded_customer_sk = customer.c_customer_sk LIMIT 458;68e650a867fdc02d81de29bdddbc2632
4052;SELECT store_returns.* FROM store_returns JOIN date_dim ON store_returns.sr_returned_date_sk = date_dim.d_date_sk JOIN customer ON store_returns.sr_customer_sk = customer.c_customer_sk LIMIT 181;59d39a0becb528b65270105b4f08f86d
4053;SELECT catalog_sales.* FROM catalog_sales JOIN date_dim ON catalog_sales.cs_sold_date_sk = date_dim.d_date_sk JOIN item ON catalog_sales.cs_item_sk = item.i_item_sk LIMIT 103;d7e516a9427bfb662e2f843b5bd2994d
4054;SELECT inventory.* FROM inventory JOIN warehouse ON inventory.inv_warehouse_sk = warehouse.w_warehouse_sk JOIN item ON inventory.inv_item_sk = item.i_item_sk LIMIT 127;9d9667384aa4e18eb2622475d944a3bd
4055;SELECT catalog_sales.* FROM catalog_sales JOIN item ON catalog_sales.cs_item_sk = item.i_item_sk LIMIT 299;3259fb7173bebae22c1ceebe1b51b604
4056;SELECT store_sales.* FROM store_sales JOIN date_dim ON store_sales.ss_sold_date_sk = date_dim.d_date_sk JOIN store ON store_sales.ss_store_sk = store.s_store_sk LIMIT 438;8adb2656ec7e9fa934375d0d68114e63
4057;SELECT store_returns.* FROM store_returns JOIN customer ON store_returns.sr_customer_sk = customer.c_customer_sk LIMIT 444;d87f36429d59345ce94382384c928f0c
4058;SELECT store_sales.* FROM store_sales JOIN item ON store_sales.ss_item_sk = item.i_item_sk JOIN date_dim ON store_sales.ss_sold_date_sk = date_dim.d_date_sk LIMIT 162;d3813352ae5d0df57b6b22a3821b28a9
4059;SELECT web_sales.* FROM web_sales JOIN item ON web_sales.ws_item_sk = item.i_item_sk JOIN web_site ON web_sales.ws_web_site_sk = web_site.web_site_sk LIMIT 120;de918f8c9293a93a7561e5e153acb618
4062;WITH all_sales AS (SELECT d_year, i_brand_id, i_class_id, i_category_id, i_manufact_id, SUM(sales_cnt) AS sales_cnt, SUM(sales_amt) AS sales_amt FROM (SELECT d_year, i_brand_id, i_class_id, i_category_id, i_manufact_id, cs_quantity - COALESCE(cr_return_quantity, 0.0) AS sales_cnt, cs_ext_sales_price - COALESCE(cr_return_amount, 0.0) AS sales_amt FROM catalog_sales JOIN item ON i_item_sk = cs_item_sk JOIN date_dim ON d_date_sk = cs_sold_date_sk LEFT JOIN catalog_returns ON (cs_order_number = cr_order_number AND cs_item_sk = cr_item_sk) WHERE i_category = 'Books' UNION SELECT d_year, i_brand_id, i_class_id, i_category_id, i_manufact_id, ss_quantity - COALESCE(sr_return_quantity, 0.0) AS sales_cnt, ss_ext_sales_price - COALESCE(sr_return_amt, 0.0) AS sales_amt FROM store_sales JOIN item ON i_item_sk = ss_item_sk JOIN date_dim ON d_date_sk = ss_sold_date_sk WHERE i_category = 'Books' UNION SELECT d_year, i_brand_id, i_class_id, i_category_id, i_manufact_id, ws_quantity - COALESCE(wr_return_quantity, 0.0) AS sales_cnt, ws_ext_sales_price - COALESCE(wr_return_amt, 0.0) AS sales_amt FROM web_sales JOIN item ON i_item_sk = ws_item_sk JOIN date_dim ON d_date_sk = ws_sold_date_sk LEFT JOIN web_returns ON (ws_order_number = wr_order_number AND ws_item_sk = wr_item_sk) WHERE i_category = 'Books') AS sales_detail GROUP BY d_year, i_brand_id, i_class_id, i_category_id, i_manufact_id) SELECT prev_yr.d_year AS prev_year, curr_yr.d_year AS year_, curr_yr.i_brand_id, curr_yr.i_class_id, curr_yr.i_category_id, curr_yr.i_manufact_id, prev_yr.sales_cnt AS prev_yr_cnt, curr_yr.sales_cnt AS curr_yr_cnt, curr_yr.sales_cnt - prev_yr.sales_cnt AS sales_cnt_diff, curr_yr.sales_amt - prev_yr.sales_amt AS sales_amt_diff FROM all_sales AS curr_yr, all_sales AS prev_yr WHERE curr_yr.i_brand_id = prev_yr.i_brand_id AND curr_yr.i_class_id = prev_yr.i_class_id AND curr_yr.i_category_id = prev_yr.i_category_id AND curr_yr.i_manufact_id = prev_yr.i_manufact_id AND curr_yr.d_year = 2048 AND prev_yr.d_year = 2423 - 1.0 AND CAST(curr_yr.sales_cnt AS DECIMAL(20, 1)) / NULLIF(CAST(prev_yr.sales_cnt AS DECIMAL(9, 1)), 0) < 0.9 ORDER BY sales_cnt_diff, sales_amt_diff LIMIT 78;2221f84d2e3cb13d7f9458f272aa0b8e
4063;SELECT catalog_sales.* FROM catalog_sales JOIN customer ON catalog_sales.cs_bill_customer_sk = customer.c_customer_sk LIMIT 440;91d4510f564aefe86243958ff0de0fca
4064;SELECT inventory.* FROM inventory JOIN item ON inventory.inv_item_sk = item.i_item_sk LIMIT 63;30e456be1c7eb14290709f5b7a7c1b5e
4065;SELECT inventory.* FROM inventory JOIN date_dim ON inventory.inv_date_sk = date_dim.d_date_sk LIMIT 270;cadfb57a5e4fb6f084cb9224359281e3
4066;SELECT web_sales.* FROM web_sales JOIN date_dim ON web_sales.ws_sold_date_sk = date_dim.d_date_sk LIMIT 438;86285a51009cc50dbf1f1d5624b1d2c4
4067;SELECT inventory.* FROM inventory JOIN item ON inventory.inv_item_sk = item.i_item_sk JOIN warehouse ON inventory.inv_warehouse_sk = warehouse.w_warehouse_sk LIMIT 238;11c953a54a518182f2f98d3d551b530b
4068;SELECT store_sales.* FROM store_sales JOIN customer ON store_sales.ss_customer_sk = customer.c_customer_sk LIMIT 392;7ae6bc719fb18c706b1dd8f1c2db27a8
4069;SELECT inventory.* FROM inventory JOIN date_dim ON inventory.inv_date_sk = date_dim.d_date_sk LIMIT 169;acfe8461ca4f1a08cfa0f50a57e22ca7
4070;SELECT DISTINCT (i_product_name) FROM item AS i1 WHERE i_manufact_id BETWEEN 746 AND 828 + 31 AND (SELECT COUNT(*) AS item_cnt FROM item WHERE (i_manufact = i1.i_manufact AND ((i_category = 'Women' AND (i_color = 'powder' OR i_color = 'khaki') AND (i_units = 'Ounce' OR i_units = 'Oz') AND (i_size = 'medium' OR i_size = 'extra large')) OR (i_category = 'Women' AND (i_color = 'brown' OR i_color = 'honeydew') AND (i_units = 'Bunch' OR i_units = 'Ton') AND (i_size = 'N/A' OR i_size = 'small')) OR (i_category = 'Men' AND (i_color = 'floral' OR i_color = 'deep') AND (i_units = 'N/A' OR i_units = 'Dozen') AND (i_size = 'petite' OR i_size = 'petite')) OR (i_category = 'Men' AND (i_color = 'light' OR i_color = 'cornflower') AND (i_units = 'Box' OR i_units = 'Pound') AND (i_size = 'medium' OR i_size = 'extra large')))) OR (i_manufact = i1.i_manufact AND ((i_category = 'Women' AND (i_color = 'midnight' OR i_color = 'snow') AND (i_units = 'Pallet' OR i_units = 'Gross') AND (i_size = 'medium' OR i_size = 'extra large')) OR (i_category = 'Women' AND (i_color = 'cyan' OR i_color = 'papaya') AND (i_units = 'Cup' OR i_units = 'Dram') AND (i_size = 'N/A' OR i_size = 'small')) OR (i_category = 'Men' AND (i_color = 'orange' OR i_color = 'frosted') AND (i_units = 'Each' OR i_units = 'Tbl') AND (i_size = 'petite' OR i_size = 'petite')) OR (i_category = 'Men' AND (i_color = 'forest' OR i_color = 'ghost') AND (i_units = 'Lb' OR i_units = 'Bundle') AND (i_size = 'medium' OR i_size = 'extra large'))))) > 0.0 ORDER BY i_product_name LIMIT 120;2d058d7afa70171ec28a8f51e6e5d5f1
4071;SELECT catalog_sales.* FROM catalog_sales JOIN date_dim ON catalog_sales.cs_sold_date_sk = date_dim.d_date_sk LIMIT 408;d961a131957fbdd56a6521b9236b5e89
4072;SELECT store_returns.* FROM store_returns JOIN date_dim ON store_returns.sr_returned_date_sk = date_dim.d_date_sk LIMIT 202;31fdff794002fdb343172d4a94d11aea
4073;SELECT web_returns.* FROM web_returns JOIN item ON web_returns.wr_item_sk = item.i_item_sk JOIN customer ON web_returns.wr_refunded_customer_sk = customer.c_customer_sk LIMIT 340;c5506aeb1c48d33058606475882d7c0c
4074;SELECT web_returns.* FROM web_returns JOIN item ON web_returns.wr_item_sk = item.i_item_sk LIMIT 90;c58933dcbefb8e2033ba4c968151ba1b
4075;SELECT catalog_sales.* FROM catalog_sales JOIN item ON catalog_sales.cs_item_sk = item.i_item_sk JOIN customer ON catalog_sales.cs_bill_customer_sk = customer.c_customer_sk LIMIT 365;fbea2e4d4339d2c1c99276d89b3ef8f6
4077;SELECT store_returns.* FROM store_returns JOIN date_dim ON store_returns.sr_returned_date_sk = date_dim.d_date_sk LIMIT 107;6ecaff9d9f2fd9d236e15d97bd0dcc67
4078;SELECT dt.d_year, item.i_category_id, item.i_category, SUM(ss_ext_sales_price) FROM date_dim AS dt, store_sales, item WHERE dt.d_date_sk = store_sales.ss_sold_date_sk AND store_sales.ss_item_sk = item.i_item_sk AND item.i_manager_id = 1.0 AND dt.d_moy = 8 AND dt.d_year = 2917 GROUP BY dt.d_year, item.i_category_id, item.i_category ORDER BY SUM(ss_ext_sales_price) DESC NULLS LAST, dt.d_year, item.i_category_id, item.i_category LIMIT 63;ca656e499ebdaff6319cd6311402bfe7
4079;SELECT web_sales.* FROM web_sales JOIN item ON web_sales.ws_item_sk = item.i_item_sk JOIN date_dim ON web_sales.ws_sold_date_sk = date_dim.d_date_sk LIMIT 191;50e465e739e0a49380026df22d97405c
4080;SELECT catalog_sales.* FROM catalog_sales JOIN item ON catalog_sales.cs_item_sk = item.i_item_sk LIMIT 57;414c44a9f85edf7930ac4d10e3fc804d
4081;SELECT store_returns.* FROM store_returns JOIN item ON store_returns.sr_item_sk = item.i_item_sk JOIN customer ON store_returns.sr_customer_sk = customer.c_customer_sk LIMIT 416;68699e04744ea231a80dd63feef07703
4082;SELECT store_returns.* FROM store_returns JOIN date_dim ON store_returns.sr_returned_date_sk = date_dim.d_date_sk LIMIT 282;3821da7e0d94a5028cad834c248e7841
4083;SELECT web_sales.* FROM web_sales JOIN customer ON web_sales.ws_bill_customer_sk = customer.c_customer_sk LIMIT 457;072aa112d5135a0885dae7c739b1d7c4
4084;SELECT web_sales.* FROM web_sales JOIN web_site ON web_sales.ws_web_site_sk = web_site.web_site_sk LIMIT 155;d8561170c56b89024d1de91a67ab3c62
4085;SELECT store_returns.* FROM store_returns JOIN item ON store_returns.sr_item_sk = item.i_item_sk JOIN customer ON store_returns.sr_customer_sk = customer.c_customer_sk LIMIT 446;57b3914b6d1750067700c09490039946
4086;SELECT web_returns.* FROM web_returns JOIN item ON web_returns.wr_item_sk = item.i_item_sk JOIN date_dim ON web_returns.wr_returned_date_sk = date_dim.d_date_sk LIMIT 324;48445eb6d16f12e312d9a4b11fc456ac
4087;WITH customer_total_return AS (SELECT sr_customer_sk AS ctr_customer_sk, sr_store_sk AS ctr_store_sk, SUM(sr_return_amt) AS ctr_total_return FROM store_returns WHERE sr_returned_date_sk = d_date_sk AND d_year = 1530 GROUP BY sr_customer_sk, sr_store_sk) SELECT c_customer_id FROM customer_total_return AS ctr1, store, customer WHERE ctr1.ctr_total_return > (SELECT AVG(ctr_total_return) * 1 FROM customer_total_return AS ctr2 WHERE ctr1.ctr_store_sk = ctr2.ctr_store_sk) AND s_store_sk = ctr1.ctr_store_sk AND s_state = 'TN' AND ctr1.ctr_customer_sk = c_customer_sk ORDER BY c_customer_id LIMIT 147;fe5162efc3fd3d92f642397e6790b51b
4089;SELECT catalog_sales.* FROM catalog_sales JOIN item ON catalog_sales.cs_item_sk = item.i_item_sk LIMIT 241;8ea086c84f84042f6a6f8ebb19f55b43
4090;SELECT inventory.* FROM inventory JOIN date_dim ON inventory.inv_date_sk = date_dim.d_date_sk JOIN item ON inventory.inv_item_sk = item.i_item_sk LIMIT 210;e1b2fc7ff50a5db57df80795a6173493
4091;SELECT catalog_sales.* FROM catalog_sales JOIN warehouse ON catalog_sales.cs_warehouse_sk = warehouse.w_warehouse_sk JOIN date_dim ON catalog_sales.cs_sold_date_sk = date_dim.d_date_sk LIMIT 180;5477dd23c03ad32b77adb525be861759
4093;SELECT web_returns.* FROM web_returns JOIN customer ON web_returns.wr_refunded_customer_sk = customer.c_customer_sk LIMIT 175;dc0f40ead0aea8a94eb57c4b3001dbd0
4094;SELECT web_returns.* FROM web_returns JOIN customer ON web_returns.wr_refunded_customer_sk = customer.c_customer_sk LIMIT 410;f7af54be869e72a10820361d6c8d8d99
4095;SELECT store_returns.* FROM store_returns JOIN item ON store_returns.sr_item_sk = item.i_item_sk LIMIT 313;843ae2677b0a41f5b6bf5c1351899584
4096;SELECT catalog_sales.* FROM catalog_sales JOIN date_dim ON catalog_sales.cs_sold_date_sk = date_dim.d_date_sk LIMIT 235;d8946f80fe675afb7cbc414c8b8cef21
4097;SELECT inventory.* FROM inventory JOIN date_dim ON inventory.inv_date_sk = date_dim.d_date_sk JOIN item ON inventory.inv_item_sk = item.i_item_sk LIMIT 385;b9f748058e03e34364a8752d39dc5b8e
4098;SELECT web_returns.* FROM web_returns JOIN date_dim ON web_returns.wr_returned_date_sk = date_dim.d_date_sk LIMIT 337;f1bac46adbb50ab91aad4defc03137cb
4099;SELECT inventory.* FROM inventory JOIN date_dim ON inventory.inv_date_sk = date_dim.d_date_sk JOIN item ON inventory.inv_item_sk = item.i_item_sk LIMIT 450;1c3c2c996d382a3fd6345c0790408417
4100;SELECT inventory.* FROM inventory JOIN warehouse ON inventory.inv_warehouse_sk = warehouse.w_warehouse_sk JOIN date_dim ON inventory.inv_date_sk = date_dim.d_date_sk LIMIT 89;7fe56548be1fbf29f788e5d2e189097d
4102;SELECT store_returns.* FROM store_returns JOIN date_dim ON store_returns.sr_returned_date_sk = date_dim.d_date_sk LIMIT 87;21985d2229c8e6cbf9847db96d127d3d
4103;SELECT web_returns.* FROM web_returns JOIN date_dim ON web_returns.wr_returned_date_sk = date_dim.d_date_sk LIMIT 64;68bc8e27aefb706dcb5b9189692b2fab
4104;SELECT web_sales.* FROM web_sales JOIN customer ON web_sales.ws_bill_customer_sk = customer.c_customer_sk JOIN web_site ON web_sales.ws_web_site_sk = web_site.web_site_sk LIMIT 194;2f99b919321bda64542a2e7e925cb78b
4105;SELECT catalog_sales.* FROM catalog_sales JOIN warehouse ON catalog_sales.cs_warehouse_sk = warehouse.w_warehouse_sk LIMIT 379;e52c22a45477bc1acce80f709ac13417
4106;SELECT web_returns.* FROM web_returns JOIN date_dim ON web_returns.wr_returned_date_sk = date_dim.d_date_sk JOIN customer ON web_returns.wr_refunded_customer_sk = customer.c_customer_sk LIMIT 396;c370bf19d423d4144a58174f2dd92067
4107;SELECT web_returns.* FROM web_returns JOIN date_dim ON web_returns.wr_returned_date_sk = date_dim.d_date_sk JOIN item ON web_returns.wr_item_sk = item.i_item_sk LIMIT 415;ef044d333d8f567db00b2baee404e12e
4108;SELECT store_returns.* FROM store_returns JOIN item ON store_returns.sr_item_sk = item.i_item_sk LIMIT 486;56fc39186d09e31dcf321122e5fff079
4109;SELECT store_sales.* FROM store_sales JOIN customer ON store_sales.ss_customer_sk = customer.c_customer_sk JOIN store ON store_sales.ss_store_sk = store.s_store_sk LIMIT 116;b42c3b70f1a13dcf3fe26627cf9bbd1b
4110;SELECT store_sales.* FROM store_sales JOIN customer ON store_sales.ss_customer_sk = customer.c_customer_sk JOIN item ON store_sales.ss_item_sk = item.i_item_sk LIMIT 172;72a3edf02ea90ccd318a6cef8f01aa83
4111;SELECT web_sales.* FROM web_sales JOIN customer ON web_sales.ws_bill_customer_sk = customer.c_customer_sk JOIN date_dim ON web_sales.ws_sold_date_sk = date_dim.d_date_sk LIMIT 87;76be01d00b5e36577a5d9f1572f42fab
4113;SELECT catalog_sales.* FROM catalog_sales JOIN warehouse ON catalog_sales.cs_warehouse_sk = warehouse.w_warehouse_sk JOIN item ON catalog_sales.cs_item_sk = item.i_item_sk LIMIT 433;9f6b79e688d28bfa81cc7fc050ae893a
4115;SELECT store_sales.* FROM store_sales JOIN store ON store_sales.ss_store_sk = store.s_store_sk LIMIT 240;f7cbca78a704892907effaa819d0d0a5
4116;SELECT store_returns.* FROM store_returns JOIN customer ON store_returns.sr_customer_sk = customer.c_customer_sk JOIN item ON store_returns.sr_item_sk = item.i_item_sk LIMIT 376;7ad88a3b429ed66d5744a3eff1671949
4117;SELECT web_sales.* FROM web_sales JOIN item ON web_sales.ws_item_sk = item.i_item_sk LIMIT 321;510b13c71bd58799d73b7b7b75d9ff45
4119;SELECT catalog_sales.* FROM catalog_sales JOIN customer ON catalog_sales.cs_bill_customer_sk = customer.c_customer_sk JOIN warehouse ON catalog_sales.cs_warehouse_sk = warehouse.w_warehouse_sk LIMIT 259;9be966344d1022bc45d971a26949d7fe
4120;SELECT catalog_sales.* FROM catalog_sales JOIN date_dim ON catalog_sales.cs_sold_date_sk = date_dim.d_date_sk LIMIT 214;148cf6bc0d81ab2adca16b9126e75e0f
4121;SELECT store_sales.* FROM store_sales JOIN customer ON store_sales.ss_customer_sk = customer.c_customer_sk JOIN item ON store_sales.ss_item_sk = item.i_item_sk LIMIT 55;9f28481274e50360338f00c8ce6d1eca
4122;SELECT inventory.* FROM inventory JOIN date_dim ON inventory.inv_date_sk = date_dim.d_date_sk JOIN item ON inventory.inv_item_sk = item.i_item_sk LIMIT 364;6bb9e5bbed33a4bf151ef255f195a3da
4123;SELECT store_sales.* FROM store_sales JOIN date_dim ON store_sales.ss_sold_date_sk = date_dim.d_date_sk JOIN item ON store_sales.ss_item_sk = item.i_item_sk LIMIT 351;865c9992d4e8ced3a9e1329795d3cef2
4124;SELECT catalog_sales.* FROM catalog_sales JOIN date_dim ON catalog_sales.cs_sold_date_sk = date_dim.d_date_sk LIMIT 407;84855349aa496e1dd3f541e77002b4a9
4125;SELECT store_returns.* FROM store_returns JOIN customer ON store_returns.sr_customer_sk = customer.c_customer_sk JOIN date_dim ON store_returns.sr_returned_date_sk = date_dim.d_date_sk LIMIT 383;8260a7ab1126894776f1878860af3e38
4127;SELECT web_returns.* FROM web_returns JOIN item ON web_returns.wr_item_sk = item.i_item_sk LIMIT 290;a65964b34f8bcdd08d44e992b33633ca
4128;SELECT store_returns.* FROM store_returns JOIN date_dim ON store_returns.sr_returned_date_sk = date_dim.d_date_sk JOIN customer ON store_returns.sr_customer_sk = customer.c_customer_sk LIMIT 219;07be97503432d2728e1fa03abe4fda05
4130;SELECT inventory.* FROM inventory JOIN item ON inventory.inv_item_sk = item.i_item_sk LIMIT 117;76504cea2811542a6fba214284000240
4131;SELECT store_sales.* FROM store_sales JOIN item ON store_sales.ss_item_sk = item.i_item_sk JOIN date_dim ON store_sales.ss_sold_date_sk = date_dim.d_date_sk LIMIT 232;f3aa27ef9dbc48916f7e31d8414652d8
4132;SELECT catalog_sales.* FROM catalog_sales JOIN warehouse ON catalog_sales.cs_warehouse_sk = warehouse.w_warehouse_sk LIMIT 306;f03f52663a7fd0a0fb670368fb4a229e
4133;SELECT store_sales.* FROM store_sales JOIN store ON store_sales.ss_store_sk = store.s_store_sk JOIN item ON store_sales.ss_item_sk = item.i_item_sk LIMIT 220;fd6586c087ea9dec6d5f39cdcabe4f8b
4134;SELECT web_sales.* FROM web_sales JOIN item ON web_sales.ws_item_sk = item.i_item_sk JOIN web_site ON web_sales.ws_web_site_sk = web_site.web_site_sk LIMIT 415;c33d8f467a52723935ab9d9358891b92
4135;SELECT catalog_sales.* FROM catalog_sales JOIN date_dim ON catalog_sales.cs_sold_date_sk = date_dim.d_date_sk LIMIT 445;36a3396496bc985970e73535c79c640c
4136;SELECT web_returns.* FROM web_returns JOIN customer ON web_returns.wr_refunded_customer_sk = customer.c_customer_sk JOIN item ON web_returns.wr_item_sk = item.i_item_sk LIMIT 308;50db0e7131e74102171c67f308d08ed2
4137;SELECT web_returns.* FROM web_returns JOIN item ON web_returns.wr_item_sk = item.i_item_sk JOIN customer ON web_returns.wr_refunded_customer_sk = customer.c_customer_sk LIMIT 221;08c70bc8badbc53458ac8ded4e7bc9ae
4138;SELECT store_sales.* FROM store_sales JOIN item ON store_sales.ss_item_sk = item.i_item_sk LIMIT 233;ac6c9b211f7ab473aa08e6e0edebb5f0
4139;SELECT web_returns.* FROM web_returns JOIN date_dim ON web_returns.wr_returned_date_sk = date_dim.d_date_sk LIMIT 384;16520ce0453e794701c0f35099dc3502
4140;SELECT store_sales.* FROM store_sales JOIN date_dim ON store_sales.ss_sold_date_sk = date_dim.d_date_sk JOIN store ON store_sales.ss_store_sk = store.s_store_sk LIMIT 350;61420473d290f90c3f4129994734f6a3
4141;SELECT store_sales.* FROM store_sales JOIN store ON store_sales.ss_store_sk = store.s_store_sk JOIN date_dim ON store_sales.ss_sold_date_sk = date_dim.d_date_sk LIMIT 205;e35da1ee072fe927a252b796587bbd06
4142;SELECT catalog_sales.* FROM catalog_sales JOIN date_dim ON catalog_sales.cs_sold_date_sk = date_dim.d_date_sk LIMIT 351;6ce05c8b7763a2b94e4a6d9afdddb7dc
4143;SELECT store_returns.* FROM store_returns JOIN date_dim ON store_returns.sr_returned_date_sk = date_dim.d_date_sk JOIN item ON store_returns.sr_item_sk = item.i_item_sk LIMIT 278;edaea7fb02a16e4ab2cdd3c1fdd48407
4144;SELECT inventory.* FROM inventory JOIN date_dim ON inventory.inv_date_sk = date_dim.d_date_sk JOIN item ON inventory.inv_item_sk = item.i_item_sk LIMIT 157;240851999f4709db10f63a9c96ff78d4
4145;SELECT catalog_sales.* FROM catalog_sales JOIN customer ON catalog_sales.cs_bill_customer_sk = customer.c_customer_sk LIMIT 257;e3a6be1f9a18f4f06e8de8e2a12a77b9
4146;SELECT catalog_sales.* FROM catalog_sales JOIN date_dim ON catalog_sales.cs_sold_date_sk = date_dim.d_date_sk LIMIT 345;c5d29b0b30f1b60229b19ce7debba8df
4147;SELECT store_sales.* FROM store_sales JOIN store ON store_sales.ss_store_sk = store.s_store_sk LIMIT 160;92189b207e17a84408c0bb280dc002c7
4148;SELECT inventory.* FROM inventory JOIN warehouse ON inventory.inv_warehouse_sk = warehouse.w_warehouse_sk LIMIT 196;57fa35feacd7acff2aa4b3bc59840378
4149;SELECT store_sales.* FROM store_sales JOIN customer ON store_sales.ss_customer_sk = customer.c_customer_sk LIMIT 124;e65fded11c5d7e0f7cc2d7b005a59e72
4151;SELECT web_sales.* FROM web_sales JOIN web_site ON web_sales.ws_web_site_sk = web_site.web_site_sk LIMIT 442;d27698b6604485881478f3d70bfac4eb
4152;SELECT store_returns.* FROM store_returns JOIN date_dim ON store_returns.sr_returned_date_sk = date_dim.d_date_sk LIMIT 384;62f71ba3f3309c8bc081809d8d52d6a4
4153;SELECT catalog_sales.* FROM catalog_sales JOIN date_dim ON catalog_sales.cs_sold_date_sk = date_dim.d_date_sk LIMIT 189;c005b3e0b64cb305d18fec56ca2f2cb0
4154;SELECT store_returns.* FROM store_returns JOIN item ON store_returns.sr_item_sk = item.i_item_sk JOIN customer ON store_returns.sr_customer_sk = customer.c_customer_sk LIMIT 246;d36cae9abe8ebcb8c1f0fd9155e4488c
4155;SELECT store_sales.* FROM store_sales JOIN customer ON store_sales.ss_customer_sk = customer.c_customer_sk LIMIT 164;080649ae7e035a29815112b70089330c
4156;SELECT web_sales.* FROM web_sales JOIN item ON web_sales.ws_item_sk = item.i_item_sk JOIN customer ON web_sales.ws_bill_customer_sk = customer.c_customer_sk LIMIT 130;b63f93aba1c12b38ca64da3e49b59e2b
4157;SELECT catalog_sales.* FROM catalog_sales JOIN warehouse ON catalog_sales.cs_warehouse_sk = warehouse.w_warehouse_sk LIMIT 129;e6d1598ba61d72782b3eddd52caea770
4158;SELECT catalog_sales.* FROM catalog_sales JOIN item ON catalog_sales.cs_item_sk = item.i_item_sk LIMIT 207;4fe372dc0fd5322eef1f481078d2aa86
4159;SELECT web_returns.* FROM web_returns JOIN customer ON web_returns.wr_refunded_customer_sk = customer.c_customer_sk JOIN item ON web_returns.wr_item_sk = item.i_item_sk LIMIT 53;e7ad531c41e8cb79f9d1242df3dc1bad
4160;SELECT store_sales.* FROM store_sales JOIN item ON store_sales.ss_item_sk = item.i_item_sk LIMIT 389;25778d9e97bbfbcf70ac8f75d202db5f
4161;SELECT web_sales.* FROM web_sales JOIN date_dim ON web_sales.ws_sold_date_sk = date_dim.d_date_sk JOIN web_site ON web_sales.ws_web_site_sk = web_site.web_site_sk LIMIT 477;6f6c324521b77c81cb9d4ca819c8811b
4163;SELECT inventory.* FROM inventory JOIN item ON inventory.inv_item_sk = item.i_item_sk JOIN date_dim ON inventory.inv_date_sk = date_dim.d_date_sk LIMIT 306;8bb19a189d69a999f3c97ee5d5835a1c
4164;SELECT web_sales.* FROM web_sales JOIN date_dim ON web_sales.ws_sold_date_sk = date_dim.d_date_sk LIMIT 162;135cc9f02cb516e55ef8d2ba788abbbb
4165;SELECT web_returns.* FROM web_returns JOIN date_dim ON web_returns.wr_returned_date_sk = date_dim.d_date_sk JOIN customer ON web_returns.wr_refunded_customer_sk = customer.c_customer_sk LIMIT 316;cd95e5ff8f257c2dc561c670a2f9ac6d
4169;SELECT catalog_sales.* FROM catalog_sales JOIN customer ON catalog_sales.cs_bill_customer_sk = customer.c_customer_sk LIMIT 112;3bb63ac3329d2cf6c043331eb63ab923
4170;SELECT inventory.* FROM inventory JOIN item ON inventory.inv_item_sk = item.i_item_sk LIMIT 79;e48cc0207f3c58e2db76ba5d38b5d898
4171;SELECT store_sales.* FROM store_sales JOIN customer ON store_sales.ss_customer_sk = customer.c_customer_sk JOIN store ON store_sales.ss_store_sk = store.s_store_sk LIMIT 377;fddc65af8b1c695d4e83e08d0b1e865e
4172;SELECT store_returns.* FROM store_returns JOIN date_dim ON store_returns.sr_returned_date_sk = date_dim.d_date_sk LIMIT 181;d330b1760f9e36d1d786e6cafe11c3f5
4175;SELECT inventory.* FROM inventory JOIN warehouse ON inventory.inv_warehouse_sk = warehouse.w_warehouse_sk LIMIT 383;cd2d3c4947b49e377a25f1430774d5d2
4176;SELECT store_returns.* FROM store_returns JOIN customer ON store_returns.sr_customer_sk = customer.c_customer_sk JOIN item ON store_returns.sr_item_sk = item.i_item_sk LIMIT 459;4f9dbed26731b5f47750fc744440dd26
4177;SELECT web_sales.* FROM web_sales JOIN date_dim ON web_sales.ws_sold_date_sk = date_dim.d_date_sk LIMIT 142;5ea4df6b58746473760e8c32c3afef28
4178;SELECT catalog_sales.* FROM catalog_sales JOIN date_dim ON catalog_sales.cs_sold_date_sk = date_dim.d_date_sk LIMIT 301;9b4461310f2190e8d399d9787f233917
4179;SELECT store_returns.* FROM store_returns JOIN item ON store_returns.sr_item_sk = item.i_item_sk JOIN date_dim ON store_returns.sr_returned_date_sk = date_dim.d_date_sk LIMIT 400;deff76bd937521c4876bbd84af1339a2
4180;SELECT inventory.* FROM inventory JOIN date_dim ON inventory.inv_date_sk = date_dim.d_date_sk JOIN item ON inventory.inv_item_sk = item.i_item_sk LIMIT 291;f580c167760d4734784239365b108a9c
4181;SELECT store_returns.* FROM store_returns JOIN item ON store_returns.sr_item_sk = item.i_item_sk JOIN date_dim ON store_returns.sr_returned_date_sk = date_dim.d_date_sk LIMIT 446;348dc807abf28402993f71d14a4f4950
4182;SELECT catalog_sales.* FROM catalog_sales JOIN warehouse ON catalog_sales.cs_warehouse_sk = warehouse.w_warehouse_sk JOIN date_dim ON catalog_sales.cs_sold_date_sk = date_dim.d_date_sk LIMIT 204;71a129e93a6fe6039e6b44b233a9bafa
4183;SELECT store_returns.* FROM store_returns JOIN customer ON store_returns.sr_customer_sk = customer.c_customer_sk LIMIT 410;0b6c48814f6b6bdc6e868e05ff3ff7e2
4184;SELECT web_returns.* FROM web_returns JOIN customer ON web_returns.wr_refunded_customer_sk = customer.c_customer_sk JOIN item ON web_returns.wr_item_sk = item.i_item_sk LIMIT 106;d7fe944b71676b0ea18ab7952ae70de1
4185;SELECT web_returns.* FROM web_returns JOIN date_dim ON web_returns.wr_returned_date_sk = date_dim.d_date_sk JOIN customer ON web_returns.wr_refunded_customer_sk = customer.c_customer_sk LIMIT 87;e1e570f115da6726a4e20eba8c2d2ebb
4186;SELECT web_returns.* FROM web_returns JOIN item ON web_returns.wr_item_sk = item.i_item_sk LIMIT 151;d504518bd129f89c3e3a740964abd6e4
4187;SELECT inventory.* FROM inventory JOIN item ON inventory.inv_item_sk = item.i_item_sk LIMIT 92;1c485be8fbc969fc7dba6825835a9e2a
4188;SELECT catalog_sales.* FROM catalog_sales JOIN date_dim ON catalog_sales.cs_sold_date_sk = date_dim.d_date_sk JOIN customer ON catalog_sales.cs_bill_customer_sk = customer.c_customer_sk LIMIT 81;d463460703c171c84619c48e9e6e39ff
4189;SELECT inventory.* FROM inventory JOIN warehouse ON inventory.inv_warehouse_sk = warehouse.w_warehouse_sk JOIN item ON inventory.inv_item_sk = item.i_item_sk LIMIT 165;2bf7e89dfea9ba4ca5f554df0a00a41f
4190;SELECT store_returns.* FROM store_returns JOIN customer ON store_returns.sr_customer_sk = customer.c_customer_sk JOIN item ON store_returns.sr_item_sk = item.i_item_sk LIMIT 219;3e9442a5db26838a2d2c2067199c390a
4191;SELECT web_returns.* FROM web_returns JOIN customer ON web_returns.wr_refunded_customer_sk = customer.c_customer_sk JOIN date_dim ON web_returns.wr_returned_date_sk = date_dim.d_date_sk LIMIT 473;62cfc608c78523b67b73ca3ede4ce283
4192;SELECT store_sales.* FROM store_sales JOIN item ON store_sales.ss_item_sk = item.i_item_sk LIMIT 159;aed0a05d0a418b29c225a1e4361e6a74
4193;SELECT catalog_sales.* FROM catalog_sales JOIN warehouse ON catalog_sales.cs_warehouse_sk = warehouse.w_warehouse_sk JOIN customer ON catalog_sales.cs_bill_customer_sk = customer.c_customer_sk LIMIT 78;8e82b520f07c9bea2e3e4e8cca0544e8
4195;SELECT store_sales.* FROM store_sales JOIN date_dim ON store_sales.ss_sold_date_sk = date_dim.d_date_sk LIMIT 223;7567feed29cb56296c00ebe224f32665
4196;SELECT store_sales.* FROM store_sales JOIN store ON store_sales.ss_store_sk = store.s_store_sk LIMIT 277;67694d8d5a409eea1b56f15aa60a08a8
4197;SELECT DISTINCT (i_product_name) FROM item AS i1 WHERE i_manufact_id BETWEEN 738 AND 738 + 40 AND (SELECT COUNT(*) AS item_cnt FROM item WHERE (i_manufact = i1.i_manufact AND ((i_category = 'Women' AND (i_color = 'powder' OR i_color = 'khaki') AND (i_units = 'Ounce' OR i_units = 'Oz') AND (i_size = 'medium' OR i_size = 'extra large')) OR (i_category = 'Women' AND (i_color = 'brown' OR i_color = 'honeydew') AND (i_units = 'Bunch' OR i_units = 'Ton') AND (i_size = 'N/A' OR i_size = 'small')) OR (i_category = 'Men' AND (i_color = 'floral' OR i_color = 'deep') AND (i_units = 'N/A' OR i_units = 'Dozen') AND (i_size = 'petite' OR i_size = 'petite')) OR (i_category = 'Men' AND (i_color = 'light' OR i_color = 'cornflower') AND (i_units = 'Box' OR i_units = 'Pound') AND (i_size = 'medium' OR i_size = 'extra large')))) OR (i_manufact = i1.i_manufact AND ((i_category = 'Women' AND (i_color = 'midnight' OR i_color = 'snow') AND (i_units = 'Pallet' OR i_units = 'Gross') AND (i_size = 'medium' OR i_size = 'extra large')) OR (i_category = 'Women' AND (i_color = 'cyan' OR i_color = 'papaya') AND (i_units = 'Cup' OR i_units = 'Dram') AND (i_size = 'N/A' OR i_size = 'small')) OR (i_category = 'Men' AND (i_color = 'orange' OR i_color = 'frosted') AND (i_units = 'Each' OR i_units = 'Tbl') AND (i_size = 'petite' OR i_size = 'petite')) OR (i_category = 'Men' AND (i_color = 'forest' OR i_color = 'ghost') AND (i_units = 'Lb' OR i_units = 'Bundle') AND (i_size = 'medium' OR i_size = 'extra large'))))) > 0 ORDER BY i_product_name LIMIT 100;860a4bc1fab9b3d5e76c1e4271f76624
4198;SELECT inventory.* FROM inventory JOIN warehouse ON inventory.inv_warehouse_sk = warehouse.w_warehouse_sk JOIN date_dim ON inventory.inv_date_sk = date_dim.d_date_sk LIMIT 378;366c44430ae7b48deecd1ceebf666f5d
4200;SELECT web_sales.* FROM web_sales JOIN date_dim ON web_sales.ws_sold_date_sk = date_dim.d_date_sk LIMIT 76;fac626f36bbe1a09d818268bb76e50c1
4201;SELECT catalog_sales.* FROM catalog_sales JOIN customer ON catalog_sales.cs_bill_customer_sk = customer.c_customer_sk LIMIT 95;ddcbbb6ea4d679fc68f1117e642c9978
4202;SELECT web_returns.* FROM web_returns JOIN date_dim ON web_returns.wr_returned_date_sk = date_dim.d_date_sk JOIN customer ON web_returns.wr_refunded_customer_sk = customer.c_customer_sk LIMIT 391;07fa498d493de9e4df0bc5d182df2393
4203;SELECT inventory.* FROM inventory JOIN date_dim ON inventory.inv_date_sk = date_dim.d_date_sk LIMIT 97;352dce22d73d117e43eb86326f21a947
4204;SELECT web_sales.* FROM web_sales JOIN date_dim ON web_sales.ws_sold_date_sk = date_dim.d_date_sk LIMIT 399;46a3335b1b94480d53b9c88d08e4e5eb
4205;SELECT inventory.* FROM inventory JOIN item ON inventory.inv_item_sk = item.i_item_sk JOIN warehouse ON inventory.inv_warehouse_sk = warehouse.w_warehouse_sk LIMIT 453;6aa13b427ee8867caebc221e4b25316e
4206;SELECT inventory.* FROM inventory JOIN warehouse ON inventory.inv_warehouse_sk = warehouse.w_warehouse_sk JOIN date_dim ON inventory.inv_date_sk = date_dim.d_date_sk LIMIT 93;32bc78386d66858ec252d9fdbf799452
4207;SELECT channel, item, return_ratio, return_rank, currency_rank FROM (SELECT 'web' AS channel, web.item, web.return_ratio, web.return_rank, web.currency_rank FROM (SELECT item, return_ratio, currency_ratio, RANK() OVER (ORDER BY return_ratio) AS return_rank, RANK() OVER (ORDER BY currency_ratio) AS currency_rank FROM (SELECT ws.ws_item_sk AS item, (CAST(SUM(COALESCE(wr.wr_return_quantity, 0.0)) AS DECIMAL(16, 5)) / NULLIF(CAST(SUM(COALESCE(ws.ws_quantity, 0.0)) AS DECIMAL(8, 4)), 0)) AS return_ratio, (CAST(SUM(COALESCE(wr.wr_return_amt, 0.0)) AS DECIMAL(20, 5)) / NULLIF(CAST(SUM(COALESCE(ws.ws_net_paid, 0.0)) AS DECIMAL(8, 3)), 0)) AS currency_ratio FROM web_sales AS ws LEFT OUTER JOIN web_returns AS wr ON (ws.ws_order_number = wr.wr_order_number AND ws.ws_item_sk = wr.wr_item_sk), date_dim WHERE wr.wr_return_amt > 8979 AND ws.ws_net_profit > 1.0 AND ws.ws_net_paid > 0.0 AND ws.ws_quantity > 0.0 AND ws_sold_date_sk = d_date_sk AND d_year = 2063 AND d_moy = 9 GROUP BY ws.ws_item_sk) AS in_web) AS web WHERE (web.return_rank <= 5 OR web.currency_rank <= 7) UNION SELECT 'catalog' AS channel, catalog.item, catalog.return_ratio, catalog.return_rank, catalog.currency_rank FROM (SELECT item, return_ratio, currency_ratio, RANK() OVER (ORDER BY return_ratio) AS return_rank, RANK() OVER (ORDER BY currency_ratio) AS currency_rank FROM (SELECT cs.cs_item_sk AS item, (CAST(SUM(COALESCE(cr.cr_return_quantity, 0.0)) AS DECIMAL(20, 4)) / NULLIF(CAST(SUM(COALESCE(cs.cs_quantity, 0.0)) AS DECIMAL(17, 5)), 0)) AS return_ratio, (CAST(SUM(COALESCE(cr.cr_return_amount, 0.0)) AS DECIMAL(15, 5)) / NULLIF(CAST(SUM(COALESCE(cs.cs_net_paid, 0.0)) AS DECIMAL(15, 3)), 0)) AS currency_ratio FROM catalog_sales AS cs LEFT OUTER JOIN catalog_returns AS cr ON (cs.cs_order_number = cr.cr_order_number AND cs.cs_item_sk = cr.cr_item_sk), date_dim WHERE cr.cr_return_amount > 12382 AND cs.cs_net_profit > 1.0 AND cs.cs_net_paid > 0.0 AND cs.cs_quantity > 0.0 AND cs_sold_date_sk = d_date_sk AND d_year = 2208 AND d_moy = 13 GROUP BY cs.cs_item_sk) AS in_cat) AS CATALOG WHERE (catalog.return_rank <= 14 OR catalog.currency_rank <= 14) UNION SELECT 'store' AS channel, store.item, store.return_ratio, store.return_rank, store.currency_rank FROM (SELECT item, return_ratio, currency_ratio, RANK() OVER (ORDER BY return_ratio) AS return_rank, RANK() OVER (ORDER BY currency_ratio) AS currency_rank FROM (SELECT sts.ss_item_sk AS item, (CAST(SUM(COALESCE(sr.sr_return_quantity, 0.0)) AS DECIMAL(22, 2)) / NULLIF(CAST(SUM(COALESCE(sts.ss_quantity, 0.0)) AS DECIMAL(10, 2)), 0)) AS return_ratio, (CAST(SUM(COALESCE(sr.sr_return_amt, 0.0)) AS DECIMAL(17, 2)) / NULLIF(CAST(SUM(COALESCE(sts.ss_net_paid, 0.0)) AS DECIMAL(13, 3)), 0)) AS currency_ratio FROM store_sales AS sts LEFT OUTER JOIN store_returns AS sr ON (sts.ss_ticket_number = sr.sr_ticket_number AND sts.ss_item_sk = sr.sr_item_sk), date_dim WHERE sr.sr_return_amt > 7628 AND sts.ss_net_profit > 1.0 AND sts.ss_net_paid > 0.0 AND sts.ss_quantity > 0.0 AND ss_sold_date_sk = d_date_sk AND d_year = 1525 AND d_moy = 6 GROUP BY sts.ss_item_sk) AS in_store) AS store WHERE (store.return_rank <= 11 OR store.currency_rank <= 13)) AS sq1 ORDER BY 1.0 NULLS FIRST, 3 NULLS FIRST, 2 NULLS FIRST, 2 NULLS FIRST LIMIT 87;833c5ee4f226f3affaf451d008612a43
4208;SELECT inventory.* FROM inventory JOIN date_dim ON inventory.inv_date_sk = date_dim.d_date_sk LIMIT 150;be0a5de2678efc5c30b5d648f998bc4f
4209;SELECT inventory.* FROM inventory JOIN item ON inventory.inv_item_sk = item.i_item_sk JOIN warehouse ON inventory.inv_warehouse_sk = warehouse.w_warehouse_sk LIMIT 483;ac2263adc149651beb7c7eb20ab3590e
4212;SELECT inventory.* FROM inventory JOIN item ON inventory.inv_item_sk = item.i_item_sk JOIN warehouse ON inventory.inv_warehouse_sk = warehouse.w_warehouse_sk LIMIT 108;fe334e4028ebd982a559629c9fa61ea2
4213;SELECT catalog_sales.* FROM catalog_sales JOIN date_dim ON catalog_sales.cs_sold_date_sk = date_dim.d_date_sk LIMIT 498;091714fa742bad5085efc23278e23258
4214;SELECT store_returns.* FROM store_returns JOIN customer ON store_returns.sr_customer_sk = customer.c_customer_sk LIMIT 77;42a85f42b9ef0a80d7fd9ee996f29504
4215;SELECT store_sales.* FROM store_sales JOIN date_dim ON store_sales.ss_sold_date_sk = date_dim.d_date_sk JOIN item ON store_sales.ss_item_sk = item.i_item_sk LIMIT 493;cbc8adb0ce524284768ee4ceae63df64
4216;SELECT store_returns.* FROM store_returns JOIN item ON store_returns.sr_item_sk = item.i_item_sk JOIN customer ON store_returns.sr_customer_sk = customer.c_customer_sk LIMIT 243;31e5b29ec1a350e1f00252020241dfbe
4217;SELECT web_sales.* FROM web_sales JOIN item ON web_sales.ws_item_sk = item.i_item_sk JOIN web_site ON web_sales.ws_web_site_sk = web_site.web_site_sk LIMIT 53;ec09104c0175d3a6a48f942d79dcc899
4218;SELECT catalog_sales.* FROM catalog_sales JOIN customer ON catalog_sales.cs_bill_customer_sk = customer.c_customer_sk JOIN warehouse ON catalog_sales.cs_warehouse_sk = warehouse.w_warehouse_sk LIMIT 278;e17f1f812a516b71ad49b0c74be956b8
4219;SELECT inventory.* FROM inventory JOIN warehouse ON inventory.inv_warehouse_sk = warehouse.w_warehouse_sk JOIN date_dim ON inventory.inv_date_sk = date_dim.d_date_sk LIMIT 211;c6c2a687a39a7776133cdb3f8ffda8cb
4220;SELECT w_state, i_item_id, SUM(CASE WHEN (CAST(d_date AS DATE) < CAST('2000-03-11' AS DATE)) THEN cs_sales_price - COALESCE(cr_refunded_cash, 0.0) ELSE 0.0 END) AS sales_before, SUM(CASE WHEN (CAST(d_date AS DATE) >= CAST('2000-03-11' AS DATE)) THEN cs_sales_price - COALESCE(cr_refunded_cash, 0.0) ELSE 0.0 END) AS sales_after FROM catalog_sales LEFT OUTER JOIN catalog_returns ON (cs_order_number = cr_order_number AND cs_item_sk = cr_item_sk), warehouse, item WHERE i_current_price BETWEEN 0.99 AND 1 AND i_item_sk = cs_item_sk AND cs_warehouse_sk = w_warehouse_sk AND cs_sold_date_sk = d_date_sk AND d_date BETWEEN CAST('2000-02-10' AS DATE) AND CAST('2000-04-10' AS DATE) GROUP BY w_state, i_item_id ORDER BY w_state, i_item_id LIMIT 60;680c08c7d8c32984986284738a3bf13d
4221;SELECT web_returns.* FROM web_returns JOIN customer ON web_returns.wr_refunded_customer_sk = customer.c_customer_sk JOIN date_dim ON web_returns.wr_returned_date_sk = date_dim.d_date_sk LIMIT 179;d73234bba2a49d032d14184b0cfa6a3c
4222;SELECT web_returns.* FROM web_returns JOIN item ON web_returns.wr_item_sk = item.i_item_sk JOIN customer ON web_returns.wr_refunded_customer_sk = customer.c_customer_sk LIMIT 253;77ca929c68d20b7b4cff18f2cb30bf63
4223;SELECT store_returns.* FROM store_returns JOIN customer ON store_returns.sr_customer_sk = customer.c_customer_sk LIMIT 82;4f7e62241605dae6f3a865e83a56b859
4224;SELECT catalog_sales.* FROM catalog_sales JOIN customer ON catalog_sales.cs_bill_customer_sk = customer.c_customer_sk LIMIT 360;8bf2e597f4faf5fe19bf7c7cdccb04d6
4225;SELECT i_item_desc, w_warehouse_name, d1.d_week_seq, SUM(CASE WHEN p_promo_sk IS NULL THEN 1.0 ELSE 0.0 END) AS no_promo, SUM(CASE WHEN NOT p_promo_sk IS NULL THEN 1.0 ELSE 0.0 END) AS promo, COUNT(*) AS total_cnt FROM catalog_sales JOIN inventory ON (cs_item_sk = inv_item_sk) JOIN warehouse ON (w_warehouse_sk = inv_warehouse_sk) JOIN item ON (i_item_sk = cs_item_sk) JOIN customer_demographics ON (cs_bill_cdemo_sk = cd_demo_sk) JOIN household_demographics ON (cs_bill_hdemo_sk = hd_demo_sk) JOIN date_dim AS d1 ON (cs_sold_date_sk = d1.d_date_sk) JOIN date_dim AS d2 ON (inv_date_sk = d2.d_date_sk) JOIN date_dim AS d3 ON (cs_ship_date_sk = d3.d_date_sk) LEFT OUTER JOIN promotion ON (cs_promo_sk = p_promo_sk) LEFT OUTER JOIN catalog_returns ON (cr_item_sk = cs_item_sk AND cr_order_number = cs_order_number) WHERE d1.d_week_seq = d2.d_week_seq AND inv_quantity_on_hand < cs_quantity AND d3.d_date > d1.d_date + 6 AND hd_buy_potential = '>10000' AND d1.d_year = 2776 AND cd_marital_status = 'D' GROUP BY i_item_desc, w_warehouse_name, d1.d_week_seq ORDER BY total_cnt DESC, i_item_desc NULLS FIRST, w_warehouse_name NULLS FIRST, d1.d_week_seq NULLS FIRST LIMIT 120;b3990eae0b9c71ead541ac052579498c
4226;SELECT store_returns.* FROM store_returns JOIN customer ON store_returns.sr_customer_sk = customer.c_customer_sk LIMIT 472;4e8a5917339a7d3767c245b680a185ef
4227;SELECT web_returns.* FROM web_returns JOIN date_dim ON web_returns.wr_returned_date_sk = date_dim.d_date_sk JOIN item ON web_returns.wr_item_sk = item.i_item_sk LIMIT 107;689ff7781b537aa648dc8d63bda255ed
4229;SELECT web_returns.* FROM web_returns JOIN date_dim ON web_returns.wr_returned_date_sk = date_dim.d_date_sk JOIN item ON web_returns.wr_item_sk = item.i_item_sk LIMIT 140;1350fe57f4ceeea9255913797a0ec383
4230;SELECT store_sales.* FROM store_sales JOIN customer ON store_sales.ss_customer_sk = customer.c_customer_sk LIMIT 82;f6b7851c7dbbcb29ad5ceb03a268af9b
4231;SELECT web_returns.* FROM web_returns JOIN date_dim ON web_returns.wr_returned_date_sk = date_dim.d_date_sk LIMIT 425;7c26360eeca056abf8f165bdc5f9d165
4232;SELECT catalog_sales.* FROM catalog_sales JOIN date_dim ON catalog_sales.cs_sold_date_sk = date_dim.d_date_sk JOIN warehouse ON catalog_sales.cs_warehouse_sk = warehouse.w_warehouse_sk LIMIT 275;03dc9cad93bb26005b41591c69785eab
4233;SELECT web_returns.* FROM web_returns JOIN date_dim ON web_returns.wr_returned_date_sk = date_dim.d_date_sk LIMIT 124;4599f9351ad8a6b62d498d0cb935e74c
4234;SELECT web_returns.* FROM web_returns JOIN customer ON web_returns.wr_refunded_customer_sk = customer.c_customer_sk JOIN item ON web_returns.wr_item_sk = item.i_item_sk LIMIT 156;99ff1c45a238378ba2d1212a510e30ed
4235;SELECT catalog_sales.* FROM catalog_sales JOIN warehouse ON catalog_sales.cs_warehouse_sk = warehouse.w_warehouse_sk JOIN item ON catalog_sales.cs_item_sk = item.i_item_sk LIMIT 149;af268f050a5d81ef0d35e68b27de0336
4236;SELECT store_returns.* FROM store_returns JOIN item ON store_returns.sr_item_sk = item.i_item_sk JOIN date_dim ON store_returns.sr_returned_date_sk = date_dim.d_date_sk LIMIT 191;84741759c70df59d6d6ae11de9c27ac0
4237;SELECT inventory.* FROM inventory JOIN date_dim ON inventory.inv_date_sk = date_dim.d_date_sk LIMIT 132;39c40d36cb1db4e8174e1557ad1a0a25
4238;SELECT store_returns.* FROM store_returns JOIN customer ON store_returns.sr_customer_sk = customer.c_customer_sk LIMIT 240;07c534f6b21cc02caf0595202d23c293
4240;SELECT web_returns.* FROM web_returns JOIN date_dim ON web_returns.wr_returned_date_sk = date_dim.d_date_sk JOIN item ON web_returns.wr_item_sk = item.i_item_sk LIMIT 198;250a53743caba69e163efe90c9239a02
4241;SELECT web_returns.* FROM web_returns JOIN date_dim ON web_returns.wr_returned_date_sk = date_dim.d_date_sk JOIN item ON web_returns.wr_item_sk = item.i_item_sk LIMIT 347;6dd98d384db2ce9a870bcd93e55bec99
4242;SELECT inventory.* FROM inventory JOIN date_dim ON inventory.inv_date_sk = date_dim.d_date_sk LIMIT 444;b147a9d4e688c7b9fb756a857f44cdfb
4244;SELECT web_returns.* FROM web_returns JOIN item ON web_returns.wr_item_sk = item.i_item_sk JOIN date_dim ON web_returns.wr_returned_date_sk = date_dim.d_date_sk LIMIT 444;eb52193ff41cca701541e2a0e1f2062f
4245;SELECT web_returns.* FROM web_returns JOIN date_dim ON web_returns.wr_returned_date_sk = date_dim.d_date_sk LIMIT 78;860dc59c32bbda03d78c8fa7b9cbc79b
4248;SELECT store_returns.* FROM store_returns JOIN date_dim ON store_returns.sr_returned_date_sk = date_dim.d_date_sk JOIN item ON store_returns.sr_item_sk = item.i_item_sk LIMIT 101;8d1ca8875de3891ec139e0070a7bf07d
4249;SELECT inventory.* FROM inventory JOIN item ON inventory.inv_item_sk = item.i_item_sk LIMIT 163;b6846c8b11dcc7a1d47f70105d7b15ef
4250;SELECT store_returns.* FROM store_returns JOIN date_dim ON store_returns.sr_returned_date_sk = date_dim.d_date_sk LIMIT 61;7f0e6e56427f6fceb3c76c0f8593ef16
4251;SELECT store_returns.* FROM store_returns JOIN customer ON store_returns.sr_customer_sk = customer.c_customer_sk JOIN item ON store_returns.sr_item_sk = item.i_item_sk LIMIT 262;63a0dc01213bf6781a20354c7acc8d11
4252;SELECT catalog_sales.* FROM catalog_sales JOIN item ON catalog_sales.cs_item_sk = item.i_item_sk JOIN customer ON catalog_sales.cs_bill_customer_sk = customer.c_customer_sk LIMIT 221;07b5897a07d364afe9f136bff1105ed1
4253;SELECT store_sales.* FROM store_sales JOIN item ON store_sales.ss_item_sk = item.i_item_sk JOIN store ON store_sales.ss_store_sk = store.s_store_sk LIMIT 155;0b576332eb293f5b66bfb2c466d6cc9e
4254;SELECT web_sales.* FROM web_sales JOIN date_dim ON web_sales.ws_sold_date_sk = date_dim.d_date_sk LIMIT 472;2c9ddc0646bd2f7c420ed8e14ef3559b
4255;SELECT catalog_sales.* FROM catalog_sales JOIN date_dim ON catalog_sales.cs_sold_date_sk = date_dim.d_date_sk LIMIT 491;019ff81c5306c6f9fbc9ef85a097fe8e
4256;SELECT web_sales.* FROM web_sales JOIN date_dim ON web_sales.ws_sold_date_sk = date_dim.d_date_sk LIMIT 266;c41f167977bd3faae7f43ed37801d6fb
4257;SELECT web_returns.* FROM web_returns JOIN item ON web_returns.wr_item_sk = item.i_item_sk JOIN date_dim ON web_returns.wr_returned_date_sk = date_dim.d_date_sk LIMIT 268;14bfa19c69f5c0099692badb563aa3d8
4258;SELECT web_returns.* FROM web_returns JOIN customer ON web_returns.wr_refunded_customer_sk = customer.c_customer_sk JOIN date_dim ON web_returns.wr_returned_date_sk = date_dim.d_date_sk LIMIT 433;9d19695776e8a9e63a7dd760792be7b9
4259;SELECT inventory.* FROM inventory JOIN warehouse ON inventory.inv_warehouse_sk = warehouse.w_warehouse_sk JOIN date_dim ON inventory.inv_date_sk = date_dim.d_date_sk LIMIT 390;3242f8449ecd54dc5162c4fe4db2683a
4260;SELECT inventory.* FROM inventory JOIN date_dim ON inventory.inv_date_sk = date_dim.d_date_sk LIMIT 423;88ff81498e86a82007049743d93e765f
4261;SELECT store_returns.* FROM store_returns JOIN date_dim ON store_returns.sr_returned_date_sk = date_dim.d_date_sk LIMIT 68;5254d96dfe788c9bc068692151521953
4262;SELECT inventory.* FROM inventory JOIN item ON inventory.inv_item_sk = item.i_item_sk LIMIT 204;a69e3bf6335b87cea3cab5dd567525d3
4263;SELECT inventory.* FROM inventory JOIN date_dim ON inventory.inv_date_sk = date_dim.d_date_sk JOIN item ON inventory.inv_item_sk = item.i_item_sk LIMIT 232;ad4b02b0080181111fefefab01b5ed50
4264;SELECT web_sales.* FROM web_sales JOIN web_site ON web_sales.ws_web_site_sk = web_site.web_site_sk LIMIT 134;09168546fcde5e296297d8427a8434de
4265;SELECT catalog_sales.* FROM catalog_sales JOIN customer ON catalog_sales.cs_bill_customer_sk = customer.c_customer_sk LIMIT 54;3be5eb3c87d69a9a0981bc960c8654dd
4266;SELECT web_sales.* FROM web_sales JOIN date_dim ON web_sales.ws_sold_date_sk = date_dim.d_date_sk LIMIT 429;6e7191484ccd4b0590cd35ae6a20c01a
4267;SELECT web_sales.* FROM web_sales JOIN web_site ON web_sales.ws_web_site_sk = web_site.web_site_sk JOIN date_dim ON web_sales.ws_sold_date_sk = date_dim.d_date_sk LIMIT 104;6bb76082326d7ec4ed6408023f7f30b6
4268;SELECT web_returns.* FROM web_returns JOIN date_dim ON web_returns.wr_returned_date_sk = date_dim.d_date_sk LIMIT 210;9c5c0b56e1ad578c89e4ab9e4d8ca9e5
4269;SELECT store_sales.* FROM store_sales JOIN date_dim ON store_sales.ss_sold_date_sk = date_dim.d_date_sk LIMIT 476;abf321b651187545ce470326b0b25620
4270;SELECT web_sales.* FROM web_sales JOIN customer ON web_sales.ws_bill_customer_sk = customer.c_customer_sk LIMIT 481;ff4c0ddbd73278b99d148f3a7f734389
4271;SELECT store_returns.* FROM store_returns JOIN date_dim ON store_returns.sr_returned_date_sk = date_dim.d_date_sk JOIN customer ON store_returns.sr_customer_sk = customer.c_customer_sk LIMIT 294;4b92d1030882b95ac850aedac12a9c48
4272;SELECT store_returns.* FROM store_returns JOIN customer ON store_returns.sr_customer_sk = customer.c_customer_sk LIMIT 131;bf4d6c7c8f6dc0e755861272dbd08db3
4273;SELECT store_sales.* FROM store_sales JOIN customer ON store_sales.ss_customer_sk = customer.c_customer_sk JOIN item ON store_sales.ss_item_sk = item.i_item_sk LIMIT 378;2084dd05f14cb46d204c85a02d0cee8b
4274;SELECT inventory.* FROM inventory JOIN date_dim ON inventory.inv_date_sk = date_dim.d_date_sk LIMIT 464;c6374f13887b0d49acec98363ba8426c
4275;SELECT catalog_sales.* FROM catalog_sales JOIN customer ON catalog_sales.cs_bill_customer_sk = customer.c_customer_sk JOIN item ON catalog_sales.cs_item_sk = item.i_item_sk LIMIT 178;6a166d678ca5ff4a049bdd0ea484ef6e
4276;SELECT store_sales.* FROM store_sales JOIN date_dim ON store_sales.ss_sold_date_sk = date_dim.d_date_sk LIMIT 270;99a4680aa441856fcd5056b994eb2f4e
4277;SELECT catalog_sales.* FROM catalog_sales JOIN date_dim ON catalog_sales.cs_sold_date_sk = date_dim.d_date_sk JOIN warehouse ON catalog_sales.cs_warehouse_sk = warehouse.w_warehouse_sk LIMIT 467;85b0b7200c61e366b2b3c29e2694cce9
4278;SELECT store_returns.* FROM store_returns JOIN item ON store_returns.sr_item_sk = item.i_item_sk LIMIT 361;bbc0fba475856c0c830b6fb8dd94f00d
4280;SELECT web_sales.* FROM web_sales JOIN date_dim ON web_sales.ws_sold_date_sk = date_dim.d_date_sk LIMIT 199;8efb74041ca35dae1a28317de5868b3d
4281;SELECT store_sales.* FROM store_sales JOIN item ON store_sales.ss_item_sk = item.i_item_sk JOIN store ON store_sales.ss_store_sk = store.s_store_sk LIMIT 223;ea319f121b2bd7afe5e7f944285de9e1
4282;SELECT web_sales.* FROM web_sales JOIN item ON web_sales.ws_item_sk = item.i_item_sk LIMIT 381;35ba3b76e1681f6c7528588f9840543c
4283;SELECT web_sales.* FROM web_sales JOIN date_dim ON web_sales.ws_sold_date_sk = date_dim.d_date_sk LIMIT 107;ae651c1a697e4553f748210fe19cfce6
4284;SELECT store_returns.* FROM store_returns JOIN customer ON store_returns.sr_customer_sk = customer.c_customer_sk JOIN item ON store_returns.sr_item_sk = item.i_item_sk LIMIT 109;2772f2318b8cccaf654f79a3a3ca8fbe
4285;SELECT catalog_sales.* FROM catalog_sales JOIN customer ON catalog_sales.cs_bill_customer_sk = customer.c_customer_sk JOIN warehouse ON catalog_sales.cs_warehouse_sk = warehouse.w_warehouse_sk LIMIT 405;01b0a5ec2e92b118b6eb235a42fcab35
4286;SELECT store_sales.* FROM store_sales JOIN customer ON store_sales.ss_customer_sk = customer.c_customer_sk JOIN item ON store_sales.ss_item_sk = item.i_item_sk LIMIT 240;bf306861ab2a348cf507a4e0b38f698d
4287;SELECT inventory.* FROM inventory JOIN date_dim ON inventory.inv_date_sk = date_dim.d_date_sk JOIN warehouse ON inventory.inv_warehouse_sk = warehouse.w_warehouse_sk LIMIT 481;2e6483e5682d1d2749f0fa82089ddd35
4288;SELECT inventory.* FROM inventory JOIN item ON inventory.inv_item_sk = item.i_item_sk JOIN date_dim ON inventory.inv_date_sk = date_dim.d_date_sk LIMIT 198;2294df379009a3cadd07f27aa1974937
4289;SELECT catalog_sales.* FROM catalog_sales JOIN item ON catalog_sales.cs_item_sk = item.i_item_sk LIMIT 464;7b853ad4047bf8d587a9d48fa88a751d
4290;SELECT web_returns.* FROM web_returns JOIN item ON web_returns.wr_item_sk = item.i_item_sk JOIN customer ON web_returns.wr_refunded_customer_sk = customer.c_customer_sk LIMIT 57;66a6e108b84b999ad83cf594112e82a0
4291;SELECT store_sales.* FROM store_sales JOIN date_dim ON store_sales.ss_sold_date_sk = date_dim.d_date_sk JOIN customer ON store_sales.ss_customer_sk = customer.c_customer_sk LIMIT 241;ee60ae49e1add97f4f53397bab09f938
4292;SELECT web_sales.* FROM web_sales JOIN web_site ON web_sales.ws_web_site_sk = web_site.web_site_sk LIMIT 346;3534ba6415251bee178d8c9bd8ae9553
4293;SELECT inventory.* FROM inventory JOIN warehouse ON inventory.inv_warehouse_sk = warehouse.w_warehouse_sk LIMIT 288;d458251735332a085098a28780041d18
4294;SELECT store_sales.* FROM store_sales JOIN store ON store_sales.ss_store_sk = store.s_store_sk LIMIT 344;b8def1f14400e1dd437c2f6fab27e7bb
4295;SELECT inventory.* FROM inventory JOIN date_dim ON inventory.inv_date_sk = date_dim.d_date_sk JOIN item ON inventory.inv_item_sk = item.i_item_sk LIMIT 454;dcb4d031feeedf4d6c40d1326ab420a5
4296;SELECT inventory.* FROM inventory JOIN item ON inventory.inv_item_sk = item.i_item_sk JOIN date_dim ON inventory.inv_date_sk = date_dim.d_date_sk LIMIT 395;c93fef49473cd024235c9b2f92900727
4297;SELECT web_sales.* FROM web_sales JOIN web_site ON web_sales.ws_web_site_sk = web_site.web_site_sk LIMIT 306;3d05493620bbf321a79a974ba490b7f8
4298;SELECT web_sales.* FROM web_sales JOIN web_site ON web_sales.ws_web_site_sk = web_site.web_site_sk LIMIT 447;80e8afbae5af2547b8652db7bb0b8660
4299;SELECT store_sales.* FROM store_sales JOIN item ON store_sales.ss_item_sk = item.i_item_sk JOIN store ON store_sales.ss_store_sk = store.s_store_sk LIMIT 81;e28dd10007391406d74594a8a0ee43e7
4303;SELECT web_returns.* FROM web_returns JOIN date_dim ON web_returns.wr_returned_date_sk = date_dim.d_date_sk LIMIT 392;52bdb599c6d9d08074148e4463fc36b2
4304;SELECT inventory.* FROM inventory JOIN date_dim ON inventory.inv_date_sk = date_dim.d_date_sk JOIN item ON inventory.inv_item_sk = item.i_item_sk LIMIT 136;477cba651f0942dbd1b5476fb016a374
4305;SELECT store_sales.* FROM store_sales JOIN store ON store_sales.ss_store_sk = store.s_store_sk JOIN customer ON store_sales.ss_customer_sk = customer.c_customer_sk LIMIT 493;7c37c3b67d9a2de5fc4446a91e9c70aa
4306;SELECT web_sales.* FROM web_sales JOIN customer ON web_sales.ws_bill_customer_sk = customer.c_customer_sk JOIN item ON web_sales.ws_item_sk = item.i_item_sk LIMIT 86;5c0a4280c4a48eb9e1f46c7819d52e42
4307;SELECT catalog_sales.* FROM catalog_sales JOIN date_dim ON catalog_sales.cs_sold_date_sk = date_dim.d_date_sk LIMIT 299;caa4d2b6c4057d1b224451c6f0703da0
4308;SELECT web_sales.* FROM web_sales JOIN item ON web_sales.ws_item_sk = item.i_item_sk JOIN customer ON web_sales.ws_bill_customer_sk = customer.c_customer_sk LIMIT 193;e65b431c5a9d813e80540dd37815c838
4309;SELECT web_sales.* FROM web_sales JOIN web_site ON web_sales.ws_web_site_sk = web_site.web_site_sk LIMIT 250;5e5b91ce453b46a1016f0c7878dfe85a
4310;SELECT catalog_sales.* FROM catalog_sales JOIN warehouse ON catalog_sales.cs_warehouse_sk = warehouse.w_warehouse_sk LIMIT 346;6dbee50d9c9e275c3ef99f704a11a31d
4311;SELECT store_sales.* FROM store_sales JOIN customer ON store_sales.ss_customer_sk = customer.c_customer_sk JOIN store ON store_sales.ss_store_sk = store.s_store_sk LIMIT 351;9c835c83d8bb269de51668f7670c70a5
4312;SELECT store_sales.* FROM store_sales JOIN date_dim ON store_sales.ss_sold_date_sk = date_dim.d_date_sk JOIN customer ON store_sales.ss_customer_sk = customer.c_customer_sk LIMIT 237;3e98ca03cb8655b1db87377acd448b86
4313;SELECT web_returns.* FROM web_returns JOIN customer ON web_returns.wr_refunded_customer_sk = customer.c_customer_sk LIMIT 162;7d595e86061c87a6b869a376370c5a8f
4314;SELECT store_returns.* FROM store_returns JOIN date_dim ON store_returns.sr_returned_date_sk = date_dim.d_date_sk JOIN item ON store_returns.sr_item_sk = item.i_item_sk LIMIT 467;2aed798caed1335cd2fc0dc2667a95e0
4315;SELECT web_returns.* FROM web_returns JOIN customer ON web_returns.wr_refunded_customer_sk = customer.c_customer_sk LIMIT 408;8dd096f39b441dc558e69fa635a00a2a
4317;SELECT web_returns.* FROM web_returns JOIN customer ON web_returns.wr_refunded_customer_sk = customer.c_customer_sk LIMIT 403;4359f67b2413c4de547bd5bb21e4eced
4318;SELECT store_sales.* FROM store_sales JOIN date_dim ON store_sales.ss_sold_date_sk = date_dim.d_date_sk LIMIT 181;755d31a2867c4bac0cc004a63909a500
4319;SELECT inventory.* FROM inventory JOIN date_dim ON inventory.inv_date_sk = date_dim.d_date_sk LIMIT 68;0b4f2c3fc0f9bc59a1e27aec0d1b6ecb
4320;SELECT web_sales.* FROM web_sales JOIN date_dim ON web_sales.ws_sold_date_sk = date_dim.d_date_sk LIMIT 67;41e04fb1a44fb8fced24ce9c432589a4
4321;SELECT catalog_sales.* FROM catalog_sales JOIN warehouse ON catalog_sales.cs_warehouse_sk = warehouse.w_warehouse_sk JOIN customer ON catalog_sales.cs_bill_customer_sk = customer.c_customer_sk LIMIT 290;7b3741b55206d44fa79f3d7a81106b7c
4323;SELECT store_returns.* FROM store_returns JOIN customer ON store_returns.sr_customer_sk = customer.c_customer_sk LIMIT 223;af7e774440dd6993b415bf1b4eefbbfc
4324;SELECT inventory.* FROM inventory JOIN item ON inventory.inv_item_sk = item.i_item_sk LIMIT 299;ddac37384cea40d9873f813f49cfcf08
4326;SELECT web_returns.* FROM web_returns JOIN date_dim ON web_returns.wr_returned_date_sk = date_dim.d_date_sk JOIN item ON web_returns.wr_item_sk = item.i_item_sk LIMIT 191;dd1fab5ae9447f1922a39513701aaf23
4327;SELECT web_sales.* FROM web_sales JOIN date_dim ON web_sales.ws_sold_date_sk = date_dim.d_date_sk JOIN customer ON web_sales.ws_bill_customer_sk = customer.c_customer_sk LIMIT 89;69c9f73a9cb435909ccd165e1e6112c1
4328;SELECT web_sales.* FROM web_sales JOIN web_site ON web_sales.ws_web_site_sk = web_site.web_site_sk JOIN date_dim ON web_sales.ws_sold_date_sk = date_dim.d_date_sk LIMIT 304;207503bf42290639f63f43ef124514a3
4329;SELECT store_returns.* FROM store_returns JOIN item ON store_returns.sr_item_sk = item.i_item_sk JOIN customer ON store_returns.sr_customer_sk = customer.c_customer_sk LIMIT 344;49b5854a44947bf2f98144009acb732c
4331;SELECT inventory.* FROM inventory JOIN item ON inventory.inv_item_sk = item.i_item_sk LIMIT 161;b7e0493e708e2f69ada1544d47daa255
4332;SELECT inventory.* FROM inventory JOIN warehouse ON inventory.inv_warehouse_sk = warehouse.w_warehouse_sk LIMIT 447;02da57a21e3e20ba069b2841a9034e39
4333;SELECT inventory.* FROM inventory JOIN item ON inventory.inv_item_sk = item.i_item_sk JOIN date_dim ON inventory.inv_date_sk = date_dim.d_date_sk LIMIT 67;e9b21c27898f5f3c3a78c51d9315f17f
4334;SELECT catalog_sales.* FROM catalog_sales JOIN warehouse ON catalog_sales.cs_warehouse_sk = warehouse.w_warehouse_sk LIMIT 172;b89b02f29dd78304f6f237231f8d462f
4335;SELECT catalog_sales.* FROM catalog_sales JOIN date_dim ON catalog_sales.cs_sold_date_sk = date_dim.d_date_sk JOIN customer ON catalog_sales.cs_bill_customer_sk = customer.c_customer_sk LIMIT 177;1c46a76a7bc7e93d2d8272bd00946126
4336;SELECT inventory.* FROM inventory JOIN warehouse ON inventory.inv_warehouse_sk = warehouse.w_warehouse_sk LIMIT 90;7fc9b83f4985705105b0ee2d2a7a959b
4337;SELECT store_returns.* FROM store_returns JOIN customer ON store_returns.sr_customer_sk = customer.c_customer_sk LIMIT 386;bffbaa31c0fe25a71c740ce28f932185
4339;SELECT store_sales.* FROM store_sales JOIN date_dim ON store_sales.ss_sold_date_sk = date_dim.d_date_sk LIMIT 344;63b3a8ff12f87d87cdb8aae0b6395813
4340;SELECT web_returns.* FROM web_returns JOIN date_dim ON web_returns.wr_returned_date_sk = date_dim.d_date_sk LIMIT 436;abe9f2a19d3559aa053c98cf209429d2
4341;SELECT store_returns.* FROM store_returns JOIN item ON store_returns.sr_item_sk = item.i_item_sk JOIN customer ON store_returns.sr_customer_sk = customer.c_customer_sk LIMIT 152;f93010de59c553476248eacb2f0fed99
4342;SELECT web_sales.* FROM web_sales JOIN item ON web_sales.ws_item_sk = item.i_item_sk LIMIT 344;5953bc9ab9e5785efb797e0ade12217d
4343;SELECT web_returns.* FROM web_returns JOIN customer ON web_returns.wr_refunded_customer_sk = customer.c_customer_sk LIMIT 475;fb7a949e9b48d04bc427c5097a30b395
4344;SELECT web_returns.* FROM web_returns JOIN date_dim ON web_returns.wr_returned_date_sk = date_dim.d_date_sk LIMIT 229;b50510cc4254597ae1ec0ab6f93b1452
4345;SELECT web_returns.* FROM web_returns JOIN customer ON web_returns.wr_refunded_customer_sk = customer.c_customer_sk LIMIT 489;2fe78b4fab0123557069cd5140a5e6e1
4346;SELECT web_returns.* FROM web_returns JOIN date_dim ON web_returns.wr_returned_date_sk = date_dim.d_date_sk JOIN item ON web_returns.wr_item_sk = item.i_item_sk LIMIT 380;6e7901f127d12d64b02189b45f1be952
4347;SELECT web_returns.* FROM web_returns JOIN date_dim ON web_returns.wr_returned_date_sk = date_dim.d_date_sk LIMIT 498;39368203da4cf040eabac84417a1b1b5
4348;SELECT web_returns.* FROM web_returns JOIN customer ON web_returns.wr_refunded_customer_sk = customer.c_customer_sk LIMIT 86;63853d7f337b843fef5d0f84dab6d261
4349;SELECT inventory.* FROM inventory JOIN warehouse ON inventory.inv_warehouse_sk = warehouse.w_warehouse_sk JOIN date_dim ON inventory.inv_date_sk = date_dim.d_date_sk LIMIT 413;80a1c6c609e184502a67695aaba265da
4350;SELECT store_sales.* FROM store_sales JOIN customer ON store_sales.ss_customer_sk = customer.c_customer_sk JOIN item ON store_sales.ss_item_sk = item.i_item_sk LIMIT 224;7c7271c5ff448c6780debcd65be58fc3
4351;SELECT catalog_sales.* FROM catalog_sales JOIN warehouse ON catalog_sales.cs_warehouse_sk = warehouse.w_warehouse_sk JOIN customer ON catalog_sales.cs_bill_customer_sk = customer.c_customer_sk LIMIT 126;6f420c9ac96de0795402c238e722e50b
4352;SELECT inventory.* FROM inventory JOIN item ON inventory.inv_item_sk = item.i_item_sk LIMIT 164;1e2cedb61b30234adb83b1b3d8d9364d
4353;SELECT web_sales.* FROM web_sales JOIN date_dim ON web_sales.ws_sold_date_sk = date_dim.d_date_sk JOIN web_site ON web_sales.ws_web_site_sk = web_site.web_site_sk LIMIT 159;7ef28864f7a34f0a810686cea56e7366
4354;SELECT web_returns.* FROM web_returns JOIN customer ON web_returns.wr_refunded_customer_sk = customer.c_customer_sk JOIN item ON web_returns.wr_item_sk = item.i_item_sk LIMIT 261;cb68ca706c19ec0b24e69d4f6e85a570
4355;SELECT web_returns.* FROM web_returns JOIN customer ON web_returns.wr_refunded_customer_sk = customer.c_customer_sk LIMIT 340;2dd439c368a7f11bc164256da5df3d26
4356;SELECT store_sales.* FROM store_sales JOIN customer ON store_sales.ss_customer_sk = customer.c_customer_sk JOIN date_dim ON store_sales.ss_sold_date_sk = date_dim.d_date_sk LIMIT 100;df3fd97f3b0aa099d582a09d4d241976
4357;SELECT web_sales.* FROM web_sales JOIN customer ON web_sales.ws_bill_customer_sk = customer.c_customer_sk LIMIT 428;bc07dc08b41e4f8eada5de3ddcb45728
4358;SELECT catalog_sales.* FROM catalog_sales JOIN warehouse ON catalog_sales.cs_warehouse_sk = warehouse.w_warehouse_sk JOIN date_dim ON catalog_sales.cs_sold_date_sk = date_dim.d_date_sk LIMIT 456;acb8b76af4710beba6605dfa422e5588
4359;SELECT store_returns.* FROM store_returns JOIN customer ON store_returns.sr_customer_sk = customer.c_customer_sk LIMIT 405;320e8a23e8d40555db1c0798c57181bd
4360;SELECT store_sales.* FROM store_sales JOIN date_dim ON store_sales.ss_sold_date_sk = date_dim.d_date_sk JOIN store ON store_sales.ss_store_sk = store.s_store_sk LIMIT 329;c0c883a3a76312d102d2e6bfc032cf4b
4361;SELECT store_sales.* FROM store_sales JOIN store ON store_sales.ss_store_sk = store.s_store_sk JOIN date_dim ON store_sales.ss_sold_date_sk = date_dim.d_date_sk LIMIT 183;d811116390864642711ed9758c2a7191
4363;SELECT catalog_sales.* FROM catalog_sales JOIN date_dim ON catalog_sales.cs_sold_date_sk = date_dim.d_date_sk LIMIT 263;8b9c5fc8ceb829e4eafeec1a892f27ce
4365;SELECT store_sales.* FROM store_sales JOIN customer ON store_sales.ss_customer_sk = customer.c_customer_sk LIMIT 234;e6a98b727541251e51eb8889b1716ea2
4366;SELECT web_returns.* FROM web_returns JOIN date_dim ON web_returns.wr_returned_date_sk = date_dim.d_date_sk LIMIT 167;272a598ac38004ea8e9e1330406b5d05
4367;SELECT store_sales.* FROM store_sales JOIN store ON store_sales.ss_store_sk = store.s_store_sk JOIN customer ON store_sales.ss_customer_sk = customer.c_customer_sk LIMIT 348;b2df08f08a77c7632e42197aa1ec3c4f
4368;SELECT web_returns.* FROM web_returns JOIN customer ON web_returns.wr_refunded_customer_sk = customer.c_customer_sk JOIN date_dim ON web_returns.wr_returned_date_sk = date_dim.d_date_sk LIMIT 194;8f91878ab7c5ffab32e99cfe2f675e2c
4369;SELECT web_returns.* FROM web_returns JOIN date_dim ON web_returns.wr_returned_date_sk = date_dim.d_date_sk LIMIT 216;7eb6fce76e0823ee8815ff18bbff8b1b
4370;SELECT catalog_sales.* FROM catalog_sales JOIN item ON catalog_sales.cs_item_sk = item.i_item_sk JOIN customer ON catalog_sales.cs_bill_customer_sk = customer.c_customer_sk LIMIT 195;98468e0d3718303d18aeca3c939b944b
4371;SELECT inventory.* FROM inventory JOIN item ON inventory.inv_item_sk = item.i_item_sk LIMIT 393;81d94ac0c4a3ff05698e65bff2565390
4372;SELECT web_returns.* FROM web_returns JOIN date_dim ON web_returns.wr_returned_date_sk = date_dim.d_date_sk JOIN customer ON web_returns.wr_refunded_customer_sk = customer.c_customer_sk LIMIT 412;f40697c07ed6b21c76880aa9644004d5
4373;SELECT store_sales.* FROM store_sales JOIN store ON store_sales.ss_store_sk = store.s_store_sk LIMIT 78;769f6475f160ad3cf16fca35360523df
4374;SELECT catalog_sales.* FROM catalog_sales JOIN customer ON catalog_sales.cs_bill_customer_sk = customer.c_customer_sk LIMIT 145;31506d20f9f1c72c7c8f88b615fa626d
4375;SELECT inventory.* FROM inventory JOIN date_dim ON inventory.inv_date_sk = date_dim.d_date_sk LIMIT 167;7c1b149c33593575e74c19902c8749bb
4377;SELECT web_sales.* FROM web_sales JOIN item ON web_sales.ws_item_sk = item.i_item_sk JOIN web_site ON web_sales.ws_web_site_sk = web_site.web_site_sk LIMIT 194;0064c3c2b923a3f4cf87821dbd85ed91
4378;SELECT web_returns.* FROM web_returns JOIN date_dim ON web_returns.wr_returned_date_sk = date_dim.d_date_sk LIMIT 238;e22289e8d071b00e42a4d4a72117a9f9
4379;SELECT inventory.* FROM inventory JOIN item ON inventory.inv_item_sk = item.i_item_sk JOIN warehouse ON inventory.inv_warehouse_sk = warehouse.w_warehouse_sk LIMIT 122;3aff982bb1659f7d5d10dd1d4f17e30d
4380;SELECT store_returns.* FROM store_returns JOIN item ON store_returns.sr_item_sk = item.i_item_sk JOIN date_dim ON store_returns.sr_returned_date_sk = date_dim.d_date_sk LIMIT 481;6cdfa43ead3685c68aed3cd705d7378f
4383;SELECT store_returns.* FROM store_returns JOIN date_dim ON store_returns.sr_returned_date_sk = date_dim.d_date_sk JOIN item ON store_returns.sr_item_sk = item.i_item_sk LIMIT 429;d621e338235f7021e3c98c27e8ce0f70
4384;SELECT store_sales.* FROM store_sales JOIN store ON store_sales.ss_store_sk = store.s_store_sk JOIN customer ON store_sales.ss_customer_sk = customer.c_customer_sk LIMIT 326;2bf6acc5b0269fc1be7b0a388803b433
4385;SELECT inventory.* FROM inventory JOIN date_dim ON inventory.inv_date_sk = date_dim.d_date_sk JOIN warehouse ON inventory.inv_warehouse_sk = warehouse.w_warehouse_sk LIMIT 338;d9576e8e4b5b150a1a4ad5ded2de9da5
4386;SELECT catalog_sales.* FROM catalog_sales JOIN item ON catalog_sales.cs_item_sk = item.i_item_sk JOIN customer ON catalog_sales.cs_bill_customer_sk = customer.c_customer_sk LIMIT 236;e2a746686a66e5dbbad517dd740cb0f5
4387;SELECT store_returns.* FROM store_returns JOIN customer ON store_returns.sr_customer_sk = customer.c_customer_sk JOIN item ON store_returns.sr_item_sk = item.i_item_sk LIMIT 415;00a2206591b6e4e9e0e55d8217f9500c
4388;SELECT inventory.* FROM inventory JOIN item ON inventory.inv_item_sk = item.i_item_sk JOIN warehouse ON inventory.inv_warehouse_sk = warehouse.w_warehouse_sk LIMIT 323;62ffa50257d8bcbfcf3a65d5e3375504
4389;SELECT web_sales.* FROM web_sales JOIN web_site ON web_sales.ws_web_site_sk = web_site.web_site_sk JOIN date_dim ON web_sales.ws_sold_date_sk = date_dim.d_date_sk LIMIT 468;d03e183f30d893bca923a475b32f31bd
4390;SELECT inventory.* FROM inventory JOIN item ON inventory.inv_item_sk = item.i_item_sk LIMIT 130;89cf6efe1dd5d65cd518e2147bc390da
4391;SELECT catalog_sales.* FROM catalog_sales JOIN date_dim ON catalog_sales.cs_sold_date_sk = date_dim.d_date_sk LIMIT 272;4b37eb283cecc86e811e6d9656a87b3a
4392;SELECT web_returns.* FROM web_returns JOIN customer ON web_returns.wr_refunded_customer_sk = customer.c_customer_sk LIMIT 374;ab6ef8921895112214c203f34df3d2f9
4393;SELECT inventory.* FROM inventory JOIN date_dim ON inventory.inv_date_sk = date_dim.d_date_sk LIMIT 186;11954d069ecd6d44b3ebf97c043872d8
4394;SELECT web_sales.* FROM web_sales JOIN item ON web_sales.ws_item_sk = item.i_item_sk LIMIT 374;335c4035995a145d68ec189bf076a7b1
4395;SELECT web_sales.* FROM web_sales JOIN item ON web_sales.ws_item_sk = item.i_item_sk LIMIT 337;4fdb3e3655d7a002e759a0221c7e2adf
4396;SELECT catalog_sales.* FROM catalog_sales JOIN warehouse ON catalog_sales.cs_warehouse_sk = warehouse.w_warehouse_sk LIMIT 257;211ba6ce5603eb0c05901e7eb5a4a90e
4397;SELECT inventory.* FROM inventory JOIN warehouse ON inventory.inv_warehouse_sk = warehouse.w_warehouse_sk LIMIT 359;6b1753e1c79a3ce2a6bc72bd8c648b23
4398;SELECT inventory.* FROM inventory JOIN item ON inventory.inv_item_sk = item.i_item_sk LIMIT 111;0314aaed950aa5f42a50be53c74bce56
4399;SELECT store_returns.* FROM store_returns JOIN date_dim ON store_returns.sr_returned_date_sk = date_dim.d_date_sk JOIN item ON store_returns.sr_item_sk = item.i_item_sk LIMIT 444;80dba2fb88922106b580b54ae4b2332e
4401;SELECT store_sales.* FROM store_sales JOIN customer ON store_sales.ss_customer_sk = customer.c_customer_sk LIMIT 335;3d80bb5505f51c23f23b02669404e3c5
4402;SELECT web_returns.* FROM web_returns JOIN item ON web_returns.wr_item_sk = item.i_item_sk LIMIT 209;56b6900284787eff30e90707850e10f8
4403;SELECT inventory.* FROM inventory JOIN warehouse ON inventory.inv_warehouse_sk = warehouse.w_warehouse_sk LIMIT 488;cb92abce834fc4c64dfdade16f32d07f
4404;SELECT web_sales.* FROM web_sales JOIN item ON web_sales.ws_item_sk = item.i_item_sk JOIN web_site ON web_sales.ws_web_site_sk = web_site.web_site_sk LIMIT 203;824e9b6b0ae96a5cc588b9f1afbeef72
4405;SELECT inventory.* FROM inventory JOIN warehouse ON inventory.inv_warehouse_sk = warehouse.w_warehouse_sk LIMIT 296;8e7baffe26ced5857e229cf590d44287
4406;SELECT web_returns.* FROM web_returns JOIN customer ON web_returns.wr_refunded_customer_sk = customer.c_customer_sk LIMIT 72;ef82e9d57f0a6e343c99ba08856b21fe
4407;WITH ssr AS (SELECT s_store_id AS store_id, SUM(ss_ext_sales_price) AS sales, SUM(COALESCE(sr_return_amt, 0.0)) AS returns_, SUM(ss_net_profit - COALESCE(sr_net_loss, 0.0)) AS profit FROM store_sales LEFT OUTER JOIN store_returns ON (ss_item_sk = sr_item_sk AND ss_ticket_number = sr_ticket_number), date_dim, store, item, promotion WHERE ss_sold_date_sk = d_date_sk AND d_date BETWEEN CAST('2000-08-23' AS DATE) AND CAST('2000-09-22' AS DATE) AND ss_store_sk = s_store_sk AND ss_item_sk = i_item_sk AND i_current_price > 37 AND ss_promo_sk = p_promo_sk AND p_channel_tv = 'N' GROUP BY s_store_id), csr AS (SELECT cp_catalog_page_id AS catalog_page_id, SUM(cs_ext_sales_price) AS sales, SUM(COALESCE(cr_return_amount, 0.0)) AS returns_, SUM(cs_net_profit - COALESCE(cr_net_loss, 0.0)) AS profit FROM catalog_sales LEFT OUTER JOIN catalog_returns ON (cs_item_sk = cr_item_sk AND cs_order_number = cr_order_number), date_dim, catalog_page, promotion WHERE cs_sold_date_sk = d_date_sk AND d_date BETWEEN CAST('2000-08-23' AS DATE) AND CAST('2000-09-22' AS DATE) AND cs_catalog_page_sk = cp_catalog_page_sk AND cs_item_sk = i_item_sk AND i_current_price > 72 AND cs_promo_sk = p_promo_sk AND p_channel_tv = 'N' GROUP BY cp_catalog_page_id), wsr AS (SELECT web_site_id, SUM(ws_ext_sales_price) AS sales, SUM(COALESCE(wr_return_amt, 0.0)) AS returns_, SUM(ws_net_profit - COALESCE(wr_net_loss, 0.0)) AS profit FROM web_sales LEFT OUTER JOIN web_returns ON (ws_item_sk = wr_item_sk AND ws_order_number = wr_order_number), date_dim, web_site, item, promotion WHERE ws_sold_date_sk = d_date_sk AND d_date BETWEEN CAST('2000-08-23' AS DATE) AND CAST('2000-09-22' AS DATE) AND ws_web_site_sk = web_site_sk AND ws_item_sk = i_item_sk AND i_current_price > 50 AND ws_promo_sk = p_promo_sk AND p_channel_tv = 'N' GROUP BY web_site_id) SELECT channel, id, SUM(sales) AS sales, SUM(returns_) AS returns_, SUM(profit) AS profit FROM (SELECT 'store channel' AS channel, CONCAT('store', store_id) AS id, sales, returns_, profit FROM ssr UNION ALL SELECT 'catalog channel' AS channel, CONCAT('catalog_page', catalog_page_id) AS id, sales, returns_, profit FROM csr UNION ALL SELECT 'web channel' AS channel, CONCAT('web_site', web_site_id) AS id, sales, returns_, profit FROM wsr) AS x GROUP BY ROLLUP (channel, id) ORDER BY channel NULLS FIRST, id NULLS FIRST LIMIT 83;6d5c6a48035d528365bc623c7344d83e
4408;SELECT web_returns.* FROM web_returns JOIN date_dim ON web_returns.wr_returned_date_sk = date_dim.d_date_sk JOIN item ON web_returns.wr_item_sk = item.i_item_sk LIMIT 261;7443394d5e7e0bd6af77997f8061a1aa
4409;SELECT catalog_sales.* FROM catalog_sales JOIN warehouse ON catalog_sales.cs_warehouse_sk = warehouse.w_warehouse_sk JOIN item ON catalog_sales.cs_item_sk = item.i_item_sk LIMIT 152;2b01a37106373c3deca8a94ce7d1f7ce
4410;SELECT store_returns.* FROM store_returns JOIN customer ON store_returns.sr_customer_sk = customer.c_customer_sk LIMIT 311;73c76a87afed2af1b6eb1618471d0f1e
4411;SELECT catalog_sales.* FROM catalog_sales JOIN item ON catalog_sales.cs_item_sk = item.i_item_sk JOIN date_dim ON catalog_sales.cs_sold_date_sk = date_dim.d_date_sk LIMIT 230;f392eaf24d57ad00653dbcbafb78c259
4412;SELECT web_returns.* FROM web_returns JOIN item ON web_returns.wr_item_sk = item.i_item_sk JOIN date_dim ON web_returns.wr_returned_date_sk = date_dim.d_date_sk LIMIT 93;1162b966db4e6e51dd2d1e0d83f5f19e
4413;SELECT web_returns.* FROM web_returns JOIN customer ON web_returns.wr_refunded_customer_sk = customer.c_customer_sk JOIN item ON web_returns.wr_item_sk = item.i_item_sk LIMIT 87;180b113df7e923ba945a7948e1e8aaac
4414;SELECT web_sales.* FROM web_sales JOIN item ON web_sales.ws_item_sk = item.i_item_sk LIMIT 254;098ccb558864b54ded945be89aeba05e
4415;SELECT web_sales.* FROM web_sales JOIN date_dim ON web_sales.ws_sold_date_sk = date_dim.d_date_sk LIMIT 447;a4b1fc82565a62d46b49c90b3a5f83ea
4416;SELECT web_returns.* FROM web_returns JOIN item ON web_returns.wr_item_sk = item.i_item_sk JOIN date_dim ON web_returns.wr_returned_date_sk = date_dim.d_date_sk LIMIT 286;25ffaea7a8d7395c653c62fde89ec6d5
4417;SELECT web_returns.* FROM web_returns JOIN item ON web_returns.wr_item_sk = item.i_item_sk JOIN customer ON web_returns.wr_refunded_customer_sk = customer.c_customer_sk LIMIT 101;30b9318be9996b395a41d39574cd643e
4418;SELECT web_returns.* FROM web_returns JOIN customer ON web_returns.wr_refunded_customer_sk = customer.c_customer_sk JOIN date_dim ON web_returns.wr_returned_date_sk = date_dim.d_date_sk LIMIT 485;81749f8e59fd582d0313c3ca43f8d409
4419;SELECT catalog_sales.* FROM catalog_sales JOIN customer ON catalog_sales.cs_bill_customer_sk = customer.c_customer_sk JOIN date_dim ON catalog_sales.cs_sold_date_sk = date_dim.d_date_sk LIMIT 50;a260f4bd3ca605351804335de9296ebe
4420;SELECT a.ca_state AS state, COUNT(*) AS cnt FROM customer_address AS a, customer AS c, store_sales AS s, date_dim AS d, item AS i WHERE a.ca_address_sk = c.c_current_addr_sk AND c.c_customer_sk = s.ss_customer_sk AND s.ss_sold_date_sk = d.d_date_sk AND s.ss_item_sk = i.i_item_sk AND d.d_month_seq = (SELECT DISTINCT (d_month_seq) FROM date_dim WHERE d_year = 2001 AND d_moy = 1) AND i.i_current_price > 1.2 * (SELECT AVG(j.i_current_price) FROM item AS j WHERE j.i_category = i.i_category) GROUP BY a.ca_state HAVING COUNT(*) >= 10 ORDER BY cnt NULLS FIRST, a.ca_state NULLS FIRST LIMIT 100;03b341bb8e480a2db1656c3e96833fac
4421;SELECT inventory.* FROM inventory JOIN date_dim ON inventory.inv_date_sk = date_dim.d_date_sk LIMIT 317;406d09076cc7b87e9c40eabec0ea9ac1
4422;SELECT store_sales.* FROM store_sales JOIN customer ON store_sales.ss_customer_sk = customer.c_customer_sk LIMIT 296;011cff7b5959d5382e50b13546a20077
4423;SELECT store_sales.* FROM store_sales JOIN item ON store_sales.ss_item_sk = item.i_item_sk LIMIT 357;2e2c238db207f5df37e4cb9e180d6195
4425;SELECT catalog_sales.* FROM catalog_sales JOIN warehouse ON catalog_sales.cs_warehouse_sk = warehouse.w_warehouse_sk LIMIT 152;f2bee456f00abc7ecce013f2c882e67e
4426;SELECT inventory.* FROM inventory JOIN date_dim ON inventory.inv_date_sk = date_dim.d_date_sk LIMIT 231;41a950dc533753b6db49bbe665465ab5
4427;SELECT catalog_sales.* FROM catalog_sales JOIN item ON catalog_sales.cs_item_sk = item.i_item_sk JOIN warehouse ON catalog_sales.cs_warehouse_sk = warehouse.w_warehouse_sk LIMIT 168;35d6f466144cc335d2689d00b7d20b08
4428;SELECT inventory.* FROM inventory JOIN warehouse ON inventory.inv_warehouse_sk = warehouse.w_warehouse_sk JOIN item ON inventory.inv_item_sk = item.i_item_sk LIMIT 284;808aa2368950c6e6e6b891641b6e1993
4429;SELECT store_returns.* FROM store_returns JOIN item ON store_returns.sr_item_sk = item.i_item_sk JOIN customer ON store_returns.sr_customer_sk = customer.c_customer_sk LIMIT 462;c968f43e4859ce268051bd59ea718081
4430;SELECT store_sales.* FROM store_sales JOIN customer ON store_sales.ss_customer_sk = customer.c_customer_sk LIMIT 55;ac380bff56039d99f8ee27bf90261af4
4431;SELECT web_sales.* FROM web_sales JOIN date_dim ON web_sales.ws_sold_date_sk = date_dim.d_date_sk JOIN web_site ON web_sales.ws_web_site_sk = web_site.web_site_sk LIMIT 132;aa9b1dbfaedb9fa826f8e1dd6c3915b2
4432;SELECT store_returns.* FROM store_returns JOIN date_dim ON store_returns.sr_returned_date_sk = date_dim.d_date_sk JOIN customer ON store_returns.sr_customer_sk = customer.c_customer_sk LIMIT 114;bd55423fd8e446f6e9a04742c0288fb0
4433;SELECT web_returns.* FROM web_returns JOIN item ON web_returns.wr_item_sk = item.i_item_sk LIMIT 377;037da77ab2b1bc62bff19f217ca4e874
4434;SELECT store_returns.* FROM store_returns JOIN customer ON store_returns.sr_customer_sk = customer.c_customer_sk JOIN item ON store_returns.sr_item_sk = item.i_item_sk LIMIT 62;a4714f81392f624c21ee590e6cf79548
4435;SELECT store_sales.* FROM store_sales JOIN customer ON store_sales.ss_customer_sk = customer.c_customer_sk JOIN date_dim ON store_sales.ss_sold_date_sk = date_dim.d_date_sk LIMIT 262;ed09710fcc821555df6ac7cb86217311
4436;WITH all_sales AS (SELECT d_year, i_brand_id, i_class_id, i_category_id, i_manufact_id, SUM(sales_cnt) AS sales_cnt, SUM(sales_amt) AS sales_amt FROM (SELECT d_year, i_brand_id, i_class_id, i_category_id, i_manufact_id, cs_quantity - COALESCE(cr_return_quantity, 0.0) AS sales_cnt, cs_ext_sales_price - COALESCE(cr_return_amount, 0.0) AS sales_amt FROM catalog_sales JOIN item ON i_item_sk = cs_item_sk JOIN date_dim ON d_date_sk = cs_sold_date_sk LEFT JOIN catalog_returns ON (cs_order_number = cr_order_number AND cs_item_sk = cr_item_sk) WHERE i_category = 'Books' UNION SELECT d_year, i_brand_id, i_class_id, i_category_id, i_manufact_id, ss_quantity - COALESCE(sr_return_quantity, 0.0) AS sales_cnt, ss_ext_sales_price - COALESCE(sr_return_amt, 0.0) AS sales_amt FROM store_sales JOIN item ON i_item_sk = ss_item_sk JOIN date_dim ON d_date_sk = ss_sold_date_sk LEFT JOIN store_returns ON (ss_ticket_number = sr_ticket_number AND ss_item_sk = sr_item_sk) WHERE i_category = 'Books' UNION SELECT d_year, i_brand_id, i_class_id, i_category_id, i_manufact_id, ws_quantity - COALESCE(wr_return_quantity, 0.0) AS sales_cnt, ws_ext_sales_price - COALESCE(wr_return_amt, 0.0) AS sales_amt FROM web_sales JOIN date_dim ON d_date_sk = ws_sold_date_sk LEFT JOIN web_returns ON (ws_order_number = wr_order_number AND ws_item_sk = wr_item_sk) WHERE i_category = 'Books') AS sales_detail GROUP BY d_year, i_brand_id, i_class_id, i_category_id, i_manufact_id) SELECT prev_yr.d_year AS prev_year, curr_yr.d_year AS year_, curr_yr.i_brand_id, curr_yr.i_class_id, curr_yr.i_category_id, curr_yr.i_manufact_id, prev_yr.sales_cnt AS prev_yr_cnt, curr_yr.sales_cnt AS curr_yr_cnt, curr_yr.sales_cnt - prev_yr.sales_cnt AS sales_cnt_diff, curr_yr.sales_amt - prev_yr.sales_amt AS sales_amt_diff FROM all_sales AS curr_yr, all_sales AS prev_yr WHERE curr_yr.i_brand_id = prev_yr.i_brand_id AND curr_yr.i_class_id = prev_yr.i_class_id AND curr_yr.i_category_id = prev_yr.i_category_id AND curr_yr.i_manufact_id = prev_yr.i_manufact_id AND curr_yr.d_year = 2617 AND prev_yr.d_year = 2651 - 1.0 AND CAST(curr_yr.sales_cnt AS DECIMAL(16, 1)) / NULLIF(CAST(prev_yr.sales_cnt AS DECIMAL(17, 1)), 0) < 0.9 ORDER BY sales_cnt_diff, sales_amt_diff LIMIT 118;813ea4692405b2d7eb5f7744a355aa33
4438;SELECT web_sales.* FROM web_sales JOIN customer ON web_sales.ws_bill_customer_sk = customer.c_customer_sk LIMIT 400;3dfaaec356b84685cb753b132c1ee37c
4439;SELECT web_returns.* FROM web_returns JOIN date_dim ON web_returns.wr_returned_date_sk = date_dim.d_date_sk JOIN item ON web_returns.wr_item_sk = item.i_item_sk LIMIT 437;53d6ba7c62f2f6762d91eedca7135013
4440;SELECT web_sales.* FROM web_sales JOIN item ON web_sales.ws_item_sk = item.i_item_sk LIMIT 378;92a4b512f15b769ab2c821c8946c8bdc
4441;SELECT store_sales.* FROM store_sales JOIN store ON store_sales.ss_store_sk = store.s_store_sk JOIN customer ON store_sales.ss_customer_sk = customer.c_customer_sk LIMIT 101;22b101a5c3aa79d2e57f1cc05ec20f24
4442;SELECT inventory.* FROM inventory JOIN date_dim ON inventory.inv_date_sk = date_dim.d_date_sk LIMIT 236;4424692853d18199a6f3c220066e12ef
4443;SELECT inventory.* FROM inventory JOIN item ON inventory.inv_item_sk = item.i_item_sk JOIN date_dim ON inventory.inv_date_sk = date_dim.d_date_sk LIMIT 485;44f0459505eaa8bbfc18d2d7068f2d82
4444;SELECT web_sales.* FROM web_sales JOIN web_site ON web_sales.ws_web_site_sk = web_site.web_site_sk JOIN date_dim ON web_sales.ws_sold_date_sk = date_dim.d_date_sk LIMIT 325;550b5ce2ee909b640f32cc08aafdaad2
4445;SELECT store_sales.* FROM store_sales JOIN date_dim ON store_sales.ss_sold_date_sk = date_dim.d_date_sk JOIN customer ON store_sales.ss_customer_sk = customer.c_customer_sk LIMIT 187;5ce7dd8c4b2f8c0450a17e1b15a780c0
4446;SELECT web_returns.* FROM web_returns JOIN date_dim ON web_returns.wr_returned_date_sk = date_dim.d_date_sk LIMIT 63;ccf22eeaf6210b0d0504975b938b4389
4447;SELECT web_sales.* FROM web_sales JOIN customer ON web_sales.ws_bill_customer_sk = customer.c_customer_sk LIMIT 70;fe355ce2e1c4e1740d2cc74f113ea2f1
4448;SELECT web_returns.* FROM web_returns JOIN customer ON web_returns.wr_refunded_customer_sk = customer.c_customer_sk LIMIT 376;dda7b4993640ad7feccc78bf9fb57f64
4449;SELECT store_sales.* FROM store_sales JOIN store ON store_sales.ss_store_sk = store.s_store_sk LIMIT 195;eb58987b4dfdcbcf2f59816ff0356643
4450;SELECT store_returns.* FROM store_returns JOIN customer ON store_returns.sr_customer_sk = customer.c_customer_sk JOIN item ON store_returns.sr_item_sk = item.i_item_sk LIMIT 363;00ff221717903f80462b8b4c7c632e82
4451;SELECT web_returns.* FROM web_returns JOIN customer ON web_returns.wr_refunded_customer_sk = customer.c_customer_sk LIMIT 276;a6018b05a6be1477907b714ee09d93f8
4452;SELECT catalog_sales.* FROM catalog_sales JOIN warehouse ON catalog_sales.cs_warehouse_sk = warehouse.w_warehouse_sk JOIN item ON catalog_sales.cs_item_sk = item.i_item_sk LIMIT 440;d081fa53d303061ccfe1c154859f2e59
4453;SELECT inventory.* FROM inventory JOIN warehouse ON inventory.inv_warehouse_sk = warehouse.w_warehouse_sk LIMIT 301;808c296ffd484f090b4651555775b066
4454;SELECT inventory.* FROM inventory JOIN warehouse ON inventory.inv_warehouse_sk = warehouse.w_warehouse_sk JOIN item ON inventory.inv_item_sk = item.i_item_sk LIMIT 376;02a6262d1df9678ffead7339d99aa765
4455;SELECT web_sales.* FROM web_sales JOIN item ON web_sales.ws_item_sk = item.i_item_sk JOIN customer ON web_sales.ws_bill_customer_sk = customer.c_customer_sk LIMIT 450;bc92c71ad61254438b149ae94fe11eef
4456;SELECT store_sales.* FROM store_sales JOIN date_dim ON store_sales.ss_sold_date_sk = date_dim.d_date_sk JOIN item ON store_sales.ss_item_sk = item.i_item_sk LIMIT 263;0ab52c64b8e2d85ae1616a74e2ba83bf
4460;SELECT web_returns.* FROM web_returns JOIN date_dim ON web_returns.wr_returned_date_sk = date_dim.d_date_sk LIMIT 249;2324f4d5c2c73c0424d92f60eef3d7d6
4461;SELECT inventory.* FROM inventory JOIN date_dim ON inventory.inv_date_sk = date_dim.d_date_sk JOIN warehouse ON inventory.inv_warehouse_sk = warehouse.w_warehouse_sk LIMIT 159;3378232849c83e293c314d50ea15860a
4462;SELECT inventory.* FROM inventory JOIN warehouse ON inventory.inv_warehouse_sk = warehouse.w_warehouse_sk JOIN date_dim ON inventory.inv_date_sk = date_dim.d_date_sk LIMIT 367;3961b321128f0b7ca0d4276ad18ff24d
4463;SELECT dt.d_year, item.i_brand_id AS brand_id, item.i_brand AS brand, SUM(ss_ext_sales_price) AS sum_agg FROM date_dim AS dt, store_sales, item WHERE dt.d_date_sk = store_sales.ss_sold_date_sk AND store_sales.ss_item_sk = item.i_item_sk AND item.i_manufact_id = 128 AND dt.d_moy = 11 GROUP BY dt.d_year, item.i_brand, item.i_brand_id ORDER BY dt.d_year, sum_agg DESC NULLS LAST, brand_id LIMIT 100;df5b230b72ad8c2a41c12a4e600b9fc4
4464;SELECT store_sales.* FROM store_sales JOIN date_dim ON store_sales.ss_sold_date_sk = date_dim.d_date_sk JOIN item ON store_sales.ss_item_sk = item.i_item_sk LIMIT 390;d8c5ecafa4ff101db2c7aa94b7703533
4465;SELECT store_returns.* FROM store_returns JOIN item ON store_returns.sr_item_sk = item.i_item_sk JOIN date_dim ON store_returns.sr_returned_date_sk = date_dim.d_date_sk LIMIT 233;85071123e0e0c3c76e0c6c2ae0d6a53f
4467;SELECT web_sales.* FROM web_sales JOIN customer ON web_sales.ws_bill_customer_sk = customer.c_customer_sk LIMIT 390;f66eeb66d0092da26f0e658ef4487ded
4468;SELECT web_returns.* FROM web_returns JOIN item ON web_returns.wr_item_sk = item.i_item_sk JOIN customer ON web_returns.wr_refunded_customer_sk = customer.c_customer_sk LIMIT 230;1734e857142bbd7bcac9da1a95a799f2
4469;SELECT web_returns.* FROM web_returns JOIN item ON web_returns.wr_item_sk = item.i_item_sk JOIN date_dim ON web_returns.wr_returned_date_sk = date_dim.d_date_sk LIMIT 271;17f90ea792e329325f6e0078a148243d
4470;SELECT web_sales.* FROM web_sales JOIN item ON web_sales.ws_item_sk = item.i_item_sk JOIN customer ON web_sales.ws_bill_customer_sk = customer.c_customer_sk LIMIT 393;2ca2a7c4e3de5b7367aa787cf06e2d5f
4473;SELECT web_sales.* FROM web_sales JOIN customer ON web_sales.ws_bill_customer_sk = customer.c_customer_sk LIMIT 296;68281e48a6bbed0469497b5e80b561c8
4474;SELECT catalog_sales.* FROM catalog_sales JOIN warehouse ON catalog_sales.cs_warehouse_sk = warehouse.w_warehouse_sk JOIN customer ON catalog_sales.cs_bill_customer_sk = customer.c_customer_sk LIMIT 229;9663dd984baf1ebdec5e9a7dc9ac273b
4476;SELECT web_sales.* FROM web_sales JOIN item ON web_sales.ws_item_sk = item.i_item_sk JOIN web_site ON web_sales.ws_web_site_sk = web_site.web_site_sk LIMIT 73;bc349b5263091c86472cece8d26fb1e2
4477;SELECT web_returns.* FROM web_returns JOIN item ON web_returns.wr_item_sk = item.i_item_sk JOIN customer ON web_returns.wr_refunded_customer_sk = customer.c_customer_sk LIMIT 443;fe6ca7c7daeecdac5b35f1e87d82fcb3
4478;SELECT inventory.* FROM inventory JOIN item ON inventory.inv_item_sk = item.i_item_sk LIMIT 324;1d3b17841a767c64ec364a6a50104057
4479;SELECT web_returns.* FROM web_returns JOIN customer ON web_returns.wr_refunded_customer_sk = customer.c_customer_sk LIMIT 180;88a9c63b9614cc80c6c7a374a5e417b2
4480;SELECT store_sales.* FROM store_sales JOIN item ON store_sales.ss_item_sk = item.i_item_sk LIMIT 70;e1a1f6cb0444147e77c4a3a9c4a89baf
4481;SELECT store_returns.* FROM store_returns JOIN customer ON store_returns.sr_customer_sk = customer.c_customer_sk JOIN date_dim ON store_returns.sr_returned_date_sk = date_dim.d_date_sk LIMIT 83;9d46d02e702f94d08753edd43daf55d3
4482;SELECT inventory.* FROM inventory JOIN warehouse ON inventory.inv_warehouse_sk = warehouse.w_warehouse_sk LIMIT 405;4233488fde0d17de668a881d736ed626
4483;SELECT web_returns.* FROM web_returns JOIN item ON web_returns.wr_item_sk = item.i_item_sk LIMIT 69;7d433b685e69a91f7f1f7931642dad3a
4484;SELECT catalog_sales.* FROM catalog_sales JOIN item ON catalog_sales.cs_item_sk = item.i_item_sk JOIN date_dim ON catalog_sales.cs_sold_date_sk = date_dim.d_date_sk LIMIT 140;0ac894c7b7652fa1df9d16a9772d3a8d
4485;SELECT web_returns.* FROM web_returns JOIN date_dim ON web_returns.wr_returned_date_sk = date_dim.d_date_sk JOIN customer ON web_returns.wr_refunded_customer_sk = customer.c_customer_sk LIMIT 62;7ae2c0e5448740af3689e6bef5152ca8
4486;SELECT inventory.* FROM inventory JOIN date_dim ON inventory.inv_date_sk = date_dim.d_date_sk JOIN warehouse ON inventory.inv_warehouse_sk = warehouse.w_warehouse_sk LIMIT 304;56bab307cd68e074273501f455d845a3
4487;SELECT inventory.* FROM inventory JOIN item ON inventory.inv_item_sk = item.i_item_sk LIMIT 289;dc4150972f863154677b3b4c652b93cc
4488;SELECT store_returns.* FROM store_returns JOIN date_dim ON store_returns.sr_returned_date_sk = date_dim.d_date_sk JOIN customer ON store_returns.sr_customer_sk = customer.c_customer_sk LIMIT 248;287e2f86c22877a37fd2bd34acd412a5
4489;SELECT store_returns.* FROM store_returns JOIN customer ON store_returns.sr_customer_sk = customer.c_customer_sk LIMIT 492;d5c6b852b0a4fbb5f7b0c6674e39e2e8
4490;SELECT web_returns.* FROM web_returns JOIN date_dim ON web_returns.wr_returned_date_sk = date_dim.d_date_sk JOIN item ON web_returns.wr_item_sk = item.i_item_sk LIMIT 497;e7caced04e33e4d79186639d5a35c0f2
4491;SELECT store_sales.* FROM store_sales JOIN item ON store_sales.ss_item_sk = item.i_item_sk LIMIT 492;3e3887adbb075888e2c1683f82c6d6a2
4494;SELECT inventory.* FROM inventory JOIN item ON inventory.inv_item_sk = item.i_item_sk LIMIT 301;4210539bcdfe2cadf81d8bd60b911138
4495;SELECT inventory.* FROM inventory JOIN date_dim ON inventory.inv_date_sk = date_dim.d_date_sk LIMIT 413;bb51ff82cc10466bc9d7c5ea50f31eff
4496;SELECT store_returns.* FROM store_returns JOIN date_dim ON store_returns.sr_returned_date_sk = date_dim.d_date_sk LIMIT 400;46f61917cd1d0944bf10f41758b77d33
4497;SELECT web_sales.* FROM web_sales JOIN date_dim ON web_sales.ws_sold_date_sk = date_dim.d_date_sk JOIN customer ON web_sales.ws_bill_customer_sk = customer.c_customer_sk LIMIT 71;4771871e0cc0ff0f690157531059b5c9
4498;SELECT store_sales.* FROM store_sales JOIN customer ON store_sales.ss_customer_sk = customer.c_customer_sk LIMIT 438;f19c193a051ead1a38e9bf53999033c5
4499;SELECT inventory.* FROM inventory JOIN date_dim ON inventory.inv_date_sk = date_dim.d_date_sk JOIN item ON inventory.inv_item_sk = item.i_item_sk LIMIT 165;a739caac63ea2050f7920c253e206bbf
4500;SELECT catalog_sales.* FROM catalog_sales JOIN warehouse ON catalog_sales.cs_warehouse_sk = warehouse.w_warehouse_sk LIMIT 314;2c2093446683456c71500724eae896c6
4501;SELECT store_sales.* FROM store_sales JOIN store ON store_sales.ss_store_sk = store.s_store_sk JOIN date_dim ON store_sales.ss_sold_date_sk = date_dim.d_date_sk LIMIT 407;6365eaed788c8b256e074e3a73b9c8b3
4502;SELECT i_item_desc, w_warehouse_name, d1.d_week_seq, SUM(CASE WHEN p_promo_sk IS NULL THEN 1 ELSE 0 END) AS no_promo, SUM(CASE WHEN NOT p_promo_sk IS NULL THEN 1 ELSE 0 END) AS promo, COUNT(*) AS total_cnt FROM catalog_sales JOIN inventory ON (cs_item_sk = inv_item_sk) JOIN warehouse ON (w_warehouse_sk = inv_warehouse_sk) JOIN item ON (i_item_sk = cs_item_sk) JOIN customer_demographics ON (cs_bill_cdemo_sk = cd_demo_sk) JOIN household_demographics ON (cs_bill_hdemo_sk = hd_demo_sk) JOIN date_dim AS d1 ON (cs_sold_date_sk = d1.d_date_sk) JOIN date_dim AS d2 ON (inv_date_sk = d2.d_date_sk) JOIN date_dim AS d3 ON (cs_ship_date_sk = d3.d_date_sk) LEFT OUTER JOIN promotion ON (cs_promo_sk = p_promo_sk) LEFT OUTER JOIN catalog_returns ON (cr_item_sk = cs_item_sk AND cr_order_number = cs_order_number) WHERE d1.d_week_seq = d2.d_week_seq AND inv_quantity_on_hand < cs_quantity AND d3.d_date > d1.d_date + 5 /* SQL Server: DATEADD(day, 5, d1.d_date) */ AND hd_buy_potential = '>10000' AND d1.d_year = 1999 AND cd_marital_status = 'D' GROUP BY i_item_desc, w_warehouse_name, d1.d_week_seq ORDER BY total_cnt DESC, i_item_desc NULLS FIRST, w_warehouse_name NULLS FIRST, d1.d_week_seq NULLS FIRST LIMIT 100;c66beb2b948272dd5a6fc83a05752a81
4503;SELECT store_returns.* FROM store_returns JOIN customer ON store_returns.sr_customer_sk = customer.c_customer_sk JOIN date_dim ON store_returns.sr_returned_date_sk = date_dim.d_date_sk LIMIT 329;6ed30186f8689242cfb409c589930625
4504;SELECT store_returns.* FROM store_returns JOIN item ON store_returns.sr_item_sk = item.i_item_sk LIMIT 380;061e69b33217855d650c2adb1bec53b7
4505;SELECT web_sales.* FROM web_sales JOIN date_dim ON web_sales.ws_sold_date_sk = date_dim.d_date_sk JOIN item ON web_sales.ws_item_sk = item.i_item_sk LIMIT 320;46e4489127b6ac843fe3d65713f0fb65
4506;SELECT catalog_sales.* FROM catalog_sales JOIN item ON catalog_sales.cs_item_sk = item.i_item_sk JOIN warehouse ON catalog_sales.cs_warehouse_sk = warehouse.w_warehouse_sk LIMIT 56;eb9ec679d125f2abeb2f9c959db72f3d
4507;SELECT catalog_sales.* FROM catalog_sales JOIN item ON catalog_sales.cs_item_sk = item.i_item_sk LIMIT 63;fd867d54e825acbef2882abfebd2c69d
4508;SELECT store_returns.* FROM store_returns JOIN customer ON store_returns.sr_customer_sk = customer.c_customer_sk LIMIT 314;faa85d974d08438875eb5f2d9ea4f59a
4509;SELECT web_sales.* FROM web_sales JOIN customer ON web_sales.ws_bill_customer_sk = customer.c_customer_sk JOIN web_site ON web_sales.ws_web_site_sk = web_site.web_site_sk LIMIT 372;6461fd92919c138a1150c4f3846cf28e
4510;SELECT web_returns.* FROM web_returns JOIN date_dim ON web_returns.wr_returned_date_sk = date_dim.d_date_sk LIMIT 251;e82343bf2317ca51ee3b28f6ce4704a7
4511;SELECT store_returns.* FROM store_returns JOIN customer ON store_returns.sr_customer_sk = customer.c_customer_sk LIMIT 383;d5c04d1bae77a001f55d37dccabcb308
4512;SELECT web_returns.* FROM web_returns JOIN item ON web_returns.wr_item_sk = item.i_item_sk LIMIT 123;369c5de6d5c64d5a2330ee3f1119b023
4513;SELECT inventory.* FROM inventory JOIN warehouse ON inventory.inv_warehouse_sk = warehouse.w_warehouse_sk JOIN date_dim ON inventory.inv_date_sk = date_dim.d_date_sk LIMIT 243;14d085e7b6c3a17a9cbc1564222ca203
4514;SELECT store_returns.* FROM store_returns JOIN customer ON store_returns.sr_customer_sk = customer.c_customer_sk LIMIT 366;632c5cbd6a4403a57854eb8e4db9b84b
4515;SELECT inventory.* FROM inventory JOIN item ON inventory.inv_item_sk = item.i_item_sk LIMIT 452;32a752f2fec8bada3df241f0c12a09f4
4516;SELECT inventory.* FROM inventory JOIN date_dim ON inventory.inv_date_sk = date_dim.d_date_sk JOIN warehouse ON inventory.inv_warehouse_sk = warehouse.w_warehouse_sk LIMIT 438;eea724aa7ea62b587df7382cc72a4071
4517;SELECT inventory.* FROM inventory JOIN date_dim ON inventory.inv_date_sk = date_dim.d_date_sk LIMIT 499;966e65a1443ecafca8521694ce6efcb7
4518;SELECT web_sales.* FROM web_sales JOIN web_site ON web_sales.ws_web_site_sk = web_site.web_site_sk LIMIT 448;95ef528b39024ee7227a494044c71342
4519;SELECT store_sales.* FROM store_sales JOIN item ON store_sales.ss_item_sk = item.i_item_sk JOIN customer ON store_sales.ss_customer_sk = customer.c_customer_sk LIMIT 477;d34923320e66f7f4b6da6afc07e6458d
4520;SELECT inventory.* FROM inventory JOIN item ON inventory.inv_item_sk = item.i_item_sk LIMIT 305;10491e00b75d4f08531e7b58c0733fa7
4521;SELECT web_sales.* FROM web_sales JOIN web_site ON web_sales.ws_web_site_sk = web_site.web_site_sk LIMIT 76;0022353f514872be7ed6ee215b4294bf
4523;SELECT inventory.* FROM inventory JOIN warehouse ON inventory.inv_warehouse_sk = warehouse.w_warehouse_sk JOIN item ON inventory.inv_item_sk = item.i_item_sk LIMIT 137;110577eb5996426b047437c92e5f13e3
4524;SELECT catalog_sales.* FROM catalog_sales JOIN date_dim ON catalog_sales.cs_sold_date_sk = date_dim.d_date_sk JOIN warehouse ON catalog_sales.cs_warehouse_sk = warehouse.w_warehouse_sk LIMIT 428;f850c6d81d90b8dc6d2976b68b65ee02
4525;SELECT catalog_sales.* FROM catalog_sales JOIN date_dim ON catalog_sales.cs_sold_date_sk = date_dim.d_date_sk JOIN customer ON catalog_sales.cs_bill_customer_sk = customer.c_customer_sk LIMIT 146;6678aad31f0f804d006e287973171c19
4526;SELECT inventory.* FROM inventory JOIN date_dim ON inventory.inv_date_sk = date_dim.d_date_sk JOIN warehouse ON inventory.inv_warehouse_sk = warehouse.w_warehouse_sk LIMIT 459;c7a8e5b5af2d977694403226961e5b4d
4527;SELECT store_returns.* FROM store_returns JOIN customer ON store_returns.sr_customer_sk = customer.c_customer_sk LIMIT 345;2ce7e1f0f1f100fbeeb6573aee337426
4528;SELECT inventory.* FROM inventory JOIN item ON inventory.inv_item_sk = item.i_item_sk JOIN date_dim ON inventory.inv_date_sk = date_dim.d_date_sk LIMIT 432;4c697099f5fe3b4f54545ad762b22e38
4529;SELECT catalog_sales.* FROM catalog_sales JOIN item ON catalog_sales.cs_item_sk = item.i_item_sk JOIN date_dim ON catalog_sales.cs_sold_date_sk = date_dim.d_date_sk LIMIT 451;c0c34c06d65c648a3a0f4c5ca89e9d6d
4533;SELECT store_returns.* FROM store_returns JOIN customer ON store_returns.sr_customer_sk = customer.c_customer_sk LIMIT 149;63d8a6d1b2624fed3f7875da7ecff31a
4534;SELECT inventory.* FROM inventory JOIN item ON inventory.inv_item_sk = item.i_item_sk LIMIT 241;612a40d0f12c8faa491e03860dac03b2
4535;SELECT web_sales.* FROM web_sales JOIN date_dim ON web_sales.ws_sold_date_sk = date_dim.d_date_sk LIMIT 230;da0d4a4fbaa1809ff29ce2737b95b5a8
4536;SELECT web_returns.* FROM web_returns JOIN customer ON web_returns.wr_refunded_customer_sk = customer.c_customer_sk JOIN item ON web_returns.wr_item_sk = item.i_item_sk LIMIT 339;c200ad3e7c6e1cf8e602afd8ec8f818e
4537;SELECT inventory.* FROM inventory JOIN item ON inventory.inv_item_sk = item.i_item_sk JOIN warehouse ON inventory.inv_warehouse_sk = warehouse.w_warehouse_sk LIMIT 145;ebe3a43df05e148f86390083623a694d
4538;SELECT catalog_sales.* FROM catalog_sales JOIN date_dim ON catalog_sales.cs_sold_date_sk = date_dim.d_date_sk JOIN item ON catalog_sales.cs_item_sk = item.i_item_sk LIMIT 274;6da366c63b4acad28480074baa9bf217
4539;SELECT store_sales.* FROM store_sales JOIN store ON store_sales.ss_store_sk = store.s_store_sk LIMIT 208;48b92a95f8a45617850589d9e33fbe50
4541;SELECT catalog_sales.* FROM catalog_sales JOIN warehouse ON catalog_sales.cs_warehouse_sk = warehouse.w_warehouse_sk JOIN item ON catalog_sales.cs_item_sk = item.i_item_sk LIMIT 441;cb4aea4ecc3287692b659d84b6dbeabb
4543;SELECT web_returns.* FROM web_returns JOIN customer ON web_returns.wr_refunded_customer_sk = customer.c_customer_sk LIMIT 371;65ab20588759648d03cc68260b7fc3f7
4544;SELECT catalog_sales.* FROM catalog_sales JOIN customer ON catalog_sales.cs_bill_customer_sk = customer.c_customer_sk LIMIT 313;53094b675a517102a00c1dd6a363adac
4545;SELECT web_sales.* FROM web_sales JOIN customer ON web_sales.ws_bill_customer_sk = customer.c_customer_sk JOIN web_site ON web_sales.ws_web_site_sk = web_site.web_site_sk LIMIT 81;e355d6f93a7e386e30f68e9e73ba00eb
4546;SELECT catalog_sales.* FROM catalog_sales JOIN customer ON catalog_sales.cs_bill_customer_sk = customer.c_customer_sk LIMIT 61;25224d0eab1197b723066191ea6c67c1
4547;SELECT web_returns.* FROM web_returns JOIN item ON web_returns.wr_item_sk = item.i_item_sk LIMIT 299;ca37b51b1b7df0122093b60b69654081
4548;SELECT catalog_sales.* FROM catalog_sales JOIN item ON catalog_sales.cs_item_sk = item.i_item_sk JOIN warehouse ON catalog_sales.cs_warehouse_sk = warehouse.w_warehouse_sk LIMIT 314;feba89c246f46ed5688d60368f648faf
4551;SELECT catalog_sales.* FROM catalog_sales JOIN item ON catalog_sales.cs_item_sk = item.i_item_sk JOIN customer ON catalog_sales.cs_bill_customer_sk = customer.c_customer_sk LIMIT 264;05df48a2732cd9123ac49d1fee0e2c3e
4552;SELECT web_sales.* FROM web_sales JOIN item ON web_sales.ws_item_sk = item.i_item_sk JOIN web_site ON web_sales.ws_web_site_sk = web_site.web_site_sk LIMIT 153;a030f3198eb87168a8cf9ba0185282ff
4553;SELECT store_sales.* FROM store_sales JOIN date_dim ON store_sales.ss_sold_date_sk = date_dim.d_date_sk JOIN customer ON store_sales.ss_customer_sk = customer.c_customer_sk LIMIT 191;b9e299ef4538ac2355ef7a9d4d71e7d6
4554;SELECT inventory.* FROM inventory JOIN item ON inventory.inv_item_sk = item.i_item_sk JOIN warehouse ON inventory.inv_warehouse_sk = warehouse.w_warehouse_sk LIMIT 115;132e4fe512e0fb4b0642e62dd7215da5
4555;SELECT web_returns.* FROM web_returns JOIN item ON web_returns.wr_item_sk = item.i_item_sk JOIN customer ON web_returns.wr_refunded_customer_sk = customer.c_customer_sk LIMIT 500;8f23d3514e73ad44efcbf5f56328a1df
4556;SELECT web_sales.* FROM web_sales JOIN item ON web_sales.ws_item_sk = item.i_item_sk JOIN web_site ON web_sales.ws_web_site_sk = web_site.web_site_sk LIMIT 76;1836125a78127eb3e9686eab37cd35ff
4557;SELECT store_returns.* FROM store_returns JOIN customer ON store_returns.sr_customer_sk = customer.c_customer_sk LIMIT 153;8c52e950bbe802fc2f7f94ebb3e0b3f3
4559;WITH ws AS (SELECT d_year AS ws_sold_year, ws_item_sk, ws_bill_customer_sk AS ws_customer_sk, SUM(ws_quantity) AS ws_qty, SUM(ws_wholesale_cost) AS ws_wc, SUM(ws_sales_price) AS ws_sp FROM web_sales JOIN date_dim ON ws_sold_date_sk = d_date_sk WHERE wr_order_number IS NULL GROUP BY d_year, ws_item_sk, ws_bill_customer_sk), cs AS (SELECT d_year AS cs_sold_year, cs_item_sk, cs_bill_customer_sk AS cs_customer_sk, SUM(cs_quantity) AS cs_qty, SUM(cs_wholesale_cost) AS cs_wc, SUM(cs_sales_price) AS cs_sp FROM catalog_sales LEFT JOIN catalog_returns ON cr_order_number = cs_order_number AND cs_item_sk = cr_item_sk JOIN date_dim ON cs_sold_date_sk = d_date_sk WHERE cr_order_number IS NULL GROUP BY d_year, cs_item_sk, cs_bill_customer_sk), ss AS (SELECT d_year AS ss_sold_year, ss_item_sk, ss_customer_sk, SUM(ss_quantity) AS ss_qty, SUM(ss_wholesale_cost) AS ss_wc, SUM(ss_sales_price) AS ss_sp FROM store_sales LEFT JOIN store_returns ON sr_ticket_number = ss_ticket_number AND ss_item_sk = sr_item_sk JOIN date_dim ON ss_sold_date_sk = d_date_sk WHERE sr_ticket_number IS NULL GROUP BY d_year, ss_item_sk, ss_customer_sk) SELECT ss_sold_year, ss_item_sk, ss_customer_sk, ROUND(CAST((ss_qty * 1.0) AS DOUBLE PRECISION) / NULLIF((COALESCE(ws_qty, 0.0) + COALESCE(cs_qty, 0.0)), 0), 1) AS ratio, ss_qty AS store_qty, ss_wc AS store_wholesale_cost, ss_sp AS store_sales_price, COALESCE(ws_qty, 0.0) + COALESCE(cs_qty, 0.0) AS other_chan_qty, COALESCE(ws_wc, 0.0) + COALESCE(cs_wc, 0.0) AS other_chan_wholesale_cost, COALESCE(ws_sp, 0.0) + COALESCE(cs_sp, 0.0) AS other_chan_sales_price FROM ss LEFT JOIN ws ON (ws_sold_year = ss_sold_year AND ws_item_sk = ss_item_sk AND ws_customer_sk = ss_customer_sk) LEFT JOIN cs ON (cs_sold_year = ss_sold_year AND cs_item_sk = ss_item_sk AND cs_customer_sk = ss_customer_sk) WHERE (COALESCE(ws_qty, 0.0) > 0.0 OR COALESCE(cs_qty, 0.0) > 0.0) AND ss_sold_year = 2985 ORDER BY ss_sold_year, ss_item_sk, ss_customer_sk, ss_qty DESC NULLS LAST, ss_wc DESC NULLS LAST, ss_sp DESC NULLS LAST, other_chan_qty, other_chan_wholesale_cost, other_chan_sales_price, ratio LIMIT 102;3c8522b88057e0b5573124286b56ddd1
4560;SELECT store_returns.* FROM store_returns JOIN item ON store_returns.sr_item_sk = item.i_item_sk JOIN date_dim ON store_returns.sr_returned_date_sk = date_dim.d_date_sk LIMIT 236;b75bab6798dfe629c23fd27fb760cbf4
4561;SELECT inventory.* FROM inventory JOIN item ON inventory.inv_item_sk = item.i_item_sk LIMIT 477;0b0e7c46024eb969e84e6b112f1228b2
4562;SELECT web_sales.* FROM web_sales JOIN customer ON web_sales.ws_bill_customer_sk = customer.c_customer_sk JOIN web_site ON web_sales.ws_web_site_sk = web_site.web_site_sk LIMIT 458;cbbc1da4400a7afdfbc24702f50876b3
4563;SELECT web_returns.* FROM web_returns JOIN item ON web_returns.wr_item_sk = item.i_item_sk LIMIT 387;eb9326ec57eda4e0728f0c7185b3383c
4564;SELECT web_returns.* FROM web_returns JOIN customer ON web_returns.wr_refunded_customer_sk = customer.c_customer_sk LIMIT 444;deed426e4cc28b1a26b690e0fc69c61d
4565;SELECT catalog_sales.* FROM catalog_sales JOIN warehouse ON catalog_sales.cs_warehouse_sk = warehouse.w_warehouse_sk LIMIT 332;e5406dc56624f61afc35277595ea10b6
4567;SELECT store_returns.* FROM store_returns JOIN item ON store_returns.sr_item_sk = item.i_item_sk JOIN date_dim ON store_returns.sr_returned_date_sk = date_dim.d_date_sk LIMIT 56;82afb33b3387b0ca79f70daafe73aa98
4569;SELECT store_sales.* FROM store_sales JOIN customer ON store_sales.ss_customer_sk = customer.c_customer_sk LIMIT 184;4bf012f41ddfde7e4b671e6fc69c2f01
4570;SELECT catalog_sales.* FROM catalog_sales JOIN customer ON catalog_sales.cs_bill_customer_sk = customer.c_customer_sk LIMIT 193;8ef5903331a8a91d94b8dd38c1c935d8
4571;SELECT catalog_sales.* FROM catalog_sales JOIN warehouse ON catalog_sales.cs_warehouse_sk = warehouse.w_warehouse_sk JOIN customer ON catalog_sales.cs_bill_customer_sk = customer.c_customer_sk LIMIT 170;88c8f813c4b6997c9fbf2072ad970c38
4572;SELECT store_returns.* FROM store_returns JOIN date_dim ON store_returns.sr_returned_date_sk = date_dim.d_date_sk JOIN customer ON store_returns.sr_customer_sk = customer.c_customer_sk LIMIT 401;1c8f5e13607492ca643df57aa00ec6b4
4573;SELECT store_sales.* FROM store_sales JOIN item ON store_sales.ss_item_sk = item.i_item_sk JOIN customer ON store_sales.ss_customer_sk = customer.c_customer_sk LIMIT 307;6056658545a27e716bf388f0317b5a93
4575;SELECT web_sales.* FROM web_sales JOIN date_dim ON web_sales.ws_sold_date_sk = date_dim.d_date_sk JOIN web_site ON web_sales.ws_web_site_sk = web_site.web_site_sk LIMIT 249;1547347493415dc9f09b8e9fc09f3fcb
4576;SELECT web_sales.* FROM web_sales JOIN item ON web_sales.ws_item_sk = item.i_item_sk JOIN date_dim ON web_sales.ws_sold_date_sk = date_dim.d_date_sk LIMIT 446;7ce5c66262372f5c653b4522fb449e53
4577;SELECT dt.d_year, item.i_brand_id AS brand_id, item.i_brand AS brand, SUM(ss_ext_sales_price) AS sum_agg FROM date_dim AS dt, store_sales, item WHERE dt.d_date_sk = store_sales.ss_sold_date_sk AND store_sales.ss_item_sk = item.i_item_sk AND item.i_manufact_id = 132 AND dt.d_moy = 10 GROUP BY dt.d_year, item.i_brand, item.i_brand_id ORDER BY dt.d_year, sum_agg DESC NULLS LAST, brand_id LIMIT 56;dee3e6bfd9e25eeca201ca4b77a9c4c4
4579;SELECT inventory.* FROM inventory JOIN item ON inventory.inv_item_sk = item.i_item_sk JOIN date_dim ON inventory.inv_date_sk = date_dim.d_date_sk LIMIT 352;523d1e06cc2d4f068cad0914df9948df
4580;SELECT store_sales.* FROM store_sales JOIN customer ON store_sales.ss_customer_sk = customer.c_customer_sk JOIN store ON store_sales.ss_store_sk = store.s_store_sk LIMIT 136;7fbd69e8f8f160cf049f83c2d61ab0bc
4581;SELECT store_sales.* FROM store_sales JOIN item ON store_sales.ss_item_sk = item.i_item_sk LIMIT 274;1c29fe67253ca3ef61800976d7f82291
4582;SELECT store_sales.* FROM store_sales JOIN date_dim ON store_sales.ss_sold_date_sk = date_dim.d_date_sk JOIN customer ON store_sales.ss_customer_sk = customer.c_customer_sk LIMIT 458;8db4efb420744299517b5da13b5ac342
4583;SELECT web_returns.* FROM web_returns JOIN customer ON web_returns.wr_refunded_customer_sk = customer.c_customer_sk JOIN item ON web_returns.wr_item_sk = item.i_item_sk LIMIT 277;219d2896f6202ec882d226dac5ef867c
4587;WITH ws AS (SELECT d_year AS ws_sold_year, ws_item_sk, ws_bill_customer_sk AS ws_customer_sk, SUM(ws_quantity) AS ws_qty, SUM(ws_wholesale_cost) AS ws_wc, SUM(ws_sales_price) AS ws_sp FROM web_sales LEFT JOIN web_returns ON wr_order_number = ws_order_number AND ws_item_sk = wr_item_sk JOIN date_dim ON ws_sold_date_sk = d_date_sk WHERE wr_order_number IS NULL GROUP BY d_year, ws_item_sk, ws_bill_customer_sk), cs AS (SELECT d_year AS cs_sold_year, cs_item_sk, cs_bill_customer_sk AS cs_customer_sk, SUM(cs_quantity) AS cs_qty, SUM(cs_wholesale_cost) AS cs_wc, SUM(cs_sales_price) AS cs_sp FROM catalog_sales LEFT JOIN catalog_returns ON cr_order_number = cs_order_number AND cs_item_sk = cr_item_sk JOIN date_dim ON cs_sold_date_sk = d_date_sk WHERE cr_order_number IS NULL GROUP BY d_year, cs_item_sk, cs_bill_customer_sk), ss AS (SELECT d_year AS ss_sold_year, ss_item_sk, ss_customer_sk, SUM(ss_quantity) AS ss_qty, SUM(ss_wholesale_cost) AS ss_wc, SUM(ss_sales_price) AS ss_sp FROM store_sales LEFT JOIN store_returns ON sr_ticket_number = ss_ticket_number AND ss_item_sk = sr_item_sk JOIN date_dim ON ss_sold_date_sk = d_date_sk WHERE sr_ticket_number IS NULL GROUP BY d_year, ss_item_sk, ss_customer_sk) SELECT ss_sold_year, ss_item_sk, ss_customer_sk, ROUND(CAST((ss_qty * 1.0) AS DOUBLE PRECISION) / NULLIF((COALESCE(ws_qty, 0.0) + COALESCE(cs_qty, 0.0)), 0), 2) AS ratio, ss_qty AS store_qty, ss_wc AS store_wholesale_cost, ss_sp AS store_sales_price, COALESCE(ws_qty, 0.0) + COALESCE(cs_qty, 0.0) AS other_chan_qty, COALESCE(ws_wc, 0.0) + COALESCE(cs_wc, 0.0) AS other_chan_wholesale_cost, COALESCE(ws_sp, 0.0) + COALESCE(cs_sp, 0.0) AS other_chan_sales_price FROM ss LEFT JOIN ws ON (ws_sold_year = ss_sold_year AND ws_item_sk = ss_item_sk AND ws_customer_sk = ss_customer_sk) LEFT JOIN cs ON (cs_sold_year = ss_sold_year AND cs_item_sk = ss_item_sk AND cs_customer_sk = ss_customer_sk) WHERE (COALESCE(ws_qty, 0.0) > 0.0 OR COALESCE(cs_qty, 0.0) > 0.0) AND ss_sold_year = 1815 ORDER BY ss_sold_year, ss_item_sk, ss_customer_sk, ss_qty DESC NULLS LAST, ss_wc DESC NULLS LAST, ss_sp DESC NULLS LAST, other_chan_qty, other_chan_wholesale_cost, other_chan_sales_price, ratio LIMIT 148;a5c63d85c7f7b42aff30f2b2fc07913a
4588;SELECT web_sales.* FROM web_sales JOIN web_site ON web_sales.ws_web_site_sk = web_site.web_site_sk JOIN date_dim ON web_sales.ws_sold_date_sk = date_dim.d_date_sk LIMIT 215;c4c32bcc62c510d047ffef8c858b1eec
4589;SELECT inventory.* FROM inventory JOIN warehouse ON inventory.inv_warehouse_sk = warehouse.w_warehouse_sk JOIN item ON inventory.inv_item_sk = item.i_item_sk LIMIT 303;2b64bd9998185061593a8f9870673fdf
4590;SELECT catalog_sales.* FROM catalog_sales JOIN date_dim ON catalog_sales.cs_sold_date_sk = date_dim.d_date_sk JOIN warehouse ON catalog_sales.cs_warehouse_sk = warehouse.w_warehouse_sk LIMIT 426;5440dbef5c41e1d67cce9aa78b257be5
4591;SELECT web_returns.* FROM web_returns JOIN customer ON web_returns.wr_refunded_customer_sk = customer.c_customer_sk JOIN item ON web_returns.wr_item_sk = item.i_item_sk LIMIT 322;5ec70abd54c6ff7f6bd7e3e5bcad44a8
4592;SELECT web_sales.* FROM web_sales JOIN item ON web_sales.ws_item_sk = item.i_item_sk JOIN date_dim ON web_sales.ws_sold_date_sk = date_dim.d_date_sk LIMIT 318;727d58ec445e63a78b2ad54e5d0cb4a9
4593;SELECT store_sales.* FROM store_sales JOIN customer ON store_sales.ss_customer_sk = customer.c_customer_sk LIMIT 432;4b5db516ed6c0303069c75547b518288
4594;SELECT web_returns.* FROM web_returns JOIN date_dim ON web_returns.wr_returned_date_sk = date_dim.d_date_sk JOIN customer ON web_returns.wr_refunded_customer_sk = customer.c_customer_sk LIMIT 298;363793e067c69ae50b3900e46a5d08ac
4595;SELECT store_returns.* FROM store_returns JOIN date_dim ON store_returns.sr_returned_date_sk = date_dim.d_date_sk LIMIT 72;53c04757543f5bdc164e665c0e53e835
4596;SELECT store_sales.* FROM store_sales JOIN item ON store_sales.ss_item_sk = item.i_item_sk LIMIT 280;85c366c9c8a1aca3028ea79cb7cfdcc7
4597;SELECT web_sales.* FROM web_sales JOIN item ON web_sales.ws_item_sk = item.i_item_sk JOIN date_dim ON web_sales.ws_sold_date_sk = date_dim.d_date_sk LIMIT 480;3496a21140f1e8712a523bb43fa82103
4598;SELECT web_sales.* FROM web_sales JOIN web_site ON web_sales.ws_web_site_sk = web_site.web_site_sk JOIN item ON web_sales.ws_item_sk = item.i_item_sk LIMIT 189;1ce5e3f89058d2aceba1235825927ae3
4599;SELECT web_returns.* FROM web_returns JOIN date_dim ON web_returns.wr_returned_date_sk = date_dim.d_date_sk LIMIT 87;9f8d87620a59f2d1d2f901bfbc67e9bd
4600;SELECT web_returns.* FROM web_returns JOIN item ON web_returns.wr_item_sk = item.i_item_sk LIMIT 247;4626135e7ab5a147a7bfcd2c68fec890
4601;SELECT inventory.* FROM inventory JOIN date_dim ON inventory.inv_date_sk = date_dim.d_date_sk JOIN item ON inventory.inv_item_sk = item.i_item_sk LIMIT 288;0f28702b8e55ee7f41a96cbd5cc5ef9e
4602;SELECT web_returns.* FROM web_returns JOIN item ON web_returns.wr_item_sk = item.i_item_sk JOIN customer ON web_returns.wr_refunded_customer_sk = customer.c_customer_sk LIMIT 273;b00d5d61f24383473f67578761e825af
4603;SELECT catalog_sales.* FROM catalog_sales JOIN warehouse ON catalog_sales.cs_warehouse_sk = warehouse.w_warehouse_sk LIMIT 487;b36943bb6b3603f7b044430cbd2a5097
4605;SELECT catalog_sales.* FROM catalog_sales JOIN warehouse ON catalog_sales.cs_warehouse_sk = warehouse.w_warehouse_sk JOIN customer ON catalog_sales.cs_bill_customer_sk = customer.c_customer_sk LIMIT 122;666d8a226f44655a9dea9bc2696e6706
4606;SELECT catalog_sales.* FROM catalog_sales JOIN warehouse ON catalog_sales.cs_warehouse_sk = warehouse.w_warehouse_sk LIMIT 498;d0c129f05444388a5f86eb0e2150c44e
4607;SELECT web_sales.* FROM web_sales JOIN customer ON web_sales.ws_bill_customer_sk = customer.c_customer_sk LIMIT 353;6c364611b9a7a43be5e2c36b9dcac294
4608;SELECT inventory.* FROM inventory JOIN warehouse ON inventory.inv_warehouse_sk = warehouse.w_warehouse_sk LIMIT 363;7f3750feb0c01d529baff785f71b0158
4609;SELECT catalog_sales.* FROM catalog_sales JOIN item ON catalog_sales.cs_item_sk = item.i_item_sk LIMIT 180;45cedd14bcc7c2503301efca5533e818
4610;SELECT store_returns.* FROM store_returns JOIN customer ON store_returns.sr_customer_sk = customer.c_customer_sk LIMIT 336;813130cc36f8c73d7230b56ef65f470c
4611;SELECT catalog_sales.* FROM catalog_sales JOIN customer ON catalog_sales.cs_bill_customer_sk = customer.c_customer_sk JOIN item ON catalog_sales.cs_item_sk = item.i_item_sk LIMIT 146;d935d51b699b219f3dec281cd5670fb3
4612;SELECT inventory.* FROM inventory JOIN date_dim ON inventory.inv_date_sk = date_dim.d_date_sk LIMIT 398;296b15049f73a70e254e6b73cf054e81
4614;SELECT store_sales.* FROM store_sales JOIN store ON store_sales.ss_store_sk = store.s_store_sk LIMIT 98;c720d3f83e804887e281b3e2046f6b82
4615;SELECT store_returns.* FROM store_returns JOIN item ON store_returns.sr_item_sk = item.i_item_sk LIMIT 261;8ce4b8697a5151cd29ea9593ce05f914
4616;SELECT web_returns.* FROM web_returns JOIN date_dim ON web_returns.wr_returned_date_sk = date_dim.d_date_sk LIMIT 452;1c294a458a3a5734a27d2d0b72ad2c66
4617;SELECT store_sales.* FROM store_sales JOIN customer ON store_sales.ss_customer_sk = customer.c_customer_sk JOIN store ON store_sales.ss_store_sk = store.s_store_sk LIMIT 117;f65d35aae01d346c2cc5da995b61ae11
4619;SELECT store_returns.* FROM store_returns JOIN customer ON store_returns.sr_customer_sk = customer.c_customer_sk JOIN item ON store_returns.sr_item_sk = item.i_item_sk LIMIT 161;48875f77ccfb2c460cf9b29494ed1b19
4620;SELECT web_returns.* FROM web_returns JOIN customer ON web_returns.wr_refunded_customer_sk = customer.c_customer_sk JOIN item ON web_returns.wr_item_sk = item.i_item_sk LIMIT 387;cc336aff9c5707c2b52d316a2bc6b96d
4621;SELECT store_sales.* FROM store_sales JOIN store ON store_sales.ss_store_sk = store.s_store_sk LIMIT 246;abdef4be666a488ad5a271e2dbf6f58a
4622;SELECT inventory.* FROM inventory JOIN item ON inventory.inv_item_sk = item.i_item_sk LIMIT 119;8d8886afa4194d419ac01416e0cf103f
4624;SELECT inventory.* FROM inventory JOIN warehouse ON inventory.inv_warehouse_sk = warehouse.w_warehouse_sk LIMIT 121;a39a7c3df7843dd4fae2c7c57bf5b481
4625;SELECT catalog_sales.* FROM catalog_sales JOIN item ON catalog_sales.cs_item_sk = item.i_item_sk JOIN customer ON catalog_sales.cs_bill_customer_sk = customer.c_customer_sk LIMIT 79;08310833d237fe5764894674579bfd67
4626;SELECT store_sales.* FROM store_sales JOIN date_dim ON store_sales.ss_sold_date_sk = date_dim.d_date_sk LIMIT 247;6a1a94af9e35aac0a645ccd77273eb83
4627;SELECT catalog_sales.* FROM catalog_sales JOIN date_dim ON catalog_sales.cs_sold_date_sk = date_dim.d_date_sk LIMIT 410;55c68b8b73f5130f3f06ed2c339c0a17
4629;SELECT store_returns.* FROM store_returns JOIN customer ON store_returns.sr_customer_sk = customer.c_customer_sk LIMIT 374;deae8cde857588d109bab9c0c3bf6651
4630;SELECT web_returns.* FROM web_returns JOIN item ON web_returns.wr_item_sk = item.i_item_sk JOIN date_dim ON web_returns.wr_returned_date_sk = date_dim.d_date_sk LIMIT 206;45e669d20da610c4d20a94306b1913e5
4631;SELECT inventory.* FROM inventory JOIN warehouse ON inventory.inv_warehouse_sk = warehouse.w_warehouse_sk JOIN date_dim ON inventory.inv_date_sk = date_dim.d_date_sk LIMIT 391;7db42e6fe825a38ac22b114d1928daa2
4632;SELECT web_sales.* FROM web_sales JOIN date_dim ON web_sales.ws_sold_date_sk = date_dim.d_date_sk JOIN customer ON web_sales.ws_bill_customer_sk = customer.c_customer_sk LIMIT 160;f1e3b5a6f8920074533eeb57648dd06d
4633;SELECT catalog_sales.* FROM catalog_sales JOIN date_dim ON catalog_sales.cs_sold_date_sk = date_dim.d_date_sk JOIN customer ON catalog_sales.cs_bill_customer_sk = customer.c_customer_sk LIMIT 121;40ca1f852c865e0e51bc47006907c1e5
4634;SELECT inventory.* FROM inventory JOIN warehouse ON inventory.inv_warehouse_sk = warehouse.w_warehouse_sk JOIN item ON inventory.inv_item_sk = item.i_item_sk LIMIT 299;76520d5050c9fca655d9406c548381f1
4635;SELECT store_sales.* FROM store_sales JOIN customer ON store_sales.ss_customer_sk = customer.c_customer_sk LIMIT 53;e81cfbee3d49496f3f10dc398a365731
4636;"SELECT w_substr, sm_type, LOWER(cc_name) AS cc_name_lower, SUM(CASE WHEN (cs_ship_date_sk - cs_sold_date_sk <= 20) THEN 1.0 ELSE 0.0 END) AS ""30 days"", SUM(CASE WHEN (cs_ship_date_sk - cs_sold_date_sk > 35) AND (cs_ship_date_sk - cs_sold_date_sk <= 42) THEN 1.0 ELSE 0.0 END) AS ""31-60 days"", SUM(CASE WHEN (cs_ship_date_sk - cs_sold_date_sk > 41) AND (cs_ship_date_sk - cs_sold_date_sk <= 52) THEN 1.0 ELSE 0.0 END) AS ""61-90 days"", SUM(CASE WHEN (cs_ship_date_sk - cs_sold_date_sk > 109) AND (cs_ship_date_sk - cs_sold_date_sk <= 61) THEN 1.0 ELSE 0.0 END) AS ""91-120 days"", SUM(CASE WHEN (cs_ship_date_sk - cs_sold_date_sk > 119) THEN 1.0 ELSE 0.0 END) AS "">120 days"" FROM catalog_sales, (SELECT SUBSTRING(w_warehouse_name FROM 1.0 FOR 21) AS w_substr, * FROM warehouse) AS sq1, ship_mode, call_center, date_dim WHERE d_month_seq BETWEEN 1098 AND 877 + 5 AND cs_ship_date_sk = d_date_sk AND cs_warehouse_sk = w_warehouse_sk AND cs_ship_mode_sk = sm_ship_mode_sk AND cs_call_center_sk = cc_call_center_sk GROUP BY w_substr, sm_type, cc_name ORDER BY w_substr NULLS FIRST, sm_type NULLS FIRST, cc_name_lower NULLS FIRST LIMIT 119";df21c8dc25c01f8d8ab6112dd6640c1f
4637;SELECT inventory.* FROM inventory JOIN date_dim ON inventory.inv_date_sk = date_dim.d_date_sk JOIN item ON inventory.inv_item_sk = item.i_item_sk LIMIT 311;866b21d5b019d72f4c3114c197a060aa
4638;SELECT catalog_sales.* FROM catalog_sales JOIN warehouse ON catalog_sales.cs_warehouse_sk = warehouse.w_warehouse_sk LIMIT 66;6b27f7d10c529cd8101e1e7e8f07baa0
4639;SELECT store_sales.* FROM store_sales JOIN date_dim ON store_sales.ss_sold_date_sk = date_dim.d_date_sk LIMIT 471;ed8b08853b5ac3360abe88778d5b0e81
4640;SELECT web_sales.* FROM web_sales JOIN item ON web_sales.ws_item_sk = item.i_item_sk LIMIT 179;49141f00a9184f4bfa07d7bec48a381b
4641;SELECT inventory.* FROM inventory JOIN item ON inventory.inv_item_sk = item.i_item_sk LIMIT 358;59b2899d4ab32977cbd7dc7d46504161
4642;SELECT catalog_sales.* FROM catalog_sales JOIN customer ON catalog_sales.cs_bill_customer_sk = customer.c_customer_sk JOIN date_dim ON catalog_sales.cs_sold_date_sk = date_dim.d_date_sk LIMIT 499;03a4ded97ca31a26684fcd358808de37
4644;SELECT inventory.* FROM inventory JOIN date_dim ON inventory.inv_date_sk = date_dim.d_date_sk JOIN item ON inventory.inv_item_sk = item.i_item_sk LIMIT 347;2a98a3d9035b9bd7af3529d55d49ca09
4645;SELECT catalog_sales.* FROM catalog_sales JOIN date_dim ON catalog_sales.cs_sold_date_sk = date_dim.d_date_sk JOIN warehouse ON catalog_sales.cs_warehouse_sk = warehouse.w_warehouse_sk LIMIT 338;af2b5b7e857d42c2ac923cc3bfb59e29
4646;SELECT inventory.* FROM inventory JOIN date_dim ON inventory.inv_date_sk = date_dim.d_date_sk JOIN warehouse ON inventory.inv_warehouse_sk = warehouse.w_warehouse_sk LIMIT 453;bcf04d4890bb492a640afa3ce0fab79d
4647;SELECT inventory.* FROM inventory JOIN warehouse ON inventory.inv_warehouse_sk = warehouse.w_warehouse_sk JOIN item ON inventory.inv_item_sk = item.i_item_sk LIMIT 370;d068fb7f41af4118d37a67eb9ba5d1e3
4648;SELECT web_sales.* FROM web_sales JOIN web_site ON web_sales.ws_web_site_sk = web_site.web_site_sk LIMIT 53;a0691ca4a0abdef1e2a01ad15672b3b6
4649;SELECT web_returns.* FROM web_returns JOIN date_dim ON web_returns.wr_returned_date_sk = date_dim.d_date_sk JOIN item ON web_returns.wr_item_sk = item.i_item_sk LIMIT 239;add67f324559ed9cca9e05c29affe349
4651;SELECT web_sales.* FROM web_sales JOIN item ON web_sales.ws_item_sk = item.i_item_sk JOIN web_site ON web_sales.ws_web_site_sk = web_site.web_site_sk LIMIT 322;803f9cadd01112223ceb9e70cf7ce0fb
4652;SELECT web_returns.* FROM web_returns JOIN item ON web_returns.wr_item_sk = item.i_item_sk LIMIT 176;14c2b0dcd13abd9ca40890a092ab9f8a
4653;SELECT inventory.* FROM inventory JOIN warehouse ON inventory.inv_warehouse_sk = warehouse.w_warehouse_sk LIMIT 129;13c36be546515019d9a6e3b54ea92b50
4654;SELECT web_sales.* FROM web_sales JOIN item ON web_sales.ws_item_sk = item.i_item_sk LIMIT 415;506c5d5eb668cf3fae0c7c9052e5559d
4655;SELECT web_sales.* FROM web_sales JOIN date_dim ON web_sales.ws_sold_date_sk = date_dim.d_date_sk LIMIT 494;acaa2c2c235a3e48ecf69aa8fefbb540
4656;SELECT web_returns.* FROM web_returns JOIN customer ON web_returns.wr_refunded_customer_sk = customer.c_customer_sk JOIN date_dim ON web_returns.wr_returned_date_sk = date_dim.d_date_sk LIMIT 171;6c72e7eed762b3a04426a0c34856d243
4657;SELECT web_sales.* FROM web_sales JOIN date_dim ON web_sales.ws_sold_date_sk = date_dim.d_date_sk JOIN item ON web_sales.ws_item_sk = item.i_item_sk LIMIT 495;6c26bcee26883661334597fa3198ba0a
4658;SELECT inventory.* FROM inventory JOIN item ON inventory.inv_item_sk = item.i_item_sk LIMIT 343;6be8cc76aeaa41adbf794de1e2c15764
4660;SELECT web_sales.* FROM web_sales JOIN customer ON web_sales.ws_bill_customer_sk = customer.c_customer_sk JOIN date_dim ON web_sales.ws_sold_date_sk = date_dim.d_date_sk LIMIT 120;ffe6e360b6adec0ee6e37e46ef0fe5ba
4661;SELECT inventory.* FROM inventory JOIN item ON inventory.inv_item_sk = item.i_item_sk JOIN date_dim ON inventory.inv_date_sk = date_dim.d_date_sk LIMIT 380;afca7c6f7a7a71055d9fc4321e0c9935
4662;SELECT store_sales.* FROM store_sales JOIN customer ON store_sales.ss_customer_sk = customer.c_customer_sk LIMIT 484;9343345417d7da0563926336bd441a88
4663;SELECT web_sales.* FROM web_sales JOIN web_site ON web_sales.ws_web_site_sk = web_site.web_site_sk LIMIT 279;7c25a0ff3e8f4c8a3f0efa691c6c7da5
4664;SELECT web_sales.* FROM web_sales JOIN item ON web_sales.ws_item_sk = item.i_item_sk JOIN customer ON web_sales.ws_bill_customer_sk = customer.c_customer_sk LIMIT 229;03771633ee0f04db283fa73ef3a073e5
4665;SELECT store_sales.* FROM store_sales JOIN date_dim ON store_sales.ss_sold_date_sk = date_dim.d_date_sk LIMIT 365;8820feb125c0f64d38ff339f8eadba5e
4666;SELECT store_sales.* FROM store_sales JOIN store ON store_sales.ss_store_sk = store.s_store_sk LIMIT 420;17b237c17d802e8c9a5d833afeb98496
4667;SELECT web_returns.* FROM web_returns JOIN item ON web_returns.wr_item_sk = item.i_item_sk LIMIT 273;154550be90a4507fb9389492c047bce4
4668;SELECT inventory.* FROM inventory JOIN date_dim ON inventory.inv_date_sk = date_dim.d_date_sk LIMIT 259;eb8ef42c645c052c953ed0c3566f5116
4669;SELECT web_sales.* FROM web_sales JOIN customer ON web_sales.ws_bill_customer_sk = customer.c_customer_sk LIMIT 317;0a631f331aeb45e3a7a1fd8b32ed5d29
4670;SELECT web_returns.* FROM web_returns JOIN date_dim ON web_returns.wr_returned_date_sk = date_dim.d_date_sk LIMIT 269;edb1c2ebf2acb783694e6d73f4cd0d31
4671;SELECT inventory.* FROM inventory JOIN warehouse ON inventory.inv_warehouse_sk = warehouse.w_warehouse_sk LIMIT 60;f7bb4b7bb4458590bac373768efb4b45
4672;SELECT catalog_sales.* FROM catalog_sales JOIN date_dim ON catalog_sales.cs_sold_date_sk = date_dim.d_date_sk LIMIT 80;3eea447411befe140b44c8732e76a2ca
4673;SELECT web_sales.* FROM web_sales JOIN web_site ON web_sales.ws_web_site_sk = web_site.web_site_sk LIMIT 408;3e775dfdde040ab41b07f8c91204ec9d
4674;SELECT web_returns.* FROM web_returns JOIN date_dim ON web_returns.wr_returned_date_sk = date_dim.d_date_sk LIMIT 403;628bbb923598cb517f782f9b10502db6
4675;SELECT catalog_sales.* FROM catalog_sales JOIN item ON catalog_sales.cs_item_sk = item.i_item_sk JOIN warehouse ON catalog_sales.cs_warehouse_sk = warehouse.w_warehouse_sk LIMIT 391;9970411fcb598f04d9acf3e8424fc067
4676;SELECT inventory.* FROM inventory JOIN warehouse ON inventory.inv_warehouse_sk = warehouse.w_warehouse_sk LIMIT 205;a3c44d53236f4b2ca24f7c6bde3c3dcc
4678;SELECT store_returns.* FROM store_returns JOIN customer ON store_returns.sr_customer_sk = customer.c_customer_sk JOIN date_dim ON store_returns.sr_returned_date_sk = date_dim.d_date_sk LIMIT 276;8cb3510aea3be3ef6e1cbda9675aab2f
4680;SELECT catalog_sales.* FROM catalog_sales JOIN date_dim ON catalog_sales.cs_sold_date_sk = date_dim.d_date_sk JOIN customer ON catalog_sales.cs_bill_customer_sk = customer.c_customer_sk LIMIT 300;da0cff31f8689c5760b579426036a573
4682;SELECT inventory.* FROM inventory JOIN item ON inventory.inv_item_sk = item.i_item_sk JOIN warehouse ON inventory.inv_warehouse_sk = warehouse.w_warehouse_sk LIMIT 484;bb579aaa743a4f0589e968844b256a37
4683;SELECT store_sales.* FROM store_sales JOIN customer ON store_sales.ss_customer_sk = customer.c_customer_sk JOIN date_dim ON store_sales.ss_sold_date_sk = date_dim.d_date_sk LIMIT 318;de55e47c208880570e201dad0e85bd31
4685;SELECT web_returns.* FROM web_returns JOIN customer ON web_returns.wr_refunded_customer_sk = customer.c_customer_sk LIMIT 389;dc0073262c5c8674e03b38a7f79d59af
4686;SELECT catalog_sales.* FROM catalog_sales JOIN date_dim ON catalog_sales.cs_sold_date_sk = date_dim.d_date_sk JOIN item ON catalog_sales.cs_item_sk = item.i_item_sk LIMIT 241;d681a58e595896756f4becdc4ee74418
4687;SELECT web_sales.* FROM web_sales JOIN item ON web_sales.ws_item_sk = item.i_item_sk LIMIT 470;5c7a2c5ed2a123581926eb5c1a0806a3
4688;SELECT catalog_sales.* FROM catalog_sales JOIN item ON catalog_sales.cs_item_sk = item.i_item_sk JOIN date_dim ON catalog_sales.cs_sold_date_sk = date_dim.d_date_sk LIMIT 485;3d19fba41bb957ce8b9ec7bf9cabc0d2
4689;SELECT catalog_sales.* FROM catalog_sales JOIN warehouse ON catalog_sales.cs_warehouse_sk = warehouse.w_warehouse_sk JOIN customer ON catalog_sales.cs_bill_customer_sk = customer.c_customer_sk LIMIT 483;f958f43d7648fee69b19cb09243deb05
4691;SELECT store_returns.* FROM store_returns JOIN date_dim ON store_returns.sr_returned_date_sk = date_dim.d_date_sk JOIN customer ON store_returns.sr_customer_sk = customer.c_customer_sk LIMIT 127;066e7d284bd401a2d6e42cacfa9bc6e7
4692;SELECT catalog_sales.* FROM catalog_sales JOIN warehouse ON catalog_sales.cs_warehouse_sk = warehouse.w_warehouse_sk LIMIT 247;b867ba57104f0efcd0da51045ec4d8b2
4693;SELECT web_returns.* FROM web_returns JOIN date_dim ON web_returns.wr_returned_date_sk = date_dim.d_date_sk JOIN customer ON web_returns.wr_refunded_customer_sk = customer.c_customer_sk LIMIT 338;907ec159d590332a42d75b40d9d80e28
4694;SELECT catalog_sales.* FROM catalog_sales JOIN warehouse ON catalog_sales.cs_warehouse_sk = warehouse.w_warehouse_sk JOIN item ON catalog_sales.cs_item_sk = item.i_item_sk LIMIT 328;2973cf388e0396f383fe905459de6dd5
4695;SELECT web_sales.* FROM web_sales JOIN web_site ON web_sales.ws_web_site_sk = web_site.web_site_sk JOIN customer ON web_sales.ws_bill_customer_sk = customer.c_customer_sk LIMIT 120;f9b23752a87a451b252cf14807de5c63
4696;SELECT store_returns.* FROM store_returns JOIN item ON store_returns.sr_item_sk = item.i_item_sk JOIN customer ON store_returns.sr_customer_sk = customer.c_customer_sk LIMIT 301;07191cca8427a38c014d80f44d55af0e
4698;SELECT catalog_sales.* FROM catalog_sales JOIN warehouse ON catalog_sales.cs_warehouse_sk = warehouse.w_warehouse_sk JOIN date_dim ON catalog_sales.cs_sold_date_sk = date_dim.d_date_sk LIMIT 177;b95947b81ab243c8b236611e5dcb189c
4699;SELECT web_returns.* FROM web_returns JOIN date_dim ON web_returns.wr_returned_date_sk = date_dim.d_date_sk LIMIT 420;591a4d916efde076a69867e386c260c5
4700;SELECT catalog_sales.* FROM catalog_sales JOIN warehouse ON catalog_sales.cs_warehouse_sk = warehouse.w_warehouse_sk JOIN customer ON catalog_sales.cs_bill_customer_sk = customer.c_customer_sk LIMIT 381;8ca58a109fb985fbbe91770a15249283
4702;SELECT inventory.* FROM inventory JOIN item ON inventory.inv_item_sk = item.i_item_sk JOIN warehouse ON inventory.inv_warehouse_sk = warehouse.w_warehouse_sk LIMIT 479;c5665bd4147132aa494d2da8135e28f0
4704;SELECT i_item_desc, w_warehouse_name, d1.d_week_seq, SUM(CASE WHEN p_promo_sk IS NULL THEN 1.0 ELSE 0.0 END) AS no_promo, SUM(CASE WHEN NOT p_promo_sk IS NULL THEN 1.0 ELSE 0.0 END) AS promo, COUNT(*) AS total_cnt FROM catalog_sales JOIN inventory ON (cs_item_sk = inv_item_sk) JOIN warehouse ON (w_warehouse_sk = inv_warehouse_sk) JOIN item ON (i_item_sk = cs_item_sk) JOIN customer_demographics ON (cs_bill_cdemo_sk = cd_demo_sk) JOIN household_demographics ON (cs_bill_hdemo_sk = hd_demo_sk) JOIN date_dim AS d1 ON (cs_sold_date_sk = d1.d_date_sk) JOIN date_dim AS d2 ON (inv_date_sk = d2.d_date_sk) LEFT OUTER JOIN promotion ON (cs_promo_sk = p_promo_sk) LEFT OUTER JOIN catalog_returns ON (cr_item_sk = cs_item_sk AND cr_order_number = cs_order_number) WHERE  GROUP BY i_item_desc, w_warehouse_name, d1.d_week_seq ORDER BY total_cnt DESC, i_item_desc NULLS FIRST, w_warehouse_name NULLS FIRST, d1.d_week_seq NULLS FIRST LIMIT 55;41d1d87209b78fe4983833fa345defc9
4706;SELECT store_returns.* FROM store_returns JOIN item ON store_returns.sr_item_sk = item.i_item_sk JOIN customer ON store_returns.sr_customer_sk = customer.c_customer_sk LIMIT 455;f1746a577e082a2284a8920656dce8f1
4707;SELECT store_sales.* FROM store_sales JOIN date_dim ON store_sales.ss_sold_date_sk = date_dim.d_date_sk JOIN store ON store_sales.ss_store_sk = store.s_store_sk LIMIT 437;9bf66c7b9b04eff0b94c69dbfc3c8592
4710;SELECT store_returns.* FROM store_returns JOIN customer ON store_returns.sr_customer_sk = customer.c_customer_sk JOIN date_dim ON store_returns.sr_returned_date_sk = date_dim.d_date_sk LIMIT 173;0bb96ec6e17976e66f4178de3d0db414
4711;SELECT inventory.* FROM inventory JOIN warehouse ON inventory.inv_warehouse_sk = warehouse.w_warehouse_sk JOIN date_dim ON inventory.inv_date_sk = date_dim.d_date_sk LIMIT 65;5528f0a183b4ba8efc4711da441b92f1
4712;SELECT web_returns.* FROM web_returns JOIN date_dim ON web_returns.wr_returned_date_sk = date_dim.d_date_sk LIMIT 296;4268f46f410902f60c457d4466b9c6ed
4713;SELECT inventory.* FROM inventory JOIN warehouse ON inventory.inv_warehouse_sk = warehouse.w_warehouse_sk LIMIT 402;54750e86c83bb56afeb3ac5171abae4a
4714;SELECT web_sales.* FROM web_sales JOIN customer ON web_sales.ws_bill_customer_sk = customer.c_customer_sk LIMIT 60;749c3eaa923de6991d409adf9282f647
4716;SELECT catalog_sales.* FROM catalog_sales JOIN item ON catalog_sales.cs_item_sk = item.i_item_sk JOIN date_dim ON catalog_sales.cs_sold_date_sk = date_dim.d_date_sk LIMIT 150;aafa5e13bde5653d751b349d5410694f
4717;SELECT web_returns.* FROM web_returns JOIN customer ON web_returns.wr_refunded_customer_sk = customer.c_customer_sk JOIN item ON web_returns.wr_item_sk = item.i_item_sk LIMIT 303;9fe071c60bfd393d296fdf55f3704e0f
4718;SELECT web_sales.* FROM web_sales JOIN customer ON web_sales.ws_bill_customer_sk = customer.c_customer_sk JOIN date_dim ON web_sales.ws_sold_date_sk = date_dim.d_date_sk LIMIT 270;b67bcc1cd4156b266ffd1a53ffe97a27
4719;SELECT web_returns.* FROM web_returns JOIN customer ON web_returns.wr_refunded_customer_sk = customer.c_customer_sk LIMIT 319;3303fc97c7b364b77b6d1e50532136ce
4723;SELECT catalog_sales.* FROM catalog_sales JOIN customer ON catalog_sales.cs_bill_customer_sk = customer.c_customer_sk LIMIT 200;a540ded112274851aa23058356cee86a
4724;SELECT web_sales.* FROM web_sales JOIN customer ON web_sales.ws_bill_customer_sk = customer.c_customer_sk LIMIT 144;859ce140c2ac202cd7747c7d999b2072
4725;SELECT catalog_sales.* FROM catalog_sales JOIN date_dim ON catalog_sales.cs_sold_date_sk = date_dim.d_date_sk LIMIT 171;ca304922b51a0290dca4352353963ece
4726;SELECT catalog_sales.* FROM catalog_sales JOIN warehouse ON catalog_sales.cs_warehouse_sk = warehouse.w_warehouse_sk JOIN item ON catalog_sales.cs_item_sk = item.i_item_sk LIMIT 348;5802b7c3dd252f6b5c79f01f017743ea
4727;SELECT store_sales.* FROM store_sales JOIN customer ON store_sales.ss_customer_sk = customer.c_customer_sk LIMIT 275;2c2f05fd1fb51a7986d79d14f58e7905
4728;SELECT store_returns.* FROM store_returns JOIN date_dim ON store_returns.sr_returned_date_sk = date_dim.d_date_sk LIMIT 248;a67bc314588c013ae20d17cdaf98d1bf
4729;SELECT catalog_sales.* FROM catalog_sales JOIN date_dim ON catalog_sales.cs_sold_date_sk = date_dim.d_date_sk LIMIT 175;069d8603d773610d2c7ef8d40dcc6dc6
4730;SELECT web_sales.* FROM web_sales JOIN date_dim ON web_sales.ws_sold_date_sk = date_dim.d_date_sk LIMIT 490;8e874be20e82b2da5270c421cf00376b
4731;SELECT catalog_sales.* FROM catalog_sales JOIN customer ON catalog_sales.cs_bill_customer_sk = customer.c_customer_sk LIMIT 325;90df5f23c06968c19e97f5dbe54e2f3e
4734;SELECT store_returns.* FROM store_returns JOIN customer ON store_returns.sr_customer_sk = customer.c_customer_sk JOIN date_dim ON store_returns.sr_returned_date_sk = date_dim.d_date_sk LIMIT 252;00f368b6cae9f03fb66012b174b6a5a6
4735;SELECT web_returns.* FROM web_returns JOIN date_dim ON web_returns.wr_returned_date_sk = date_dim.d_date_sk LIMIT 243;f0894f5b04043c388393b80a2e75cf42
4736;SELECT catalog_sales.* FROM catalog_sales JOIN customer ON catalog_sales.cs_bill_customer_sk = customer.c_customer_sk LIMIT 52;6a5a1f3c00be7872fcd92e1a0bc189e1
4737;SELECT catalog_sales.* FROM catalog_sales JOIN item ON catalog_sales.cs_item_sk = item.i_item_sk LIMIT 69;a445b8089293569a8771342f3ead8e68
4738;SELECT inventory.* FROM inventory JOIN date_dim ON inventory.inv_date_sk = date_dim.d_date_sk JOIN warehouse ON inventory.inv_warehouse_sk = warehouse.w_warehouse_sk LIMIT 257;21ee511cc30063fc84e4eb9f95afd4b8
4739;SELECT store_sales.* FROM store_sales JOIN date_dim ON store_sales.ss_sold_date_sk = date_dim.d_date_sk JOIN item ON store_sales.ss_item_sk = item.i_item_sk LIMIT 343;a0de8dadb3572cce91378c669fa48d9f
4740;SELECT web_returns.* FROM web_returns JOIN item ON web_returns.wr_item_sk = item.i_item_sk LIMIT 398;4757ab1dbdee02072934c0fbb3fd43de
4741;SELECT catalog_sales.* FROM catalog_sales JOIN warehouse ON catalog_sales.cs_warehouse_sk = warehouse.w_warehouse_sk LIMIT 482;b6e9979dd103d5182c6c7dfccc2ae802
4743;SELECT catalog_sales.* FROM catalog_sales JOIN item ON catalog_sales.cs_item_sk = item.i_item_sk LIMIT 350;6aba5f43581106eed3161488f076ae19
4744;SELECT store_sales.* FROM store_sales JOIN customer ON store_sales.ss_customer_sk = customer.c_customer_sk JOIN item ON store_sales.ss_item_sk = item.i_item_sk LIMIT 51;32511b51ba95f7c13bb3679565ca900a
4746;SELECT web_sales.* FROM web_sales JOIN customer ON web_sales.ws_bill_customer_sk = customer.c_customer_sk JOIN web_site ON web_sales.ws_web_site_sk = web_site.web_site_sk LIMIT 230;a9863bf0034a1f36345a4cb8571eeb0f
4747;SELECT catalog_sales.* FROM catalog_sales JOIN item ON catalog_sales.cs_item_sk = item.i_item_sk JOIN warehouse ON catalog_sales.cs_warehouse_sk = warehouse.w_warehouse_sk LIMIT 294;e065ea3f2029754dfbcbc2ec54b0e664
4748;SELECT store_returns.* FROM store_returns JOIN date_dim ON store_returns.sr_returned_date_sk = date_dim.d_date_sk JOIN item ON store_returns.sr_item_sk = item.i_item_sk LIMIT 240;5d1b36fb968c10f288a52610fcb5eb19
4749;SELECT inventory.* FROM inventory JOIN warehouse ON inventory.inv_warehouse_sk = warehouse.w_warehouse_sk LIMIT 397;713969561ffb532af08a29df2f5e6206
4750;SELECT web_sales.* FROM web_sales JOIN item ON web_sales.ws_item_sk = item.i_item_sk JOIN date_dim ON web_sales.ws_sold_date_sk = date_dim.d_date_sk LIMIT 312;9174aa6d8852f892dfedfbcce6f4698e
4751;SELECT inventory.* FROM inventory JOIN date_dim ON inventory.inv_date_sk = date_dim.d_date_sk LIMIT 72;e6ecb6269059d4da5c76c61c1fc49e6d
4752;SELECT store_returns.* FROM store_returns JOIN item ON store_returns.sr_item_sk = item.i_item_sk JOIN customer ON store_returns.sr_customer_sk = customer.c_customer_sk LIMIT 237;3294260b7713ad8c65309c26cf97e02e
4753;SELECT web_sales.* FROM web_sales JOIN date_dim ON web_sales.ws_sold_date_sk = date_dim.d_date_sk LIMIT 98;95c575fa51c17ab8ba49bec63d1e959e
4754;SELECT store_sales.* FROM store_sales JOIN customer ON store_sales.ss_customer_sk = customer.c_customer_sk JOIN item ON store_sales.ss_item_sk = item.i_item_sk LIMIT 238;36738033fd205537d5641ba08dc6588f
4755;SELECT web_sales.* FROM web_sales JOIN item ON web_sales.ws_item_sk = item.i_item_sk JOIN web_site ON web_sales.ws_web_site_sk = web_site.web_site_sk LIMIT 388;5b7344adddb3cac1384da5868f1b9a7a
4756;SELECT inventory.* FROM inventory JOIN warehouse ON inventory.inv_warehouse_sk = warehouse.w_warehouse_sk JOIN item ON inventory.inv_item_sk = item.i_item_sk LIMIT 102;8a426c9f76075209c8e314aa24d70fa1
4757;SELECT web_sales.* FROM web_sales JOIN web_site ON web_sales.ws_web_site_sk = web_site.web_site_sk JOIN customer ON web_sales.ws_bill_customer_sk = customer.c_customer_sk LIMIT 250;10fb5c41e065e5160c000f0165b968e7
4758;SELECT store_returns.* FROM store_returns JOIN date_dim ON store_returns.sr_returned_date_sk = date_dim.d_date_sk JOIN item ON store_returns.sr_item_sk = item.i_item_sk LIMIT 461;cf38df3a005a38acd9e4220e731a21de
4759;SELECT inventory.* FROM inventory JOIN warehouse ON inventory.inv_warehouse_sk = warehouse.w_warehouse_sk JOIN date_dim ON inventory.inv_date_sk = date_dim.d_date_sk LIMIT 180;9622835f062c9167b0bd785fb39a40be
4760;SELECT web_returns.* FROM web_returns JOIN item ON web_returns.wr_item_sk = item.i_item_sk JOIN customer ON web_returns.wr_refunded_customer_sk = customer.c_customer_sk LIMIT 321;903da8eb5dfb4e80281dabab5c23ae80
4762;SELECT inventory.* FROM inventory JOIN warehouse ON inventory.inv_warehouse_sk = warehouse.w_warehouse_sk LIMIT 409;a455d9c1499fb75113b27ef923d75d41
4763;SELECT inventory.* FROM inventory JOIN item ON inventory.inv_item_sk = item.i_item_sk JOIN warehouse ON inventory.inv_warehouse_sk = warehouse.w_warehouse_sk LIMIT 80;329aaccdfd301a0bd9326556b620c6bf
4764;SELECT inventory.* FROM inventory JOIN warehouse ON inventory.inv_warehouse_sk = warehouse.w_warehouse_sk LIMIT 112;64ca96bdebf97cd5a0221f66625e3e41
4765;SELECT catalog_sales.* FROM catalog_sales JOIN warehouse ON catalog_sales.cs_warehouse_sk = warehouse.w_warehouse_sk LIMIT 261;169a1a1e1751e672e3cb487da065f122
4766;SELECT web_returns.* FROM web_returns JOIN item ON web_returns.wr_item_sk = item.i_item_sk LIMIT 482;c3da9936b7829d6d54a59a4a441ba091
4767;SELECT web_sales.* FROM web_sales JOIN date_dim ON web_sales.ws_sold_date_sk = date_dim.d_date_sk LIMIT 440;5bd4a2d5161a9a1f7fe4619d9a1cdf05
4768;SELECT store_sales.* FROM store_sales JOIN item ON store_sales.ss_item_sk = item.i_item_sk LIMIT 146;9f43781be436801a481253de365300d0
4769;SELECT web_returns.* FROM web_returns JOIN item ON web_returns.wr_item_sk = item.i_item_sk LIMIT 272;18be9e57a1e25e4dd1a844e614e38bbe
4771;SELECT inventory.* FROM inventory JOIN item ON inventory.inv_item_sk = item.i_item_sk JOIN date_dim ON inventory.inv_date_sk = date_dim.d_date_sk LIMIT 303;9cfdd21454dce7dbb0e21e3fa962ce1d
4772;"SELECT w_substr, sm_type, LOWER(cc_name) AS cc_name_lower, SUM(CASE WHEN (cs_ship_date_sk - cs_sold_date_sk <= 21) THEN 1.0 ELSE 0.0 END) AS ""30 days"", SUM(CASE WHEN (cs_ship_date_sk - cs_sold_date_sk > 42) AND (cs_ship_date_sk - cs_sold_date_sk <= 34) THEN 1.0 ELSE 0.0 END) AS ""31-60 days"", SUM(CASE WHEN (cs_ship_date_sk - cs_sold_date_sk > 79) AND (cs_ship_date_sk - cs_sold_date_sk <= 129) THEN 1.0 ELSE 0.0 END) AS ""61-90 days"", SUM(CASE WHEN (cs_ship_date_sk - cs_sold_date_sk > 75) AND (cs_ship_date_sk - cs_sold_date_sk <= 167) THEN 1.0 ELSE 0.0 END) AS ""91-120 days"", SUM(CASE WHEN (cs_ship_date_sk - cs_sold_date_sk > 118) THEN 1.0 ELSE 0.0 END) AS "">120 days"" FROM catalog_sales, (SELECT SUBSTRING(w_warehouse_name FROM 1.0 FOR 20) AS w_substr, * FROM warehouse) AS sq1, ship_mode, call_center, date_dim WHERE d_month_seq BETWEEN 1534 AND 1372 + 8 AND cs_ship_date_sk = d_date_sk AND cs_warehouse_sk = w_warehouse_sk AND cs_ship_mode_sk = sm_ship_mode_sk AND cs_call_center_sk = cc_call_center_sk GROUP BY w_substr, sm_type, cc_name ORDER BY w_substr NULLS FIRST, sm_type NULLS FIRST, cc_name_lower NULLS FIRST LIMIT 117";421daf7c25db4d9be4b43c2c7524d28d
4774;SELECT store_sales.* FROM store_sales JOIN date_dim ON store_sales.ss_sold_date_sk = date_dim.d_date_sk JOIN customer ON store_sales.ss_customer_sk = customer.c_customer_sk LIMIT 497;0f5e20ec137100d5839a0ac4ca452971
4775;SELECT store_sales.* FROM store_sales JOIN customer ON store_sales.ss_customer_sk = customer.c_customer_sk JOIN store ON store_sales.ss_store_sk = store.s_store_sk LIMIT 427;176a704244b64b8a6d1329a9104705fa
4776;SELECT inventory.* FROM inventory JOIN date_dim ON inventory.inv_date_sk = date_dim.d_date_sk LIMIT 181;30fe385f5e2171525ac462509afb2910
4777;SELECT catalog_sales.* FROM catalog_sales JOIN item ON catalog_sales.cs_item_sk = item.i_item_sk JOIN warehouse ON catalog_sales.cs_warehouse_sk = warehouse.w_warehouse_sk LIMIT 459;eb170603da9851a4606bcc86182025fc
4778;SELECT inventory.* FROM inventory JOIN warehouse ON inventory.inv_warehouse_sk = warehouse.w_warehouse_sk LIMIT 481;2001002746ac9b6ef22c7cd919c14cf9
4780;SELECT catalog_sales.* FROM catalog_sales JOIN item ON catalog_sales.cs_item_sk = item.i_item_sk JOIN date_dim ON catalog_sales.cs_sold_date_sk = date_dim.d_date_sk LIMIT 287;169520d7dfa7c3943cdcf38e3d98d7a3
4781;SELECT store_returns.* FROM store_returns JOIN date_dim ON store_returns.sr_returned_date_sk = date_dim.d_date_sk LIMIT 489;f12b19478f284b6dd8caa0a9cd27e42d
4782;SELECT catalog_sales.* FROM catalog_sales JOIN warehouse ON catalog_sales.cs_warehouse_sk = warehouse.w_warehouse_sk JOIN customer ON catalog_sales.cs_bill_customer_sk = customer.c_customer_sk LIMIT 326;4d8972bac10e386646a654c2063fe070
4783;SELECT web_sales.* FROM web_sales JOIN item ON web_sales.ws_item_sk = item.i_item_sk LIMIT 463;3e40658262f86a96c6340f3aa17d8df9
4784;SELECT catalog_sales.* FROM catalog_sales JOIN customer ON catalog_sales.cs_bill_customer_sk = customer.c_customer_sk JOIN warehouse ON catalog_sales.cs_warehouse_sk = warehouse.w_warehouse_sk LIMIT 256;cbabbdea4a5a99b59e32325d3a0a1702
4786;SELECT store_returns.* FROM store_returns JOIN item ON store_returns.sr_item_sk = item.i_item_sk LIMIT 498;0f66716f1dab8cc456884237d7d9a694
4787;SELECT catalog_sales.* FROM catalog_sales JOIN item ON catalog_sales.cs_item_sk = item.i_item_sk JOIN date_dim ON catalog_sales.cs_sold_date_sk = date_dim.d_date_sk LIMIT 114;d687235a467de7baa266d8371e069cc5
4788;SELECT web_sales.* FROM web_sales JOIN customer ON web_sales.ws_bill_customer_sk = customer.c_customer_sk LIMIT 409;87608a2029a1480d67b840c1c1a82f27
4790;SELECT DISTINCT (i_product_name) FROM item AS i1 WHERE i_manufact_id BETWEEN 703 AND 520 + 54 AND (SELECT COUNT(*) AS item_cnt FROM item WHERE (i_manufact = i1.i_manufact AND ((i_category = 'Women' AND (i_color = 'powder' OR i_color = 'khaki') AND (i_units = 'Ounce' OR i_units = 'Oz') AND (i_size = 'medium' OR i_size = 'extra large')) OR (i_category = 'Women' AND (i_color = 'brown' OR i_color = 'honeydew') AND (i_units = 'Bunch' OR i_units = 'Ton') AND (i_size = 'N/A' OR i_size = 'small')) OR (i_category = 'Men' AND (i_color = 'floral' OR i_color = 'deep') AND (i_units = 'N/A' OR i_units = 'Dozen') AND (i_size = 'petite' OR i_size = 'petite')) OR (i_category = 'Men' AND (i_color = 'light' OR i_color = 'cornflower') AND (i_units = 'Box' OR i_units = 'Pound') AND (i_size = 'medium' OR i_size = 'extra large')))) OR (i_manufact = i1.i_manufact AND ((i_category = 'Women' AND (i_color = 'midnight' OR i_color = 'snow') AND (i_units = 'Pallet' OR i_units = 'Gross') AND (i_size = 'medium' OR i_size = 'extra large')) OR (i_category = 'Women' AND (i_color = 'cyan' OR i_color = 'papaya') AND (i_units = 'Cup' OR i_units = 'Dram') AND (i_size = 'N/A' OR i_size = 'small')) OR (i_category = 'Men' AND (i_color = 'orange' OR i_color = 'frosted') AND (i_units = 'Each' OR i_units = 'Tbl') AND (i_size = 'petite' OR i_size = 'petite')) OR (i_category = 'Men' AND (i_color = 'forest' OR i_color = 'ghost') AND (i_units = 'Lb' OR i_units = 'Bundle') AND (i_size = 'medium' OR i_size = 'extra large'))))) > 0.0 ORDER BY i_product_name LIMIT 145;dcf4de9c7c481831c53c6beb11546ea2
4792;SELECT inventory.* FROM inventory JOIN warehouse ON inventory.inv_warehouse_sk = warehouse.w_warehouse_sk JOIN date_dim ON inventory.inv_date_sk = date_dim.d_date_sk LIMIT 116;bc2c397c36f3040c4fb03c753c1de7e7
4793;SELECT store_returns.* FROM store_returns JOIN date_dim ON store_returns.sr_returned_date_sk = date_dim.d_date_sk LIMIT 332;9ba53d65db2cba184b673f0be619b615
4794;SELECT web_returns.* FROM web_returns JOIN customer ON web_returns.wr_refunded_customer_sk = customer.c_customer_sk LIMIT 380;06deedfbf796fd1f28d283319085b3d8
4795;SELECT catalog_sales.* FROM catalog_sales JOIN item ON catalog_sales.cs_item_sk = item.i_item_sk JOIN warehouse ON catalog_sales.cs_warehouse_sk = warehouse.w_warehouse_sk LIMIT 359;770b257e1c03052b75dfdb3783a3ff52
4797;SELECT web_returns.* FROM web_returns JOIN customer ON web_returns.wr_refunded_customer_sk = customer.c_customer_sk JOIN date_dim ON web_returns.wr_returned_date_sk = date_dim.d_date_sk LIMIT 199;9badb9bf725f2f81cdf2c3c3c5ae4d59
4798;SELECT inventory.* FROM inventory JOIN warehouse ON inventory.inv_warehouse_sk = warehouse.w_warehouse_sk JOIN date_dim ON inventory.inv_date_sk = date_dim.d_date_sk LIMIT 153;f6021db4609b7b587e764d770c131821
4799;SELECT web_returns.* FROM web_returns JOIN item ON web_returns.wr_item_sk = item.i_item_sk LIMIT 359;2cf491712ecf1c30937b5d29bb716bbf
4800;SELECT web_returns.* FROM web_returns JOIN date_dim ON web_returns.wr_returned_date_sk = date_dim.d_date_sk LIMIT 268;79bb08d33c4e5ccdada7985186549671
4801;"SELECT w_substr, sm_type, LOWER(cc_name) AS cc_name_lower, SUM(CASE WHEN (cs_ship_date_sk - cs_sold_date_sk <= 43) THEN 1.0 ELSE 0.0 END) AS ""30 days"", SUM(CASE WHEN (cs_ship_date_sk - cs_sold_date_sk > 28) AND (cs_ship_date_sk - cs_sold_date_sk <= 63) THEN 1.0 ELSE 0.0 END) AS ""31-60 days"", SUM(CASE WHEN (cs_ship_date_sk - cs_sold_date_sk > 82) AND (cs_ship_date_sk - cs_sold_date_sk <= 114) THEN 1.0 ELSE 0.0 END) AS ""61-90 days"", SUM(CASE WHEN (cs_ship_date_sk - cs_sold_date_sk > 60) AND (cs_ship_date_sk - cs_sold_date_sk <= 105) THEN 1.0 ELSE 0.0 END) AS ""91-120 days"", SUM(CASE WHEN (cs_ship_date_sk - cs_sold_date_sk > 127) THEN 1.0 ELSE 0.0 END) AS "">120 days"" FROM catalog_sales, (SELECT SUBSTRING(w_warehouse_name FROM 1.0 FOR 21) AS w_substr, * FROM warehouse) AS sq1, ship_mode, call_center, date_dim WHERE d_month_seq BETWEEN 1383 AND 651 + 12 AND cs_ship_date_sk = d_date_sk AND cs_warehouse_sk = w_warehouse_sk AND cs_ship_mode_sk = sm_ship_mode_sk AND cs_call_center_sk = cc_call_center_sk GROUP BY w_substr, sm_type, cc_name ORDER BY w_substr NULLS FIRST, sm_type NULLS FIRST, cc_name_lower NULLS FIRST LIMIT 132";d5955090c7373f85597f738326b971d0
4802;SELECT store_sales.* FROM store_sales JOIN store ON store_sales.ss_store_sk = store.s_store_sk LIMIT 222;203cae1820efc9f1477f0d9afecf2740
4803;SELECT store_sales.* FROM store_sales JOIN item ON store_sales.ss_item_sk = item.i_item_sk JOIN customer ON store_sales.ss_customer_sk = customer.c_customer_sk LIMIT 441;c54bef5a81ea69b2d45228b1a6a928cc
4805;SELECT store_sales.* FROM store_sales JOIN date_dim ON store_sales.ss_sold_date_sk = date_dim.d_date_sk LIMIT 163;b9125458b00b88e96c8c270681ed76e8
4806;SELECT store_returns.* FROM store_returns JOIN item ON store_returns.sr_item_sk = item.i_item_sk JOIN date_dim ON store_returns.sr_returned_date_sk = date_dim.d_date_sk LIMIT 334;0f66aecdd66cb064a5410176c3c9a4f6
4807;SELECT web_returns.* FROM web_returns JOIN customer ON web_returns.wr_refunded_customer_sk = customer.c_customer_sk JOIN item ON web_returns.wr_item_sk = item.i_item_sk LIMIT 178;377d14f378a3d73bea85a554f3b2172a
4809;SELECT inventory.* FROM inventory JOIN item ON inventory.inv_item_sk = item.i_item_sk JOIN warehouse ON inventory.inv_warehouse_sk = warehouse.w_warehouse_sk LIMIT 172;6e9df142632dee789b174dbd99eac298
4810;SELECT catalog_sales.* FROM catalog_sales JOIN date_dim ON catalog_sales.cs_sold_date_sk = date_dim.d_date_sk LIMIT 50;0b66b407c50994cc06e2b019592e157f
4811;SELECT web_sales.* FROM web_sales JOIN customer ON web_sales.ws_bill_customer_sk = customer.c_customer_sk LIMIT 256;08a9f6adfcc53403ccb1caa6885094c8
4815;SELECT web_sales.* FROM web_sales JOIN date_dim ON web_sales.ws_sold_date_sk = date_dim.d_date_sk LIMIT 223;e2bea72e51905708fc826b86b4c1d038
4816;SELECT inventory.* FROM inventory JOIN warehouse ON inventory.inv_warehouse_sk = warehouse.w_warehouse_sk JOIN date_dim ON inventory.inv_date_sk = date_dim.d_date_sk LIMIT 270;8666ed81e1d277b350839e4e242699d2
4817;SELECT catalog_sales.* FROM catalog_sales JOIN item ON catalog_sales.cs_item_sk = item.i_item_sk JOIN date_dim ON catalog_sales.cs_sold_date_sk = date_dim.d_date_sk LIMIT 227;986522b8c5033a6c9420d321d7742b12
4818;SELECT store_sales.* FROM store_sales JOIN customer ON store_sales.ss_customer_sk = customer.c_customer_sk LIMIT 221;20dbdbaec4c16b2d9af5ed9c89a31d25
4819;SELECT web_sales.* FROM web_sales JOIN customer ON web_sales.ws_bill_customer_sk = customer.c_customer_sk JOIN item ON web_sales.ws_item_sk = item.i_item_sk LIMIT 214;cc1e75af5793c6ea5539e26cee1ddab6
4820;SELECT web_sales.* FROM web_sales JOIN date_dim ON web_sales.ws_sold_date_sk = date_dim.d_date_sk LIMIT 212;403bc299dea7508177661ffaf9e5c9e4
4821;SELECT store_sales.* FROM store_sales JOIN customer ON store_sales.ss_customer_sk = customer.c_customer_sk LIMIT 177;11a4fd40ccae972e4ed1712479ce4eec
4822;SELECT store_sales.* FROM store_sales JOIN item ON store_sales.ss_item_sk = item.i_item_sk JOIN store ON store_sales.ss_store_sk = store.s_store_sk LIMIT 422;a8f0e78994b600e91c207a140fdbbf46
4825;SELECT store_returns.* FROM store_returns JOIN customer ON store_returns.sr_customer_sk = customer.c_customer_sk JOIN item ON store_returns.sr_item_sk = item.i_item_sk LIMIT 381;ade3bab2b4470344ddaf619e3f9aef00
4826;SELECT store_returns.* FROM store_returns JOIN customer ON store_returns.sr_customer_sk = customer.c_customer_sk LIMIT 334;ec60b2295f50977d20c2003ad170140d
4827;SELECT inventory.* FROM inventory JOIN item ON inventory.inv_item_sk = item.i_item_sk JOIN warehouse ON inventory.inv_warehouse_sk = warehouse.w_warehouse_sk LIMIT 332;ae8f0f80edf53adea6c310a33b98f286
4829;SELECT web_sales.* FROM web_sales JOIN item ON web_sales.ws_item_sk = item.i_item_sk LIMIT 418;3789d784c710f9e75f5f55007fef42dd
4830;SELECT store_returns.* FROM store_returns JOIN customer ON store_returns.sr_customer_sk = customer.c_customer_sk LIMIT 58;d3fb7b3f6879ccb5cea882b9eaba1fb5
4831;SELECT catalog_sales.* FROM catalog_sales JOIN warehouse ON catalog_sales.cs_warehouse_sk = warehouse.w_warehouse_sk LIMIT 323;474a75d4ca51ad4c3ccef56249f957c9
4833;SELECT web_returns.* FROM web_returns JOIN customer ON web_returns.wr_refunded_customer_sk = customer.c_customer_sk LIMIT 415;b8ac9e8c086b21ffc2f35c8fc364753f
4834;SELECT store_sales.* FROM store_sales JOIN store ON store_sales.ss_store_sk = store.s_store_sk LIMIT 89;75e0298daf543a1ef7ce44e7538c156d
4835;SELECT catalog_sales.* FROM catalog_sales JOIN date_dim ON catalog_sales.cs_sold_date_sk = date_dim.d_date_sk JOIN warehouse ON catalog_sales.cs_warehouse_sk = warehouse.w_warehouse_sk LIMIT 155;132cf1415a4f39aa5863c3f6a592a5a1
4836;SELECT inventory.* FROM inventory JOIN warehouse ON inventory.inv_warehouse_sk = warehouse.w_warehouse_sk JOIN date_dim ON inventory.inv_date_sk = date_dim.d_date_sk LIMIT 80;e48f5c12de3eaf44b34d46e6c1bdbea4
4837;SELECT store_returns.* FROM store_returns JOIN customer ON store_returns.sr_customer_sk = customer.c_customer_sk JOIN date_dim ON store_returns.sr_returned_date_sk = date_dim.d_date_sk LIMIT 261;f9f6277be3adf7d34a3565819121d0d1
4839;SELECT inventory.* FROM inventory JOIN date_dim ON inventory.inv_date_sk = date_dim.d_date_sk LIMIT 391;a7e0efbec7d2f07fdf98a8ac54312b75
4840;SELECT store_sales.* FROM store_sales JOIN customer ON store_sales.ss_customer_sk = customer.c_customer_sk JOIN item ON store_sales.ss_item_sk = item.i_item_sk LIMIT 293;0648a7c752033a2f717f740180554c34
4841;SELECT inventory.* FROM inventory JOIN warehouse ON inventory.inv_warehouse_sk = warehouse.w_warehouse_sk JOIN item ON inventory.inv_item_sk = item.i_item_sk LIMIT 264;67f1c1ec903d4bcb9121af4d77f3b7f3
4842;WITH ssr AS (SELECT s_store_id AS store_id, SUM(ss_ext_sales_price) AS sales, SUM(COALESCE(sr_return_amt, 0.0)) AS returns_, SUM(ss_net_profit - COALESCE(sr_net_loss, 0.0)) AS profit FROM store_sales LEFT OUTER JOIN store_returns ON (ss_item_sk = sr_item_sk AND ss_ticket_number = sr_ticket_number), date_dim, store, item, promotion WHERE ss_sold_date_sk = d_date_sk AND d_date BETWEEN CAST('2000-08-23' AS DATE) AND CAST('2000-09-22' AS DATE) AND ss_store_sk = s_store_sk AND ss_item_sk = i_item_sk AND i_current_price > 70 AND ss_promo_sk = p_promo_sk AND p_channel_tv = 'N' GROUP BY s_store_id), csr AS (SELECT cp_catalog_page_id AS catalog_page_id, SUM(cs_ext_sales_price) AS sales, SUM(COALESCE(cr_return_amount, 0.0)) AS returns_, SUM(cs_net_profit - COALESCE(cr_net_loss, 0.0)) AS profit FROM catalog_sales LEFT OUTER JOIN catalog_returns ON (cs_item_sk = cr_item_sk AND cs_order_number = cr_order_number), date_dim, catalog_page, item, promotion WHERE cs_sold_date_sk = d_date_sk AND d_date BETWEEN CAST('2000-08-23' AS DATE) AND CAST('2000-09-22' AS DATE) AND cs_catalog_page_sk = cp_catalog_page_sk AND cs_item_sk = i_item_sk AND i_current_price > 36 AND cs_promo_sk = p_promo_sk AND p_channel_tv = 'N' GROUP BY cp_catalog_page_id), wsr AS (SELECT web_site_id, SUM(ws_ext_sales_price) AS sales, SUM(COALESCE(wr_return_amt, 0.0)) AS returns_, SUM(ws_net_profit - COALESCE(wr_net_loss, 0.0)) AS profit FROM web_sales LEFT OUTER JOIN web_returns ON (ws_item_sk = wr_item_sk AND ws_order_number = wr_order_number), date_dim, web_site, item, promotion WHERE ws_sold_date_sk = d_date_sk AND d_date BETWEEN CAST('2000-08-23' AS DATE) AND CAST('2000-09-22' AS DATE) AND ws_web_site_sk = web_site_sk AND ws_item_sk = i_item_sk AND i_current_price > 70 AND ws_promo_sk = p_promo_sk AND p_channel_tv = 'N' GROUP BY web_site_id) SELECT channel, id, SUM(sales) AS sales, SUM(returns_) AS returns_, SUM(profit) AS profit FROM (SELECT 'store channel' AS channel, CONCAT('store', store_id) AS id, sales, returns_, profit FROM ssr UNION ALL SELECT 'catalog channel' AS channel, CONCAT('catalog_page', catalog_page_id) AS id, sales, returns_, profit FROM csr UNION ALL SELECT 'web channel' AS channel, CONCAT('web_site', web_site_id) AS id, sales, returns_, profit FROM wsr) AS x GROUP BY ROLLUP (channel, id) ORDER BY channel NULLS FIRST, id NULLS FIRST LIMIT 82;21d02d9e6ebd894aec27abc7dc309b3b
4843;SELECT store_sales.* FROM store_sales JOIN date_dim ON store_sales.ss_sold_date_sk = date_dim.d_date_sk LIMIT 451;01223c4e7e2ed2a595d88e8c45112209
4844;SELECT inventory.* FROM inventory JOIN warehouse ON inventory.inv_warehouse_sk = warehouse.w_warehouse_sk LIMIT 127;9d45e71be5fc3be75cdb2793cb6d341f
4845;SELECT web_returns.* FROM web_returns JOIN item ON web_returns.wr_item_sk = item.i_item_sk LIMIT 267;32efc71a615a9783a52c402c575a1634
4846;SELECT web_returns.* FROM web_returns JOIN date_dim ON web_returns.wr_returned_date_sk = date_dim.d_date_sk LIMIT 334;490d979e7f72ee840ce8a3d1aa8cc192
4847;SELECT web_returns.* FROM web_returns JOIN date_dim ON web_returns.wr_returned_date_sk = date_dim.d_date_sk JOIN item ON web_returns.wr_item_sk = item.i_item_sk LIMIT 384;e6160491935b259aa1b1a6ed794a2e6c
4848;SELECT store_returns.* FROM store_returns JOIN date_dim ON store_returns.sr_returned_date_sk = date_dim.d_date_sk JOIN item ON store_returns.sr_item_sk = item.i_item_sk LIMIT 271;91cce4d867d6bf020ed1981d34ac95f5
4849;SELECT store_returns.* FROM store_returns JOIN customer ON store_returns.sr_customer_sk = customer.c_customer_sk JOIN date_dim ON store_returns.sr_returned_date_sk = date_dim.d_date_sk LIMIT 496;f13ed55ad8e6cc7593259a90adc7df35
4850;SELECT web_returns.* FROM web_returns JOIN customer ON web_returns.wr_refunded_customer_sk = customer.c_customer_sk LIMIT 60;d621c4bff04786694de2bb069386c9e3
4851;SELECT web_sales.* FROM web_sales JOIN item ON web_sales.ws_item_sk = item.i_item_sk LIMIT 242;fed5d005135bc3b2fe9bc8fb606ec2c1
4852;SELECT inventory.* FROM inventory JOIN warehouse ON inventory.inv_warehouse_sk = warehouse.w_warehouse_sk JOIN date_dim ON inventory.inv_date_sk = date_dim.d_date_sk LIMIT 183;cecfc047c2672e24a14cfe7eea41f2e3
4853;SELECT web_returns.* FROM web_returns JOIN item ON web_returns.wr_item_sk = item.i_item_sk JOIN date_dim ON web_returns.wr_returned_date_sk = date_dim.d_date_sk LIMIT 285;9045422182d897d5ba7e60758a387d00
4854;SELECT web_sales.* FROM web_sales JOIN web_site ON web_sales.ws_web_site_sk = web_site.web_site_sk JOIN date_dim ON web_sales.ws_sold_date_sk = date_dim.d_date_sk LIMIT 375;529669a395009b3df4f9652265a53a93
4855;SELECT web_sales.* FROM web_sales JOIN item ON web_sales.ws_item_sk = item.i_item_sk JOIN web_site ON web_sales.ws_web_site_sk = web_site.web_site_sk LIMIT 121;c5206193a2a69f6367e87d088e309cfa
4856;SELECT store_sales.* FROM store_sales JOIN customer ON store_sales.ss_customer_sk = customer.c_customer_sk LIMIT 103;734e538796c9d202be7d2bd09c070d09
4857;SELECT web_returns.* FROM web_returns JOIN item ON web_returns.wr_item_sk = item.i_item_sk JOIN customer ON web_returns.wr_refunded_customer_sk = customer.c_customer_sk LIMIT 386;a3d44d6ae22287d714a1ee35711a2caa
4858;SELECT store_returns.* FROM store_returns JOIN customer ON store_returns.sr_customer_sk = customer.c_customer_sk LIMIT 361;3eb12829b3a89c472abf85d8c625bc41
4859;SELECT web_sales.* FROM web_sales JOIN web_site ON web_sales.ws_web_site_sk = web_site.web_site_sk LIMIT 166;a96c1d96835c52eba829cf036d796dc9
4860;SELECT store_sales.* FROM store_sales JOIN item ON store_sales.ss_item_sk = item.i_item_sk LIMIT 78;042efbd3d56fa04e3bbebea7e5527182
4861;SELECT web_sales.* FROM web_sales JOIN web_site ON web_sales.ws_web_site_sk = web_site.web_site_sk LIMIT 234;67e82f131ce9e5ef66d5a019b56a62dc
4862;SELECT catalog_sales.* FROM catalog_sales JOIN date_dim ON catalog_sales.cs_sold_date_sk = date_dim.d_date_sk LIMIT 461;ab4c14c55393526f28521612fb89b412
4863;SELECT inventory.* FROM inventory JOIN warehouse ON inventory.inv_warehouse_sk = warehouse.w_warehouse_sk JOIN date_dim ON inventory.inv_date_sk = date_dim.d_date_sk LIMIT 230;a586749a0d0588b024dfdef6b8dcdb1c
4864;SELECT store_sales.* FROM store_sales JOIN date_dim ON store_sales.ss_sold_date_sk = date_dim.d_date_sk JOIN store ON store_sales.ss_store_sk = store.s_store_sk LIMIT 308;791aefa8f82fdb6de6b151bd7ba7b649
4865;SELECT web_sales.* FROM web_sales JOIN item ON web_sales.ws_item_sk = item.i_item_sk JOIN web_site ON web_sales.ws_web_site_sk = web_site.web_site_sk LIMIT 174;41d44e4621a493354d4cb634bdd53301
4866;SELECT catalog_sales.* FROM catalog_sales JOIN customer ON catalog_sales.cs_bill_customer_sk = customer.c_customer_sk LIMIT 373;4fc8f89a4ddc7f4c3d3e0244c8c366f9
4867;SELECT inventory.* FROM inventory JOIN date_dim ON inventory.inv_date_sk = date_dim.d_date_sk JOIN warehouse ON inventory.inv_warehouse_sk = warehouse.w_warehouse_sk LIMIT 77;ea1023aa64268b9b16ddba15fc698eb7
4868;SELECT web_sales.* FROM web_sales JOIN date_dim ON web_sales.ws_sold_date_sk = date_dim.d_date_sk LIMIT 274;f842fde170d6ef45048116f543226240
4870;SELECT catalog_sales.* FROM catalog_sales JOIN date_dim ON catalog_sales.cs_sold_date_sk = date_dim.d_date_sk LIMIT 295;8766e10519dafd0e5e2f7b4d5ed36d1b
4871;SELECT web_sales.* FROM web_sales JOIN web_site ON web_sales.ws_web_site_sk = web_site.web_site_sk LIMIT 100;68724d9928abdcaaa8bf4c8f10d0fc83
4872;SELECT inventory.* FROM inventory JOIN date_dim ON inventory.inv_date_sk = date_dim.d_date_sk JOIN item ON inventory.inv_item_sk = item.i_item_sk LIMIT 226;a6aa9c23463923131e2e817e346a4f60
4873;SELECT web_sales.* FROM web_sales JOIN item ON web_sales.ws_item_sk = item.i_item_sk JOIN web_site ON web_sales.ws_web_site_sk = web_site.web_site_sk LIMIT 424;f5a1a5f39973f6bc5e5329c6ca708323
4874;SELECT catalog_sales.* FROM catalog_sales JOIN warehouse ON catalog_sales.cs_warehouse_sk = warehouse.w_warehouse_sk LIMIT 136;6e28b8e232cac02eccd74bcb9b33b9df
4875;SELECT inventory.* FROM inventory JOIN item ON inventory.inv_item_sk = item.i_item_sk JOIN date_dim ON inventory.inv_date_sk = date_dim.d_date_sk LIMIT 121;4316eaecc76a2d7a0eac52822f669d2f
4876;SELECT catalog_sales.* FROM catalog_sales JOIN date_dim ON catalog_sales.cs_sold_date_sk = date_dim.d_date_sk JOIN item ON catalog_sales.cs_item_sk = item.i_item_sk LIMIT 123;5b70e86880920f2bff6bbd4c18e55154
4877;SELECT inventory.* FROM inventory JOIN item ON inventory.inv_item_sk = item.i_item_sk LIMIT 277;4fe52d1377971dfbc63610d860a82b7c
4878;SELECT inventory.* FROM inventory JOIN date_dim ON inventory.inv_date_sk = date_dim.d_date_sk JOIN item ON inventory.inv_item_sk = item.i_item_sk LIMIT 471;8954940cb6b0c2aedc9558924bc9400c
4879;SELECT web_returns.* FROM web_returns JOIN customer ON web_returns.wr_refunded_customer_sk = customer.c_customer_sk JOIN item ON web_returns.wr_item_sk = item.i_item_sk LIMIT 336;46d98dea09d0fbd67b9f59f518fdf793
4880;SELECT store_returns.* FROM store_returns JOIN date_dim ON store_returns.sr_returned_date_sk = date_dim.d_date_sk JOIN customer ON store_returns.sr_customer_sk = customer.c_customer_sk LIMIT 206;189cc5fb1c80b433bc9293fa3aa44c2f
4881;SELECT catalog_sales.* FROM catalog_sales JOIN date_dim ON catalog_sales.cs_sold_date_sk = date_dim.d_date_sk JOIN item ON catalog_sales.cs_item_sk = item.i_item_sk LIMIT 258;b6ad76635a6a7967b2fefe29d6c84b74
4882;SELECT store_returns.* FROM store_returns JOIN date_dim ON store_returns.sr_returned_date_sk = date_dim.d_date_sk JOIN item ON store_returns.sr_item_sk = item.i_item_sk LIMIT 369;cd0a11b6a50357ffe82b1af0200ab0d2
4883;SELECT store_returns.* FROM store_returns JOIN date_dim ON store_returns.sr_returned_date_sk = date_dim.d_date_sk JOIN customer ON store_returns.sr_customer_sk = customer.c_customer_sk LIMIT 176;02c3e5a0b9d12f281e1dd80a1eb45ba9
4885;SELECT web_sales.* FROM web_sales JOIN date_dim ON web_sales.ws_sold_date_sk = date_dim.d_date_sk JOIN customer ON web_sales.ws_bill_customer_sk = customer.c_customer_sk LIMIT 392;afe322214a4b38f5f1fe7013fb750d07
4886;SELECT store_returns.* FROM store_returns JOIN date_dim ON store_returns.sr_returned_date_sk = date_dim.d_date_sk JOIN item ON store_returns.sr_item_sk = item.i_item_sk LIMIT 228;b7f8d5cff8ac5bb9a144878a1b462176
4887;SELECT store_returns.* FROM store_returns JOIN customer ON store_returns.sr_customer_sk = customer.c_customer_sk JOIN date_dim ON store_returns.sr_returned_date_sk = date_dim.d_date_sk LIMIT 435;abc0b4841b1791e1cd1295253a704dfb
4888;SELECT web_returns.* FROM web_returns JOIN item ON web_returns.wr_item_sk = item.i_item_sk JOIN customer ON web_returns.wr_refunded_customer_sk = customer.c_customer_sk LIMIT 166;f7db45fbba7da17a3d5a9bcd936b7ec2
4889;SELECT catalog_sales.* FROM catalog_sales JOIN customer ON catalog_sales.cs_bill_customer_sk = customer.c_customer_sk JOIN warehouse ON catalog_sales.cs_warehouse_sk = warehouse.w_warehouse_sk LIMIT 72;047f2eb4804c23bade4303d5448fa98a
4891;SELECT inventory.* FROM inventory JOIN date_dim ON inventory.inv_date_sk = date_dim.d_date_sk JOIN warehouse ON inventory.inv_warehouse_sk = warehouse.w_warehouse_sk LIMIT 315;621aa64498cbada619bf5481adf9321a
4892;SELECT inventory.* FROM inventory JOIN item ON inventory.inv_item_sk = item.i_item_sk JOIN warehouse ON inventory.inv_warehouse_sk = warehouse.w_warehouse_sk LIMIT 321;9bb2b866e60ad2f37687e6f6a6c64d1e
4893;SELECT store_returns.* FROM store_returns JOIN item ON store_returns.sr_item_sk = item.i_item_sk LIMIT 124;939304df177156af7c18ebcda64247ea
4894;SELECT web_sales.* FROM web_sales JOIN customer ON web_sales.ws_bill_customer_sk = customer.c_customer_sk JOIN date_dim ON web_sales.ws_sold_date_sk = date_dim.d_date_sk LIMIT 383;171a462e9d175f3beea2906b636847ae
4895;SELECT store_sales.* FROM store_sales JOIN date_dim ON store_sales.ss_sold_date_sk = date_dim.d_date_sk JOIN item ON store_sales.ss_item_sk = item.i_item_sk LIMIT 62;b2c88aa8c7267e3b2bd0c4f7b1527bf4
4896;SELECT web_sales.* FROM web_sales JOIN web_site ON web_sales.ws_web_site_sk = web_site.web_site_sk JOIN date_dim ON web_sales.ws_sold_date_sk = date_dim.d_date_sk LIMIT 172;b470cb5788a48d63bcb87dffb21127b2
4897;SELECT web_sales.* FROM web_sales JOIN date_dim ON web_sales.ws_sold_date_sk = date_dim.d_date_sk JOIN customer ON web_sales.ws_bill_customer_sk = customer.c_customer_sk LIMIT 258;08e0fabf30f33e0e25a75e72255d3555
4898;SELECT web_returns.* FROM web_returns JOIN item ON web_returns.wr_item_sk = item.i_item_sk JOIN customer ON web_returns.wr_refunded_customer_sk = customer.c_customer_sk LIMIT 491;649b443a419ad4e7c0668ba2daa45f1b
4899;SELECT store_returns.* FROM store_returns JOIN date_dim ON store_returns.sr_returned_date_sk = date_dim.d_date_sk LIMIT 409;363f520ba610fb77dad837aea81bb1f7
4900;SELECT store_returns.* FROM store_returns JOIN date_dim ON store_returns.sr_returned_date_sk = date_dim.d_date_sk LIMIT 410;dd54dead54f33eb041030915ebca1c00
4901;SELECT catalog_sales.* FROM catalog_sales JOIN item ON catalog_sales.cs_item_sk = item.i_item_sk LIMIT 98;a58a5e50a21ca9904023b271f364fde1
4902;SELECT catalog_sales.* FROM catalog_sales JOIN customer ON catalog_sales.cs_bill_customer_sk = customer.c_customer_sk JOIN warehouse ON catalog_sales.cs_warehouse_sk = warehouse.w_warehouse_sk LIMIT 198;020973042238e18a6cfacadfb9058ed6
4903;SELECT store_returns.* FROM store_returns JOIN item ON store_returns.sr_item_sk = item.i_item_sk LIMIT 225;427717b5477b092081632427a75c0f7f
4904;SELECT i_item_desc, w_warehouse_name, d1.d_week_seq, SUM(CASE WHEN p_promo_sk IS NULL THEN 1.0 ELSE 0.0 END) AS no_promo, SUM(CASE WHEN NOT p_promo_sk IS NULL THEN 1.0 ELSE 0.0 END) AS promo, COUNT(*) AS total_cnt FROM catalog_sales JOIN inventory ON (cs_item_sk = inv_item_sk) JOIN warehouse ON (w_warehouse_sk = inv_warehouse_sk) JOIN item ON (i_item_sk = cs_item_sk) JOIN customer_demographics ON (cs_bill_cdemo_sk = cd_demo_sk) JOIN household_demographics ON (cs_bill_hdemo_sk = hd_demo_sk) JOIN date_dim AS d1 ON (cs_sold_date_sk = d1.d_date_sk) JOIN date_dim AS d2 ON (inv_date_sk = d2.d_date_sk) JOIN date_dim AS d3 ON (cs_ship_date_sk = d3.d_date_sk) LEFT OUTER JOIN promotion ON (cs_promo_sk = p_promo_sk) LEFT OUTER JOIN catalog_returns ON (cr_item_sk = cs_item_sk AND cr_order_number = cs_order_number) WHERE d1.d_week_seq = d2.d_week_seq AND inv_quantity_on_hand < cs_quantity AND d3.d_date > d1.d_date + 3 AND hd_buy_potential = '>10000' AND d1.d_year = 1900 AND cd_marital_status = 'D' GROUP BY i_item_desc, w_warehouse_name, d1.d_week_seq ORDER BY total_cnt DESC, i_item_desc NULLS FIRST, w_warehouse_name NULLS FIRST, d1.d_week_seq NULLS FIRST LIMIT 135;e985fada7f4b6d19c88b35de58d8d63e
4905;SELECT store_returns.* FROM store_returns JOIN item ON store_returns.sr_item_sk = item.i_item_sk JOIN customer ON store_returns.sr_customer_sk = customer.c_customer_sk LIMIT 87;3b67fa1981d30ea646863bf8bd79eeb9
4906;SELECT web_returns.* FROM web_returns JOIN date_dim ON web_returns.wr_returned_date_sk = date_dim.d_date_sk LIMIT 440;3aac53beaeec8aaa84f3e062b2ea41b7
4907;SELECT cd_gender, cd_marital_status, cd_education_status, COUNT(*) AS cnt1, cd_purchase_estimate, COUNT(*) AS cnt2, cd_credit_rating, COUNT(*) AS cnt3 FROM customer AS c, customer_demographics WHERE  GROUP BY cd_gender, cd_marital_status, cd_education_status, cd_purchase_estimate, cd_credit_rating ORDER BY cd_gender, cd_marital_status, cd_education_status, cd_purchase_estimate, cd_credit_rating LIMIT 58;6e0aa3df87f30ed877f0fcf9ba5ddaa8
4908;SELECT catalog_sales.* FROM catalog_sales JOIN item ON catalog_sales.cs_item_sk = item.i_item_sk LIMIT 226;6fb9beb081d2bfa915e445a0732972a0
4910;SELECT store_sales.* FROM store_sales JOIN store ON store_sales.ss_store_sk = store.s_store_sk LIMIT 258;b6d0cd45b1b863c888556d5bbccf482a
4911;SELECT store_returns.* FROM store_returns JOIN customer ON store_returns.sr_customer_sk = customer.c_customer_sk JOIN item ON store_returns.sr_item_sk = item.i_item_sk LIMIT 476;0f7e600bc682633910ec9ee41e6a983a
4912;SELECT store_returns.* FROM store_returns JOIN date_dim ON store_returns.sr_returned_date_sk = date_dim.d_date_sk LIMIT 240;3a646eca18dfae5f58e1c9e1ba8b3720
4913;SELECT store_returns.* FROM store_returns JOIN item ON store_returns.sr_item_sk = item.i_item_sk JOIN date_dim ON store_returns.sr_returned_date_sk = date_dim.d_date_sk LIMIT 120;68605ab7668665b9ccf8e87c65dcd314
4914;SELECT web_sales.* FROM web_sales JOIN item ON web_sales.ws_item_sk = item.i_item_sk JOIN date_dim ON web_sales.ws_sold_date_sk = date_dim.d_date_sk LIMIT 397;7ba5f7f06d578273b8a7b01d02ed121a
4916;SELECT store_sales.* FROM store_sales JOIN store ON store_sales.ss_store_sk = store.s_store_sk JOIN item ON store_sales.ss_item_sk = item.i_item_sk LIMIT 384;402fb7cd1481bdc12bcd8b96a87af2e8
4917;SELECT web_returns.* FROM web_returns JOIN date_dim ON web_returns.wr_returned_date_sk = date_dim.d_date_sk LIMIT 225;77352e4aa002a77a8597d1dd305fca8c
4918;SELECT catalog_sales.* FROM catalog_sales JOIN item ON catalog_sales.cs_item_sk = item.i_item_sk LIMIT 369;8aef99bd8bf6cd435f9f90cf90890156
4919;SELECT catalog_sales.* FROM catalog_sales JOIN date_dim ON catalog_sales.cs_sold_date_sk = date_dim.d_date_sk LIMIT 342;7099de4ce915d4439b684645e63918a4
4920;SELECT dt.d_year, item.i_brand_id AS brand_id, item.i_brand AS brand, SUM(ss_ext_sales_price) AS sum_agg FROM date_dim AS dt, store_sales, item WHERE dt.d_date_sk = store_sales.ss_sold_date_sk AND store_sales.ss_item_sk = item.i_item_sk AND item.i_manufact_id = 122 AND dt.d_moy = 13 GROUP BY dt.d_year, item.i_brand, item.i_brand_id ORDER BY dt.d_year, sum_agg DESC NULLS LAST, brand_id LIMIT 136;c9a893d1e79b843d58535d8d7f490457
4921;SELECT web_sales.* FROM web_sales JOIN web_site ON web_sales.ws_web_site_sk = web_site.web_site_sk JOIN customer ON web_sales.ws_bill_customer_sk = customer.c_customer_sk LIMIT 491;dd68c4d23d239caecfe3c650eceded25
4923;SELECT store_sales.* FROM store_sales JOIN date_dim ON store_sales.ss_sold_date_sk = date_dim.d_date_sk JOIN store ON store_sales.ss_store_sk = store.s_store_sk LIMIT 218;0e66c92a01f37039ac41847ea09281d6
4924;SELECT web_returns.* FROM web_returns JOIN customer ON web_returns.wr_refunded_customer_sk = customer.c_customer_sk JOIN item ON web_returns.wr_item_sk = item.i_item_sk LIMIT 211;83e1a1e86b9e75e7eb9d6488d813effb
4925;SELECT catalog_sales.* FROM catalog_sales JOIN item ON catalog_sales.cs_item_sk = item.i_item_sk LIMIT 365;967086f550c557c12ab706b5a870206c
4926;SELECT store_returns.* FROM store_returns JOIN date_dim ON store_returns.sr_returned_date_sk = date_dim.d_date_sk LIMIT 196;78f1a5ff1bc9d81aed8da56024e5adc5
4927;SELECT inventory.* FROM inventory JOIN date_dim ON inventory.inv_date_sk = date_dim.d_date_sk LIMIT 351;b53dd0e124cf6b4ff791f96a5977b306
4928;SELECT web_sales.* FROM web_sales JOIN web_site ON web_sales.ws_web_site_sk = web_site.web_site_sk LIMIT 377;378fb68ad491b2bdb33247f92bbfc237
4929;SELECT web_returns.* FROM web_returns JOIN customer ON web_returns.wr_refunded_customer_sk = customer.c_customer_sk JOIN item ON web_returns.wr_item_sk = item.i_item_sk LIMIT 407;6776f1e7fd2e71fcbc4f9a5cdeaf73c4
4931;SELECT inventory.* FROM inventory JOIN warehouse ON inventory.inv_warehouse_sk = warehouse.w_warehouse_sk JOIN item ON inventory.inv_item_sk = item.i_item_sk LIMIT 160;b619658fdd1677b25954b81e12f8f1bc
4932;SELECT catalog_sales.* FROM catalog_sales JOIN customer ON catalog_sales.cs_bill_customer_sk = customer.c_customer_sk LIMIT 345;2e7d092be02db38143be171b5a675e06
4933;SELECT store_returns.* FROM store_returns JOIN item ON store_returns.sr_item_sk = item.i_item_sk JOIN date_dim ON store_returns.sr_returned_date_sk = date_dim.d_date_sk LIMIT 89;685598b1a5317c01b525ffcf681ff61b
4934;SELECT store_returns.* FROM store_returns JOIN item ON store_returns.sr_item_sk = item.i_item_sk JOIN date_dim ON store_returns.sr_returned_date_sk = date_dim.d_date_sk LIMIT 437;b6cd874bd67482638ef7a72a346940ac
4935;SELECT web_sales.* FROM web_sales JOIN web_site ON web_sales.ws_web_site_sk = web_site.web_site_sk JOIN item ON web_sales.ws_item_sk = item.i_item_sk LIMIT 318;c3b146f12bc397de38bef921bcd457e8
4937;SELECT inventory.* FROM inventory JOIN item ON inventory.inv_item_sk = item.i_item_sk LIMIT 353;9926e0dcd5d902ded3ca225bdd07e97f
4938;SELECT web_sales.* FROM web_sales JOIN web_site ON web_sales.ws_web_site_sk = web_site.web_site_sk JOIN item ON web_sales.ws_item_sk = item.i_item_sk LIMIT 414;f00b397278d798da13619d6c031356ad
4939;SELECT web_sales.* FROM web_sales JOIN date_dim ON web_sales.ws_sold_date_sk = date_dim.d_date_sk JOIN customer ON web_sales.ws_bill_customer_sk = customer.c_customer_sk LIMIT 366;7084a4fe12fcd2fb1d05d0e6284e9662
4940;SELECT store_returns.* FROM store_returns JOIN item ON store_returns.sr_item_sk = item.i_item_sk JOIN date_dim ON store_returns.sr_returned_date_sk = date_dim.d_date_sk LIMIT 168;d60d30ff712f94e451c53854a49f4403
4941;SELECT web_sales.* FROM web_sales JOIN item ON web_sales.ws_item_sk = item.i_item_sk JOIN customer ON web_sales.ws_bill_customer_sk = customer.c_customer_sk LIMIT 227;c68fbd300085de13c450b9ec001978ae
4942;SELECT inventory.* FROM inventory JOIN item ON inventory.inv_item_sk = item.i_item_sk JOIN warehouse ON inventory.inv_warehouse_sk = warehouse.w_warehouse_sk LIMIT 412;65226f596feacaea87a1dcfe2ca1b16a
4943;SELECT store_sales.* FROM store_sales JOIN item ON store_sales.ss_item_sk = item.i_item_sk JOIN store ON store_sales.ss_store_sk = store.s_store_sk LIMIT 317;813a6c6074c55def0c8802cde1ef3502
4944;SELECT web_returns.* FROM web_returns JOIN item ON web_returns.wr_item_sk = item.i_item_sk JOIN customer ON web_returns.wr_refunded_customer_sk = customer.c_customer_sk LIMIT 380;e763021703f189f1aa72d029385ce154
4945;SELECT web_sales.* FROM web_sales JOIN web_site ON web_sales.ws_web_site_sk = web_site.web_site_sk LIMIT 70;d04db5a790309f68604c4289796631e7
4946;SELECT store_sales.* FROM store_sales JOIN customer ON store_sales.ss_customer_sk = customer.c_customer_sk JOIN item ON store_sales.ss_item_sk = item.i_item_sk LIMIT 121;5df4c6ba5888015716897e4927daddbe
4947;SELECT web_returns.* FROM web_returns JOIN item ON web_returns.wr_item_sk = item.i_item_sk JOIN customer ON web_returns.wr_refunded_customer_sk = customer.c_customer_sk LIMIT 462;abf971db3489fa240ee73aa16696618a
4948;SELECT catalog_sales.* FROM catalog_sales JOIN warehouse ON catalog_sales.cs_warehouse_sk = warehouse.w_warehouse_sk JOIN customer ON catalog_sales.cs_bill_customer_sk = customer.c_customer_sk LIMIT 119;ce349e9b87236e1e95d759e0e5ad02c6
4949;SELECT store_returns.* FROM store_returns JOIN item ON store_returns.sr_item_sk = item.i_item_sk JOIN date_dim ON store_returns.sr_returned_date_sk = date_dim.d_date_sk LIMIT 454;d90017e247126dd2fa8c0d6fcd12f2fd
4950;SELECT inventory.* FROM inventory JOIN item ON inventory.inv_item_sk = item.i_item_sk JOIN date_dim ON inventory.inv_date_sk = date_dim.d_date_sk LIMIT 131;f0372b6167879c6ac605d0534f1167cc
4951;SELECT web_sales.* FROM web_sales JOIN item ON web_sales.ws_item_sk = item.i_item_sk JOIN customer ON web_sales.ws_bill_customer_sk = customer.c_customer_sk LIMIT 155;a109ba2b45b8119df7ed500698ee6db1
4952;SELECT inventory.* FROM inventory JOIN date_dim ON inventory.inv_date_sk = date_dim.d_date_sk JOIN warehouse ON inventory.inv_warehouse_sk = warehouse.w_warehouse_sk LIMIT 280;9cdf860558c350f0c151e4d9e732877f
4953;SELECT web_sales.* FROM web_sales JOIN item ON web_sales.ws_item_sk = item.i_item_sk LIMIT 181;3496f6de2b95d08fda6c40f150f54d78
4954;SELECT store_returns.* FROM store_returns JOIN item ON store_returns.sr_item_sk = item.i_item_sk LIMIT 290;ed05aa7d11beebf89ebb897a35b9bf7e
4955;SELECT web_sales.* FROM web_sales JOIN item ON web_sales.ws_item_sk = item.i_item_sk JOIN date_dim ON web_sales.ws_sold_date_sk = date_dim.d_date_sk LIMIT 78;ce850cf86763d741c9739de8a6c4ca09
4957;SELECT web_sales.* FROM web_sales JOIN web_site ON web_sales.ws_web_site_sk = web_site.web_site_sk JOIN item ON web_sales.ws_item_sk = item.i_item_sk LIMIT 381;781fa5a5b9f1e489b25c2d11b14e4f9a
4958;SELECT store_returns.* FROM store_returns JOIN item ON store_returns.sr_item_sk = item.i_item_sk LIMIT 126;8901eb2b80c6a1f6ae476b4d8a4ebd68
4959;SELECT store_sales.* FROM store_sales JOIN customer ON store_sales.ss_customer_sk = customer.c_customer_sk JOIN store ON store_sales.ss_store_sk = store.s_store_sk LIMIT 420;da3aca205bf3a5406b226ecfd2431c3d
4960;SELECT inventory.* FROM inventory JOIN item ON inventory.inv_item_sk = item.i_item_sk JOIN warehouse ON inventory.inv_warehouse_sk = warehouse.w_warehouse_sk LIMIT 137;a8114da6332811bde02a063538ef7e40
4961;SELECT inventory.* FROM inventory JOIN warehouse ON inventory.inv_warehouse_sk = warehouse.w_warehouse_sk LIMIT 251;e13c72606bc9364a9c55ef8c0a6c35a3
4962;SELECT store_sales.* FROM store_sales JOIN customer ON store_sales.ss_customer_sk = customer.c_customer_sk LIMIT 62;ddd0e1fc1c019490d4a1e787916b01c7
4963;SELECT web_sales.* FROM web_sales JOIN customer ON web_sales.ws_bill_customer_sk = customer.c_customer_sk JOIN date_dim ON web_sales.ws_sold_date_sk = date_dim.d_date_sk LIMIT 289;8a0183612b5d1d518cca1e74154ac71a
4964;SELECT store_sales.* FROM store_sales JOIN store ON store_sales.ss_store_sk = store.s_store_sk LIMIT 308;cb421a0d8a85fff6e4a35bce3077db43
4965;SELECT catalog_sales.* FROM catalog_sales JOIN warehouse ON catalog_sales.cs_warehouse_sk = warehouse.w_warehouse_sk LIMIT 65;967eb5f9a4e13211acbe3a26f0f4e4bb
4966;SELECT store_sales.* FROM store_sales JOIN item ON store_sales.ss_item_sk = item.i_item_sk JOIN date_dim ON store_sales.ss_sold_date_sk = date_dim.d_date_sk LIMIT 265;fda846b78749ec38ee2c066accd604d5
4967;SELECT web_sales.* FROM web_sales JOIN item ON web_sales.ws_item_sk = item.i_item_sk JOIN date_dim ON web_sales.ws_sold_date_sk = date_dim.d_date_sk LIMIT 385;17ae6bbd1d4018e1334e9063d66eb3c8
4968;SELECT web_returns.* FROM web_returns JOIN item ON web_returns.wr_item_sk = item.i_item_sk LIMIT 453;6cceae246fe5725c3ca6e9be138fb7a0
4969;SELECT web_returns.* FROM web_returns JOIN item ON web_returns.wr_item_sk = item.i_item_sk LIMIT 397;25ae3c46ed117be1761a0f3cf19df6a1
4970;SELECT store_sales.* FROM store_sales JOIN date_dim ON store_sales.ss_sold_date_sk = date_dim.d_date_sk LIMIT 408;6919115b0919097380801f4ba01a371a
4971;SELECT store_sales.* FROM store_sales JOIN customer ON store_sales.ss_customer_sk = customer.c_customer_sk LIMIT 417;8403b085f51a1650cc1209a33cd1bcef
4972;SELECT web_sales.* FROM web_sales JOIN customer ON web_sales.ws_bill_customer_sk = customer.c_customer_sk JOIN date_dim ON web_sales.ws_sold_date_sk = date_dim.d_date_sk LIMIT 498;ba6a66eb8d20d300aecd4a73de27d198
4973;SELECT web_returns.* FROM web_returns JOIN customer ON web_returns.wr_refunded_customer_sk = customer.c_customer_sk LIMIT 304;fd88fca8741a9f6035387d99f9c4be8c
4974;SELECT store_sales.* FROM store_sales JOIN customer ON store_sales.ss_customer_sk = customer.c_customer_sk LIMIT 405;6c4274e882353dd15062ca70d3f3ae5a
4975;SELECT store_sales.* FROM store_sales JOIN store ON store_sales.ss_store_sk = store.s_store_sk JOIN item ON store_sales.ss_item_sk = item.i_item_sk LIMIT 418;b636e0488332978259657c6fa266cafb
4976;SELECT store_sales.* FROM store_sales JOIN item ON store_sales.ss_item_sk = item.i_item_sk LIMIT 370;e63df5a7eb80b552dcef3254c97c0d5d
4977;SELECT inventory.* FROM inventory JOIN item ON inventory.inv_item_sk = item.i_item_sk LIMIT 219;40081a2bccfd85be99d9e99fafb74611
4978;SELECT store_sales.* FROM store_sales JOIN store ON store_sales.ss_store_sk = store.s_store_sk LIMIT 170;578b33476fe83c02b202c51f1c684999
4979;SELECT web_returns.* FROM web_returns JOIN date_dim ON web_returns.wr_returned_date_sk = date_dim.d_date_sk JOIN item ON web_returns.wr_item_sk = item.i_item_sk LIMIT 69;863d71f84ed7abe0df27ec09b2e584da
4980;SELECT a.ca_state AS state, COUNT(*) AS cnt FROM customer_address AS a, customer AS c, date_dim AS d, item AS i WHERE  GROUP BY a.ca_state HAVING COUNT(*) >= 5 ORDER BY cnt NULLS FIRST, a.ca_state NULLS FIRST LIMIT 79;ba73d5ba7bdde208bd599f7d746a902e
4981;SELECT web_returns.* FROM web_returns JOIN customer ON web_returns.wr_refunded_customer_sk = customer.c_customer_sk JOIN item ON web_returns.wr_item_sk = item.i_item_sk LIMIT 410;5d310e2cda8ffa627a80f72416bd18cb
4983;SELECT store_sales.* FROM store_sales JOIN date_dim ON store_sales.ss_sold_date_sk = date_dim.d_date_sk LIMIT 250;5d6bb711d03efaa28c34a1fde3b455b1
4984;SELECT web_returns.* FROM web_returns JOIN item ON web_returns.wr_item_sk = item.i_item_sk JOIN date_dim ON web_returns.wr_returned_date_sk = date_dim.d_date_sk LIMIT 212;790980da30bc4a6d4d6b0b7af17ab30b
4985;SELECT catalog_sales.* FROM catalog_sales JOIN customer ON catalog_sales.cs_bill_customer_sk = customer.c_customer_sk LIMIT 326;bb9224c259de6d02a43fd8592708a00f
4986;SELECT store_returns.* FROM store_returns JOIN date_dim ON store_returns.sr_returned_date_sk = date_dim.d_date_sk JOIN customer ON store_returns.sr_customer_sk = customer.c_customer_sk LIMIT 356;358056bbafc525c1cc5123125e7c3838
4987;SELECT store_sales.* FROM store_sales JOIN date_dim ON store_sales.ss_sold_date_sk = date_dim.d_date_sk LIMIT 483;6c11c2ce4c0eea5e1861cdca1dcf441d
4988;SELECT store_sales.* FROM store_sales JOIN item ON store_sales.ss_item_sk = item.i_item_sk JOIN date_dim ON store_sales.ss_sold_date_sk = date_dim.d_date_sk LIMIT 467;1e9ca1080d80daa3927c7d6a1c13dbf3
4990;SELECT store_sales.* FROM store_sales JOIN customer ON store_sales.ss_customer_sk = customer.c_customer_sk JOIN date_dim ON store_sales.ss_sold_date_sk = date_dim.d_date_sk LIMIT 185;7a75f6bc6e171db3f4dbf72e72edc83e
4992;SELECT catalog_sales.* FROM catalog_sales JOIN customer ON catalog_sales.cs_bill_customer_sk = customer.c_customer_sk JOIN warehouse ON catalog_sales.cs_warehouse_sk = warehouse.w_warehouse_sk LIMIT 51;3336bda136b6c42a1d23029b51b894f6
4994;SELECT inventory.* FROM inventory JOIN date_dim ON inventory.inv_date_sk = date_dim.d_date_sk JOIN item ON inventory.inv_item_sk = item.i_item_sk LIMIT 322;c6197cf40ec249e7ae73aaec0db27285
4995;SELECT inventory.* FROM inventory JOIN item ON inventory.inv_item_sk = item.i_item_sk JOIN warehouse ON inventory.inv_warehouse_sk = warehouse.w_warehouse_sk LIMIT 392;4547dcc131f0f597ee87187728f711d6
4996;SELECT catalog_sales.* FROM catalog_sales JOIN customer ON catalog_sales.cs_bill_customer_sk = customer.c_customer_sk LIMIT 277;01ae17aa8afb86c87c7f14a643ef5f2d
4997;SELECT web_returns.* FROM web_returns JOIN item ON web_returns.wr_item_sk = item.i_item_sk LIMIT 85;f14aa954736951d11bc85bab71583900
4998;SELECT inventory.* FROM inventory JOIN date_dim ON inventory.inv_date_sk = date_dim.d_date_sk LIMIT 153;275e10b5b5c8edc9215577b0efde51ef
4999;SELECT inventory.* FROM inventory JOIN date_dim ON inventory.inv_date_sk = date_dim.d_date_sk JOIN item ON inventory.inv_item_sk = item.i_item_sk LIMIT 301;cbceef7167952c3a2a82bd491dcd5a6c
