;query_id;sf;is_success;score;reason;feature_plan_num_joins;feature_plan_num_scan_nodes;feature_plan_total_scan_size_bytes;feature_plan_max_cardinality;feature_plan_num_files;target_mem_limit;target_mt_dop;max_mem_limit_dop0;target_num_scanner_threads;target_default_join_distribution_mode;target_disable_codegen;metric_duration_ms;metric_pmu;metric_spill_bytes;target_mem_mb;cluster
485;96;3;1;good;optimal;13.0;4.0;630718996.0;2160000.0;4.0;188mb;1;120.25;8;SHUFFLE;true;32.15990000171587;110.6899995803833;0.0;188.0;4
704;327;1;1;good;optimal;0.0;1.0;208834404.0;273.0;1.0;37mb;1;4.369999885559082;8;SHUFFLE;false;14.710000017657876;4.339999198913574;0.0;37.0;0
894;749;8;1;good;optimal;0.0;1.0;1717252930.0;280.0;1.0;43mb;1;8.879999160766602;8;SHUFFLE;false;26.745399984065443;4.339999198913574;0.0;43.0;7
1255;814;6;0;bad;iter_2_network_congestion;8.0;3.0;1722749942.0;17280000.0;3.0;312mb;2;140.60999965667725;8;SHUFFLE;true;568.6222999938764;220.92999935150146;0.0;312.0;4
353;776;8;1;good;optimal;0.0;1.0;835169828.0;443.0;1.0;37mb;1;4.209999084472656;8;SHUFFLE;false;15.868099988438189;4.179999351501465;0.0;37.0;7
96;74;1;1;good;optimal;8.0;3.0;108360924.0;719380.0;3.0;107mb;1;58.429999351501465;8;SHUFFLE;true;41.14550002850592;46.15999984741211;0.0;107.0;6
420;288;1;1;good;optimal;0.0;1.0;101208570.0;456.0;1.0;37mb;1;0.6835050582885742;8;SHUFFLE;false;16.808299988042563;0.6092863082885742;0.0;37.0;0
354;2168;12;1;good;optimal;0.0;1.0;8.0;368.0;1.0;43mb;1;9.059999465942383;8;SHUFFLE;false;26.81850001681596;4.5199995040893555;0.0;43.0;1
1232;795;8;0;bad;iter_2_network_congestion;48.0;15.0;2683161112.0;23040000.0;15.0;276mb;2;151.0;8;BROADCAST;false;669.8919999762438;226.32999992370605;0.0;276.0;11
513;2342;3;1;good;optimal;0.0;1.0;847270394.0;247.0;1.0;37mb;1;4.189999580383301;8;SHUFFLE;false;16.53899997472763;4.179999351501465;0.0;37.0;7
156;2202;12;1;good;optimal;0.0;1.0;1217690344.0;76.0;1.0;42mb;1;8.00999927520752;8;SHUFFLE;false;18.327699974179268;4.239999771118164;0.0;42.0;7
534;868;6;1;good;optimal;0.0;1.0;1283058572.0;242.0;1.0;37mb;1;4.5;8;SHUFFLE;false;17.19719998072833;4.359999656677246;0.0;37.0;7
707;857;8;1;good;optimal;0.0;1.0;835169828.0;442.0;1.0;34mb;1;2.2599992752075195;8;SHUFFLE;false;17.828599957283586;2.179999351501465;0.0;34.0;7
382;112;3;1;good;optimal;8.0;3.0;320657030.0;2160000.0;3.0;199mb;2;128.58999919891357;8;SHUFFLE;true;213.93470000475645;123.41999912261963;0.0;199.0;4
374;841;6;1;good;optimal;0.0;1.0;1283058572.0;225.0;1.0;38mb;1;5.029999732971191;8;SHUFFLE;false;15.645299979951233;4.5199995040893555;0.0;38.0;7
772;797;8;1;good;optimal;0.0;1.0;835169828.0;143.0;1.0;37mb;1;4.219999313354492;8;SHUFFLE;false;18.922700022812933;4.179999351501465;0.0;37.0;7
479;717;6;1;good;optimal;0.0;1.0;1706851048.0;147.0;1.0;43mb;1;8.649999618530273;8;SHUFFLE;false;28.49870000500232;4.5099992752075195;0.0;43.0;7
1138;237;1;0;bad;iter_2_network_congestion;20.0;6.0;562597899.0;2880000.0;6.0;155mb;2;95.01999950408936;8;SHUFFLE;false;564.3282000091858;110.97999954223633;0.0;155.0;13
542;2340;3;1;good;optimal;0.0;1.0;630487792.0;473.0;1.0;37mb;1;4.3899993896484375;8;SHUFFLE;false;15.579900005832314;4.219999313354492;0.0;37.0;7
746;2;3;1;good;optimal;0.0;1.0;847270386.0;251.0;1.0;37mb;1;4.559999465942383;8;SHUFFLE;false;16.338500019628555;4.5;0.0;37.0;7
377;788;12;1;good;optimal;0.0;1.0;1217690352.0;320.0;1.0;38mb;1;4.819999694824219;8;SHUFFLE;false;20.177099970169365;4.2599992752075195;0.0;38.0;7
308;2316;12;1;good;optimal;0.0;1.0;1217690352.0;382.0;1.0;37mb;1;4.2599992752075195;8;SHUFFLE;false;18.921000009868294;4.2599992752075195;0.0;37.0;7
664;2180;12;1;good;optimal;0.0;1.0;1217690352.0;418.0;1.0;37mb;1;4.329999923706055;8;SHUFFLE;false;18.550699984189123;4.2599992752075195;0.0;37.0;7
535;146;3;1;good;optimal;0.0;1.0;847270394.0;129.0;1.0;38mb;1;4.809999465942383;8;SHUFFLE;false;15.02350001828745;4.179999351501465;0.0;38.0;7
1208;758;12;0;bad;iter_2_network_congestion;32.0;10.0;1229504976.0;17280000.0;10.0;233mb;2;154.6599998474121;8;SHUFFLE;false;1431.0826999717392;200.64999961853027;0.0;233.0;8
727;267;1;1;good;optimal;0.0;1.0;275901324.0;486.0;1.0;37mb;1;4.529999732971191;8;SHUFFLE;false;14.611100021284074;4.5;0.0;37.0;0
679;782;8;1;good;optimal;5.0;2.0;31457843.0;8200.0;2.0;60mb;1;21.859999656677246;8;SHUFFLE;true;59.727099956944585;12.969999313354492;0.0;60.0;6
666;320;1;1;good;optimal;17.0;5.0;428448714.0;1440000.0;5.0;103mb;1;55.04999923706055;8;SHUFFLE;true;45.9506000042893;48.019999504089355;0.0;103.0;13
352;215;3;1;good;optimal;3.0;2.0;13925613.0;3600.0;2.0;47mb;1;11.569999694824219;8;SHUFFLE;false;28.037099982611835;11.559999465942383;0.0;47.0;6
124;810;6;1;good;optimal;0.0;1.0;1706851048.0;288.0;1.0;43mb;1;9.019999504089355;8;SHUFFLE;false;18.526600033510476;4.529999732971191;0.0;43.0;7
178;300;1;1;good;optimal;0.0;1.0;275901324.0;432.0;1.0;37mb;1;4.449999809265137;8;SHUFFLE;false;15.129000006709248;4.339999198913574;0.0;37.0;0
287;721;8;1;good;optimal;0.0;1.0;16.0;364.0;1.0;43mb;1;8.839999198913574;8;SHUFFLE;false;28.380999981891364;4.439999580383301;0.0;43.0;1
1324;2270;3;0;bad;iter_2_network_congestion;8.0;3.0;320655652.0;2160000.0;3.0;121mb;2;69.21999931335449;8;SHUFFLE;false;742.930400010664;76.6899995803833;0.0;121.0;4
1141;259;1;0;bad;iter_2_network_congestion;124.0;32.0;2225946248.0;2880000.0;32.0;315mb;2;218.23999977111816;8;SHUFFLE;false;603.8912999792956;270.44999980926514;0.0;315.0;10
294;22;1;1;good;optimal;0.0;1.0;275901324.0;459.0;1.0;37mb;1;4.369999885559082;8;SHUFFLE;false;15.954300004523247;4.339999198913574;0.0;37.0;0
922;724;12;1;good;optimal;0.0;1.0;16.0;282.0;1.0;50mb;1;13.879999160766602;8;SHUFFLE;false;28.99059996707365;4.649999618530273;0.0;50.0;1
405;2299;3;1;good;optimal;0.0;1.0;310063938.0;177.0;1.0;39mb;1;5.659999847412109;8;SHUFFLE;false;21.91579999634996;4.979999542236328;0.0;39.0;0
672;2314;6;1;good;optimal;0.0;1.0;630487792.0;144.0;1.0;38mb;1;4.719999313354492;8;SHUFFLE;false;16.589200007729232;4.149999618530273;0.0;38.0;7
823;724;6;1;good;optimal;0.0;1.0;1706851056.0;282.0;1.0;43mb;1;8.989999771118164;8;SHUFFLE;false;17.3433999880217;4.339999198913574;0.0;43.0;7
996;828;6;1;good;optimal;28.0;8.0;3228448592.0;17280000.0;8.0;270mb;1;183.55999946594238;8;SHUFFLE;true;112.37220000475645;161.2799997329712;0.0;270.0;8
88;778;12;1;good;optimal;12.0;4.0;21559343.0;17280000.0;4.0;107mb;1;58.02999973297119;8;SHUFFLE;true;111.32959998212755;42.90999984741211;0.0;107.0;6
781;2328;3;1;good;optimal;0.0;1.0;847270394.0;334.0;1.0;37mb;1;4.2599992752075195;8;SHUFFLE;false;19.261199980974197;4.179999351501465;0.0;37.0;7
932;2313;12;1;good;optimal;0.0;1.0;4.0;94.0;1.0;42mb;1;8.00999927520752;8;SHUFFLE;false;17.503199982456863;4.469999313354492;0.0;42.0;1
558;217;3;1;good;optimal;0.0;1.0;847270386.0;242.0;1.0;37mb;1;4.539999961853027;8;SHUFFLE;false;40.16929998761043;4.339999198913574;0.0;37.0;7
1272;852;8;0;bad;iter_2_network_congestion;8.0;3.0;19359204.0;23040000.0;3.0;336mb;2;148.95999908447266;8;BROADCAST;false;1120.5651999916881;255.75999927520752;0.0;336.0;6
792;745;12;1;good;optimal;0.0;1.0;16.0;435.0;1.0;50mb;1;13.879999160766602;8;SHUFFLE;false;29.21700000297278;4.649999618530273;0.0;50.0;1
589;2273;3;1;good;optimal;0.0;1.0;847270394.0;292.0;1.0;37mb;1;4.209999084472656;8;SHUFFLE;false;23.482899996452034;4.179999351501465;0.0;37.0;7
799;2216;12;1;good;optimal;0.0;1.0;8.0;329.0;1.0;44mb;1;9.459999084472656;8;SHUFFLE;false;28.135199972894043;4.539999961853027;0.0;44.0;1
1159;693;6;0;bad;iter_2_network_congestion;75.0;16.0;25602770688.0;1730000.0;16.0;265mb;4;179.4699993133545;8;SHUFFLE;false;4047.1361000090837;234.81999969482422;0.0;265.0;11
290;2208;12;1;good;optimal;0.0;1.0;16.0;113.0;1.0;50mb;1;13.879999160766602;8;SHUFFLE;false;27.121699997223914;4.649999618530273;0.0;50.0;1
285;31;3;1;good;optimal;28.0;8.0;1602268260.0;8640000.0;8.0;215mb;1;141.26999950408936;8;SHUFFLE;true;52.08409996703267;120.25999927520752;0.0;215.0;8
706;762;8;1;good;optimal;0.0;1.0;1717252922.0;89.0;1.0;42mb;1;8.00999927520752;8;SHUFFLE;false;17.705900012515485;4.319999694824219;0.0;42.0;7
1302;2206;12;0;bad;iter_0_rejected_limit;74.0;38.0;1493901487.0;34560000.0;38.0;1456mb;4;1095.6799993515015;8;SHUFFLE;false;0.0;0.0;0.0;1456.0;3
490;755;6;1;good;optimal;0.0;1.0;1283058580.0;120.0;1.0;37mb;1;4.2599992752075195;8;SHUFFLE;false;33.34650001488626;4.2599992752075195;0.0;37.0;7
759;766;8;1;good;optimal;8.0;3.0;3659969.0;23040000.0;3.0;77mb;1;35.359999656677246;8;SHUFFLE;true;17.765099997632205;28.889999389648438;0.0;77.0;6
266;340;1;1;good;optimal;0.0;1.0;208834412.0;138.0;1.0;37mb;1;4.25;8;SHUFFLE;false;15.083100006449968;4.229999542236328;0.0;37.0;0
327;159;3;1;good;optimal;0.0;1.0;310063930.0;423.0;1.0;37mb;1;4.559999465942383;8;SHUFFLE;false;14.634500024840236;4.5199995040893555;0.0;37.0;0
348;2291;3;1;good;optimal;0.0;1.0;630487792.0;212.0;1.0;37mb;1;4.239999771118164;8;SHUFFLE;false;20.08300001034513;4.229999542236328;0.0;37.0;7
1142;266;1;0;bad;iter_2_network_congestion;44.0;8.0;799186272.0;2880000.0;8.0;137mb;2;81.15999984741211;8;SHUFFLE;false;659.824899979867;93.67999935150146;0.0;137.0;8
59;2309;12;1;good;optimal;3.0;2.0;7801924.0;2000.0;2.0;46mb;1;10.869999885559082;8;SHUFFLE;false;29.414899996481836;10.869999885559082;0.0;46.0;6
910;739;12;1;good;optimal;8.0;3.0;7529390.0;34560000.0;3.0;79mb;1;36.50999927520752;8;SHUFFLE;true;17.816599982324988;29.339999198913574;0.0;79.0;6
1296;2175;12;0;bad;iter_2_network_congestion;8.0;3.0;7531266.0;34560000.0;3.0;311mb;2;147.25999927520752;8;BROADCAST;false;1424.5558999828063;230.4099998474121;0.0;311.0;6
970;2345;6;1;good;optimal;0.0;1.0;630487792.0;203.0;1.0;37mb;1;4.239999771118164;8;SHUFFLE;false;15.351500012911856;4.229999542236328;0.0;37.0;7
904;142;3;1;good;optimal;0.0;1.0;630487792.0;206.0;1.0;37mb;1;4.2699995040893555;8;SHUFFLE;false;15.486999996937811;4.229999542236328;0.0;37.0;7
847;157;3;1;good;optimal;0.0;1.0;310063930.0;208.0;1.0;37mb;1;4.559999465942383;8;SHUFFLE;false;18.012899963650852;4.5199995040893555;0.0;37.0;0
1029;2332;3;1;good;optimal;0.0;1.0;847270386.0;188.0;1.0;37mb;1;4.429999351501465;8;SHUFFLE;false;18.633800034876913;4.289999961853027;0.0;37.0;7
887;2336;12;1;good;optimal;0.0;1.0;1217690352.0;388.0;1.0;38mb;1;4.619999885559082;8;SHUFFLE;false;15.611100010573864;4.2599992752075195;0.0;38.0;7
714;807;8;1;good;optimal;0.0;1.0;16.0;211.0;1.0;43mb;1;8.839999198913574;8;SHUFFLE;false;17.045300046447664;4.439999580383301;0.0;43.0;1
333;2251;3;1;good;optimal;0.0;1.0;630487792.0;461.0;1.0;38mb;1;4.839999198913574;8;SHUFFLE;false;23.653200012631714;4.169999122619629;0.0;38.0;7
1202;754;12;0;bad;iter_2_network_congestion;16.0;5.0;23175524.0;34560000.0;5.0;248mb;4;120.88999938964844;8;BROADCAST;false;2424.5567999896593;182.8799991607666;0.0;248.0;6
1308;2225;12;0;bad;iter_2_network_congestion;21.0;6.0;1247051850.0;8640000.0;6.0;196mb;2;126.90999984741211;8;SHUFFLE;false;881.751400011126;143.9399995803833;0.0;196.0;13
676;835;8;1;good;optimal;8.0;3.0;19357428.0;23040000.0;3.0;79mb;1;36.69999980926514;8;SHUFFLE;true;16.6991000296548;30.09999942779541;0.0;79.0;6
1196;738;12;0;bad;iter_2_network_congestion;16.0;5.0;22057771.0;3460000.0;5.0;160mb;2;99.0;8;SHUFFLE;false;1123.4341000090353;137.39999961853027;0.0;160.0;6
787;802;6;1;good;optimal;0.0;1.0;624175356.0;220.0;1.0;37mb;1;4.579999923706055;8;SHUFFLE;false;30.279099999461323;4.5199995040893555;0.0;37.0;7
1099;113;1;0;bad;iter_2_network_congestion;56.0;15.0;629168892.0;2880000.0;15.0;131mb;2;76.42999935150146;8;SHUFFLE;false;728.8704000529833;89.09999942779541;0.0;131.0;11
1274;855;8;0;bad;iter_2_network_congestion;16.0;5.0;295228570.0;23040000.0;5.0;348mb;2;172.98999977111816;8;BROADCAST;false;783.4407000336796;259.5;0.0;348.0;13
721;105;1;1;good;optimal;48.0;15.0;624513690.0;2880000.0;15.0;115mb;2;64.06999969482422;8;SHUFFLE;true;48.14660002011806;66.32999992370605;0.0;115.0;11
1173;704;8;0;bad;iter_2_network_congestion;20.0;8.0;5119360212.0;17280000.0;8.0;164mb;2;76.36999988555908;8;BROADCAST;false;1328.7557000294328;124.92999935150146;0.0;164.0;8
398;239;1;1;good;optimal;16.0;5.0;104867343.0;719380.0;5.0;72mb;2;31.429999351501465;8;SHUFFLE;true;29.861000017262995;31.859999656677246;0.0;72.0;13
846;2323;3;1;good;optimal;0.0;1.0;310063938.0;199.0;1.0;37mb;1;4.189999580383301;8;SHUFFLE;false;17.341200029477477;4.179999351501465;0.0;37.0;0
619;2286;3;1;good;optimal;24.0;7.0;880090526.0;8640000.0;7.0;249mb;2;167.1299991607666;8;SHUFFLE;true;166.53480002423748;185.13999938964844;0.0;249.0;8
328;87;3;1;good;optimal;0.0;1.0;630487784.0;252.0;1.0;37mb;1;4.569999694824219;8;SHUFFLE;false;14.981699991039932;4.529999732971191;0.0;37.0;7
100;2184;12;1;good;optimal;0.0;1.0;1217690352.0;446.0;1.0;38mb;1;5.079999923706055;8;SHUFFLE;false;15.157099987845868;4.409999847412109;0.0;38.0;7
318;762;6;1;good;optimal;0.0;1.0;1283058572.0;89.0;1.0;42mb;1;8.00999927520752;8;SHUFFLE;false;16.898699977900833;4.239999771118164;0.0;42.0;7
1370;2350;12;0;bad;iter_2_network_congestion;16.0;5.0;1288.0;3460000.0;5.0;429mb;4;218.48999977111816;8;BROADCAST;false;5730.373899976257;317.38999938964844;0.0;429.0;12
83;2301;12;1;good;optimal;0.0;1.0;1217690352.0;231.0;1.0;37mb;1;4.309999465942383;8;SHUFFLE;false;18.464800028596073;4.2599992752075195;0.0;37.0;7
129;2271;12;1;good;optimal;0.0;1.0;1217690352.0;478.0;1.0;37mb;1;4.299999237060547;8;SHUFFLE;false;28.83500000461936;4.2599992752075195;0.0;37.0;7
802;127;3;1;good;optimal;0.0;1.0;310063938.0;106.0;1.0;37mb;1;4.189999580383301;8;SHUFFLE;false;17.65009999508038;4.179999351501465;0.0;37.0;0
12;2269;12;1;good;optimal;21.0;6.0;24385572.0;34560000.0;6.0;110mb;1;60.55999946594238;8;SHUFFLE;true;119.28660003468394;48.03999996185303;0.0;110.0;13
1225;789;6;0;bad;iter_2_network_congestion;48.0;15.0;5215132282.0;17280000.0;15.0;487mb;2;241.94999980926514;8;BROADCAST;false;820.5472000408918;365.23999977111816;0.0;487.0;11
171;2306;12;1;good;optimal;0.0;1.0;16.0;175.0;1.0;43mb;1;8.959999084472656;8;SHUFFLE;false;28.82770000724122;4.489999771118164;0.0;43.0;1
614;747;8;1;good;optimal;0.0;1.0;1717252930.0;198.0;1.0;43mb;1;8.639999389648438;8;SHUFFLE;false;16.78669999819249;4.339999198913574;0.0;43.0;7
1260;823;6;0;bad;iter_0_rejected_limit;6.0;4.0;1722778711.0;86800000.0;4.0;759mb;4;559.5599994659424;8;SHUFFLE;false;0.0;0.0;0.0;759.0;4
260;2340;8;1;good;optimal;0.0;1.0;1717252930.0;473.0;1.0;43mb;1;8.639999389648438;8;SHUFFLE;false;29.581199982203543;4.339999198913574;0.0;43.0;7
691;152;3;1;good;optimal;0.0;1.0;310063926.0;91.0;1.0;37mb;1;4.529999732971191;8;SHUFFLE;false;14.996500045526773;4.489999771118164;0.0;37.0;0
705;689;12;1;good;optimal;0.0;1.0;16.0;290.0;1.0;50mb;1;13.879999160766602;8;SHUFFLE;false;27.96530001796782;4.649999618530273;0.0;50.0;1
695;791;8;1;good;optimal;0.0;1.0;835169820.0;81.0;1.0;42mb;1;8.00999927520752;8;SHUFFLE;false;15.173299994785339;4.159999847412109;0.0;42.0;7
1371;2352;3;0;bad;iter_2_network_congestion;13.0;4.0;1485014826.0;12960000.0;4.0;351mb;2;245.7799997329712;8;SHUFFLE;false;1627.09399999585;242.26999950408936;0.0;351.0;4
722;27;1;1;good;optimal;0.0;1.0;208834404.0;61.0;1.0;37mb;1;4.159999847412109;8;SHUFFLE;false;21.777000045403838;4.119999885559082;0.0;37.0;0
332;2342;6;1;good;optimal;0.0;1.0;847270394.0;247.0;1.0;37mb;1;4.179999351501465;8;SHUFFLE;false;14.657899970188737;4.179999351501465;0.0;37.0;7
355;212;1;1;good;optimal;8.0;3.0;279544573.0;2880000.0;3.0;74mb;1;32.53999996185303;8;SHUFFLE;true;21.38580003520474;28.02999973297119;0.0;74.0;4
138;2331;8;1;good;optimal;0.0;1.0;835169820.0;339.0;1.0;37mb;1;4.569999694824219;8;SHUFFLE;false;34.20759999426082;4.5199995040893555;0.0;37.0;7
381;110;3;1;good;optimal;0.0;1.0;630487792.0;418.0;1.0;37mb;1;4.25;8;SHUFFLE;false;55.334199976641685;4.239999771118164;0.0;37.0;7
292;2290;3;1;good;optimal;0.0;1.0;847270394.0;417.0;1.0;37mb;1;4.399999618530273;8;SHUFFLE;false;19.13650002097711;4.179999351501465;0.0;37.0;7
1117;166;3;0;bad;iter_2_network_congestion;36.0;11.0;1834505053.0;8640000.0;11.0;321mb;2;222.50999927520752;8;SHUFFLE;false;721.5174000011757;245.69999980926514;0.0;321.0;2
598;731;6;1;good;optimal;0.0;1.0;624175352.0;58.0;1.0;42mb;1;8.00999927520752;8;SHUFFLE;false;15.396200004033744;4.489999771118164;0.0;42.0;7
141;746;12;1;good;optimal;0.0;1.0;8.0;180.0;1.0;43mb;1;8.969999313354492;8;SHUFFLE;false;27.97870000358671;4.5;0.0;43.0;1
1216;767;12;0;bad;iter_2_network_congestion;12.0;4.0;7545582.0;34560000.0;4.0;127mb;2;53.59999942779541;8;BROADCAST;false;670.9769000299275;93.32999992370605;0.0;127.0;6
869;2251;12;1;good;optimal;0.0;1.0;16.0;461.0;1.0;43mb;1;8.959999084472656;8;SHUFFLE;false;17.8843000321649;4.489999771118164;0.0;43.0;1
919;2307;12;1;good;optimal;0.0;1.0;16.0;418.0;1.0;43mb;1;8.959999084472656;8;SHUFFLE;false;28.115900000557303;4.489999771118164;0.0;43.0;1
139;117;3;1;good;optimal;0.0;1.0;310063926.0;51.0;1.0;37mb;1;4.539999961853027;8;SHUFFLE;false;15.52409998839721;4.489999771118164;0.0;37.0;0
1204;757;8;0;bad;iter_2_network_congestion;8.0;3.0;19359204.0;23040000.0;3.0;336mb;2;148.81999969482422;8;BROADCAST;false;967.6155999768525;255.7799997329712;0.0;336.0;6
1061;20;1;0;bad;iter_2_network_congestion;20.0;6.0;562597899.0;2880000.0;6.0;155mb;2;94.97999954223633;8;SHUFFLE;false;569.140299980063;110.53999996185303;0.0;155.0;13
224;2235;12;1;good;optimal;0.0;1.0;16.0;267.0;1.0;50mb;1;13.879999160766602;8;SHUFFLE;false;48.44069998944178;4.649999618530273;0.0;50.0;1
811;158;1;1;good;optimal;0.0;1.0;101208570.0;431.0;1.0;33mb;1;1.239999771118164;8;SHUFFLE;false;15.827000024728477;1.169999122619629;0.0;33.0;0
274;2277;3;1;good;optimal;0.0;1.0;847270386.0;219.0;1.0;37mb;1;4.589999198913574;8;SHUFFLE;false;29.301000002305955;4.5;0.0;37.0;7
323;221;3;1;good;optimal;0.0;1.0;310063930.0;115.0;1.0;37mb;1;4.559999465942383;8;SHUFFLE;false;18.224400002509356;4.5199995040893555;0.0;37.0;0
478;773;8;1;good;optimal;17.0;5.0;3457491128.0;11520000.0;5.0;118mb;1;66.47999954223633;8;SHUFFLE;true;28.884400031529367;56.46999931335449;0.0;118.0;4
409;817;6;1;good;optimal;0.0;1.0;624175364.0;389.0;1.0;37mb;1;4.319999694824219;8;SHUFFLE;false;18.246299994643778;4.159999847412109;0.0;37.0;7
325;2272;3;1;good;optimal;0.0;1.0;630487792.0;332.0;1.0;37mb;1;4.359999656677246;8;SHUFFLE;false;20.249399996828288;4.25;0.0;37.0;7
615;2335;3;1;good;optimal;0.0;1.0;310063938.0;155.0;1.0;37mb;1;4.319999694824219;8;SHUFFLE;false;18.71089998167008;4.179999351501465;0.0;37.0;0
299;76;3;1;good;optimal;0.0;1.0;630487784.0;70.0;1.0;42mb;1;8.00999927520752;8;SHUFFLE;false;15.164899989031255;4.379999160766602;0.0;42.0;7
743;753;12;1;good;optimal;0.0;1.0;4.0;82.0;1.0;42mb;1;8.00999927520752;8;SHUFFLE;false;17.49050000216812;4.489999771118164;0.0;42.0;1
669;104;1;1;good;optimal;0.0;1.0;275901324.0;117.0;1.0;37mb;1;4.539999961853027;8;SHUFFLE;false;16.35819999501109;4.5;0.0;37.0;0
567;777;8;1;good;optimal;0.0;1.0;1717252930.0;360.0;1.0;38mb;1;4.6399993896484375;8;SHUFFLE;false;17.01469998806715;2.339999198913574;0.0;38.0;7
1298;2189;12;0;bad;iter_2_network_congestion;12.0;4.0;7545582.0;34560000.0;4.0;127mb;2;53.59999942779541;8;BROADCAST;false;619.1988000064157;93.26999950408936;0.0;127.0;6
739;212;3;1;good;optimal;8.0;3.0;850918899.0;8640000.0;3.0;77mb;1;35.34999942779541;8;SHUFFLE;true;17.09779998054728;29.039999961853027;0.0;77.0;4
621;265;1;1;good;optimal;3.0;2.0;7046947.0;1800.0;2.0;46mb;1;10.869999885559082;8;SHUFFLE;false;27.9372000368312;10.869999885559082;0.0;46.0;6
861;705;12;1;good;optimal;0.0;1.0;16.0;373.0;1.0;43mb;1;8.959999084472656;8;SHUFFLE;false;17.560899956151843;4.489999771118164;0.0;43.0;1
1108;137;1;0;bad;iter_2_network_congestion;16.0;5.0;297328254.0;288040.0;5.0;91mb;2;45.56999969482422;8;SHUFFLE;false;622.7654999820516;50.64999961853027;0.0;91.0;13
859;194;3;1;good;optimal;0.0;1.0;310063938.0;203.0;1.0;37mb;1;4.129999160766602;8;SHUFFLE;false;14.6264000213705;4.089999198913574;0.0;37.0;0
626;2311;3;1;good;optimal;3.0;2.0;13925613.0;3600.0;2.0;47mb;1;11.569999694824219;8;SHUFFLE;false;44.73100003087893;11.559999465942383;0.0;47.0;6
977;2300;12;1;good;optimal;0.0;1.0;1217690344.0;467.0;1.0;38mb;1;5.049999237060547;8;SHUFFLE;false;15.197300002910197;4.5199995040893555;0.0;38.0;7
1318;2257;3;0;bad;iter_2_network_congestion;21.0;6.0;1701836972.0;8640000.0;6.0;185mb;2;117.92999935150146;8;SHUFFLE;false;1131.2816999852657;132.4099998474121;0.0;185.0;4
1223;786;8;0;bad;iter_2_network_congestion;48.0;15.0;2683162056.0;23040000.0;15.0;265mb;2;145.1899995803833;8;BROADCAST;false;672.7840999956243;216.41999912261963;0.0;265.0;11
1234;799;6;0;bad;iter_2_network_congestion;29.0;8.0;339406852.0;864680.0;8.0;205mb;2;133.63999938964844;8;SHUFFLE;false;672.8615000029095;153.55999946594238;0.0;205.0;8
620;30;1;1;good;optimal;0.0;1.0;208834400.0;90.0;1.0;37mb;1;4.529999732971191;8;SHUFFLE;false;20.261800033040345;4.489999771118164;0.0;37.0;0
874;880;6;1;good;optimal;0.0;1.0;1706851056.0;393.0;1.0;43mb;1;8.639999389648438;8;SHUFFLE;false;15.904399973805994;4.339999198913574;0.0;43.0;7
798;2185;12;1;good;optimal;0.0;1.0;1217690344.0;285.0;1.0;38mb;1;4.869999885559082;8;SHUFFLE;false;14.948399970307946;4.34999942779541;0.0;38.0;7
765;136;3;1;good;optimal;0.0;1.0;310063938.0;461.0;1.0;38mb;1;5.0199995040893555;8;SHUFFLE;false;15.02789999358356;4.979999542236328;0.0;38.0;0
467;849;8;1;good;optimal;0.0;1.0;1717252930.0;493.0;1.0;43mb;1;8.739999771118164;8;SHUFFLE;false;18.577099952381104;4.339999198913574;0.0;43.0;7
321;67;1;1;good;optimal;3.0;2.0;7046947.0;1800.0;2.0;46mb;1;10.869999885559082;8;SHUFFLE;false;31.417799997143447;10.869999885559082;0.0;46.0;6
5;2277;12;1;good;optimal;0.0;1.0;8.0;219.0;1.0;50mb;1;13.889999389648438;8;SHUFFLE;false;26.801600004546344;4.659999847412109;0.0;50.0;1
820;238;3;1;good;optimal;0.0;1.0;847270394.0;160.0;1.0;38mb;1;4.809999465942383;8;SHUFFLE;false;14.940899971406907;4.179999351501465;0.0;38.0;7
716;739;8;1;good;optimal;8.0;3.0;19357328.0;23040000.0;3.0;80mb;1;37.25999927520752;8;SHUFFLE;true;18.23679998051375;30.089999198913574;0.0;80.0;6
1063;23;1;0;bad;iter_2_network_congestion;21.0;6.0;88095346.0;287870.0;6.0;81mb;2;38.00999927520752;8;SHUFFLE;false;531.3593999599107;44.30999946594238;0.0;81.0;13
1312;2234;12;0;bad;iter_2_network_congestion;68.0;18.0;3691705530.0;9.22337204e+18;18.0;1042mb;2;579.25;8;BROADCAST;false;1640.7558000064455;783.2599992752075;0.0;1042.0;11
39;4;3;1;good;optimal;0.0;1.0;310063938.0;341.0;1.0;37mb;1;4.159999847412109;8;SHUFFLE;false;17.854300036560744;4.109999656677246;0.0;37.0;0
30;2355;12;1;good;optimal;8.0;3.0;7529390.0;34560000.0;3.0;79mb;1;36.50999927520752;8;SHUFFLE;true;19.07850004499778;29.339999198913574;0.0;79.0;6
242;2320;3;1;good;optimal;0.0;1.0;847270386.0;216.0;1.0;38mb;1;4.779999732971191;8;SHUFFLE;false;18.43130000634119;4.5;0.0;38.0;7
1121;177;3;0;bad;iter_2_network_congestion;16.0;5.0;634141576.0;4320000.0;5.0;92mb;2;46.50999927520752;8;SHUFFLE;false;821.6003000270575;59.19999980926514;0.0;92.0;4
986;800;6;1;good;optimal;8.0;3.0;1298957466.0;8640000.0;3.0;213mb;2;139.86999988555908;8;SHUFFLE;true;363.67300001438707;134.78999996185303;0.0;213.0;4
136;777;6;1;good;optimal;0.0;1.0;1283058580.0;360.0;1.0;34mb;1;2.2799997329711914;8;SHUFFLE;false;18.17950000986457;2.2599992752075195;0.0;34.0;7
310;756;6;1;good;optimal;0.0;1.0;624175356.0;154.0;1.0;37mb;1;4.59999942779541;8;SHUFFLE;false;19.460400042589754;4.529999732971191;0.0;37.0;7
1146;290;1;0;bad;iter_2_network_congestion;8.0;3.0;89697182.0;35250000.0;3.0;418mb;2;297.1499996185303;8;SHUFFLE;false;516.0224999999627;304.41999912261963;0.0;418.0;6
998;84;1;1;good;optimal;0.0;1.0;208834404.0;187.0;1.0;37mb;1;4.559999465942383;8;SHUFFLE;false;19.703499972820282;4.5199995040893555;0.0;37.0;0
754;2253;12;1;good;optimal;0.0;1.0;4.0;64.0;1.0;42mb;1;8.00999927520752;8;SHUFFLE;false;14.935100043658167;4.629999160766602;0.0;42.0;1
1214;767;6;0;bad;iter_2_network_congestion;12.0;4.0;1722774458.0;17280000.0;4.0;125mb;2;55.55999946594238;8;BROADCAST;false;670.4655000357889;88.77999973297119;0.0;125.0;4
1311;2234;3;0;bad;iter_2_network_congestion;68.0;18.0;3517306316.0;3.2638306e+17;18.0;726mb;2;415.1899995803833;8;BROADCAST;false;1457.756599993445;551.2599992752075;0.0;726.0;11
1365;2347;8;0;bad;iter_2_network_congestion;8.0;3.0;19359204.0;23040000.0;3.0;336mb;2;148.81999969482422;8;BROADCAST;false;1119.5859999861568;255.76999950408936;0.0;336.0;6
571;2233;3;1;good;optimal;0.0;1.0;310063938.0;187.0;1.0;37mb;1;4.189999580383301;8;SHUFFLE;false;17.888300004415214;4.189999580383301;0.0;37.0;0
3;2332;12;1;good;optimal;0.0;1.0;8.0;188.0;1.0;50mb;1;13.889999389648438;8;SHUFFLE;false;27.343499998096377;4.659999847412109;0.0;50.0;1
111;781;12;1;good;optimal;0.0;1.0;1217690352.0;435.0;1.0;38mb;1;4.7699995040893555;8;SHUFFLE;false;25.820600043516606;4.2599992752075195;0.0;38.0;7
1250;811;6;0;bad;iter_2_network_congestion;56.0;15.0;3683544950.0;17280000.0;15.0;211mb;2;137.72999954223633;8;SHUFFLE;false;1724.9138999613933;187.6299991607666;0.0;211.0;11
780;77;1;1;good;optimal;0.0;1.0;101208570.0;153.0;1.0;34mb;1;2.179999351501465;8;SHUFFLE;false;17.8474000422284;2.169999122619629;0.0;34.0;0
1186;725;12;0;bad;iter_2_network_congestion;28.0;8.0;14547420.0;480270000.0;8.0;435mb;4;156.95999908447266;8;BROADCAST;false;2028.113900043536;318.5299997329712;0.0;435.0;13
1303;2213;12;0;bad;iter_2_network_congestion;22.0;6.0;270798080.0;17280000.0;6.0;226mb;2;149.47999954223633;8;SHUFFLE;false;1522.1002000034787;172.25;0.0;226.0;13
1049;794;8;1;good;optimal;0.0;1.0;1717252930.0;209.0;1.0;43mb;1;8.639999389648438;8;SHUFFLE;false;18.637800007127225;4.339999198913574;0.0;43.0;7
715;191;3;1;good;optimal;0.0;1.0;310063938.0;475.0;1.0;37mb;1;4.189999580383301;8;SHUFFLE;false;14.715999946929514;4.109999656677246;0.0;37.0;0
1197;744;6;0;bad;iter_2_network_congestion;44.0;12.0;3896920881.0;8970000.0;12.0;596mb;2;434.3999996185303;8;SHUFFLE;false;1227.6575000141747;500.0699996948242;0.0;596.0;2
376;751;8;1;good;optimal;0.0;1.0;1717252922.0;343.0;1.0;43mb;1;8.75999927520752;8;SHUFFLE;false;28.35049998247996;4.559999465942383;0.0;43.0;7
314;132;3;1;good;optimal;0.0;1.0;847270386.0;398.0;1.0;37mb;1;4.539999961853027;8;SHUFFLE;false;27.530600025784224;4.5;0.0;37.0;7
442;2311;6;1;good;optimal;3.0;2.0;13925613.0;3600.0;2.0;47mb;1;11.569999694824219;8;SHUFFLE;false;41.02699999930337;11.559999465942383;0.0;47.0;6
319;707;6;1;good;optimal;0.0;1.0;1706851048.0;478.0;1.0;43mb;1;8.649999618530273;8;SHUFFLE;false;28.66469998843968;4.529999732971191;0.0;43.0;7
680;127;1;1;good;optimal;0.0;1.0;101208570.0;106.0;1.0;34mb;1;2.169999122619629;8;SHUFFLE;false;21.13819995429367;2.1599998474121094;0.0;34.0;0
670;29;3;1;good;optimal;8.0;3.0;320655652.0;2160000.0;3.0;122mb;2;69.66999912261963;8;SHUFFLE;true;160.2955000125803;61.28999996185303;0.0;122.0;4
424;87;1;1;good;optimal;0.0;1.0;208834404.0;252.0;1.0;37mb;1;4.559999465942383;8;SHUFFLE;false;18.606700003147125;4.5199995040893555;0.0;37.0;0
1352;2322;6;0;bad;iter_2_network_congestion;45.0;12.0;1972164079.0;8640000.0;12.0;452mb;2;323.6899995803833;8;SHUFFLE;false;903.9030999992974;356.3499994277954;0.0;452.0;2
1057;692;8;1;good;optimal;21.0;6.0;67182384.0;23040000.0;6.0;129mb;1;74.98999977111816;8;SHUFFLE;true;166.14460002165288;63.579999923706055;0.0;129.0;13
1120;177;1;0;bad;iter_2_network_congestion;16.0;5.0;212486050.0;1440000.0;5.0;78mb;2;35.519999504089355;8;SHUFFLE;false;628.0392000335269;48.209999084472656;0.0;78.0;13
526;2276;3;1;good;optimal;8.0;3.0;857861710.0;8640000.0;3.0;76mb;1;33.8799991607666;8;SHUFFLE;true;30.935399990994483;29.049999237060547;0.0;76.0;4
227;37;1;1;good;optimal;0.0;1.0;275901324.0;258.0;1.0;37mb;1;4.559999465942383;8;SHUFFLE;false;49.21590001322329;4.5;0.0;37.0;0
602;164;3;1;good;optimal;0.0;1.0;630487784.0;190.0;1.0;38mb;1;5.039999961853027;8;SHUFFLE;false;16.80750004015863;4.529999732971191;0.0;38.0;7
745;729;12;1;good;optimal;0.0;1.0;1217690352.0;301.0;1.0;37mb;1;4.2599992752075195;8;SHUFFLE;false;16.658200009260327;4.2599992752075195;0.0;37.0;7
893;7;1;1;good;optimal;8.0;3.0;283053278.0;2880000.0;3.0;72mb;1;30.9399995803833;8;SHUFFLE;true;20.802500017452985;28.02999973297119;0.0;72.0;4
584;35;3;1;good;optimal;0.0;1.0;847270386.0;435.0;1.0;38mb;1;5.0199995040893555;8;SHUFFLE;false;15.102599980309606;4.5;0.0;38.0;7
66;8;3;1;good;optimal;0.0;1.0;310063938.0;446.0;1.0;37mb;1;4.189999580383301;8;SHUFFLE;false;24.26399994874373;4.179999351501465;0.0;37.0;0
881;2207;12;1;good;optimal;0.0;1.0;1217690340.0;56.0;1.0;42mb;1;8.00999927520752;8;SHUFFLE;false;15.360800025518984;4.489999771118164;0.0;42.0;7
1054;218;1;1;good;optimal;34.0;9.0;630552280.0;2880000.0;9.0;377mb;2;265.38999938964844;8;SHUFFLE;true;363.64039999898523;267.3699998855591;0.0;377.0;8
211;707;8;1;good;optimal;0.0;1.0;8.0;478.0;1.0;43mb;1;8.84999942779541;8;SHUFFLE;false;29.2333000106737;4.5099992752075195;0.0;43.0;1
864;251;1;1;good;optimal;0.0;1.0;208834412.0;118.0;1.0;34mb;1;2.219999313354492;8;SHUFFLE;false;14.69159999396652;2.179999351501465;0.0;34.0;0
1167;695;12;0;bad;iter_2_network_congestion;56.0;15.0;857380756.0;3450000.0;15.0;149mb;2;90.36999988555908;8;SHUFFLE;false;1126.1912999907508;113.32999992370605;0.0;149.0;11
536;219;3;1;good;optimal;0.0;1.0;847270394.0;422.0;1.0;37mb;1;4.309999465942383;8;SHUFFLE;false;15.11669997125864;4.179999351501465;0.0;37.0;7
899;700;6;1;good;optimal;0.0;1.0;1706851048.0;443.0;1.0;43mb;1;8.75;8;SHUFFLE;false;19.173900014720857;4.34999942779541;0.0;43.0;7
560;761;12;1;good;optimal;0.0;1.0;8.0;463.0;1.0;44mb;1;9.5;8;SHUFFLE;false;31.831400003284216;4.539999961853027;0.0;44.0;1
1085;88;1;0;bad;iter_2_network_congestion;44.0;12.0;647999940.0;123250000.0;12.0;527mb;2;381.039999961853;8;SHUFFLE;false;827.965900010895;444.9099998474121;0.0;527.0;2
1235;799;8;0;bad;iter_2_network_congestion;29.0;8.0;448668472.0;1150000.0;8.0;217mb;2;142.83999919891357;8;SHUFFLE;false;681.79100000998;171.26999950408936;0.0;217.0;8
987;831;6;1;good;optimal;0.0;1.0;1283058580.0;180.0;1.0;38mb;1;4.809999465942383;8;SHUFFLE;false;14.86360002309084;4.2599992752075195;0.0;38.0;7
771;830;8;1;good;optimal;12.0;4.0;933046050.0;23040000.0;4.0;190mb;1;122.22999954223633;8;SHUFFLE;true;27.740899997297674;116.91999912261963;0.0;190.0;4
999;28;1;1;good;optimal;8.0;3.0;215988174.0;1440000.0;3.0;185mb;1;117.75999927520752;8;SHUFFLE;true;184.04319998808205;109.34999942779541;0.0;185.0;4
1236;799;12;0;bad;iter_2_network_congestion;29.0;8.0;559502952.0;1730000.0;8.0;227mb;2;150.61999988555908;8;SHUFFLE;false;664.6668000030331;170.41999912261963;0.0;227.0;8
1228;790;6;0;bad;iter_2_network_congestion;44.0;8.0;4807598716.0;17280000.0;8.0;265mb;2;179.39999961853027;8;SHUFFLE;false;758.2460000412539;217.39999961853027;0.0;265.0;8
1283;871;6;0;bad;iter_2_network_congestion;16.0;5.0;627835848.0;4320000.0;5.0;88mb;2;43.4399995803833;8;SHUFFLE;false;512.4434999888763;56.1299991607666;0.0;88.0;4
839;2325;8;1;good;optimal;0.0;1.0;16.0;208.0;1.0;43mb;1;8.869999885559082;8;SHUFFLE;false;30.886000022292137;4.439999580383301;0.0;43.0;1
273;352;1;1;good;optimal;0.0;1.0;101208562.0;156.0;1.0;35mb;1;2.3299999237060547;8;SHUFFLE;false;15.405900019686669;2.2899999618530273;0.0;35.0;0
610;79;3;1;good;optimal;12.0;4.0;857882116.0;8640000.0;4.0;118mb;2;66.61999988555908;8;SHUFFLE;true;29.116000048816204;60.69999980926514;0.0;118.0;4
362;724;8;1;good;optimal;0.0;1.0;16.0;282.0;1.0;43mb;1;8.839999198913574;8;SHUFFLE;false;28.600100020412356;4.439999580383301;0.0;43.0;1
2;2319;6;1;good;optimal;0.0;1.0;630487784.0;467.0;1.0;38mb;1;4.699999809265137;8;SHUFFLE;false;19.985000020824373;4.529999732971191;0.0;38.0;7
6;742;12;1;good;optimal;0.0;1.0;8.0;298.0;1.0;50mb;1;13.889999389648438;8;SHUFFLE;false;28.858300007414073;4.659999847412109;0.0;50.0;1
311;2223;3;1;good;optimal;8.0;3.0;641080884.0;4320000.0;3.0;199mb;2;128.58999919891357;8;SHUFFLE;true;318.21719999425113;123.42999935150146;0.0;199.0;4
561;109;1;1;good;optimal;8.0;3.0;283053218.0;2880000.0;3.0;72mb;1;31.139999389648438;8;SHUFFLE;true;217.03620004700497;29.489999771118164;0.0;72.0;4
988;2351;12;1;good;optimal;0.0;1.0;4.0;91.0;1.0;42mb;1;8.00999927520752;8;SHUFFLE;false;16.728000016883016;4.489999771118164;0.0;42.0;1
1356;2326;12;0;bad;iter_2_network_congestion;12.0;4.0;7545582.0;34560000.0;4.0;127mb;2;53.59999942779541;8;BROADCAST;false;617.2344999504276;93.32999992370605;0.0;127.0;6
215;708;6;1;good;optimal;0.0;1.0;624175364.0;315.0;1.0;37mb;1;4.229999542236328;8;SHUFFLE;false;19.964400038588792;4.179999351501465;0.0;37.0;7
579;2258;3;1;good;optimal;0.0;1.0;630487784.0;191.0;1.0;37mb;1;4.489999771118164;8;SHUFFLE;false;17.743300006259233;4.359999656677246;0.0;37.0;7
27;63;1;1;good;optimal;0.0;1.0;275901332.0;277.0;1.0;34mb;1;2.109999656677246;8;SHUFFLE;false;27.878900000359863;2.0699996948242188;0.0;34.0;0
966;807;12;1;good;optimal;0.0;1.0;16.0;211.0;1.0;50mb;1;13.879999160766602;8;SHUFFLE;false;27.290600002743304;4.649999618530273;0.0;50.0;1
857;722;6;1;good;optimal;0.0;1.0;624175356.0;259.0;1.0;37mb;1;4.59999942779541;8;SHUFFLE;false;15.47389995539561;4.5199995040893555;0.0;37.0;7
572;2295;3;1;good;optimal;0.0;1.0;847270394.0;388.0;1.0;37mb;1;4.229999542236328;8;SHUFFLE;false;16.363099974114448;4.179999351501465;0.0;37.0;7
764;188;3;1;good;optimal;0.0;1.0;310063938.0;444.0;1.0;34mb;1;2.189999580383301;8;SHUFFLE;false;17.846399976406246;2.1499996185302734;0.0;34.0;0
979;331;1;1;good;optimal;0.0;1.0;275901324.0;356.0;1.0;37mb;1;4.539999961853027;8;SHUFFLE;false;14.8621000116691;4.5;0.0;37.0;0
1036;258;1;1;good;optimal;0.0;1.0;101208558.0;87.0;1.0;37mb;1;4.529999732971191;8;SHUFFLE;false;15.21310000680387;4.489999771118164;0.0;37.0;0
256;29;1;1;good;optimal;8.0;3.0;108360924.0;719380.0;3.0;108mb;1;58.52999973297119;8;SHUFFLE;true;114.73029997432604;46.94999980926514;0.0;108.0;6
25;837;8;1;good;optimal;0.0;1.0;8.0;252.0;1.0;43mb;1;8.84999942779541;8;SHUFFLE;false;28.85740000056103;4.529999732971191;0.0;43.0;1
336;743;8;1;good;optimal;0.0;1.0;835169828.0;261.0;1.0;38mb;1;5.169999122619629;8;SHUFFLE;false;18.01609998801723;4.979999542236328;0.0;38.0;7
47;166;1;1;good;optimal;36.0;11.0;617417655.0;2880000.0;11.0;284mb;2;194.19999980926514;8;BROADCAST;true;67.04499997431412;226.06999969482422;0.0;284.0;2
106;79;1;1;good;optimal;12.0;4.0;283068460.0;2880000.0;4.0;109mb;2;59.769999504089355;8;SHUFFLE;true;35.713499994017184;56.02999973297119;0.0;109.0;4
349;2288;12;1;good;optimal;0.0;1.0;1217690344.0;99.0;1.0;42mb;1;8.00999927520752;8;SHUFFLE;false;18.40160001302138;4.3899993896484375;0.0;42.0;7
55;2346;8;1;good;optimal;0.0;1.0;16.0;218.0;1.0;43mb;1;8.839999198913574;8;SHUFFLE;false;31.966599985025823;4.439999580383301;0.0;43.0;1
682;815;6;1;good;optimal;0.0;1.0;1706851056.0;229.0;1.0;43mb;1;8.639999389648438;8;SHUFFLE;false;16.98810001835227;4.339999198913574;0.0;43.0;7
213;691;6;1;good;optimal;0.0;1.0;1283058572.0;279.0;1.0;38mb;1;5.039999961853027;8;SHUFFLE;false;17.395799979567528;4.5199995040893555;0.0;38.0;7
120;217;1;1;good;optimal;0.0;1.0;275901324.0;242.0;1.0;37mb;1;4.379999160766602;8;SHUFFLE;false;16.806699975859374;4.339999198913574;0.0;37.0;0
731;2274;12;1;good;optimal;0.0;1.0;1217690344.0;101.0;1.0;37mb;1;4.59999942779541;8;SHUFFLE;false;17.353700008243322;4.339999198913574;0.0;37.0;7
638;25;1;1;good;optimal;8.0;3.0;283053218.0;2880000.0;3.0;72mb;1;31.09999942779541;8;SHUFFLE;true;20.560999982990324;28.039999961853027;0.0;72.0;4
72;784;12;1;good;optimal;0.0;1.0;16.0;266.0;1.0;43mb;1;8.959999084472656;8;SHUFFLE;false;29.348299955017865;4.489999771118164;0.0;43.0;1
660;2214;12;1;good;optimal;3.0;2.0;7801924.0;2000.0;2.0;46mb;1;10.869999885559082;8;SHUFFLE;false;38.479500042740256;10.869999885559082;0.0;46.0;6
1182;718;8;0;bad;iter_2_network_congestion;20.0;6.0;1632.0;2300000.0;6.0;326mb;4;226.26999950408936;8;SHUFFLE;false;4241.375100042205;261.6199998855591;0.0;326.0;12
45;821;6;1;good;optimal;0.0;1.0;1706851056.0;257.0;1.0;43mb;1;8.639999389648438;8;SHUFFLE;false;18.040800001472235;4.339999198913574;0.0;43.0;7
1270;836;8;0;bad;iter_2_network_congestion;20.0;8.0;2581301778.0;23040000.0;8.0;328mb;2;133.1899995803833;8;BROADCAST;false;518.8046999974176;247.03999996185303;0.0;328.0;8
523;2346;12;1;good;optimal;0.0;1.0;16.0;218.0;1.0;50mb;1;13.879999160766602;8;SHUFFLE;false;27.342699992004782;4.649999618530273;0.0;50.0;1
730;863;6;1;good;optimal;8.0;3.0;1722748166.0;17280000.0;3.0;80mb;1;37.22999954223633;8;SHUFFLE;true;16.84900000691414;30.089999198913574;0.0;80.0;4
1256;814;8;0;bad;iter_2_network_congestion;8.0;3.0;19359204.0;23040000.0;3.0;336mb;2;148.88999938964844;8;BROADCAST;false;986.1901999684051;255.76999950408936;0.0;336.0;6
744;888;6;1;good;optimal;20.0;6.0;274142952.0;1920000.0;6.0;67mb;1;27.519999504089355;8;SHUFFLE;true;269.81660001911223;28.4399995803833;0.0;67.0;13
533;343;1;1;good;optimal;0.0;1.0;275901324.0;363.0;1.0;37mb;1;4.379999160766602;8;SHUFFLE;false;18.313799984753132;4.339999198913574;0.0;37.0;0
465;317;1;1;good;optimal;0.0;1.0;208834404.0;103.0;1.0;37mb;1;4.559999465942383;8;SHUFFLE;false;18.26069998787716;4.5199995040893555;0.0;37.0;0
1035;136;1;1;good;optimal;0.0;1.0;101208570.0;461.0;1.0;35mb;1;2.4499998092651367;8;SHUFFLE;false;21.645899978466332;2.3899993896484375;0.0;35.0;0
1175;713;6;0;bad;iter_2_network_congestion;75.0;16.0;25602770688.0;1730000.0;16.0;295mb;4;202.86999988555908;8;SHUFFLE;false;3344.957199995406;207.2799997329712;0.0;295.0;11
813;2228;12;1;good;optimal;0.0;1.0;8.0;50.0;1.0;42mb;1;8.00999927520752;8;SHUFFLE;false;17.720600008033216;4.469999313354492;0.0;42.0;1
60;750;12;1;good;optimal;0.0;1.0;16.0;319.0;1.0;50mb;1;13.879999160766602;8;SHUFFLE;false;28.006399981677532;4.649999618530273;0.0;50.0;1
92;198;1;1;good;optimal;8.0;3.0;283053318.0;2880000.0;3.0;72mb;1;31.119999885559082;8;SHUFFLE;true;212.2959000407718;29.489999771118164;0.0;72.0;4
858;2309;3;1;good;optimal;3.0;2.0;13925613.0;3600.0;2.0;47mb;1;11.569999694824219;8;SHUFFLE;false;41.015999973751605;11.559999465942383;0.0;47.0;6
194;2330;6;1;good;optimal;0.0;1.0;630487792.0;155.0;1.0;35mb;1;2.7699995040893555;8;SHUFFLE;false;17.866400012280792;2.1499996185302734;0.0;35.0;7
280;2305;12;1;good;optimal;0.0;1.0;1217690344.0;376.0;1.0;38mb;1;5.059999465942383;8;SHUFFLE;false;16.684699978213757;4.529999732971191;0.0;38.0;7
359;133;3;1;good;optimal;0.0;1.0;847270394.0;239.0;1.0;37mb;1;4.429999351501465;8;SHUFFLE;false;33.13210001215339;4.179999351501465;0.0;37.0;7
519;153;1;1;good;optimal;0.0;1.0;275901324.0;350.0;1.0;37mb;1;4.539999961853027;8;SHUFFLE;false;14.971200027503073;4.5;0.0;37.0;0
1338;2296;12;0;bad;iter_2_network_congestion;13.0;4.0;7256672.0;51840000.0;4.0;1536mb;4;921.1099996566772;8;BROADCAST;false;4940.383800014388;1146.8799991607666;0.0;1536.0;6
651;162;3;1;good;optimal;0.0;1.0;847270382.0;67.0;1.0;42mb;1;8.00999927520752;8;SHUFFLE;false;14.867699996102601;4.479999542236328;0.0;42.0;7
182;332;1;1;good;optimal;0.0;1.0;101208562.0;297.0;1.0;35mb;1;2.3299999237060547;8;SHUFFLE;false;14.958000043407083;2.2899999618530273;0.0;35.0;0
110;2226;12;1;good;optimal;0.0;1.0;1217690344.0;65.0;1.0;42mb;1;8.00999927520752;8;SHUFFLE;false;18.414399994071573;4.239999771118164;0.0;42.0;7
915;205;1;1;good;optimal;24.0;7.0;55316553.0;144070.0;7.0;85mb;1;40.77999973297119;8;SHUFFLE;true;164.40180002246052;37.94999980926514;0.0;85.0;13
770;2293;3;1;good;optimal;0.0;1.0;630487792.0;159.0;1.0;38mb;1;4.789999961853027;8;SHUFFLE;false;16.81310002459213;4.149999618530273;0.0;38.0;7
204;2200;12;1;good;optimal;0.0;1.0;16.0;103.0;1.0;43mb;1;8.959999084472656;8;SHUFFLE;false;28.394700028002262;4.489999771118164;0.0;43.0;1
824;2263;12;1;good;optimal;0.0;1.0;8.0;337.0;1.0;50mb;1;13.889999389648438;8;SHUFFLE;false;50.73600000469014;4.659999847412109;0.0;50.0;1
52;2319;3;1;good;optimal;0.0;1.0;630487784.0;467.0;1.0;38mb;1;5.029999732971191;8;SHUFFLE;false;30.214700032956898;4.529999732971191;0.0;38.0;7
545;775;12;1;good;optimal;0.0;1.0;1217690344.0;64.0;1.0;42mb;1;8.00999927520752;8;SHUFFLE;false;16.150299983564764;4.239999771118164;0.0;42.0;7
953;82;1;1;good;optimal;0.0;1.0;208834412.0;350.0;1.0;37mb;1;4.239999771118164;8;SHUFFLE;false;18.304899975191802;4.199999809265137;0.0;37.0;0
752;161;3;1;good;optimal;0.0;1.0;847270386.0;128.0;1.0;37mb;1;4.5099992752075195;8;SHUFFLE;false;15.180299989879131;4.309999465942383;0.0;37.0;7
718;893;6;1;good;optimal;0.0;1.0;1706851048.0;197.0;1.0;43mb;1;9.179999351501465;8;SHUFFLE;false;31.71089995885268;4.529999732971191;0.0;43.0;7
1125;198;3;0;bad;iter_2_network_congestion;8.0;3.0;857861710.0;8640000.0;3.0;72mb;2;31.16999912261963;8;SHUFFLE;false;566.2169000133872;37.50999927520752;0.0;72.0;4
183;831;8;1;good;optimal;0.0;1.0;1717252930.0;180.0;1.0;43mb;1;8.819999694824219;8;SHUFFLE;false;18.583299999590963;4.339999198913574;0.0;43.0;7
137;784;6;1;good;optimal;0.0;1.0;1283058580.0;266.0;1.0;39mb;1;5.649999618530273;8;SHUFFLE;false;17.945499974302948;4.979999542236328;0.0;39.0;7
818;131;1;1;good;optimal;0.0;1.0;101208570.0;222.0;1.0;33mb;1;1.2699995040893555;8;SHUFFLE;false;20.37969999946654;1.2099990844726562;0.0;33.0;0
80;108;3;1;good;optimal;0.0;1.0;630487784.0;298.0;1.0;38mb;1;5.049999237060547;8;SHUFFLE;false;15.759999980218709;4.5199995040893555;0.0;38.0;7
1115;149;3;0;bad;iter_2_network_congestion;36.0;12.0;2573643748.0;8640000.0;12.0;267mb;2;181.0;8;SHUFFLE;false;800.5495999823324;207.6299991607666;0.0;267.0;2
105;174;3;1;good;optimal;0.0;1.0;630487792.0;328.0;1.0;37mb;1;4.239999771118164;8;SHUFFLE;false;18.57059996109456;4.199999809265137;0.0;37.0;7
541;126;1;1;good;optimal;0.0;1.0;101208558.0;65.0;1.0;37mb;1;4.529999732971191;8;SHUFFLE;false;19.65820003533736;4.489999771118164;0.0;37.0;0
1144;278;1;0;bad;iter_2_network_congestion;21.0;6.0;88095346.0;287870.0;6.0;81mb;2;37.989999771118164;8;SHUFFLE;false;513.2659000228159;44.28999996185303;0.0;81.0;13
480;2336;6;1;good;optimal;0.0;1.0;310063938.0;388.0;1.0;37mb;1;4.189999580383301;8;SHUFFLE;false;16.362600028514862;4.189999580383301;0.0;37.0;0
165;884;6;1;good;optimal;0.0;1.0;624175356.0;299.0;1.0;38mb;1;4.789999961853027;8;SHUFFLE;false;18.660500005353242;4.5199995040893555;0.0;38.0;7
248;2179;12;1;good;optimal;0.0;1.0;1217690344.0;456.0;1.0;38mb;1;5.029999732971191;8;SHUFFLE;false;15.790500037837774;4.5199995040893555;0.0;38.0;7
307;782;6;1;good;optimal;5.0;2.0;24537234.0;6400.0;2.0;60mb;1;21.609999656677246;8;SHUFFLE;true;50.92290003085509;12.75;0.0;60.0;6
990;156;3;1;good;optimal;0.0;1.0;310063930.0;183.0;1.0;37mb;1;4.329999923706055;8;SHUFFLE;false;16.887700010556728;4.289999961853027;0.0;37.0;0
1219;769;12;0;bad;iter_2_network_congestion;75.0;16.0;4924.0;3460000.0;16.0;431mb;4;234.29999923706055;8;BROADCAST;false;7348.356499976944;331.73999977111816;0.0;431.0;5
334;111;3;1;good;optimal;0.0;1.0;630487792.0;456.0;1.0;37mb;1;4.239999771118164;8;SHUFFLE;false;16.808199987281114;4.149999618530273;0.0;37.0;7
97;131;3;1;good;optimal;0.0;1.0;310063938.0;222.0;1.0;37mb;1;4.2599992752075195;8;SHUFFLE;false;17.539600026793778;4.219999313354492;0.0;37.0;0
668;2261;12;1;good;optimal;0.0;1.0;8.0;145.0;1.0;50mb;1;14.119999885559082;8;SHUFFLE;false;27.484599966555834;4.659999847412109;0.0;50.0;1
793;2323;6;1;good;optimal;0.0;1.0;310063938.0;199.0;1.0;37mb;1;4.189999580383301;8;SHUFFLE;false;19.43250000476837;4.179999351501465;0.0;37.0;0
102;5;3;1;good;optimal;0.0;1.0;847270386.0;162.0;1.0;37mb;1;4.589999198913574;8;SHUFFLE;false;22.126000025309622;4.5;0.0;37.0;7
1185;725;8;0;bad;iter_2_network_congestion;28.0;8.0;14577240.0;23040000.0;8.0;432mb;2;206.17999935150146;8;BROADCAST;false;1725.7423999835737;315.5599994659424;0.0;432.0;13
889;820;12;1;good;optimal;24.0;7.0;301584888.0;1730000.0;7.0;90mb;1;45.25999927520752;8;SHUFFLE;true;38.220399990677834;38.72999954223633;0.0;90.0;13
1227;789;12;0;bad;iter_2_network_congestion;48.0;15.0;69445668.0;34560000.0;15.0;485mb;2;214.89999961853027;8;BROADCAST;false;721.0464999661781;369.1899995803833;0.0;485.0;11
1134;208;3;0;bad;iter_2_network_congestion;12.0;4.0;867447211.0;4320000.0;4.0;145mb;2;87.51999950408936;8;SHUFFLE;false;1622.9047999950126;89.84999942779541;0.0;145.0;4
1244;808;6;0;bad;iter_2_network_congestion;20.0;8.0;3639503702.0;17280000.0;8.0;322mb;2;131.9699993133545;8;BROADCAST;false;517.2647999715991;234.16999912261963;0.0;322.0;8
302;155;1;1;good;optimal;8.0;3.0;283053278.0;2880000.0;3.0;72mb;1;30.9399995803833;8;SHUFFLE;true;16.514699964318424;28.02999973297119;0.0;72.0;4
1160;693;8;0;bad;iter_2_network_congestion;75.0;16.0;5128.0;2300000.0;16.0;304mb;4;209.56999969482422;8;SHUFFLE;false;5242.517700011376;231.48999977111816;0.0;304.0;5
1374;2352;12;0;bad;iter_2_network_congestion;13.0;4.0;7256672.0;51840000.0;4.0;1071mb;4;503.42999935150146;8;SHUFFLE;false;3828.2245000009425;791.8499994277954;0.0;1071.0;6
388;147;1;1;good;optimal;8.0;3.0;108360924.0;719380.0;3.0;107mb;1;58.429999351501465;8;SHUFFLE;true;31.23379999306053;46.16999912261963;0.0;107.0;6
235;31;1;1;good;optimal;28.0;8.0;533952617.0;2880000.0;8.0;115mb;1;64.31999969482422;8;SHUFFLE;true;38.10050000902265;64.1299991607666;0.0;115.0;8
1145;282;1;0;bad;iter_2_network_congestion;12.0;4.0;89701940.0;11740000.0;4.0;92mb;2;46.27999973297119;8;SHUFFLE;false;766.173499985598;55.79999923706055;0.0;92.0;13
921;751;12;1;good;optimal;0.0;1.0;8.0;343.0;1.0;44mb;1;9.559999465942383;8;SHUFFLE;false;18.501100013963878;4.5199995040893555;0.0;44.0;1
305;845;6;1;good;optimal;16.0;5.0;1314612476.0;8640000.0;5.0;142mb;2;84.80999946594238;8;SHUFFLE;true;162.40359999937937;92.80999946594238;0.0;142.0;4
1000;2238;12;1;good;optimal;0.0;1.0;16.0;219.0;1.0;50mb;1;13.879999160766602;8;SHUFFLE;false;32.45769999921322;4.649999618530273;0.0;50.0;1
1114;149;1;0;bad;iter_2_network_congestion;36.0;12.0;849202780.0;2880000.0;12.0;247mb;2;166.01999950408936;8;SHUFFLE;false;570.2490999829024;192.89999961853027;0.0;247.0;2
249;99;1;1;good;optimal;0.0;1.0;275901320.0;99.0;1.0;37mb;1;4.369999885559082;8;SHUFFLE;false;17.55859999684617;4.319999694824219;0.0;37.0;0
983;766;6;1;good;optimal;8.0;3.0;1710506299.0;17280000.0;3.0;77mb;1;35.359999656677246;8;SHUFFLE;true;35.14360002009198;28.8799991607666;0.0;77.0;4
963;2181;12;1;good;optimal;0.0;1.0;16.0;435.0;1.0;50mb;1;13.879999160766602;8;SHUFFLE;false;27.374500001315027;4.649999618530273;0.0;50.0;1
71;2190;12;1;good;optimal;0.0;1.0;1217690344.0;377.0;1.0;38mb;1;5.0099992752075195;8;SHUFFLE;false;27.779099997133017;4.529999732971191;0.0;38.0;7
94;793;6;1;good;optimal;0.0;1.0;624175356.0;162.0;1.0;38mb;1;5.039999961853027;8;SHUFFLE;false;16.803599952254444;4.5199995040893555;0.0;38.0;7
711;2327;6;1;good;optimal;0.0;1.0;310063938.0;339.0;1.0;34mb;1;2.189999580383301;8;SHUFFLE;false;23.39739998569712;2.1299991607666016;0.0;34.0;0
33;2276;12;1;good;optimal;8.0;3.0;7529490.0;34560000.0;3.0;79mb;1;36.19999980926514;8;SHUFFLE;true;19.06700001563877;29.59999942779541;0.0;79.0;6
997;2327;12;1;good;optimal;0.0;1.0;1217690352.0;339.0;1.0;37mb;1;4.539999961853027;8;SHUFFLE;false;17.016500001773238;4.2599992752075195;0.0;37.0;7
448;115;3;1;good;optimal;0.0;1.0;310063930.0;58.0;1.0;34mb;1;2.179999351501465;8;SHUFFLE;false;15.284800028894097;2.1299991607666016;0.0;34.0;0
445;21;3;1;good;optimal;0.0;1.0;310063938.0;189.0;1.0;37mb;1;4.159999847412109;8;SHUFFLE;false;14.606200042180717;4.089999198913574;0.0;37.0;0
1221;779;12;0;bad;iter_2_network_congestion;12.0;4.0;100162016.0;17280000.0;4.0;281mb;2;128.19999980926514;8;BROADCAST;false;817.653700010851;208.26999950408936;0.0;281.0;13
937;51;3;1;good;optimal;0.0;1.0;847270386.0;400.0;1.0;37mb;1;4.529999732971191;8;SHUFFLE;false;17.314299999270588;4.5;0.0;37.0;7
879;341;1;1;good;optimal;0.0;1.0;101208570.0;382.0;1.0;37mb;1;0.6668453216552734;8;SHUFFLE;false;14.954799960833043;0.6092281341552734;0.0;37.0;0
77;841;8;1;good;optimal;0.0;1.0;1717252922.0;225.0;1.0;44mb;1;9.50999927520752;8;SHUFFLE;false;18.515900010243058;4.5199995040893555;0.0;44.0;7
84;53;3;1;good;optimal;0.0;1.0;310063930.0;381.0;1.0;37mb;1;4.559999465942383;8;SHUFFLE;false;16.82680001249537;4.5199995040893555;0.0;37.0;0
701;214;3;1;good;optimal;0.0;1.0;310063930.0;307.0;1.0;37mb;1;4.559999465942383;8;SHUFFLE;false;14.905099989846349;4.5199995040893555;0.0;37.0;0
82;121;3;1;good;optimal;0.0;1.0;310063938.0;311.0;1.0;37mb;1;4.189999580383301;8;SHUFFLE;false;15.032899973448366;4.179999351501465;0.0;37.0;0
457;843;6;1;good;optimal;0.0;1.0;624175356.0;196.0;1.0;37mb;1;4.359999656677246;8;SHUFFLE;false;17.061399994418025;4.289999961853027;0.0;37.0;7
1022;742;8;1;good;optimal;0.0;1.0;8.0;298.0;1.0;43mb;1;8.949999809265137;8;SHUFFLE;false;28.831500036176294;4.5099992752075195;0.0;43.0;1
1124;185;3;0;bad;iter_2_network_congestion;32.0;10.0;952366730.0;4320000.0;10.0;248mb;2;166.38999938964844;8;SHUFFLE;false;1129.9592000432312;187.6299991607666;0.0;248.0;8
436;717;8;1;good;optimal;0.0;1.0;8.0;147.0;1.0;43mb;1;8.919999122619629;8;SHUFFLE;false;29.81159999035299;4.5099992752075195;0.0;43.0;1
644;869;6;1;good;optimal;0.0;1.0;624175364.0;356.0;1.0;37mb;1;4.479999542236328;8;SHUFFLE;false;14.662200002931058;4.179999351501465;0.0;37.0;7
947;2301;3;1;good;optimal;0.0;1.0;310063938.0;231.0;1.0;37mb;1;4.129999160766602;8;SHUFFLE;false;17.258599982596934;4.089999198913574;0.0;37.0;0
1097;107;3;0;bad;iter_2_network_congestion;44.0;12.0;1923283902.0;4320000.0;12.0;579mb;2;421.25;8;SHUFFLE;false;974.6599000063725;485.6199998855591;0.0;579.0;2
404;2222;12;1;good;optimal;0.0;1.0;8.0;111.0;1.0;43mb;1;8.969999313354492;8;SHUFFLE;false;27.423500025179237;4.5;0.0;43.0;1
1199;744;12;0;bad;iter_2_network_congestion;44.0;12.0;22629216.0;36100000.0;12.0;1066mb;2;418.6899995803833;8;BROADCAST;false;1319.380300003104;784.5599994659424;0.0;1066.0;2
785;709;6;1;good;optimal;0.0;1.0;1706851048.0;53.0;1.0;42mb;1;8.00999927520752;8;SHUFFLE;false;17.00890000211075;4.309999465942383;0.0;42.0;7
1233;795;12;0;bad;iter_2_network_congestion;48.0;15.0;1260411284.0;34560000.0;15.0;247mb;2;128.76999950408936;8;BROADCAST;false;671.3359999703243;204.0299997329712;0.0;247.0;11
104;182;3;1;good;optimal;0.0;1.0;630487792.0;317.0;1.0;34mb;1;2.219999313354492;8;SHUFFLE;false;16.786199994385242;2.1499996185302734;0.0;34.0;7
609;854;8;1;good;optimal;0.0;1.0;4.0;72.0;1.0;42mb;1;8.00999927520752;8;SHUFFLE;false;17.18049996998161;4.479999542236328;0.0;42.0;1
1089;93;1;0;bad;iter_2_network_congestion;16.0;5.0;297328254.0;288040.0;5.0;91mb;2;45.72999954223633;8;SHUFFLE;false;621.5680000022985;50.64999961853027;0.0;91.0;13
783;276;1;1;good;optimal;0.0;1.0;275901324.0;334.0;1.0;37mb;1;4.549999237060547;8;SHUFFLE;false;16.568500024732202;4.5;0.0;37.0;0
62;287;1;1;good;optimal;0.0;1.0;208834412.0;167.0;1.0;33mb;1;1.1799993515014648;8;SHUFFLE;false;16.886299999896437;1.0899991989135742;0.0;33.0;0
281;227;3;1;good;optimal;0.0;1.0;310063938.0;424.0;1.0;37mb;1;4.189999580383301;8;SHUFFLE;false;18.115899991244078;4.179999351501465;0.0;37.0;0
852;846;6;1;good;optimal;0.0;1.0;1283058580.0;373.0;1.0;39mb;1;5.659999847412109;8;SHUFFLE;false;15.27390000410378;4.979999542236328;0.0;39.0;7
238;2330;8;1;good;optimal;0.0;1.0;1717252930.0;155.0;1.0;38mb;1;4.6399993896484375;8;SHUFFLE;false;21.245700016152114;2.339999198913574;0.0;38.0;7
223;720;12;1;good;optimal;0.0;1.0;1217690352.0;249.0;1.0;37mb;1;4.2599992752075195;8;SHUFFLE;false;16.372500045690686;4.2599992752075195;0.0;37.0;7
145;2294;3;1;good;optimal;0.0;1.0;630487792.0;416.0;1.0;37mb;1;4.479999542236328;8;SHUFFLE;false;16.984799993224442;4.399999618530273;0.0;37.0;7
1282;866;8;0;bad;iter_2_network_congestion;56.0;15.0;644708576.0;2300000.0;15.0;144mb;2;86.3799991607666;8;SHUFFLE;false;570.0568000320345;100.19999980926514;0.0;144.0;11
373;12;1;1;good;optimal;0.0;1.0;275901332.0;240.0;1.0;34mb;1;2.109999656677246;8;SHUFFLE;false;15.4266000026837;2.0699996948242188;0.0;34.0;0
118;2349;12;1;good;optimal;0.0;1.0;16.0;328.0;1.0;43mb;1;8.959999084472656;8;SHUFFLE;false;27.298100001644343;4.489999771118164;0.0;43.0;1
1037;2170;12;1;good;optimal;0.0;1.0;16.0;379.0;1.0;50mb;1;13.879999160766602;8;SHUFFLE;false;28.172100021038204;4.649999618530273;0.0;50.0;1
250;162;1;1;good;optimal;0.0;1.0;275901320.0;67.0;1.0;37mb;1;4.5099992752075195;8;SHUFFLE;false;15.920699981506914;4.479999542236328;0.0;37.0;0
1323;2266;12;0;bad;iter_2_network_congestion;32.0;10.0;1229504976.0;17280000.0;10.0;233mb;2;154.66999912261963;8;SHUFFLE;false;1431.7355999955907;201.6299991607666;0.0;233.0;8
9;778;6;1;good;optimal;12.0;4.0;1329804703.0;8640000.0;4.0;120mb;2;68.3799991607666;8;SHUFFLE;true;222.22890000557527;74.10999965667725;0.0;120.0;4
449;2324;8;1;good;optimal;0.0;1.0;1717252922.0;306.0;1.0;43mb;1;8.719999313354492;8;SHUFFLE;false;30.834800039883703;4.379999160766602;0.0;43.0;7
255;802;12;1;good;optimal;0.0;1.0;1217690344.0;220.0;1.0;38mb;1;4.659999847412109;8;SHUFFLE;false;17.72730000084266;4.5199995040893555;0.0;38.0;7
593;5;1;1;good;optimal;0.0;1.0;275901324.0;162.0;1.0;37mb;1;4.549999237060547;8;SHUFFLE;false;17.01599999796599;4.5;0.0;37.0;0
389;231;1;1;good;optimal;0.0;1.0;101208562.0;377.0;1.0;37mb;1;4.559999465942383;8;SHUFFLE;false;32.12220000568777;4.5099992752075195;0.0;37.0;0
807;824;6;1;good;optimal;0.0;1.0;624175364.0;472.0;1.0;38mb;1;4.829999923706055;8;SHUFFLE;false;15.054400020744652;4.189999580383301;0.0;38.0;7
1103;123;1;0;bad;iter_2_network_congestion;40.0;9.0;665512590.0;2880000.0;9.0;298mb;2;204.9099998474121;8;SHUFFLE;false;1228.7894999608397;213.35999965667725;0.0;298.0;8
557;709;8;1;good;optimal;0.0;1.0;8.0;53.0;1.0;42mb;1;8.00999927520752;8;SHUFFLE;false;17.054199997801334;4.419999122619629;0.0;42.0;1
460;857;6;1;good;optimal;0.0;1.0;624175364.0;442.0;1.0;35mb;1;2.7599992752075195;8;SHUFFLE;false;15.231900033541024;2.1499996185302734;0.0;35.0;7
1266;828;8;0;overhead;iter_2_codegen_heavy;28.0;8.0;2031839344.0;23040000.0;8.0;285mb;1;194.64999961853027;8;SHUFFLE;false;464.302999956999;195.5999994277954;0.0;285.0;8
144;55;1;1;good;optimal;0.0;1.0;208834404.0;74.0;1.0;37mb;1;4.34999942779541;8;SHUFFLE;false;16.42820000415668;4.289999961853027;0.0;37.0;0
501;732;8;1;good;optimal;0.0;1.0;16.0;267.0;1.0;44mb;1;9.65999984741211;8;SHUFFLE;false;27.82449999358505;5.0099992752075195;0.0;44.0;1
1269;836;6;0;bad;iter_2_network_congestion;20.0;8.0;3639503702.0;17280000.0;8.0;322mb;2;131.50999927520752;8;BROADCAST;false;727.0922999596223;235.41999912261963;0.0;322.0;8
539;173;3;1;good;optimal;0.0;1.0;847270386.0;464.0;1.0;38mb;1;4.699999809265137;8;SHUFFLE;false;26.9115999690257;4.5;0.0;38.0;7
177;2347;6;1;good;optimal;8.0;3.0;857863486.0;8640000.0;3.0;188mb;2;120.73999977111816;8;SHUFFLE;true;414.34279998065904;116.61999988555908;0.0;188.0;4
1325;2270;12;0;bad;iter_2_network_congestion;8.0;3.0;1225220224.0;8640000.0;3.0;122mb;2;69.92999935150146;8;SHUFFLE;false;1022.2297000000253;75.90999984741211;0.0;122.0;4
697;723;12;1;good;optimal;8.0;3.0;1225220224.0;8640000.0;3.0;122mb;2;69.88999938964844;8;SHUFFLE;true;31.1387000256218;59.609999656677246;0.0;122.0;4
939;76;1;1;good;optimal;0.0;1.0;208834404.0;70.0;1.0;37mb;1;4.3899993896484375;8;SHUFFLE;false;18.15409999107942;4.289999961853027;0.0;37.0;0
901;83;1;1;good;optimal;0.0;1.0;275901320.0;97.0;1.0;37mb;1;4.299999237060547;8;SHUFFLE;false;19.943399995099753;4.2699995040893555;0.0;37.0;0
737;2302;3;1;good;optimal;0.0;1.0;847270386.0;224.0;1.0;38mb;1;4.819999694824219;8;SHUFFLE;false;28.110899962484837;4.309999465942383;0.0;38.0;7
756;324;1;1;good;optimal;0.0;1.0;275901332.0;487.0;1.0;37mb;1;4.199999809265137;8;SHUFFLE;false;14.869600010570139;4.179999351501465;0.0;37.0;0
1368;2350;6;0;bad;iter_2_network_congestion;16.0;5.0;4236353178.0;863940.0;5.0;185mb;2;118.33999919891357;8;SHUFFLE;false;1436.4197999821045;118.84999942779541;0.0;185.0;4
7;232;3;1;good;optimal;12.0;4.0;659303267.0;4320000.0;4.0;99mb;1;52.019999504089355;8;SHUFFLE;true;108.84409997379407;47.15999984741211;0.0;99.0;4
724;189;3;1;good;optimal;28.0;8.0;1602268260.0;8640000.0;8.0;215mb;1;141.26999950408936;8;SHUFFLE;true;50.86199997458607;120.22999954223633;0.0;215.0;8
667;351;1;1;good;optimal;0.0;1.0;208834404.0;240.0;1.0;38mb;1;4.659999847412109;8;SHUFFLE;false;17.151800042483956;4.5199995040893555;0.0;38.0;0
1067;36;1;0;bad;iter_2_network_congestion;198.0;57.0;4230655916.0;5040000.0;57.0;772mb;2;569.3999996185303;8;SHUFFLE;false;1750.4286000039428;624.0299997329712;0.0;772.0;9
357;75;1;1;good;optimal;21.0;6.0;295147068.0;2880000.0;6.0;109mb;1;59.429999351501465;8;SHUFFLE;true;64.46520000463352;47.34999942779541;0.0;109.0;13
329;2176;12;1;good;optimal;0.0;1.0;16.0;330.0;1.0;43mb;1;8.979999542236328;8;SHUFFLE;false;27.9799000127241;4.489999771118164;0.0;43.0;1
968;2325;12;1;good;optimal;0.0;1.0;16.0;208.0;1.0;50mb;1;13.879999160766602;8;SHUFFLE;false;28.29250000650063;4.649999618530273;0.0;50.0;1
1055;66;3;1;good;optimal;0.0;1.0;310063926.0;89.0;1.0;37mb;1;4.529999732971191;8;SHUFFLE;false;14.847000013105571;4.489999771118164;0.0;37.0;0
982;204;1;1;good;optimal;8.0;3.0;283053318.0;2880000.0;3.0;72mb;1;31.06999969482422;8;SHUFFLE;true;19.953600014559925;28.039999961853027;0.0;72.0;4
258;764;8;1;good;optimal;0.0;1.0;1717252930.0;422.0;1.0;43mb;1;8.639999389648438;8;SHUFFLE;false;17.22799998242408;4.339999198913574;0.0;43.0;7
1081;58;1;0;bad;iter_2_network_congestion;12.0;4.0;283071904.0;15090000.0;4.0;725mb;2;533.2799997329712;8;SHUFFLE;false;1125.6379999686033;542.0699996948242;0.0;725.0;4
372;2237;12;1;good;optimal;0.0;1.0;16.0;235.0;1.0;50mb;1;13.879999160766602;8;SHUFFLE;false;27.071100019384176;4.649999618530273;0.0;50.0;1
1005;129;3;1;good;optimal;0.0;1.0;630487784.0;368.0;1.0;37mb;1;4.589999198913574;8;SHUFFLE;false;29.849100043065846;4.539999961853027;0.0;37.0;7
778;889;6;1;good;optimal;0.0;1.0;1283058580.0;258.0;1.0;38mb;1;4.839999198913574;8;SHUFFLE;false;15.410799998790026;4.2599992752075195;0.0;38.0;7
142;229;1;1;good;optimal;0.0;1.0;275901332.0;178.0;1.0;37mb;1;4.199999809265137;8;SHUFFLE;false;24.394999956712127;4.179999351501465;0.0;37.0;0
525;38;1;1;good;optimal;0.0;1.0;101208570.0;256.0;1.0;34mb;1;2.1499996185302734;8;SHUFFLE;false;15.698100032750517;2.109999656677246;0.0;34.0;0
1046;797;6;1;good;optimal;0.0;1.0;624175364.0;143.0;1.0;38mb;1;4.819999694824219;8;SHUFFLE;false;16.08410000335425;4.149999618530273;0.0;38.0;7
1285;872;6;0;bad;iter_2_network_congestion;20.0;6.0;3433254602.0;17280000.0;6.0;500mb;2;283.75;8;BROADCAST;false;1823.4760999912396;359.8499994277954;0.0;500.0;4
974;2318;3;1;good;optimal;0.0;1.0;847270386.0;383.0;1.0;37mb;1;4.459999084472656;8;SHUFFLE;false;30.70940001634881;4.289999961853027;0.0;37.0;7
1307;2225;3;0;bad;iter_2_network_congestion;21.0;6.0;352805288.0;2160000.0;6.0;159mb;2;98.40999984741211;8;SHUFFLE;false;671.3959000189789;122.85999965667725;0.0;159.0;13
440;115;1;1;good;optimal;0.0;1.0;101208562.0;58.0;1.0;33mb;1;1.169999122619629;8;SHUFFLE;false;16.109799966216087;1.109999656677246;0.0;33.0;0
531;800;8;1;good;optimal;8.0;3.0;1736612118.0;11520000.0;3.0;336mb;2;148.20999908447266;8;SHUFFLE;true;413.7484999955632;246.0299997329712;0.0;336.0;4
946;257;1;1;good;optimal;12.0;4.0;283068460.0;2880000.0;4.0;109mb;2;59.769999504089355;8;SHUFFLE;true;30.293500050902367;56.03999996185303;0.0;109.0;4
226;2326;3;1;good;optimal;12.0;4.0;857881264.0;8640000.0;4.0;101mb;2;53.09999942779541;8;SHUFFLE;true;30.64870001981035;48.89999961853027;0.0;101.0;4
882;701;6;1;good;optimal;12.0;4.0;1922440482.0;8640000.0;4.0;186mb;1;118.50999927520752;8;SHUFFLE;true;30.495200015138835;110.1899995803833;0.0;186.0;4
228;213;3;1;good;optimal;0.0;1.0;630487792.0;368.0;1.0;37mb;1;4.369999885559082;8;SHUFFLE;false;15.138600021600723;4.219999313354492;0.0;37.0;7
1193;736;12;0;bad;iter_2_network_congestion;13.0;4.0;7256672.0;51840000.0;4.0;1275mb;4;603.1199998855591;8;SHUFFLE;false;3324.644799984526;851.3799991607666;0.0;1275.0;6
212;705;8;1;good;optimal;0.0;1.0;1717252930.0;373.0;1.0;43mb;1;8.639999389648438;8;SHUFFLE;false;29.441800026688725;4.339999198913574;0.0;43.0;7
79;2256;3;1;good;optimal;0.0;1.0;310063926.0;79.0;1.0;37mb;1;4.529999732971191;8;SHUFFLE;false;16.510199988260865;4.489999771118164;0.0;37.0;0
148;2229;12;1;good;optimal;0.0;1.0;16.0;448.0;1.0;50mb;1;13.879999160766602;8;SHUFFLE;false;44.945400033611804;4.649999618530273;0.0;50.0;1
943;82;3;1;good;optimal;0.0;1.0;630487792.0;350.0;1.0;37mb;1;4.319999694824219;8;SHUFFLE;false;20.800600002985448;4.219999313354492;0.0;37.0;7
671;130;1;1;good;optimal;0.0;1.0;208834412.0;493.0;1.0;33mb;1;1.0999994277954102;8;SHUFFLE;false;20.063000032678246;1.0599994659423828;0.0;33.0;0
1262;823;12;0;bad;iter_0_rejected_limit;6.0;4.0;7549830.0;173440000.0;4.0;758mb;4;558.6099996566772;8;SHUFFLE;false;0.0;0.0;0.0;758.0;6
914;83;3;1;good;optimal;0.0;1.0;847270382.0;97.0;1.0;42mb;1;8.00999927520752;8;SHUFFLE;false;140.5394999892451;4.2699995040893555;0.0;42.0;7
1177;713;12;0;bad;iter_2_network_congestion;75.0;16.0;4924.0;3460000.0;16.0;431mb;4;257.3499994277954;8;BROADCAST;false;6542.499999981374;306.9099998474121;0.0;431.0;5
133;691;12;1;good;optimal;0.0;1.0;8.0;279.0;1.0;44mb;1;9.5;8;SHUFFLE;false;27.56090002367273;4.5199995040893555;0.0;44.0;1
1280;862;8;0;bad;iter_2_network_congestion;16.0;5.0;838831229.0;5760000.0;5.0;92mb;2;46.41999912261963;8;SHUFFLE;false;1621.1404000059702;58.28999996185303;0.0;92.0;4
408;2258;12;1;good;optimal;0.0;1.0;8.0;191.0;1.0;43mb;1;9.09999942779541;8;SHUFFLE;false;28.949400002602488;4.5;0.0;43.0;1
1031;770;6;1;good;optimal;0.0;1.0;624175356.0;477.0;1.0;37mb;1;4.359999656677246;8;SHUFFLE;false;16.63709996500984;4.289999961853027;0.0;37.0;7
507;702;12;1;good;optimal;0.0;1.0;1217690352.0;412.0;1.0;37mb;1;4.2599992752075195;8;SHUFFLE;false;39.140200009569526;4.2599992752075195;0.0;37.0;7
1087;90;1;0;bad;iter_2_network_congestion;36.0;12.0;849202780.0;2880000.0;12.0;247mb;2;166.01999950408936;8;SHUFFLE;false;571.8148000305519;192.89999961853027;0.0;247.0;2
504;18;1;1;good;optimal;0.0;1.0;275901324.0;495.0;1.0;37mb;1;4.539999961853027;8;SHUFFLE;false;15.481499955058098;4.5;0.0;37.0;0
1247;809;6;0;bad;iter_2_network_congestion;75.0;16.0;25602770688.0;1730000.0;16.0;277mb;4;188.51999950408936;8;SHUFFLE;false;3860.021799977403;236.89999961853027;0.0;277.0;11
347;2188;12;1;good;optimal;0.0;1.0;16.0;245.0;1.0;43mb;1;8.959999084472656;8;SHUFFLE;false;27.65249996446073;4.489999771118164;0.0;43.0;1
386;178;3;1;good;optimal;0.0;1.0;630487792.0;409.0;1.0;37mb;1;4.179999351501465;8;SHUFFLE;false;17.649400047957897;4.149999618530273;0.0;37.0;7
0;743;6;1;good;optimal;0.0;1.0;624175364.0;261.0;1.0;38mb;1;5.039999961853027;8;SHUFFLE;false;16.541799996048212;4.979999542236328;0.0;38.0;7
360;821;12;1;good;optimal;0.0;1.0;16.0;257.0;1.0;50mb;1;13.879999160766602;8;SHUFFLE;false;16.282099997624755;4.649999618530273;0.0;50.0;1
1299;2191;12;0;bad;iter_2_network_congestion;56.0;15.0;1262047426.0;34560000.0;15.0;331mb;4;153.39999961853027;8;BROADCAST;false;2327.4416000349447;258.98999977111816;0.0;331.0;11
475;741;12;1;good;optimal;0.0;1.0;8.0;489.0;1.0;50mb;1;13.889999389648438;8;SHUFFLE;false;27.653699973598123;4.659999847412109;0.0;50.0;1
1178;715;6;0;bad;iter_2_network_congestion;48.0;15.0;3718777637.0;17280000.0;15.0;198mb;2;127.89999961853027;8;SHUFFLE;false;775.7347000297159;174.75;0.0;198.0;11
1007;2227;3;1;good;optimal;0.0;1.0;630487792.0;382.0;1.0;37mb;1;4.329999923706055;8;SHUFFLE;false;19.739100011065602;4.149999618530273;0.0;37.0;7
1001;776;12;1;good;optimal;0.0;1.0;1217690352.0;443.0;1.0;37mb;1;4.2599992752075195;8;SHUFFLE;false;17.645399959292263;4.2599992752075195;0.0;37.0;7
976;260;1;1;good;optimal;0.0;1.0;208834412.0;275.0;1.0;37mb;1;4.239999771118164;8;SHUFFLE;false;15.123199962545186;4.199999809265137;0.0;37.0;0
948;843;8;1;good;optimal;0.0;1.0;835169820.0;196.0;1.0;37mb;1;4.549999237060547;8;SHUFFLE;false;14.758000033907592;4.289999961853027;0.0;37.0;7
803;213;1;1;good;optimal;0.0;1.0;208834412.0;368.0;1.0;37mb;1;4.219999313354492;8;SHUFFLE;false;17.436599999200553;4.199999809265137;0.0;37.0;0
172;103;3;1;good;optimal;8.0;3.0;850918899.0;8640000.0;3.0;77mb;1;35.34999942779541;8;SHUFFLE;true;19.571700016967952;29.039999961853027;0.0;77.0;4
450;722;12;1;good;optimal;0.0;1.0;1217690344.0;259.0;1.0;38mb;1;4.719999313354492;8;SHUFFLE;false;16.851299966219813;4.5199995040893555;0.0;38.0;7
125;2340;6;1;good;optimal;0.0;1.0;630487792.0;473.0;1.0;37mb;1;4.319999694824219;8;SHUFFLE;false;19.347499997820705;4.219999313354492;0.0;37.0;7
826;206;3;1;good;optimal;16.0;5.0;656728686.0;4320000.0;5.0;123mb;1;70.14999961853027;8;SHUFFLE;true;159.64500000700355;62.90999984741211;0.0;123.0;4
530;2178;12;1;good;optimal;0.0;1.0;16.0;458.0;1.0;38mb;1;4.959999084472656;8;SHUFFLE;false;19.289900024887174;2.489999771118164;0.0;38.0;1
713;159;1;1;good;optimal;0.0;1.0;101208562.0;423.0;1.0;37mb;1;4.559999465942383;8;SHUFFLE;false;14.656999963335693;4.5099992752075195;0.0;37.0;0
90;728;8;1;good;optimal;17.0;5.0;3457491128.0;11520000.0;5.0;116mb;1;65.14999961853027;8;SHUFFLE;true;38.18990004947409;56.66999912261963;0.0;116.0;4
1329;2282;12;0;bad;iter_2_network_congestion;20.0;8.0;1234741450.0;34560000.0;8.0;325mb;2;130.82999992370605;8;BROADCAST;false;519.6838000556454;245.63999938964844;0.0;325.0;8
181;348;1;1;good;optimal;0.0;1.0;275901332.0;248.0;1.0;34mb;1;2.109999656677246;8;SHUFFLE;false;15.115399961359799;2.0699996948242188;0.0;34.0;0
849;710;8;1;good;optimal;0.0;1.0;835169820.0;500.0;1.0;38mb;1;4.789999961853027;8;SHUFFLE;false;18.206999986432493;4.5199995040893555;0.0;38.0;7
414;2355;3;1;good;optimal;8.0;3.0;19357328.0;23040000.0;3.0;80mb;1;37.25999927520752;8;SHUFFLE;true;17.629100009799004;30.089999198913574;0.0;80.0;6
251;2278;12;1;good;optimal;0.0;1.0;8.0;143.0;1.0;43mb;1;8.969999313354492;8;SHUFFLE;false;26.65379998506978;4.5199995040893555;0.0;43.0;1
69;151;1;1;good;optimal;0.0;1.0;208834412.0;136.0;1.0;37mb;1;4.239999771118164;8;SHUFFLE;false;14.842199976556003;4.199999809265137;0.0;37.0;0
131;8;1;1;good;optimal;0.0;1.0;101208570.0;446.0;1.0;34mb;1;2.1999998092651367;8;SHUFFLE;false;17.8961000056006;2.169999122619629;0.0;34.0;0
300;838;6;1;good;optimal;8.0;3.0;640074250.0;4320000.0;3.0;193mb;2;123.98999977111816;8;SHUFFLE;true;311.5669999970123;119.61999988555908;0.0;193.0;4
862;60;3;1;good;optimal;17.0;5.0;634347112.0;2160000.0;5.0;107mb;1;58.29999923706055;8;SHUFFLE;true;33.520700002554804;48.579999923706055;0.0;107.0;4
326;103;1;1;good;optimal;8.0;3.0;279544573.0;2880000.0;3.0;74mb;1;32.53999996185303;8;SHUFFLE;true;17.355100018903613;28.02999973297119;0.0;74.0;4
1343;2308;6;0;bad;iter_2_network_congestion;16.0;5.0;870443191.0;863940.0;5.0;154mb;2;94.44999980926514;8;SHUFFLE;false;717.5293999607675;93.48999977111816;0.0;154.0;4
1024;192;3;1;good;optimal;3.0;2.0;13925613.0;3600.0;2.0;47mb;1;11.569999694824219;8;SHUFFLE;false;38.307500013615936;11.559999465942383;0.0;47.0;6
499;723;6;1;good;optimal;8.0;3.0;640072872.0;4320000.0;3.0;126mb;1;72.41999912261963;8;SHUFFLE;true;65.01570000546053;58.1299991607666;0.0;126.0;4
1346;2312;6;0;bad;iter_2_network_congestion;45.0;12.0;1972164079.0;8640000.0;12.0;452mb;2;323.5299997329712;8;SHUFFLE;false;1828.767400002107;359.07999992370605;0.0;452.0;2
364;863;8;1;good;optimal;8.0;3.0;19357428.0;23040000.0;3.0;80mb;1;37.22999954223633;8;SHUFFLE;true;20.03860002150759;30.089999198913574;0.0;80.0;6
495;696;12;1;good;optimal;0.0;1.0;1217690344.0;359.0;1.0;37mb;1;4.59999942779541;8;SHUFFLE;false;31.37899999273941;4.529999732971191;0.0;37.0;7
1279;862;6;0;bad;iter_2_network_congestion;16.0;5.0;627835848.0;4320000.0;5.0;88mb;2;43.4399995803833;8;SHUFFLE;false;1624.520500015933;56.1299991607666;0.0;88.0;4
338;168;1;1;good;optimal;0.0;1.0;208834412.0;396.0;1.0;33mb;1;1.169999122619629;8;SHUFFLE;false;17.191600054502487;1.119999885559082;0.0;33.0;0
421;2316;3;1;good;optimal;0.0;1.0;310063938.0;382.0;1.0;37mb;1;4.189999580383301;8;SHUFFLE;false;18.56160000897944;4.179999351501465;0.0;37.0;0
164;2340;12;1;good;optimal;0.0;1.0;16.0;473.0;1.0;43mb;1;9.079999923706055;8;SHUFFLE;false;32.703999953810126;4.489999771118164;0.0;43.0;1
28;801;8;1;good;optimal;0.0;1.0;8.0;379.0;1.0;44mb;1;9.429999351501465;8;SHUFFLE;false;27.806199970655143;4.5099992752075195;0.0;44.0;1
516;203;1;1;good;optimal;20.0;6.0;63882415.0;1920000.0;6.0;69mb;1;29.149999618530273;8;SHUFFLE;true;164.67590001411736;27.209999084472656;0.0;69.0;13
193;2328;8;1;good;optimal;0.0;1.0;16.0;334.0;1.0;43mb;1;8.839999198913574;8;SHUFFLE;false;32.85920002963394;4.439999580383301;0.0;43.0;1
819;85;3;1;good;optimal;0.0;1.0;310063930.0;393.0;1.0;37mb;1;4.559999465942383;8;SHUFFLE;false;14.69300000462681;4.5199995040893555;0.0;37.0;0
1246;808;12;0;bad;iter_2_network_congestion;20.0;8.0;1234741450.0;34560000.0;8.0;325mb;2;131.2199993133545;8;BROADCAST;false;520.0806999928318;246.4699993133545;0.0;325.0;8
1010;2330;12;1;good;optimal;0.0;1.0;16.0;155.0;1.0;38mb;1;4.949999809265137;8;SHUFFLE;false;27.254700020421296;2.489999771118164;0.0;38.0;1
169;37;3;1;good;optimal;0.0;1.0;847270386.0;258.0;1.0;37mb;1;4.549999237060547;8;SHUFFLE;false;18.039599992334843;4.5;0.0;37.0;7
917;2331;6;1;good;optimal;0.0;1.0;310063930.0;339.0;1.0;37mb;1;4.559999465942383;8;SHUFFLE;false;15.468700032215565;4.5199995040893555;0.0;37.0;0
652;191;1;1;good;optimal;0.0;1.0;101208570.0;475.0;1.0;34mb;1;2.219999313354492;8;SHUFFLE;false;14.98500001616776;2.109999656677246;0.0;34.0;0
173;752;8;1;good;optimal;0.0;1.0;1717252930.0;452.0;1.0;44mb;1;9.609999656677246;8;SHUFFLE;false;28.210700023919344;5.0;0.0;44.0;7
518;2259;3;1;good;optimal;0.0;1.0;310063930.0;326.0;1.0;37mb;1;4.559999465942383;8;SHUFFLE;false;21.71459997771308;4.5199995040893555;0.0;37.0;0
1116;165;3;0;bad;iter_2_network_congestion;12.0;4.0;849617546.0;8640000.0;4.0;70mb;2;29.369999885559082;8;SHUFFLE;false;513.5285999858752;38.989999771118164;0.0;70.0;4
1264;827;8;0;bad;iter_2_network_congestion;21.0;6.0;629701562.0;2300000.0;6.0;193mb;2;123.85999965667725;8;SHUFFLE;false;522.1832999959588;130.1599998474121;0.0;193.0;13
491;61;1;1;good;optimal;0.0;1.0;208834404.0;145.0;1.0;37mb;1;4.549999237060547;8;SHUFFLE;false;15.275900019332767;4.5199995040893555;0.0;37.0;0
73;821;8;1;good;optimal;0.0;1.0;16.0;257.0;1.0;43mb;1;8.839999198913574;8;SHUFFLE;false;29.120299965143204;4.439999580383301;0.0;43.0;1
1151;344;1;0;bad;iter_2_network_congestion;12.0;4.0;365598737.0;2880000.0;4.0;134mb;2;78.75999927520752;8;SHUFFLE;false;820.4772000317462;81.91999912261963;0.0;134.0;4
587;721;6;1;good;optimal;0.0;1.0;1706851056.0;364.0;1.0;43mb;1;8.859999656677246;8;SHUFFLE;false;16.01319998735562;4.339999198913574;0.0;43.0;7
1004;731;8;1;good;optimal;0.0;1.0;835169816.0;58.0;1.0;42mb;1;8.00999927520752;8;SHUFFLE;false;14.822400000412017;4.489999771118164;0.0;42.0;7
657;34;1;1;good;optimal;0.0;1.0;275901324.0;111.0;1.0;37mb;1;4.539999961853027;8;SHUFFLE;false;19.782799994572997;4.5;0.0;37.0;0
234;775;6;1;good;optimal;0.0;1.0;624175356.0;64.0;1.0;42mb;1;8.00999927520752;8;SHUFFLE;false;18.021399970166385;4.129999160766602;0.0;42.0;7
732;2249;3;1;good;optimal;0.0;1.0;847270394.0;496.0;1.0;37mb;1;4.239999771118164;8;SHUFFLE;false;29.353899997659028;4.179999351501465;0.0;37.0;7
214;121;1;1;good;optimal;0.0;1.0;101208570.0;311.0;1.0;34mb;1;2.1999998092651367;8;SHUFFLE;false;15.967899991665035;2.169999122619629;0.0;34.0;0
162;2303;12;1;good;optimal;0.0;1.0;16.0;304.0;1.0;50mb;1;13.879999160766602;8;SHUFFLE;false;27.23789995070547;4.649999618530273;0.0;50.0;1
132;2172;12;1;good;optimal;0.0;1.0;8.0;453.0;1.0;50mb;1;13.889999389648438;8;SHUFFLE;false;28.81280001020059;4.659999847412109;0.0;50.0;1
1006;737;8;1;good;optimal;0.0;1.0;835169828.0;406.0;1.0;38mb;1;4.809999465942383;8;SHUFFLE;false;15.788699965924025;4.179999351501465;0.0;38.0;7
949;100;3;1;good;optimal;0.0;1.0;310063930.0;183.0;1.0;37mb;1;4.559999465942383;8;SHUFFLE;false;17.721999960485846;4.5199995040893555;0.0;37.0;0
1128;200;1;0;bad;iter_2_network_congestion;24.0;9.0;607399642.0;136930.0;9.0;141mb;2;84.0;8;SHUFFLE;false;732.011100044474;105.11999988555908;0.0;141.0;8
185;2351;6;1;good;optimal;0.0;1.0;630487780.0;91.0;1.0;42mb;1;8.00999927520752;8;SHUFFLE;false;14.908199955243617;4.489999771118164;0.0;42.0;7
41;2231;12;1;good;optimal;0.0;1.0;1217690352.0;142.0;1.0;37mb;1;4.469999313354492;8;SHUFFLE;false;43.511099996976554;4.2599992752075195;0.0;37.0;7
692;813;8;1;good;optimal;28.0;8.0;2031839400.0;23040000.0;8.0;279mb;1;190.64999961853027;8;SHUFFLE;true;116.58759997226298;165.76999950408936;0.0;279.0;8
108;2265;12;1;good;optimal;0.0;1.0;8.0;239.0;1.0;50mb;1;13.889999389648438;8;SHUFFLE;false;38.19089999888092;4.659999847412109;0.0;50.0;1
38;692;12;1;good;optimal;21.0;6.0;24385572.0;34560000.0;6.0;110mb;1;60.55999946594238;8;SHUFFLE;true;113.54130000108853;48.03999996185303;0.0;110.0;13
568;2339;6;1;good;optimal;3.0;2.0;13925613.0;3600.0;2.0;47mb;1;11.569999694824219;8;SHUFFLE;false;53.11870004516095;11.559999465942383;0.0;47.0;6
1369;2350;8;0;bad;iter_2_network_congestion;16.0;5.0;1288.0;2300000.0;5.0;275mb;4;187.45999908447266;8;SHUFFLE;false;4842.3570999875665;218.36999988555908;0.0;275.0;12
1164;694;12;0;bad;iter_0_rejected_limit;74.0;38.0;1493901487.0;34560000.0;38.0;1230mb;4;922.2299995422363;8;SHUFFLE;false;0.0;0.0;0.0;1230.0;3
1321;2264;12;0;bad;iter_2_network_congestion;17.0;5.0;11157346.0;17280000.0;5.0;151mb;2;69.56999969482422;8;BROADCAST;false;673.7483000033535;111.66999912261963;0.0;151.0;6
483;2342;12;1;good;optimal;0.0;1.0;16.0;247.0;1.0;50mb;1;13.879999160766602;8;SHUFFLE;false;28.238800005055964;4.649999618530273;0.0;50.0;1
468;22;3;1;good;optimal;0.0;1.0;847270386.0;459.0;1.0;38mb;1;4.84999942779541;8;SHUFFLE;false;14.783199992962182;4.339999198913574;0.0;38.0;7
24;703;12;1;good;optimal;0.0;1.0;8.0;185.0;1.0;50mb;1;13.889999389648438;8;SHUFFLE;false;29.030100035015494;4.659999847412109;0.0;50.0;1
850;2318;12;1;good;optimal;0.0;1.0;8.0;383.0;1.0;50mb;1;13.889999389648438;8;SHUFFLE;false;25.781799980904907;4.659999847412109;0.0;50.0;1
875;268;1;1;good;optimal;20.0;8.0;602617892.0;2880000.0;8.0;202mb;2;130.97999954223633;8;BROADCAST;true;34.94399995543063;127.81999969482422;0.0;202.0;8
1341;2304;12;0;bad;iter_2_network_congestion;27.0;9.0;2041601746.0;3460000.0;9.0;517mb;4;241.08999919891357;8;BROADCAST;false;3631.5001000184566;397.44999980926514;0.0;517.0;8
1277;860;6;0;bad;iter_2_network_congestion;20.0;6.0;3433254602.0;17280000.0;6.0;413mb;2;203.57999992370605;8;BROADCAST;false;771.193599968683;307.9699993133545;0.0;413.0;4
366;34;3;1;good;optimal;0.0;1.0;847270386.0;111.0;1.0;38mb;1;5.0199995040893555;8;SHUFFLE;false;15.728399972431362;4.5;0.0;38.0;7
505;709;12;1;good;optimal;0.0;1.0;8.0;53.0;1.0;42mb;1;8.00999927520752;8;SHUFFLE;false;17.81350001692772;4.629999160766602;0.0;42.0;1
1209;760;6;0;bad;iter_0_rejected_limit;74.0;38.0;6894951381.0;17280000.0;38.0;1062mb;4;792.4299993515015;8;SHUFFLE;false;0.0;0.0;0.0;1062.0;3
383;2261;3;1;good;optimal;0.0;1.0;847270386.0;145.0;1.0;37mb;1;4.549999237060547;8;SHUFFLE;false;17.209299956448376;4.5;0.0;37.0;7
734;750;8;1;good;optimal;0.0;1.0;16.0;319.0;1.0;43mb;1;8.839999198913574;8;SHUFFLE;false;27.41570002399385;4.439999580383301;0.0;43.0;1
717;2;1;1;good;optimal;0.0;1.0;275901324.0;251.0;1.0;37mb;1;4.549999237060547;8;SHUFFLE;false;28.288799978327006;4.5;0.0;37.0;0
1222;786;6;0;bad;iter_2_network_congestion;48.0;15.0;3718777646.0;17280000.0;15.0;201mb;2;130.10999965667725;8;SHUFFLE;false;666.9828000012785;171.16999912261963;0.0;201.0;11
454;788;6;1;good;optimal;0.0;1.0;624175364.0;320.0;1.0;37mb;1;4.189999580383301;8;SHUFFLE;false;15.282000007573515;4.179999351501465;0.0;37.0;7
264;32;1;1;good;optimal;0.0;1.0;275901324.0;494.0;1.0;37mb;1;4.319999694824219;8;SHUFFLE;false;27.5637999875471;4.289999961853027;0.0;37.0;0
984;182;1;1;good;optimal;0.0;1.0;208834412.0;317.0;1.0;33mb;1;1.1299991607666016;8;SHUFFLE;false;14.866899990011007;1.0899991989135742;0.0;33.0;0
232;2171;12;1;good;optimal;0.0;1.0;8.0;416.0;1.0;43mb;1;8.969999313354492;8;SHUFFLE;false;28.397300047799945;4.5199995040893555;0.0;43.0;1
444;18;3;1;good;optimal;0.0;1.0;847270386.0;495.0;1.0;37mb;1;4.549999237060547;8;SHUFFLE;false;14.922899950761348;4.5;0.0;37.0;7
395;333;1;1;good;optimal;12.0;4.0;283067608.0;2880000.0;4.0;96mb;2;49.97999954223633;8;SHUFFLE;true;29.2261999566108;47.94999980926514;0.0;96.0;4
985;824;8;1;good;optimal;0.0;1.0;835169828.0;472.0;1.0;37mb;1;4.239999771118164;8;SHUFFLE;false;29.526499973144382;4.189999580383301;0.0;37.0;7
176;750;6;1;good;optimal;0.0;1.0;1706851056.0;319.0;1.0;43mb;1;9.0;8;SHUFFLE;false;15.495300001930445;4.339999198913574;0.0;43.0;7
18;747;6;1;good;optimal;0.0;1.0;1283058580.0;198.0;1.0;34mb;1;2.2899999618530273;8;SHUFFLE;false;17.45490002213046;2.2599992752075195;0.0;34.0;7
1205;757;12;0;bad;iter_2_network_congestion;8.0;3.0;7531266.0;34560000.0;3.0;311mb;2;147.25999927520752;8;BROADCAST;false;1217.8455999819562;230.14999961853027;0.0;311.0;6
912;696;6;1;good;optimal;0.0;1.0;624175356.0;359.0;1.0;37mb;1;4.579999923706055;8;SHUFFLE;false;16.476399963721633;4.5199995040893555;0.0;37.0;7
341;225;1;1;good;optimal;0.0;1.0;275901324.0;102.0;1.0;37mb;1;4.3899993896484375;8;SHUFFLE;false;16.419499996118248;4.339999198913574;0.0;37.0;0
885;1;1;1;good;optimal;0.0;1.0;101208570.0;479.0;1.0;35mb;1;2.3299999237060547;8;SHUFFLE;false;15.886300010606647;2.1599998474121094;0.0;35.0;0
595;2335;8;1;good;optimal;0.0;1.0;835169828.0;155.0;1.0;37mb;1;4.319999694824219;8;SHUFFLE;false;30.502400011755526;4.179999351501465;0.0;37.0;7
61;2295;12;1;good;optimal;0.0;1.0;16.0;388.0;1.0;50mb;1;13.879999160766602;8;SHUFFLE;false;27.54320000531152;4.649999618530273;0.0;50.0;1
272;891;6;1;good;optimal;0.0;1.0;1706851044.0;89.0;1.0;42mb;1;8.00999927520752;8;SHUFFLE;false;15.41449996875599;4.309999465942383;0.0;42.0;7
1111;145;3;0;bad;iter_2_network_congestion;8.0;3.0;236959298.0;81110000.0;3.0;445mb;4;318.04999923706055;8;SHUFFLE;false;9850.838499958627;340.3999996185303;0.0;445.0;4
1290;897;6;0;bad;iter_2_network_congestion;16.0;5.0;1732840784.0;1730000.0;5.0;156mb;2;96.11999988555908;8;SHUFFLE;false;775.2930000424385;120.61999988555908;0.0;156.0;4
278;135;3;1;good;optimal;0.0;1.0;630487792.0;419.0;1.0;34mb;1;2.229999542236328;8;SHUFFLE;false;15.063899976667017;2.1499996185302734;0.0;34.0;7
1066;24;3;0;bad;iter_2_network_congestion;20.0;6.0;870506219.0;863940.0;6.0;199mb;2;128.63999938964844;8;SHUFFLE;false;1465.889499988407;127.86999988555908;0.0;199.0;13
694;48;1;1;good;optimal;0.0;1.0;101208570.0;245.0;1.0;37mb;1;0.6373233795166016;8;SHUFFLE;false;23.859300010371953;0.5797061920166016;0.0;37.0;0
368;2237;3;1;good;optimal;0.0;1.0;847270394.0;235.0;1.0;37mb;1;4.549999237060547;8;SHUFFLE;false;21.38519997242838;4.179999351501465;0.0;37.0;7
1265;827;12;0;bad;iter_2_network_congestion;21.0;6.0;853746378.0;3450000.0;6.0;333mb;2;232.23999977111816;8;SHUFFLE;false;567.0968000194989;249.47999954223633;0.0;333.0;13
36;798;12;1;good;optimal;0.0;1.0;1217690352.0;190.0;1.0;38mb;1;4.899999618530273;8;SHUFFLE;false;45.70620000595227;4.2599992752075195;0.0;38.0;7
735;882;6;1;good;optimal;0.0;1.0;1283058572.0;267.0;1.0;37mb;1;4.579999923706055;8;SHUFFLE;false;19.039599981624633;4.5199995040893555;0.0;37.0;7
1220;773;12;0;bad;iter_2_network_congestion;17.0;5.0;11157346.0;17280000.0;5.0;151mb;2;68.54999923706055;8;BROADCAST;false;668.9715000102296;115.20999908447266;0.0;151.0;6
662;50;1;1;good;optimal;0.0;1.0;208834404.0;363.0;1.0;37mb;1;4.549999237060547;8;SHUFFLE;false;16.77149999886751;4.5199995040893555;0.0;37.0;0
930;719;12;1;good;optimal;8.0;3.0;7529490.0;34560000.0;3.0;79mb;1;36.47999954223633;8;SHUFFLE;true;31.237600021995604;29.339999198913574;0.0;79.0;6
1043;100;1;1;good;optimal;0.0;1.0;101208562.0;183.0;1.0;35mb;1;2.559999465942383;8;SHUFFLE;false;22.372000035829842;2.5099992752075195;0.0;35.0;0
547;749;12;1;good;optimal;0.0;1.0;16.0;280.0;1.0;43mb;1;8.959999084472656;8;SHUFFLE;false;28.669600025750697;4.489999771118164;0.0;43.0;1
1096;107;1;0;bad;iter_2_network_congestion;44.0;12.0;647999940.0;123250000.0;12.0;527mb;2;381.039999961853;8;SHUFFLE;false;784.3044000328518;443.4399995803833;0.0;527.0;2
688;2222;3;1;good;optimal;0.0;1.0;630487784.0;111.0;1.0;38mb;1;4.879999160766602;8;SHUFFLE;false;16.271399974357337;4.359999656677246;0.0;38.0;7
738;156;1;1;good;optimal;0.0;1.0;101208562.0;183.0;1.0;35mb;1;2.339999198913574;8;SHUFFLE;false;14.800000004470348;2.2899999618530273;0.0;35.0;0
191;869;8;1;good;optimal;0.0;1.0;835169828.0;356.0;1.0;37mb;1;4.189999580383301;8;SHUFFLE;false;28.167600044980645;4.179999351501465;0.0;37.0;7
456;277;1;1;good;optimal;0.0;1.0;101208562.0;317.0;1.0;37mb;1;4.559999465942383;8;SHUFFLE;false;15.065899991896003;4.5099992752075195;0.0;37.0;0
868;125;3;1;good;optimal;0.0;1.0;847270394.0;333.0;1.0;37mb;1;4.189999580383301;8;SHUFFLE;false;18.15100002568215;4.179999351501465;0.0;37.0;7
393;874;6;1;good;optimal;0.0;1.0;1706851044.0;52.0;1.0;42mb;1;8.00999927520752;8;SHUFFLE;false;17.268399999011308;4.319999694824219;0.0;42.0;7
675;292;1;1;good;optimal;0.0;1.0;101208562.0;184.0;1.0;37mb;1;4.569999694824219;8;SHUFFLE;false;35.66459997091442;4.5099992752075195;0.0;37.0;0
760;2326;6;1;good;optimal;12.0;4.0;857881264.0;8640000.0;4.0;101mb;2;53.09999942779541;8;SHUFFLE;true;35.373899969272316;48.88999938964844;0.0;101.0;4
1353;2322;8;0;bad;iter_2_network_congestion;45.0;12.0;717460938.0;23040000.0;12.0;806mb;2;406.7599992752075;8;BROADCAST;false;1729.3133999919519;608.2199993133545;0.0;806.0;2
728;840;6;1;good;optimal;0.0;1.0;624175356.0;426.0;1.0;38mb;1;5.039999961853027;8;SHUFFLE;false;15.562399988994002;4.5199995040893555;0.0;38.0;7
419;16;3;1;good;optimal;0.0;1.0;847270386.0;385.0;1.0;37mb;1;4.59999942779541;8;SHUFFLE;false;15.046900021843612;4.5;0.0;37.0;7
375;720;6;1;good;optimal;0.0;1.0;624175364.0;249.0;1.0;37mb;1;4.439999580383301;8;SHUFFLE;false;17.4995000124909;4.149999618530273;0.0;37.0;7
412;822;12;1;good;optimal;24.0;7.0;24449177.0;34560000.0;7.0;392mb;2;159.82999992370605;8;SHUFFLE;true;113.28429996501654;275.8199996948242;0.0;392.0;13
74;706;12;1;good;optimal;0.0;1.0;8.0;358.0;1.0;44mb;1;9.489999771118164;8;SHUFFLE;false;28.222399996593595;4.5199995040893555;0.0;44.0;1
1286;881;6;0;bad;iter_2_network_congestion;45.0;12.0;3955244486.0;17280000.0;12.0;800mb;2;383.8099994659424;8;BROADCAST;false;1321.39300002018;610.0699996948242;0.0;800.0;2
1078;47;3;0;bad;iter_2_network_congestion;21.0;6.0;241821852.0;863190.0;6.0;164mb;2;102.19999980926514;8;SHUFFLE;false;523.5448000021279;123.03999996185303;0.0;164.0;13
500;211;3;1;good;optimal;0.0;1.0;630487792.0;462.0;1.0;38mb;1;4.869999885559082;8;SHUFFLE;false;14.849899976979941;4.229999542236328;0.0;38.0;7
825;2302;12;1;good;optimal;0.0;1.0;8.0;224.0;1.0;50mb;1;13.919999122619629;8;SHUFFLE;false;28.78459997009486;4.659999847412109;0.0;50.0;1
195;40;3;1;good;optimal;0.0;1.0;310063930.0;72.0;1.0;37mb;1;4.229999542236328;8;SHUFFLE;false;16.209200024604797;4.159999847412109;0.0;37.0;0
616;2339;8;1;good;optimal;5.0;2.0;31457843.0;8200.0;2.0;60mb;1;21.859999656677246;8;SHUFFLE;true;114.7915999754332;12.969999313354492;0.0;60.0;6
114;130;3;1;good;optimal;0.0;1.0;630487792.0;493.0;1.0;34mb;1;2.1499996185302734;8;SHUFFLE;false;17.32460001949221;2.1499996185302734;0.0;34.0;7
417;315;1;1;good;optimal;0.0;1.0;275901332.0;261.0;1.0;37mb;1;4.179999351501465;8;SHUFFLE;false;17.012300028000027;4.149999618530273;0.0;37.0;0
601;719;6;1;good;optimal;8.0;3.0;1722748166.0;17280000.0;3.0;80mb;1;37.22999954223633;8;SHUFFLE;true;32.41949999937788;30.089999198913574;0.0;80.0;4
604;203;3;1;good;optimal;20.0;6.0;147495944.0;1920000.0;6.0;88mb;1;43.579999923706055;8;SHUFFLE;true;210.19140002317727;42.4399995803833;0.0;88.0;13
1316;2252;3;0;bad;iter_2_network_congestion;36.0;11.0;1834505053.0;8640000.0;11.0;320mb;2;222.19999980926514;8;SHUFFLE;false;822.277800005395;246.2199993133545;0.0;320.0;2
89;707;12;1;good;optimal;0.0;1.0;8.0;478.0;1.0;50mb;1;13.889999389648438;8;SHUFFLE;false;28.638500021770597;4.659999847412109;0.0;50.0;1
848;755;12;1;good;optimal;0.0;1.0;16.0;120.0;1.0;43mb;1;8.959999084472656;8;SHUFFLE;false;29.100799991283566;4.489999771118164;0.0;43.0;1
1053;305;1;1;good;optimal;0.0;1.0;101208562.0;490.0;1.0;35mb;1;2.4099998474121094;8;SHUFFLE;false;14.969499956350774;2.339999198913574;0.0;35.0;0
1315;2242;12;0;bad;iter_2_network_congestion;12.0;4.0;7545582.0;34560000.0;4.0;127mb;2;53.59999942779541;8;BROADCAST;false;718.5279999976046;93.26999950408936;0.0;127.0;6
753;84;3;1;good;optimal;0.0;1.0;630487784.0;187.0;1.0;37mb;1;4.559999465942383;8;SHUFFLE;false;16.541099990718067;4.529999732971191;0.0;37.0;7
498;802;8;1;good;optimal;0.0;1.0;835169820.0;220.0;1.0;37mb;1;4.579999923706055;8;SHUFFLE;false;15.34799998626113;4.5199995040893555;0.0;37.0;7
1278;860;8;0;bad;iter_2_network_congestion;20.0;6.0;23017538.0;23040000.0;6.0;447mb;2;221.25;8;BROADCAST;false;717.2867000335827;349.0699996948242;0.0;447.0;13
1320;2260;12;0;bad;iter_2_network_congestion;17.0;5.0;11157346.0;17280000.0;5.0;151mb;2;68.86999988555908;8;BROADCAST;false;718.9004000392742;114.34999942779541;0.0;151.0;6
1092;94;3;0;bad;iter_2_network_congestion;36.0;11.0;1834505053.0;8640000.0;11.0;321mb;2;222.64999961853027;8;SHUFFLE;false;1025.9157999535091;246.47999954223633;0.0;321.0;2
1090;93;3;0;bad;iter_2_network_congestion;16.0;5.0;870443191.0;863940.0;5.0;155mb;2;94.90999984741211;8;SHUFFLE;false;675.0442999764346;93.03999996185303;0.0;155.0;4
11;86;1;1;good;optimal;0.0;1.0;275901332.0;364.0;1.0;37mb;1;4.459999084472656;8;SHUFFLE;false;18.457200028933585;4.3899993896484375;0.0;37.0;0
396;193;1;1;good;optimal;0.0;1.0;275901324.0;213.0;1.0;37mb;1;4.539999961853027;8;SHUFFLE;false;15.143800002988428;4.5;0.0;37.0;0
978;170;3;1;good;optimal;0.0;1.0;310063930.0;158.0;1.0;37mb;1;4.579999923706055;8;SHUFFLE;false;19.63260001502931;4.5199995040893555;0.0;37.0;0
555;2240;12;1;good;optimal;0.0;1.0;1217690352.0;235.0;1.0;38mb;1;4.839999198913574;8;SHUFFLE;false;42.27440000977367;4.2599992752075195;0.0;38.0;7
42;743;12;1;good;optimal;0.0;1.0;1217690352.0;261.0;1.0;38mb;1;5.079999923706055;8;SHUFFLE;false;16.391500015743077;4.409999847412109;0.0;38.0;7
841;711;6;1;good;optimal;0.0;1.0;624175364.0;112.0;1.0;37mb;1;4.409999847412109;8;SHUFFLE;false;19.972599984612316;4.189999580383301;0.0;37.0;7
167;690;12;1;good;optimal;24.0;7.0;24449177.0;34560000.0;7.0;392mb;2;159.81999969482422;8;SHUFFLE;true;162.13420004351065;275.75;0.0;392.0;13
416;875;6;1;good;optimal;0.0;1.0;1283058580.0;274.0;1.0;38mb;1;4.719999313354492;8;SHUFFLE;false;19.594899960793555;4.2599992752075195;0.0;38.0;7
576;17;3;1;good;optimal;16.0;5.0;872246482.0;8640000.0;5.0;126mb;1;72.66999912261963;8;SHUFFLE;true;30.800400010775775;62.30999946594238;0.0;126.0;4
834;165;1;1;good;optimal;12.0;4.0;278243220.0;2880000.0;4.0;69mb;1;29.16999912261963;8;SHUFFLE;true;158.8810000102967;28.899999618530273;0.0;69.0;4
267;338;1;1;good;optimal;0.0;1.0;208834412.0;410.0;1.0;37mb;1;4.239999771118164;8;SHUFFLE;false;14.828800049144775;4.229999542236328;0.0;37.0;0
1041;710;12;1;good;optimal;0.0;1.0;1217690344.0;500.0;1.0;38mb;1;5.049999237060547;8;SHUFFLE;false;15.150699997320771;4.5199995040893555;0.0;38.0;7
426;337;1;1;good;optimal;12.0;4.0;225884865.0;1440000.0;4.0;90mb;1;44.94999980926514;8;SHUFFLE;true;58.89380001462996;38.6299991607666;0.0;90.0;4
690;826;8;1;good;optimal;0.0;1.0;8.0;213.0;1.0;43mb;1;9.039999961853027;8;SHUFFLE;false;26.974699983838946;4.529999732971191;0.0;43.0;1
544;830;6;1;good;optimal;12.0;4.0;2346232894.0;17280000.0;4.0;186mb;1;118.47999954223633;8;SHUFFLE;true;27.68210001522675;111.89999961853027;0.0;186.0;4
1287;885;6;0;bad;iter_2_network_congestion;21.0;6.0;474381776.0;1730000.0;6.0;193mb;2;123.85999965667725;8;SHUFFLE;false;523.7204000004567;129.69999980926514;0.0;193.0;13
674;179;1;1;good;optimal;0.0;1.0;101208562.0;471.0;1.0;35mb;1;2.3299999237060547;8;SHUFFLE;false;20.099100016523153;2.2899999618530273;0.0;35.0;0
689;770;12;1;good;optimal;0.0;1.0;1217690344.0;477.0;1.0;38mb;1;4.799999237060547;8;SHUFFLE;false;15.722999989520758;4.289999961853027;0.0;38.0;7
1009;2297;3;1;good;optimal;0.0;1.0;630487784.0;279.0;1.0;37mb;1;4.609999656677246;8;SHUFFLE;false;29.129399976227432;4.5199995040893555;0.0;37.0;7
1212;765;8;0;bad;iter_2_network_congestion;21.0;6.0;925285842.0;5760000.0;6.0;241mb;2;160.81999969482422;8;SHUFFLE;false;501.1389999999665;193.9399995803833;0.0;241.0;13
851;309;1;1;good;optimal;0.0;1.0;275901332.0;255.0;1.0;37mb;1;4.219999313354492;8;SHUFFLE;false;14.908500015735626;4.179999351501465;0.0;37.0;0
1345;2312;3;0;bad;iter_2_network_congestion;45.0;12.0;1972164079.0;8640000.0;12.0;452mb;2;323.76999950408936;8;SHUFFLE;false;1737.3487000004388;356.1899995803833;0.0;452.0;2
159;262;1;1;good;optimal;0.0;1.0;275901324.0;96.0;1.0;37mb;1;4.179999351501465;8;SHUFFLE;false;15.451999963261187;4.159999847412109;0.0;37.0;0
895;151;3;1;good;optimal;0.0;1.0;630487792.0;136.0;1.0;38mb;1;4.869999885559082;8;SHUFFLE;false;14.850799983832985;4.219999313354492;0.0;38.0;7
1093;105;3;0;bad;iter_2_network_congestion;48.0;15.0;1852249332.0;8640000.0;15.0;152mb;2;92.51999950408936;8;SHUFFLE;false;521.7397999949753;111.31999969482422;0.0;152.0;11
257;224;1;1;good;optimal;0.0;1.0;101208570.0;420.0;1.0;34mb;1;2.179999351501465;8;SHUFFLE;false;18.935200001578778;2.169999122619629;0.0;34.0;0
1070;39;3;0;bad;iter_2_network_congestion;56.0;15.0;262292908.0;863190.0;15.0;103mb;2;54.709999084472656;8;SHUFFLE;false;521.6104999999516;70.08999919891357;0.0;103.0;11
335;2201;12;1;good;optimal;0.0;1.0;1217690352.0;138.0;1.0;38mb;1;4.789999961853027;8;SHUFFLE;false;15.846800000872463;4.2599992752075195;0.0;38.0;7
1291;2165;12;0;bad;iter_2_network_congestion;56.0;15.0;1262047426.0;34560000.0;15.0;331mb;4;156.14999961853027;8;BROADCAST;false;2330.1412999862805;256.1599998474121;0.0;331.0;11
15;2224;3;1;good;optimal;0.0;1.0;630487784.0;51.0;1.0;42mb;1;8.00999927520752;8;SHUFFLE;false;20.380500005558133;4.199999809265137;0.0;42.0;7
515;230;1;1;good;optimal;0.0;1.0;208834412.0;317.0;1.0;34mb;1;2.089999198913574;8;SHUFFLE;false;25.524199998471886;2.049999237060547;0.0;34.0;0
324;192;1;1;good;optimal;3.0;2.0;7046947.0;1800.0;2.0;46mb;1;10.869999885559082;8;SHUFFLE;false;93.8353999517858;10.869999885559082;0.0;46.0;6
768;2272;12;1;good;optimal;0.0;1.0;16.0;332.0;1.0;43mb;1;8.959999084472656;8;SHUFFLE;false;49.96889998437837;4.489999771118164;0.0;43.0;1
607;733;12;1;good;optimal;0.0;1.0;8.0;215.0;1.0;50mb;1;13.889999389648438;8;SHUFFLE;false;29.089500021655113;4.659999847412109;0.0;50.0;1
1210;760;8;0;bad;iter_0_rejected_limit;74.0;38.0;4622915131.0;23040000.0;38.0;1081mb;4;807.4199991226196;8;SHUFFLE;false;0.0;0.0;0.0;1081.0;3
1206;758;6;0;bad;iter_2_network_congestion;32.0;10.0;1919048210.0;8640000.0;10.0;271mb;2;183.91999912261963;8;SHUFFLE;false;1430.6498000514694;200.14999961853027;0.0;271.0;8
1131;207;1;0;bad;iter_2_network_congestion;12.0;4.0;1103606232.0;288040.0;4.0;156mb;2;95.38999938964844;8;SHUFFLE;false;516.3068999536335;95.10999965667725;0.0;156.0;4
905;236;1;1;good;optimal;0.0;1.0;208834412.0;377.0;1.0;37mb;1;4.219999313354492;8;SHUFFLE;false;17.391400004271418;4.199999809265137;0.0;37.0;0
222;2240;3;1;good;optimal;0.0;1.0;310063938.0;235.0;1.0;37mb;1;4.279999732971191;8;SHUFFLE;false;19.854600017424673;4.189999580383301;0.0;37.0;0
179;349;1;1;good;optimal;0.0;1.0;208834404.0;79.0;1.0;37mb;1;4.339999198913574;8;SHUFFLE;false;14.818299969192594;4.289999961853027;0.0;37.0;0
1243;805;12;0;bad;iter_2_network_congestion;12.0;4.0;7545582.0;34560000.0;4.0;127mb;2;53.59999942779541;8;BROADCAST;false;672.6214999798685;93.32999992370605;0.0;127.0;6
99;2342;8;1;good;optimal;0.0;1.0;16.0;247.0;1.0;43mb;1;8.839999198913574;8;SHUFFLE;false;28.379699971992522;4.439999580383301;0.0;43.0;1
836;2331;3;1;good;optimal;0.0;1.0;310063930.0;339.0;1.0;37mb;1;4.559999465942383;8;SHUFFLE;false;19.184199976734817;4.5199995040893555;0.0;37.0;0
757;134;1;1;good;optimal;28.0;8.0;533952617.0;2880000.0;8.0;115mb;1;64.31999969482422;8;SHUFFLE;true;34.48729997035116;64.1299991607666;0.0;115.0;8
521;73;1;1;good;optimal;0.0;1.0;208834404.0;289.0;1.0;37mb;1;4.559999465942383;8;SHUFFLE;false;18.730100011453032;4.5199995040893555;0.0;37.0;0
761;2324;12;1;good;optimal;0.0;1.0;8.0;306.0;1.0;43mb;1;8.969999313354492;8;SHUFFLE;false;29.663899971637875;4.5;0.0;43.0;1
22;2205;12;1;good;optimal;0.0;1.0;1217690344.0;288.0;1.0;38mb;1;5.029999732971191;8;SHUFFLE;false;16.03820000309497;4.5199995040893555;0.0;38.0;7
356;818;8;1;good;optimal;0.0;1.0;1717252922.0;50.0;1.0;42mb;1;8.00999927520752;8;SHUFFLE;false;17.82209996599704;4.319999694824219;0.0;42.0;7
733;787;6;1;good;optimal;0.0;1.0;1706851056.0;423.0;1.0;43mb;1;8.639999389648438;8;SHUFFLE;false;17.128399980720133;4.339999198913574;0.0;43.0;7
1140;253;1;0;bad;iter_2_network_congestion;12.0;4.0;283071904.0;15090000.0;4.0;725mb;2;533.2799997329712;8;SHUFFLE;false;1129.6524000354111;543.7299995422363;0.0;725.0;4
1273;855;6;0;bad;iter_2_network_congestion;16.0;5.0;1929492460.0;17280000.0;5.0;321mb;2;174.04999923706055;8;BROADCAST;false;657.1801999816671;239.50999927520752;0.0;321.0;4
611;2320;6;1;good;optimal;0.0;1.0;847270386.0;216.0;1.0;37mb;1;4.579999923706055;8;SHUFFLE;false;20.528399967588484;4.5;0.0;37.0;7
1169;697;8;0;overhead;iter_2_codegen_heavy;8.0;3.0;19359204.0;23040000.0;3.0;336mb;2;148.61999988555908;8;BROADCAST;false;1118.7448999844491;256.01999950408936;0.0;336.0;6
340;98;1;1;good;optimal;0.0;1.0;275901324.0;364.0;1.0;37mb;1;4.359999656677246;8;SHUFFLE;false;22.48939999844879;4.289999961853027;0.0;37.0;0
431;6;1;1;good;optimal;0.0;1.0;208834412.0;462.0;1.0;37mb;1;4.25;8;SHUFFLE;false;16.192000010050833;4.229999542236328;0.0;37.0;0
1015;2264;3;1;good;optimal;17.0;5.0;1275194792.0;4320000.0;5.0;114mb;1;63.6899995803833;8;SHUFFLE;true;44.14860001998022;54.81999969482422;0.0;114.0;4
217;850;8;1;good;optimal;0.0;1.0;1717252922.0;450.0;1.0;43mb;1;8.649999618530273;8;SHUFFLE;false;28.09279999928549;4.34999942779541;0.0;43.0;7
911;711;8;1;good;optimal;0.0;1.0;835169828.0;112.0;1.0;37mb;1;4.199999809265137;8;SHUFFLE;false;17.042099963873625;4.179999351501465;0.0;37.0;7
203;2221;12;1;good;optimal;0.0;1.0;8.0;189.0;1.0;43mb;1;8.969999313354492;8;SHUFFLE;false;27.748699998483062;4.5;0.0;43.0;1
1107;128;3;0;bad;iter_2_network_congestion;12.0;4.0;236964150.0;28190000.0;4.0;102mb;2;54.04999923706055;8;SHUFFLE;false;1419.6846000268124;63.44999980926514;0.0;102.0;4
1350;2317;12;0;bad;iter_2_network_congestion;20.0;6.0;22120783.0;3460000.0;6.0;280mb;4;131.57999992370605;8;BROADCAST;false;1938.0416999920271;240.94999980926514;0.0;280.0;13
1118;176;1;0;bad;iter_2_network_congestion;68.0;18.0;1166189210.0;417000000000000.0;18.0;499mb;2;359.3399991989136;8;SHUFFLE;false;1125.5081000272185;436.3199996948242;0.0;499.0;11
93;2333;12;1;good;optimal;0.0;1.0;8.0;387.0;1.0;50mb;1;13.889999389648438;8;SHUFFLE;false;27.524799981620163;4.659999847412109;0.0;50.0;1
1032;745;8;1;good;optimal;0.0;1.0;16.0;435.0;1.0;45mb;1;10.049999237060547;8;SHUFFLE;false;27.2541000158526;4.979999542236328;0.0;45.0;1
68;2315;12;1;good;optimal;0.0;1.0;1217690340.0;85.0;1.0;42mb;1;8.00999927520752;8;SHUFFLE;false;18.065800017211586;4.489999771118164;0.0;42.0;7
1201;754;8;0;bad;iter_2_network_congestion;16.0;5.0;35018598.0;23040000.0;5.0;188mb;2;101.01999950408936;8;BROADCAST;false;1726.844799995888;144.60999965667725;0.0;188.0;13
973;833;8;1;good;optimal;21.0;6.0;67182384.0;23040000.0;6.0;125mb;1;71.6299991607666;8;SHUFFLE;true;162.02990000601858;63.579999923706055;0.0;125.0;13
284;119;3;1;good;optimal;0.0;1.0;630487784.0;310.0;1.0;38mb;1;5.059999465942383;8;SHUFFLE;false;15.169399965088814;4.539999961853027;0.0;38.0;7
696;2236;12;1;good;optimal;0.0;1.0;8.0;413.0;1.0;44mb;1;9.289999961853027;8;SHUFFLE;false;27.974699973128736;4.5199995040893555;0.0;44.0;1
85;239;3;1;good;optimal;16.0;5.0;313723606.0;2160000.0;5.0;88mb;2;43.429999351501465;8;SHUFFLE;true;28.844700020272285;43.839999198913574;0.0;88.0;13
434;2228;3;1;good;optimal;0.0;1.0;630487784.0;50.0;1.0;42mb;1;8.00999927520752;8;SHUFFLE;false;36.2695999792777;4.159999847412109;0.0;42.0;7
1252;811;12;0;bad;iter_2_network_congestion;56.0;15.0;1262047426.0;34560000.0;15.0;331mb;4;153.86999988555908;8;BROADCAST;false;2528.7194999982603;256.3399991989136;0.0;331.0;11
153;322;1;1;good;optimal;0.0;1.0;101208570.0;369.0;1.0;34mb;1;2.1999998092651367;8;SHUFFLE;false;16.93739998154342;2.1599998474121094;0.0;34.0;0
75;314;1;1;good;optimal;17.0;5.0;428448714.0;1440000.0;5.0;103mb;1;55.04999923706055;8;SHUFFLE;true;17.51259999582544;48.019999504089355;0.0;103.0;13
962;2236;3;1;good;optimal;0.0;1.0;630487784.0;413.0;1.0;38mb;1;4.629999160766602;8;SHUFFLE;false;17.05760002369061;4.5199995040893555;0.0;38.0;7
1195;738;8;0;bad;iter_2_network_congestion;16.0;5.0;27755963.0;2300000.0;5.0;165mb;2;102.42999935150146;8;SHUFFLE;false;1123.8505999790505;139.5299997329712;0.0;165.0;6
1373;2352;8;0;bad;iter_2_network_congestion;13.0;4.0;1724509586.0;34560000.0;4.0;763mb;4;371.8499994277954;8;SHUFFLE;false;2431.2875000177883;492.5;0.0;763.0;4
789;284;1;1;good;optimal;0.0;1.0;275901320.0;95.0;1.0;37mb;1;4.5099992752075195;8;SHUFFLE;false;18.406399991363287;4.479999542236328;0.0;37.0;0
580;2307;6;1;good;optimal;0.0;1.0;630487792.0;418.0;1.0;37mb;1;4.2699995040893555;8;SHUFFLE;false;18.35709996521473;4.229999542236328;0.0;37.0;7
446;196;3;1;good;optimal;0.0;1.0;310063930.0;409.0;1.0;37mb;1;4.579999923706055;8;SHUFFLE;false;15.084299957379699;4.5199995040893555;0.0;37.0;0
703;708;12;1;good;optimal;0.0;1.0;1217690352.0;315.0;1.0;37mb;1;4.379999160766602;8;SHUFFLE;false;28.36370002478361;4.2599992752075195;0.0;37.0;7
188;335;1;1;good;optimal;0.0;1.0;275901332.0;331.0;1.0;37mb;1;4.159999847412109;8;SHUFFLE;false;14.96430003317073;4.119999885559082;0.0;37.0;0
271;2256;12;1;good;optimal;0.0;1.0;1217690340.0;79.0;1.0;42mb;1;8.00999927520752;8;SHUFFLE;false;21.3396999752149;4.489999771118164;0.0;42.0;7
1156;688;12;0;bad;iter_2_network_congestion;16.0;5.0;3651654.0;17280000.0;5.0;128mb;4;51.19999980926514;8;BROADCAST;false;2223.580399993807;94.88999938964844;0.0;128.0;6
884;170;1;1;good;optimal;0.0;1.0;101208562.0;158.0;1.0;37mb;1;4.559999465942383;8;SHUFFLE;false;18.261699995491654;4.5099992752075195;0.0;37.0;0
236;220;3;1;good;optimal;0.0;1.0;847270382.0;86.0;1.0;42mb;1;8.00999927520752;8;SHUFFLE;false;14.939900022000074;4.479999542236328;0.0;42.0;7
487;215;1;1;good;optimal;3.0;2.0;7046947.0;1800.0;2.0;46mb;1;10.869999885559082;8;SHUFFLE;false;28.80059997551143;10.869999885559082;0.0;46.0;6
1326;2281;3;0;bad;iter_2_network_congestion;44.0;8.0;2399732676.0;8640000.0;8.0;211mb;2;138.2799997329712;8;SHUFFLE;false;981.2917999806814;154.41999912261963;0.0;211.0;8
559;329;1;1;good;optimal;0.0;1.0;275901320.0;51.0;1.0;37mb;1;4.529999732971191;8;SHUFFLE;false;16.00699999835342;4.479999542236328;0.0;37.0;0
117;144;3;1;good;optimal;0.0;1.0;310063938.0;183.0;1.0;34mb;1;2.2799997329711914;8;SHUFFLE;false;14.93439998012036;2.1499996185302734;0.0;34.0;0
637;97;1;1;good;optimal;0.0;1.0;208834404.0;283.0;1.0;37mb;1;4.559999465942383;8;SHUFFLE;false;15.460000024177134;4.5199995040893555;0.0;37.0;0
1237;800;12;0;overhead;iter_2_codegen_heavy;8.0;3.0;7531266.0;17280000.0;3.0;311mb;2;131.3799991607666;8;BROADCAST;false;872.6798999705352;229.19999980926514;0.0;311.0;6
801;336;1;1;good;optimal;0.0;1.0;208834400.0;61.0;1.0;37mb;1;4.529999732971191;8;SHUFFLE;false;14.958799991291016;4.489999771118164;0.0;37.0;0
750;26;3;1;good;optimal;0.0;1.0;630487784.0;195.0;1.0;37mb;1;4.579999923706055;8;SHUFFLE;false;17.102500016335398;4.5199995040893555;0.0;37.0;7
512;11;3;1;good;optimal;24.0;7.0;880090662.0;8640000.0;7.0;260mb;2;175.5999994277954;8;SHUFFLE;true;110.93480000272393;193.08999919891357;0.0;260.0;8
633;186;1;1;good;optimal;0.0;1.0;208834412.0;111.0;1.0;34mb;1;2.229999542236328;8;SHUFFLE;false;14.532500004861504;2.179999351501465;0.0;34.0;0
1106;128;1;0;bad;iter_2_network_congestion;12.0;4.0;89701940.0;11740000.0;4.0;92mb;2;46.25999927520752;8;SHUFFLE;false;719.0529000363313;55.69999980926514;0.0;92.0;13
1166;695;8;0;bad;iter_2_network_congestion;56.0;15.0;644708576.0;2300000.0;15.0;141mb;2;84.04999923706055;8;SHUFFLE;false;621.7907999525778;102.54999923706055;0.0;141.0;11
907;221;1;1;good;optimal;0.0;1.0;101208562.0;115.0;1.0;35mb;1;2.559999465942383;8;SHUFFLE;false;15.839500003494322;2.5099992752075195;0.0;35.0;0
1245;808;8;0;bad;iter_2_network_congestion;20.0;8.0;2581301778.0;23040000.0;8.0;328mb;2;133.23999977111816;8;BROADCAST;false;611.6447999957018;247.0299997329712;0.0;328.0;8
126;299;1;1;good;optimal;0.0;1.0;275901324.0;139.0;1.0;37mb;1;4.549999237060547;8;SHUFFLE;false;18.07590003591031;4.5;0.0;37.0;0
790;108;1;1;good;optimal;0.0;1.0;208834404.0;298.0;1.0;37mb;1;4.549999237060547;8;SHUFFLE;false;15.141499985475093;4.5199995040893555;0.0;37.0;0
829;346;1;1;good;optimal;0.0;1.0;275901324.0;166.0;1.0;37mb;1;4.579999923706055;8;SHUFFLE;false;17.959399963729084;4.5;0.0;37.0;0
116;812;6;1;good;optimal;0.0;1.0;1706851048.0;382.0;1.0;43mb;1;8.649999618530273;8;SHUFFLE;false;17.49620004557073;4.34999942779541;0.0;43.0;7
473;878;6;1;good;optimal;0.0;1.0;1283058580.0;438.0;1.0;38mb;1;4.869999885559082;8;SHUFFLE;false;18.268899992108345;4.2599992752075195;0.0;38.0;7
740;2324;6;1;good;optimal;0.0;1.0;630487784.0;306.0;1.0;37mb;1;4.3899993896484375;8;SHUFFLE;false;19.249900011345744;4.359999656677246;0.0;37.0;7
1161;693;12;0;bad;iter_2_network_congestion;75.0;16.0;4924.0;3460000.0;16.0;431mb;4;252.25999927520752;8;BROADCAST;false;7359.4699000241235;331.73999977111816;0.0;431.0;5
950;819;8;1;good;optimal;0.0;1.0;16.0;282.0;1.0;43mb;1;8.839999198913574;8;SHUFFLE;false;27.87350001744926;4.439999580383301;0.0;43.0;1
57;254;1;1;good;optimal;0.0;1.0;275901324.0;120.0;1.0;37mb;1;4.319999694824219;8;SHUFFLE;false;15.05909999832511;4.289999961853027;0.0;37.0;0
603;774;12;1;good;optimal;0.0;1.0;1217690352.0;435.0;1.0;37mb;1;4.2599992752075195;8;SHUFFLE;false;17.103400023188442;4.2599992752075195;0.0;37.0;7
786;2325;6;1;good;optimal;0.0;1.0;847270394.0;208.0;1.0;37mb;1;4.239999771118164;8;SHUFFLE;false;19.009399984497577;4.179999351501465;0.0;37.0;7
830;2243;3;1;good;optimal;0.0;1.0;310063938.0;154.0;1.0;37mb;1;4.2699995040893555;8;SHUFFLE;false;17.497399996500462;4.219999313354492;0.0;37.0;0
119;771;6;1;good;optimal;0.0;1.0;1706851056.0;422.0;1.0;43mb;1;8.969999313354492;8;SHUFFLE;false;17.426999984309077;4.339999198913574;0.0;43.0;7
656;120;1;1;good;optimal;8.0;3.0;283055094.0;2880000.0;3.0;184mb;1;117.20999908447266;8;SHUFFLE;true;216.91619994817302;109.31999969482422;0.0;184.0;4
635;2203;12;1;good;optimal;0.0;1.0;16.0;249.0;1.0;43mb;1;8.959999084472656;8;SHUFFLE;false;18.438099999912083;4.489999771118164;0.0;43.0;1
369;892;6;1;good;optimal;0.0;1.0;1283058572.0;336.0;1.0;38mb;1;5.029999732971191;8;SHUFFLE;false;15.977899951394647;4.5199995040893555;0.0;38.0;7
268;2325;3;1;good;optimal;0.0;1.0;847270394.0;208.0;1.0;37mb;1;4.219999313354492;8;SHUFFLE;false;16.79560000775382;4.179999351501465;0.0;37.0;7
655;2278;3;1;good;optimal;0.0;1.0;630487784.0;143.0;1.0;38mb;1;4.619999885559082;8;SHUFFLE;false;19.46069998666644;4.5199995040893555;0.0;38.0;7
935;702;6;1;good;optimal;0.0;1.0;624175364.0;412.0;1.0;37mb;1;4.149999618530273;8;SHUFFLE;false;16.32130000507459;4.149999618530273;0.0;37.0;7
822;837;6;1;good;optimal;0.0;1.0;1706851048.0;252.0;1.0;43mb;1;8.649999618530273;8;SHUFFLE;false;29.707000008784235;4.5099992752075195;0.0;43.0;7
866;2284;12;1;good;optimal;0.0;1.0;1217690344.0;329.0;1.0;37mb;1;4.589999198913574;8;SHUFFLE;false;29.59799999371171;4.5199995040893555;0.0;37.0;7
46;2255;12;1;good;optimal;0.0;1.0;8.0;178.0;1.0;50mb;1;13.889999389648438;8;SHUFFLE;false;28.669800027273595;4.659999847412109;0.0;50.0;1
1187;728;12;0;bad;iter_2_network_congestion;17.0;5.0;11157346.0;17280000.0;5.0;151mb;2;70.14999961853027;8;BROADCAST;false;613.2355000008829;111.84999942779541;0.0;151.0;6
991;75;3;1;good;optimal;21.0;6.0;880027052.0;8640000.0;6.0;117mb;1;65.84999942779541;8;SHUFFLE;true;114.19329995987937;52.209999084472656;0.0;117.0;13
876;227;1;1;good;optimal;0.0;1.0;101208570.0;424.0;1.0;34mb;1;2.2099990844726562;8;SHUFFLE;false;41.897599992807955;2.1599998474121094;0.0;34.0;0
773;33;3;1;good;optimal;0.0;1.0;310063938.0;486.0;1.0;37mb;1;4.129999160766602;8;SHUFFLE;false;14.529700041748583;4.089999198913574;0.0;37.0;0
4;2274;3;1;good;optimal;0.0;1.0;310063930.0;101.0;1.0;37mb;1;4.3899993896484375;8;SHUFFLE;false;19.422799989115447;4.339999198913574;0.0;37.0;0
1003;169;3;1;good;optimal;0.0;1.0;847270382.0;95.0;1.0;42mb;1;8.00999927520752;8;SHUFFLE;false;19.74540000082925;4.2699995040893555;0.0;42.0;7
263;2183;12;1;good;optimal;0.0;1.0;16.0;173.0;1.0;43mb;1;8.959999084472656;8;SHUFFLE;false;27.6511000120081;4.489999771118164;0.0;43.0;1
1088;90;3;0;bad;iter_2_network_congestion;36.0;12.0;2573643748.0;8640000.0;12.0;266mb;2;180.66999912261963;8;SHUFFLE;false;770.4155000392348;203.9099998474121;0.0;266.0;2
1254;813;12;0;bad;iter_2_network_congestion;28.0;8.0;430481668.0;34560000.0;8.0;427mb;2;193.3799991607666;8;BROADCAST;false;567.7445000037551;323.10999965667725;0.0;427.0;8
443;2290;12;1;good;optimal;0.0;1.0;16.0;417.0;1.0;50mb;1;13.879999160766602;8;SHUFFLE;false;27.119900041725487;4.649999618530273;0.0;50.0;1
1002;2307;3;1;good;optimal;0.0;1.0;630487792.0;418.0;1.0;37mb;1;4.239999771118164;8;SHUFFLE;false;20.49359999364242;4.229999542236328;0.0;37.0;7
837;97;3;1;good;optimal;0.0;1.0;630487784.0;283.0;1.0;38mb;1;4.659999847412109;8;SHUFFLE;false;16.32279995828867;4.539999961853027;0.0;38.0;7
1226;789;8;0;bad;iter_2_network_congestion;48.0;15.0;104974198.0;23040000.0;15.0;538mb;2;247.48999977111816;8;BROADCAST;false;814.0290000010282;411.48999977111816;0.0;538.0;11
304;846;8;1;good;optimal;0.0;1.0;1717252930.0;373.0;1.0;43mb;1;9.029999732971191;8;SHUFFLE;false;26.332099980209023;4.979999542236328;0.0;43.0;7
1080;56;3;0;bad;iter_0_rejected_limit;74.0;38.0;3461465442.0;8640000.0;38.0;983mb;4;731.6599998474121;8;SHUFFLE;false;0.0;0.0;0.0;983.0;3
313;873;6;1;good;optimal;0.0;1.0;1283058572.0;81.0;1.0;42mb;1;8.00999927520752;8;SHUFFLE;false;17.470399965532124;4.239999771118164;0.0;42.0;7
149;698;6;1;good;optimal;0.0;1.0;624175356.0;212.0;1.0;37mb;1;4.579999923706055;8;SHUFFLE;false;16.27839996945113;4.5199995040893555;0.0;37.0;7
574;98;3;1;good;optimal;0.0;1.0;847270386.0;364.0;1.0;37mb;1;4.319999694824219;8;SHUFFLE;false;18.564999976661056;4.289999961853027;0.0;37.0;7
50;118;3;1;good;optimal;0.0;1.0;310063930.0;227.0;1.0;37mb;1;4.559999465942383;8;SHUFFLE;false;15.86370001314208;4.5199995040893555;0.0;37.0;0
1077;47;1;0;bad;iter_2_network_congestion;21.0;6.0;88095346.0;287870.0;6.0;80mb;2;37.52999973297119;8;SHUFFLE;false;517.1529999934137;44.28999996185303;0.0;80.0;13
726;2254;3;1;good;optimal;0.0;1.0;847270386.0;120.0;1.0;37mb;1;4.549999237060547;8;SHUFFLE;false;17.50339998397976;4.5;0.0;37.0;7
833;2254;12;1;good;optimal;0.0;1.0;8.0;120.0;1.0;50mb;1;13.889999389648438;8;SHUFFLE;false;26.932099950499833;4.659999847412109;0.0;50.0;1
470;733;6;1;good;optimal;0.0;1.0;1706851048.0;215.0;1.0;43mb;1;9.059999465942383;8;SHUFFLE;false;16.642700007651;4.5099992752075195;0.0;43.0;7
971;2262;3;1;good;optimal;0.0;1.0;847270386.0;446.0;1.0;37mb;1;4.549999237060547;8;SHUFFLE;false;18.236400035675615;4.5;0.0;37.0;7
653;2355;6;1;good;optimal;8.0;3.0;857861610.0;8640000.0;3.0;76mb;1;34.44999980926514;8;SHUFFLE;true;21.58980001695454;29.049999237060547;0.0;76.0;4
399;146;1;1;good;optimal;0.0;1.0;275901332.0;129.0;1.0;37mb;1;4.399999618530273;8;SHUFFLE;false;15.041799983009696;4.179999351501465;0.0;37.0;0
511;819;6;1;good;optimal;0.0;1.0;1706851056.0;282.0;1.0;43mb;1;8.639999389648438;8;SHUFFLE;false;15.616699995007366;4.339999198913574;0.0;43.0;7
320;712;8;1;good;optimal;0.0;1.0;835169828.0;258.0;1.0;37mb;1;4.179999351501465;8;SHUFFLE;false;17.248300020582974;4.179999351501465;0.0;37.0;7
19;895;6;1;good;optimal;0.0;1.0;1283058580.0;446.0;1.0;38mb;1;4.879999160766602;8;SHUFFLE;false;17.649600049480796;4.2599992752075195;0.0;38.0;7
684;295;1;1;good;optimal;0.0;1.0;275901332.0;431.0;1.0;37mb;1;4.189999580383301;8;SHUFFLE;false;14.884900010656565;4.159999847412109;0.0;37.0;0
35;2333;3;1;good;optimal;0.0;1.0;847270386.0;387.0;1.0;37mb;1;4.549999237060547;8;SHUFFLE;false;28.812999953515828;4.5;0.0;37.0;7
902;2199;12;1;good;optimal;0.0;1.0;8.0;454.0;1.0;43mb;1;8.969999313354492;8;SHUFFLE;false;27.721200021915138;4.5;0.0;43.0;1
827;825;12;1;good;optimal;0.0;1.0;1217690344.0;405.0;1.0;38mb;1;4.8899993896484375;8;SHUFFLE;false;14.781200035940856;4.34999942779541;0.0;38.0;7
1230;790;12;0;bad;iter_2_network_congestion;44.0;8.0;2495866124.0;34560000.0;8.0;243mb;2;162.48999977111816;8;SHUFFLE;false;773.7301000161096;200.42999935150146;0.0;243.0;8
407;2287;12;1;good;optimal;0.0;1.0;8.0;408.0;1.0;50mb;1;13.889999389648438;8;SHUFFLE;false;30.331899994052947;4.659999847412109;0.0;50.0;1
920;745;6;1;good;optimal;0.0;1.0;1706851056.0;435.0;1.0;45mb;1;10.119999885559082;8;SHUFFLE;false;17.673399997875094;5.0;0.0;45.0;7
537;206;1;1;good;optimal;16.0;5.0;231631450.0;1440000.0;5.0;104mb;2;56.03999996185303;8;SHUFFLE;true;213.64299999549985;65.09999942779541;0.0;104.0;13
758;700;12;1;good;optimal;0.0;1.0;8.0;443.0;1.0;50mb;1;13.889999389648438;8;SHUFFLE;false;29.413700045552105;4.659999847412109;0.0;50.0;1
1062;20;3;0;bad;iter_2_network_congestion;20.0;6.0;1708780750.0;8640000.0;6.0;259mb;2;174.75999927520752;8;SHUFFLE;false;767.8254999918863;189.75;0.0;259.0;4
245;2345;12;1;good;optimal;0.0;1.0;16.0;203.0;1.0;43mb;1;8.959999084472656;8;SHUFFLE;false;27.079499966930598;4.489999771118164;0.0;43.0;1
784;2275;12;1;good;optimal;0.0;1.0;1217690352.0;256.0;1.0;37mb;1;4.2599992752075195;8;SHUFFLE;false;16.33780001429841;4.2599992752075195;0.0;37.0;7
489;302;1;1;good;optimal;0.0;1.0;275901324.0;287.0;1.0;37mb;1;4.339999198913574;8;SHUFFLE;false;14.809400017838925;4.309999465942383;0.0;37.0;0
154;747;12;1;good;optimal;0.0;1.0;16.0;198.0;1.0;38mb;1;4.959999084472656;8;SHUFFLE;false;28.038199990987778;2.489999771118164;0.0;38.0;1
961;248;1;1;good;optimal;0.0;1.0;275901332.0;204.0;1.0;37mb;1;4.199999809265137;8;SHUFFLE;false;14.772800030186772;4.179999351501465;0.0;37.0;0
853;3;3;1;good;optimal;12.0;4.0;857881264.0;8640000.0;4.0;101mb;2;53.09999942779541;8;SHUFFLE;true;481.259299966041;49.72999954223633;0.0;101.0;4
625;241;1;1;good;optimal;0.0;1.0;208834404.0;82.0;1.0;37mb;1;4.159999847412109;8;SHUFFLE;false;14.899400004651397;4.119999885559082;0.0;37.0;0
685;72;1;1;good;optimal;24.0;7.0;55316553.0;144070.0;7.0;85mb;2;40.839999198913574;8;SHUFFLE;true;170.98709999118;43.75999927520752;0.0;85.0;13
569;120;3;1;good;optimal;8.0;3.0;857863486.0;8640000.0;3.0;188mb;2;120.5;8;SHUFFLE;true;415.6292999978177;116.61999988555908;0.0;188.0;4
1310;2230;12;0;bad;iter_2_network_congestion;56.0;15.0;857380756.0;3450000.0;15.0;151mb;2;92.10999965667725;8;SHUFFLE;false;872.6511999848299;113.54999923706055;0.0;151.0;11
17;849;6;1;good;optimal;0.0;1.0;1283058580.0;493.0;1.0;38mb;1;4.859999656677246;8;SHUFFLE;false;21.280599990859628;4.2599992752075195;0.0;38.0;7
127;2335;6;1;good;optimal;0.0;1.0;310063938.0;155.0;1.0;37mb;1;4.209999084472656;8;SHUFFLE;false;18.618800037074834;4.179999351501465;0.0;37.0;0
927;2267;12;1;good;optimal;0.0;1.0;1217690344.0;455.0;1.0;38mb;1;4.869999885559082;8;SHUFFLE;false;23.49069999763742;4.5199995040893555;0.0;38.0;7
980;114;1;1;good;optimal;0.0;1.0;101208562.0;481.0;1.0;37mb;1;4.559999465942383;8;SHUFFLE;false;15.573000011499971;4.5099992752075195;0.0;37.0;0
1348;2317;3;0;bad;iter_2_network_congestion;20.0;6.0;870506219.0;863940.0;6.0;198mb;2;128.2799997329712;8;SHUFFLE;false;1534.0701999957673;126.06999969482422;0.0;198.0;13
190;238;1;1;good;optimal;0.0;1.0;275901332.0;160.0;1.0;37mb;1;4.199999809265137;8;SHUFFLE;false;16.691200027707964;4.179999351501465;0.0;37.0;0
992;2351;3;1;good;optimal;0.0;1.0;630487780.0;91.0;1.0;42mb;1;8.00999927520752;8;SHUFFLE;false;20.341800001915544;4.489999771118164;0.0;42.0;7
1342;2308;3;0;bad;iter_2_network_congestion;16.0;5.0;870443191.0;863940.0;5.0;154mb;2;94.58999919891357;8;SHUFFLE;false;723.0620999471284;93.48999977111816;0.0;154.0;4
606;53;1;1;good;optimal;0.0;1.0;101208562.0;381.0;1.0;37mb;1;4.609999656677246;8;SHUFFLE;false;16.080899978987873;4.5099992752075195;0.0;37.0;0
180;2262;12;1;good;optimal;0.0;1.0;8.0;446.0;1.0;50mb;1;13.889999389648438;8;SHUFFLE;false;28.06729997973889;4.659999847412109;0.0;50.0;1
301;252;1;1;good;optimal;16.0;5.0;298698370.0;2880000.0;5.0;115mb;1;64.03999996185303;8;SHUFFLE;true;159.5637000282295;59.09999942779541;0.0;115.0;13
496;64;1;1;good;optimal;0.0;1.0;275901332.0;386.0;1.0;37mb;1;4.189999580383301;8;SHUFFLE;false;18.366299977060407;4.169999122619629;0.0;37.0;0
1188;734;6;0;bad;iter_2_network_congestion;48.0;15.0;5215132282.0;17280000.0;15.0;487mb;2;242.30999946594238;8;BROADCAST;false;769.1292999661528;363.5099992752075;0.0;487.0;11
1198;744;8;0;bad;iter_2_network_congestion;44.0;12.0;5209889813.0;15860000.0;12.0;1118mb;2;448.3999996185303;8;BROADCAST;false;1325.0001999549568;831.4799995422363;0.0;1118.0;2
1137;222;3;0;bad;iter_2_network_congestion;12.0;4.0;236964150.0;28190000.0;4.0;102mb;2;54.09999942779541;8;SHUFFLE;false;1525.044700014405;63.609999656677246;0.0;102.0;4
517;163;1;1;good;optimal;0.0;1.0;101208562.0;331.0;1.0;35mb;1;2.3799991607666016;8;SHUFFLE;false;15.156199980992824;2.3299999237060547;0.0;35.0;0
1069;39;1;0;bad;iter_2_network_congestion;56.0;15.0;111906134.0;287870.0;15.0;95mb;1;48.50999927520752;8;SHUFFLE;false;548.1994000147097;48.29999923706055;0.0;95.0;11
476;255;1;1;good;optimal;0.0;1.0;208834412.0;110.0;1.0;37mb;1;4.239999771118164;8;SHUFFLE;false;26.280199992470443;4.229999542236328;0.0;37.0;0
157;788;8;1;good;optimal;0.0;1.0;835169828.0;320.0;1.0;38mb;1;4.819999694824219;8;SHUFFLE;false;14.972499979194254;4.179999351501465;0.0;38.0;7
16;9;1;1;good;optimal;0.0;1.0;101208570.0;385.0;1.0;37mb;1;0.6668453216552734;8;SHUFFLE;false;16.634600004181266;0.6092281341552734;0.0;37.0;0
1072;41;3;0;bad;iter_2_network_congestion;44.0;12.0;2414247282.0;8640000.0;12.0;1088mb;2;601.4499998092651;8;BROADCAST;false;976.4708000002429;793.5599994659424;0.0;1088.0;2
546;890;6;1;good;optimal;0.0;1.0;1283058572.0;100.0;1.0;38mb;1;4.819999694824219;8;SHUFFLE;false;15.218099986668676;4.299999237060547;0.0;38.0;7
658;210;1;1;good;optimal;0.0;1.0;101208562.0;483.0;1.0;35mb;1;2.559999465942383;8;SHUFFLE;false;18.295299960300326;2.5099992752075195;0.0;35.0;0
1127;199;3;0;bad;iter_2_network_congestion;20.0;6.0;5083623900.0;863940.0;6.0;215mb;2;141.01999950408936;8;SHUFFLE;false;1521.6045000124723;142.08999919891357;0.0;215.0;4
1019;762;12;1;good;optimal;0.0;1.0;8.0;89.0;1.0;42mb;1;8.00999927520752;8;SHUFFLE;false;15.803899965249002;4.469999313354492;0.0;42.0;1
1333;2289;3;0;bad;iter_2_network_congestion;12.0;4.0;236964150.0;28190000.0;4.0;102mb;4;54.02999973297119;8;SHUFFLE;false;1725.4628000082448;75.07999992370605;0.0;102.0;4
959;765;6;1;good;optimal;21.0;6.0;695458950.0;4320000.0;6.0;224mb;2;148.16999912261963;8;SHUFFLE;true;160.50619998713955;153.72999954223633;0.0;224.0;13
1293;2169;12;0;bad;iter_2_network_congestion;8.0;3.0;100162061.0;39170000.0;3.0;445mb;2;318.42999935150146;8;SHUFFLE;false;1319.214200018905;325.7199993133545;0.0;445.0;6
283;138;1;1;good;optimal;0.0;1.0;101208570.0;487.0;1.0;37mb;1;0.6668453216552734;8;SHUFFLE;false;17.673599999397993;0.6092281341552734;0.0;37.0;0
797;711;12;1;good;optimal;0.0;1.0;1217690352.0;112.0;1.0;38mb;1;4.819999694824219;8;SHUFFLE;false;15.585799992550164;4.2599992752075195;0.0;38.0;7
225;771;8;1;good;optimal;0.0;1.0;16.0;422.0;1.0;43mb;1;8.839999198913574;8;SHUFFLE;false;29.57710000919178;4.439999580383301;0.0;43.0;1
26;2273;12;1;good;optimal;0.0;1.0;16.0;292.0;1.0;50mb;1;13.879999160766602;8;SHUFFLE;false;27.663499990012497;4.649999618530273;0.0;50.0;1
437;271;1;1;good;optimal;0.0;1.0;101208558.0;96.0;1.0;37mb;1;4.539999961853027;8;SHUFFLE;false;25.44190001208335;4.489999771118164;0.0;37.0;0
1336;2292;12;0;bad;iter_2_network_congestion;44.0;12.0;22639510.0;1730000000000.0;12.0;1069mb;2;425.2299995422363;8;BROADCAST;false;1428.7055999739096;790.7299995422363;0.0;1069.0;2
229;261;1;1;good;optimal;36.0;11.0;617417655.0;2880000.0;11.0;284mb;2;194.19999980926514;8;BROADCAST;true;54.42800000309944;226.03999996185303;0.0;284.0;2
37;796;6;1;good;optimal;0.0;1.0;1706851048.0;343.0;1.0;43mb;1;9.139999389648438;8;SHUFFLE;false;16.859599971212447;4.34999942779541;0.0;43.0;7
749;64;3;1;good;optimal;0.0;1.0;847270394.0;386.0;1.0;38mb;1;4.829999923706055;8;SHUFFLE;false;14.971200027503073;4.179999351501465;0.0;38.0;7
1045;746;6;1;good;optimal;0.0;1.0;1283058572.0;180.0;1.0;37mb;1;4.3899993896484375;8;SHUFFLE;false;15.133999986574054;4.34999942779541;0.0;37.0;7
469;219;1;1;good;optimal;0.0;1.0;275901332.0;422.0;1.0;37mb;1;4.179999351501465;8;SHUFFLE;false;14.933399972505867;4.119999885559082;0.0;37.0;0
1176;713;8;0;bad;iter_2_network_congestion;75.0;16.0;5128.0;2300000.0;16.0;305mb;4;210.19999980926514;8;SHUFFLE;false;4233.22019999614;207.6899995803833;0.0;305.0;5
1351;2322;3;0;bad;iter_2_network_congestion;45.0;12.0;1972164079.0;8640000.0;12.0;454mb;2;325.29999923706055;8;SHUFFLE;false;931.1426000203937;363.0699996948242;0.0;454.0;2
687;2339;12;1;good;optimal;3.0;2.0;7801924.0;2000.0;2.0;46mb;1;10.869999885559082;8;SHUFFLE;false;38.76319999108091;10.869999885559082;0.0;46.0;6
1263;827;6;0;bad;iter_2_network_congestion;21.0;6.0;474381776.0;1730000.0;6.0;193mb;2;123.85999965667725;8;SHUFFLE;false;543.0758000002243;130.1599998474121;0.0;193.0;13
639;264;1;1;good;optimal;12.0;4.0;283067608.0;2880000.0;4.0;96mb;2;49.90999984741211;8;SHUFFLE;true;261.4401000319049;48.929999351501465;0.0;96.0;4
1191;736;6;0;bad;iter_2_network_congestion;13.0;4.0;2997166276.0;25920000.0;4.0;735mb;4;338.2199993133545;8;SHUFFLE;false;2663.8116000103764;610.1199998855591;0.0;735.0;4
1149;303;1;0;bad;iter_2_network_congestion;36.0;12.0;849202780.0;2880000.0;12.0;247mb;2;166.01999950408936;8;SHUFFLE;false;614.4505999982357;192.06999969482422;0.0;247.0;2
1248;809;8;0;bad;iter_2_network_congestion;75.0;16.0;5128.0;2300000.0;16.0;300mb;4;206.81999969482422;8;SHUFFLE;false;5037.616399989929;229.4099998474121;0.0;300.0;5
800;2250;12;1;good;optimal;0.0;1.0;1217690352.0;172.0;1.0;38mb;1;4.819999694824219;8;SHUFFLE;false;20.55890002520755;4.2599992752075195;0.0;38.0;7
160;717;12;1;good;optimal;0.0;1.0;8.0;147.0;1.0;50mb;1;13.889999389648438;8;SHUFFLE;false;26.546400040388107;4.659999847412109;0.0;50.0;1
956;2193;12;1;good;optimal;0.0;1.0;16.0;142.0;1.0;43mb;1;8.959999084472656;8;SHUFFLE;false;31.916200008708984;4.489999771118164;0.0;43.0;1
821;864;8;1;good;optimal;0.0;1.0;16.0;423.0;1.0;43mb;1;8.839999198913574;8;SHUFFLE;false;18.884099961724132;4.439999580383301;0.0;43.0;1
1168;697;6;0;bad;iter_2_network_congestion;8.0;3.0;1722749942.0;17280000.0;3.0;312mb;2;140.55999946594238;8;SHUFFLE;true;615.3542000101879;220.92999935150146;0.0;312.0;4
877;870;6;1;good;optimal;0.0;1.0;1706851044.0;78.0;1.0;42mb;1;8.00999927520752;8;SHUFFLE;false;14.627199969254434;4.479999542236328;0.0;42.0;7
913;815;8;1;good;optimal;0.0;1.0;16.0;229.0;1.0;43mb;1;8.839999198913574;8;SHUFFLE;false;28.208700008690357;4.439999580383301;0.0;43.0;1
152;839;8;1;good;optimal;0.0;1.0;8.0;307.0;1.0;43mb;1;9.109999656677246;8;SHUFFLE;false;28.089000028558075;4.449999809265137;0.0;43.0;1
1258;822;6;0;overhead;iter_2_codegen_heavy;24.0;7.0;1760418897.0;17280000.0;7.0;453mb;2;196.73999977111816;8;BROADCAST;false;461.45740000065416;327.5;0.0;453.0;8
509;835;6;1;good;optimal;8.0;3.0;1722748166.0;17280000.0;3.0;79mb;1;36.69999980926514;8;SHUFFLE;true;18.567999999504536;30.09999942779541;0.0;79.0;4
1135;218;3;0;bad;iter_2_network_congestion;34.0;9.0;1862503248.0;8640000.0;9.0;397mb;2;281.5;8;SHUFFLE;false;765.7083000522107;292.6199998855591;0.0;397.0;8
1155;688;8;0;bad;iter_2_network_congestion;16.0;5.0;1720910607.0;11520000.0;5.0;128mb;4;51.13999938964844;8;BROADCAST;false;2142.312200041488;94.91999912261963;0.0;128.0;4
103;2315;6;1;good;optimal;0.0;1.0;310063926.0;85.0;1.0;37mb;1;4.529999732971191;8;SHUFFLE;false;17.461100011132658;4.489999771118164;0.0;37.0;0
586;2253;3;1;good;optimal;0.0;1.0;847270382.0;64.0;1.0;42mb;1;8.00999927520752;8;SHUFFLE;false;30.36099998280406;4.309999465942383;0.0;42.0;7
1218;769;8;0;bad;iter_2_network_congestion;75.0;16.0;5128.0;2300000.0;16.0;305mb;4;210.7199993133545;8;SHUFFLE;false;4937.90890002856;229.56999969482422;0.0;305.0;5
1143;270;1;0;bad;iter_2_network_congestion;16.0;5.0;104867343.0;719380.0;5.0;72mb;2;31.429999351501465;8;SHUFFLE;false;764.3340000067838;44.16999912261963;0.0;72.0;13
53;240;1;1;good;optimal;0.0;1.0;101208562.0;416.0;1.0;37mb;1;4.539999961853027;8;SHUFFLE;false;14.63390002027154;4.5099992752075195;0.0;37.0;0
151;91;1;1;good;optimal;0.0;1.0;275901332.0;269.0;1.0;37mb;1;4.159999847412109;8;SHUFFLE;false;16.075699997600168;4.119999885559082;0.0;37.0;0
403;232;1;1;good;optimal;12.0;4.0;225884865.0;1440000.0;4.0;90mb;1;44.94999980926514;8;SHUFFLE;true;47.98309999750927;38.6299991607666;0.0;90.0;4
207;2313;6;1;good;optimal;0.0;1.0;630487780.0;94.0;1.0;42mb;1;8.00999927520752;8;SHUFFLE;false;15.695800015237182;4.319999694824219;0.0;42.0;7
1301;2197;12;0;bad;iter_2_network_congestion;124.0;32.0;18750136.0;34560000.0;32.0;542mb;2;262.79999923706055;8;BROADCAST;false;1130.6614000350237;444.10999965667725;0.0;542.0;10
1122;181;3;0;bad;iter_2_network_congestion;20.0;6.0;883069084.0;8640000.0;6.0;118mb;2;66.52999973297119;8;SHUFFLE;false;715.3352000168525;73.01999950408936;0.0;118.0;13
8;2323;12;1;good;optimal;0.0;1.0;1217690352.0;199.0;1.0;37mb;1;4.449999809265137;8;SHUFFLE;false;27.413500007241964;4.2599992752075195;0.0;37.0;7
1014;2166;12;1;good;optimal;0.0;1.0;8.0;224.0;1.0;50mb;1;13.889999389648438;8;SHUFFLE;false;28.78039999632165;4.659999847412109;0.0;50.0;1
1060;14;3;0;bad;iter_2_network_congestion;48.0;15.0;1852248552.0;8640000.0;15.0;144mb;2;86.75;8;SHUFFLE;false;924.4041000492871;104.82999992370605;0.0;144.0;11
452;16;1;1;good;optimal;0.0;1.0;275901324.0;385.0;1.0;37mb;1;4.539999961853027;8;SHUFFLE;false;14.759099984075874;4.5;0.0;37.0;0
253;774;6;1;good;optimal;0.0;1.0;624175364.0;435.0;1.0;37mb;1;4.179999351501465;8;SHUFFLE;false;20.098700013477355;4.149999618530273;0.0;37.0;7
896;764;12;1;good;optimal;0.0;1.0;16.0;422.0;1.0;43mb;1;8.959999084472656;8;SHUFFLE;false;29.481800040230155;4.489999771118164;0.0;43.0;1
1203;757;6;0;bad;iter_2_network_congestion;8.0;3.0;1722749942.0;17280000.0;3.0;312mb;2;140.55999946594238;8;SHUFFLE;true;564.4620000384748;220.92999935150146;0.0;312.0;4
880;101;3;1;good;optimal;0.0;1.0;630487792.0;213.0;1.0;37mb;1;4.2599992752075195;8;SHUFFLE;false;17.29760004673153;4.239999771118164;0.0;37.0;7
1328;2282;3;0;bad;iter_2_network_congestion;20.0;8.0;1807935032.0;8640000.0;8.0;199mb;2;129.1599998474121;8;SHUFFLE;false;624.7666999697685;148.1299991607666;0.0;199.0;8
623;752;12;1;good;optimal;0.0;1.0;16.0;452.0;1.0;43mb;1;8.959999084472656;8;SHUFFLE;false;30.78899998217821;4.489999771118164;0.0;43.0;1
345;2328;6;1;good;optimal;0.0;1.0;847270394.0;334.0;1.0;37mb;1;4.25;8;SHUFFLE;false;17.38390000537038;4.179999351501465;0.0;37.0;7
1229;790;8;0;bad;iter_2_network_congestion;44.0;8.0;1856486428.0;23040000.0;8.0;253mb;2;170.2799997329712;8;SHUFFLE;false;673.0093999649398;217.82999992370605;0.0;253.0;8
262;134;3;1;good;optimal;28.0;8.0;1602268260.0;8640000.0;8.0;215mb;1;141.23999977111816;8;SHUFFLE;true;63.19809996057302;120.82999992370605;0.0;215.0;8
150;164;1;1;good;optimal;0.0;1.0;208834404.0;190.0;1.0;37mb;1;4.549999237060547;8;SHUFFLE;false;14.950299984775484;4.5199995040893555;0.0;37.0;0
472;770;8;1;good;optimal;0.0;1.0;835169820.0;477.0;1.0;37mb;1;4.3899993896484375;8;SHUFFLE;false;17.39280001493171;4.289999961853027;0.0;37.0;7
640;17;1;1;good;optimal;16.0;5.0;290847770.0;2880000.0;5.0;88mb;1;43.41999912261963;8;SHUFFLE;true;18.725499976426363;40.079999923706055;0.0;88.0;13
1362;2343;6;0;bad;iter_2_network_congestion;148.0;38.0;3461466827.0;8640000.0;38.0;990mb;2;737.1699991226196;8;SHUFFLE;false;2033.053299994208;798.0699996948242;0.0;990.0;10
1300;2192;12;0;bad;iter_0_rejected_limit;6.0;4.0;7549830.0;173440000.0;4.0;739mb;2;544.5299997329712;8;SHUFFLE;false;0.0;0.0;0.0;739.0;6
550;876;6;1;good;optimal;0.0;1.0;1283058572.0;268.0;1.0;38mb;1;4.6399993896484375;8;SHUFFLE;false;17.590300005394965;4.5199995040893555;0.0;38.0;7
928;57;3;1;good;optimal;0.0;1.0;310063930.0;448.0;1.0;37mb;1;4.559999465942383;8;SHUFFLE;false;17.58069999050349;4.5199995040893555;0.0;37.0;0
488;183;1;1;good;optimal;0.0;1.0;101208570.0;430.0;1.0;34mb;1;2.179999351501465;8;SHUFFLE;false;15.138699964154512;2.169999122619629;0.0;34.0;0
1251;811;8;0;bad;iter_2_network_congestion;56.0;15.0;2632263630.0;23040000.0;15.0;386mb;4;161.0299997329712;8;BROADCAST;false;1927.7188999694772;305.3699998855591;0.0;386.0;11
1171;701;12;0;bad;iter_2_network_congestion;12.0;4.0;100162016.0;17280000.0;4.0;281mb;2;130.0999994277954;8;BROADCAST;false;919.3974999943748;208.9399995803833;0.0;281.0;13
146;72;3;1;good;optimal;24.0;7.0;112466266.0;431990.0;7.0;105mb;1;56.709999084472656;8;SHUFFLE;true;28.32209999905899;52.239999771118164;0.0;105.0;13
402;350;1;1;good;optimal;0.0;1.0;275901332.0;299.0;1.0;37mb;1;4.199999809265137;8;SHUFFLE;false;14.772699971217662;4.179999351501465;0.0;37.0;0
954;838;8;1;good;optimal;8.0;3.0;854529016.0;5760000.0;3.0;224mb;2;148.1299991607666;8;SHUFFLE;true;312.31529999058694;145.79999923706055;0.0;224.0;4
1289;896;6;0;bad;iter_2_network_congestion;8.0;3.0;1710506299.0;17280000.0;3.0;89mb;2;44.21999931335449;8;SHUFFLE;false;761.3315000198781;57.91999912261963;0.0;89.0;4
659;2275;3;1;good;optimal;0.0;1.0;310063938.0;256.0;1.0;37mb;1;4.159999847412109;8;SHUFFLE;false;15.920999983791262;4.109999656677246;0.0;37.0;0
463;2249;12;1;good;optimal;0.0;1.0;16.0;496.0;1.0;50mb;1;13.879999160766602;8;SHUFFLE;false;27.798699971754104;4.649999618530273;0.0;50.0;1
186;279;1;1;good;optimal;0.0;1.0;275901324.0;457.0;1.0;37mb;1;4.369999885559082;8;SHUFFLE;false;14.890799997374415;4.339999198913574;0.0;37.0;0
1147;291;1;0;bad;iter_2_network_congestion;44.0;12.0;813700878.0;2880000.0;12.0;419mb;2;298.42999935150146;8;SHUFFLE;false;919.3635000265203;354.6299991607666;0.0;419.0;2
608;19;3;1;good;optimal;0.0;1.0;630487792.0;395.0;1.0;37mb;1;4.329999923706055;8;SHUFFLE;false;31.615399988368154;4.189999580383301;0.0;37.0;7
143;2334;3;1;good;optimal;0.0;1.0;847270386.0;171.0;1.0;37mb;1;4.439999580383301;8;SHUFFLE;false;28.2895999844186;4.309999465942383;0.0;37.0;7
751;820;6;1;good;optimal;24.0;7.0;200213519.0;864680.0;7.0;77mb;1;34.78999996185303;8;SHUFFLE;true;28.13729998888448;29.199999809265137;0.0;77.0;13
981;2255;3;1;good;optimal;0.0;1.0;847270386.0;178.0;1.0;37mb;1;4.589999198913574;8;SHUFFLE;false;16.353600018192083;4.5;0.0;37.0;7
197;784;8;1;good;optimal;0.0;1.0;1717252930.0;266.0;1.0;43mb;1;9.039999961853027;8;SHUFFLE;false;29.466699983458966;5.0;0.0;43.0;7
883;91;3;1;good;optimal;0.0;1.0;847270394.0;269.0;1.0;37mb;1;4.179999351501465;8;SHUFFLE;false;17.197799985297024;4.179999351501465;0.0;37.0;7
279;142;1;1;good;optimal;0.0;1.0;208834412.0;206.0;1.0;37mb;1;4.229999542236328;8;SHUFFLE;false;15.702400007285178;4.219999313354492;0.0;37.0;0
293;2333;6;1;good;optimal;0.0;1.0;847270386.0;387.0;1.0;37mb;1;4.549999237060547;8;SHUFFLE;false;21.86999999685213;4.5;0.0;37.0;7
1249;809;12;0;bad;iter_2_network_congestion;75.0;16.0;4924.0;3460000.0;16.0;385mb;4;271.5599994659424;8;SHUFFLE;false;7450.1495999866165;329.6599998474121;0.0;385.0;5
400;761;8;1;good;optimal;0.0;1.0;1717252922.0;463.0;1.0;43mb;1;9.049999237060547;8;SHUFFLE;false;16.857400012668222;4.5199995040893555;0.0;43.0;7
122;68;1;1;good;optimal;0.0;1.0;208834404.0;81.0;1.0;37mb;1;4.219999313354492;8;SHUFFLE;false;16.159499995410442;4.219999313354492;0.0;37.0;0
202;840;8;1;good;optimal;0.0;1.0;835169820.0;426.0;1.0;38mb;1;5.059999465942383;8;SHUFFLE;false;15.145800018217415;4.5199995040893555;0.0;38.0;7
835;65;1;1;good;optimal;0.0;1.0;101208562.0;328.0;1.0;37mb;1;4.559999465942383;8;SHUFFLE;false;15.26050001848489;4.5099992752075195;0.0;37.0;0
246;793;12;1;good;optimal;0.0;1.0;1217690344.0;162.0;1.0;38mb;1;4.659999847412109;8;SHUFFLE;false;19.240599998738617;4.5199995040893555;0.0;38.0;7
1306;2223;12;0;overhead;iter_2_codegen_heavy;8.0;3.0;7531266.0;17280000.0;3.0;311mb;2;131.16999912261963;8;BROADCAST;false;815.0086000096053;228.92999935150146;0.0;311.0;6
1292;2167;12;0;bad;iter_2_network_congestion;12.0;4.0;7545582.0;34560000.0;4.0;127mb;2;53.59999942779541;8;BROADCAST;false;621.2088000029325;93.26999950408936;0.0;127.0;6
1153;353;1;0;bad;iter_2_network_congestion;20.0;6.0;562597899.0;2880000.0;6.0;155mb;2;94.97999954223633;8;SHUFFLE;false;568.7135999905877;110.53999996185303;0.0;155.0;13
384;796;8;1;good;optimal;0.0;1.0;8.0;343.0;1.0;43mb;1;8.84999942779541;8;SHUFFLE;false;42.67809999873862;4.449999809265137;0.0;43.0;1
854;856;8;1;good;optimal;0.0;1.0;1717252918.0;88.0;1.0;42mb;1;8.00999927520752;8;SHUFFLE;false;26.927100028842688;4.489999771118164;0.0;42.0;7
219;197;3;1;good;optimal;8.0;3.0;857861670.0;8640000.0;3.0;76mb;1;34.28999996185303;8;SHUFFLE;true;16.46640000399202;29.039999961853027;0.0;76.0;4
641;158;3;1;good;optimal;0.0;1.0;310063938.0;431.0;1.0;37mb;1;4.239999771118164;8;SHUFFLE;false;16.049500030931085;4.179999351501465;0.0;37.0;0
1;749;6;1;good;optimal;0.0;1.0;1283058580.0;280.0;1.0;37mb;1;4.379999160766602;8;SHUFFLE;false;16.983099980279803;4.2599992752075195;0.0;37.0;7
112;2288;3;1;good;optimal;0.0;1.0;310063930.0;99.0;1.0;38mb;1;5.0199995040893555;8;SHUFFLE;false;16.15400001173839;4.959999084472656;0.0;38.0;0
698;772;8;1;good;optimal;0.0;1.0;1717252922.0;66.0;1.0;42mb;1;8.00999927520752;8;SHUFFLE;false;19.389100023545325;4.319999694824219;0.0;42.0;7
1313;2239;3;0;bad;iter_2_network_congestion;48.0;15.0;1852249332.0;8640000.0;15.0;152mb;2;92.51999950408936;8;SHUFFLE;false;611.8002999573946;113.92999935150146;0.0;152.0;11
951;2346;6;1;good;optimal;0.0;1.0;847270394.0;218.0;1.0;38mb;1;4.809999465942383;8;SHUFFLE;false;15.661399986129254;4.179999351501465;0.0;38.0;7
1211;760;12;0;bad;iter_0_rejected_limit;74.0;38.0;1493901487.0;34560000.0;38.0;1120mb;4;837.1599998474121;8;SHUFFLE;false;0.0;0.0;0.0;1120.0;3
1239;803;8;0;bad;iter_2_network_congestion;16.0;5.0;1288.0;2300000.0;5.0;272mb;4;185.0299997329712;8;SHUFFLE;false;3116.6358000482433;217.81999969482422;0.0;272.0;12
441;2327;3;1;good;optimal;0.0;1.0;310063938.0;339.0;1.0;34mb;1;2.169999122619629;8;SHUFFLE;false;17.934200004674494;2.1299991607666016;0.0;34.0;0
1136;222;1;0;bad;iter_2_network_congestion;12.0;4.0;89701940.0;11740000.0;4.0;92mb;2;46.27999973297119;8;SHUFFLE;false;715.2393999858759;55.78999996185303;0.0;92.0;13
663;777;12;1;good;optimal;0.0;1.0;16.0;360.0;1.0;38mb;1;4.959999084472656;8;SHUFFLE;false;29.34629999799654;2.489999771118164;0.0;38.0;1
1257;814;12;0;bad;iter_2_network_congestion;8.0;3.0;7531266.0;34560000.0;3.0;311mb;2;147.25999927520752;8;BROADCAST;false;1221.6567999566905;229.60999965667725;0.0;311.0;6
317;297;1;1;good;optimal;0.0;1.0;208834412.0;330.0;1.0;34mb;1;2.09999942779541;8;SHUFFLE;false;18.378299952019006;2.049999237060547;0.0;34.0;0
648;2306;6;1;good;optimal;0.0;1.0;630487792.0;175.0;1.0;37mb;1;4.179999351501465;8;SHUFFLE;false;33.24680001242086;4.149999618530273;0.0;37.0;7
709;817;12;1;good;optimal;0.0;1.0;1217690352.0;389.0;1.0;37mb;1;4.319999694824219;8;SHUFFLE;false;16.823299985844642;4.2599992752075195;0.0;37.0;7
972;194;1;1;good;optimal;0.0;1.0;101208570.0;203.0;1.0;33mb;1;1.109999656677246;8;SHUFFLE;false;14.96130001032725;1.0799999237060547;0.0;33.0;0
627;2320;12;1;good;optimal;0.0;1.0;8.0;216.0;1.0;50mb;1;13.889999389648438;8;SHUFFLE;false;27.231000014580786;4.659999847412109;0.0;50.0;1
632;779;6;1;good;optimal;12.0;4.0;1922440482.0;8640000.0;4.0;186mb;1;118.50999927520752;8;SHUFFLE;true;31.833400018513203;110.1899995803833;0.0;186.0;4
1340;2304;6;0;bad;iter_2_network_congestion;27.0;9.0;2007460112.0;863940.0;9.0;209mb;2;136.57999992370605;8;SHUFFLE;false;1438.0108000477776;144.6899995803833;0.0;209.0;8
1268;832;8;0;bad;iter_2_network_congestion;8.0;3.0;19359204.0;23040000.0;3.0;336mb;2;148.83999919891357;8;BROADCAST;false;914.584800018929;256.01999950408936;0.0;336.0;6
795;2305;6;1;good;optimal;0.0;1.0;310063930.0;376.0;1.0;37mb;1;4.549999237060547;8;SHUFFLE;false;15.279299987014383;4.5199995040893555;0.0;37.0;0
645;2336;8;1;good;optimal;0.0;1.0;835169828.0;388.0;1.0;37mb;1;4.239999771118164;8;SHUFFLE;false;31.07349999481812;4.179999351501465;0.0;37.0;7
1012;2242;3;1;good;optimal;12.0;4.0;857881264.0;8640000.0;4.0;100mb;2;52.829999923706055;8;SHUFFLE;true;34.54820002662018;48.88999938964844;0.0;100.0;4
556;2329;8;1;good;optimal;0.0;1.0;8.0;289.0;1.0;43mb;1;8.84999942779541;8;SHUFFLE;false;32.194400031585246;4.5099992752075195;0.0;43.0;1
681;234;3;1;good;optimal;0.0;1.0;847270394.0;268.0;1.0;37mb;1;4.2699995040893555;8;SHUFFLE;false;30.476899992208928;4.179999351501465;0.0;37.0;7
577;168;3;1;good;optimal;0.0;1.0;630487792.0;396.0;1.0;38mb;1;4.809999465942383;8;SHUFFLE;false;15.338600031100214;4.149999618530273;0.0;38.0;7
1109;137;3;0;bad;iter_2_network_congestion;16.0;5.0;870443191.0;863940.0;5.0;155mb;2;95.19999980926514;8;SHUFFLE;false;624.4637999916449;94.31999969482422;0.0;155.0;4
1183;718;12;0;bad;iter_2_network_congestion;20.0;6.0;1632.0;3460000.0;6.0;515mb;4;303.04999923706055;8;BROADCAST;false;6642.507500015199;380.1199998855591;0.0;515.0;12
524;80;3;1;good;optimal;0.0;1.0;630487784.0;423.0;1.0;37mb;1;4.589999198913574;8;SHUFFLE;false;16.05739997467026;4.539999961853027;0.0;37.0;7
1059;14;1;0;bad;iter_2_network_congestion;48.0;15.0;624512854.0;2880000.0;15.0;130mb;2;75.6899995803833;8;SHUFFLE;false;631.9353999570012;92.25;0.0;130.0;11
540;812;8;1;good;optimal;0.0;1.0;8.0;382.0;1.0;43mb;1;9.169999122619629;8;SHUFFLE;false;18.572400033008307;4.449999809265137;0.0;43.0;1
1194;738;6;0;bad;iter_2_network_congestion;16.0;5.0;1732840784.0;1730000.0;5.0;156mb;2;95.58999919891357;8;SHUFFLE;false;769.0633999882266;118.80999946594238;0.0;156.0;4
748;781;6;1;good;optimal;0.0;1.0;624175364.0;435.0;1.0;37mb;1;4.209999084472656;8;SHUFFLE;false;17.324100015684962;4.149999618530273;0.0;37.0;7
1271;852;6;0;bad;iter_2_network_congestion;8.0;3.0;1722749942.0;17280000.0;3.0;312mb;2;140.55999946594238;8;SHUFFLE;true;563.6427999706939;220.91999912261963;0.0;312.0;4
484;753;6;1;good;optimal;0.0;1.0;1283058568.0;82.0;1.0;42mb;1;8.00999927520752;8;SHUFFLE;false;17.954900045879185;4.489999771118164;0.0;42.0;7
95;851;8;1;good;optimal;0.0;1.0;8.0;96.0;1.0;42mb;1;8.00999927520752;8;SHUFFLE;false;15.194399980828166;4.959999084472656;0.0;42.0;1
1020;2349;8;1;good;optimal;0.0;1.0;1717252930.0;328.0;1.0;43mb;1;8.639999389648438;8;SHUFFLE;false;30.843499989714473;4.339999198913574;0.0;43.0;7
563;77;3;1;good;optimal;0.0;1.0;310063938.0;153.0;1.0;37mb;1;4.5199995040893555;8;SHUFFLE;false;14.793200010899454;4.179999351501465;0.0;37.0;0
742;9;3;1;good;optimal;0.0;1.0;310063938.0;385.0;1.0;34mb;1;2.2099990844726562;8;SHUFFLE;false;18.344799987971783;2.1299991607666016;0.0;34.0;0
863;61;3;1;good;optimal;0.0;1.0;630487784.0;145.0;1.0;38mb;1;5.029999732971191;8;SHUFFLE;false;60.271100024692714;4.539999961853027;0.0;38.0;7
891;2224;12;1;good;optimal;0.0;1.0;8.0;51.0;1.0;42mb;1;8.00999927520752;8;SHUFFLE;false;16.32860000245273;4.469999313354492;0.0;42.0;1
1038;54;1;1;good;optimal;0.0;1.0;275901324.0;338.0;1.0;37mb;1;4.3899993896484375;8;SHUFFLE;false;17.784799973014742;4.339999198913574;0.0;37.0;0
206;2232;3;1;good;optimal;0.0;1.0;310063938.0;369.0;1.0;37mb;1;4.199999809265137;8;SHUFFLE;false;20.25659999344498;4.179999351501465;0.0;37.0;0
392;157;1;1;good;optimal;0.0;1.0;101208562.0;208.0;1.0;37mb;1;4.559999465942383;8;SHUFFLE;false;16.184400010388345;4.5099992752075195;0.0;37.0;0
794;152;1;1;good;optimal;0.0;1.0;101208558.0;91.0;1.0;37mb;1;4.529999732971191;8;SHUFFLE;false;14.804999984335154;4.489999771118164;0.0;37.0;0
870;144;1;1;good;optimal;0.0;1.0;101208570.0;183.0;1.0;33mb;1;1.2299995422363281;8;SHUFFLE;false;19.168300030287355;1.1399993896484375;0.0;33.0;0
397;877;6;1;good;optimal;0.0;1.0;624175364.0;431.0;1.0;37mb;1;4.469999313354492;8;SHUFFLE;false;17.61769998120144;4.199999809265137;0.0;37.0;7
766;4;1;1;good;optimal;0.0;1.0;101208570.0;341.0;1.0;34mb;1;2.1499996185302734;8;SHUFFLE;false;15.508299984503537;2.109999656677246;0.0;34.0;0
1261;823;8;0;bad;iter_0_rejected_limit;6.0;4.0;19392683.0;115290000.0;4.0;776mb;4;572.9199991226196;8;SHUFFLE;false;0.0;0.0;0.0;776.0;6
1241;805;6;0;bad;iter_2_network_congestion;12.0;4.0;1722774458.0;17280000.0;4.0;125mb;2;55.429999351501465;8;BROADCAST;false;619.1729999845847;89.55999946594238;0.0;125.0;4
1028;723;8;1;good;optimal;8.0;3.0;854527638.0;5760000.0;3.0;133mb;1;77.80999946594238;8;SHUFFLE;true;61.55680003575981;59.71999931335449;0.0;133.0;4
642;2309;6;1;good;optimal;3.0;2.0;13925613.0;3600.0;2.0;47mb;1;11.569999694824219;8;SHUFFLE;false;46.498099982272834;11.559999465942383;0.0;47.0;6
612;2347;3;1;good;optimal;8.0;3.0;857863486.0;8640000.0;3.0;188mb;2;120.73999977111816;8;SHUFFLE;true;468.53850001934916;116.61999988555908;0.0;188.0;4
960;229;3;1;good;optimal;0.0;1.0;847270394.0;178.0;1.0;37mb;1;4.309999465942383;8;SHUFFLE;false;16.512800008058548;4.179999351501465;0.0;37.0;7
725;719;8;1;good;optimal;8.0;3.0;19357428.0;23040000.0;3.0;80mb;1;37.22999954223633;8;SHUFFLE;true;29.37850001035258;30.089999198913574;0.0;80.0;6
683;193;3;1;good;optimal;0.0;1.0;847270386.0;213.0;1.0;38mb;1;5.0199995040893555;8;SHUFFLE;false;15.05149999866262;4.5;0.0;38.0;7
98;209;3;1;good;optimal;12.0;4.0;849617546.0;8640000.0;4.0;72mb;1;30.989999771118164;8;SHUFFLE;true;16.065999981947243;28.1299991607666;0.0;72.0;4
804;30;3;1;good;optimal;0.0;1.0;630487780.0;90.0;1.0;42mb;1;8.00999927520752;8;SHUFFLE;false;16.707499977201223;4.489999771118164;0.0;42.0;7
406;2332;8;1;good;optimal;0.0;1.0;8.0;188.0;1.0;43mb;1;8.84999942779541;8;SHUFFLE;false;31.45920002134517;4.449999809265137;0.0;43.0;1
502;126;3;1;good;optimal;0.0;1.0;310063926.0;65.0;1.0;37mb;1;4.529999732971191;8;SHUFFLE;false;15.336600015871227;4.489999771118164;0.0;37.0;0
1071;41;1;0;bad;iter_2_network_congestion;44.0;12.0;813700878.0;2880000.0;12.0;472mb;2;292.1599998474121;8;BROADCAST;false;774.2653000168502;353.7599992752075;0.0;472.0;2
1056;701;8;1;good;optimal;12.0;4.0;2650299028.0;11520000.0;4.0;186mb;1;118.50999927520752;8;SHUFFLE;true;39.03290000744164;111.31999969482422;0.0;186.0;4
929;102;1;1;good;optimal;0.0;1.0;208834412.0;242.0;1.0;37mb;1;4.239999771118164;8;SHUFFLE;false;15.177899971604347;4.199999809265137;0.0;37.0;0
779;235;3;1;good;optimal;0.0;1.0;630487784.0;252.0;1.0;38mb;1;4.809999465942383;8;SHUFFLE;false;16.835000016726553;4.5199995040893555;0.0;38.0;7
200;806;6;1;good;optimal;0.0;1.0;1283058580.0;322.0;1.0;37mb;1;4.319999694824219;8;SHUFFLE;false;15.463799994904548;4.2599992752075195;0.0;37.0;7
134;99;3;1;good;optimal;0.0;1.0;847270382.0;99.0;1.0;42mb;1;8.00999927520752;8;SHUFFLE;false;17.381499987095594;4.319999694824219;0.0;42.0;7
1051;318;1;1;good;optimal;0.0;1.0;275901324.0;215.0;1.0;37mb;1;4.549999237060547;8;SHUFFLE;false;15.643599967006594;4.339999198913574;0.0;37.0;0
40;691;8;1;good;optimal;0.0;1.0;1717252922.0;279.0;1.0;43mb;1;8.879999160766602;8;SHUFFLE;false;30.255399993620813;4.539999961853027;0.0;43.0;7
1017;703;8;1;good;optimal;0.0;1.0;8.0;185.0;1.0;43mb;1;8.84999942779541;8;SHUFFLE;false;27.6451000245288;4.449999809265137;0.0;43.0;1
230;68;3;1;good;optimal;0.0;1.0;630487784.0;81.0;1.0;42mb;1;8.00999927520752;8;SHUFFLE;false;15.447500045411289;4.219999313354492;0.0;42.0;7
378;817;8;1;good;optimal;0.0;1.0;835169828.0;389.0;1.0;37mb;1;4.219999313354492;8;SHUFFLE;false;16.478999983519316;4.179999351501465;0.0;37.0;7
288;824;12;1;good;optimal;0.0;1.0;1217690352.0;472.0;1.0;38mb;1;4.819999694824219;8;SHUFFLE;false;26.603000005707145;4.2599992752075195;0.0;38.0;7
418;2313;3;1;good;optimal;0.0;1.0;630487780.0;94.0;1.0;42mb;1;8.00999927520752;8;SHUFFLE;false;19.802499969955534;4.319999694824219;0.0;42.0;7
391;2187;12;1;good;optimal;0.0;1.0;8.0;298.0;1.0;43mb;1;8.969999313354492;8;SHUFFLE;false;29.074200021568686;4.5;0.0;43.0;1
592;698;12;1;good;optimal;0.0;1.0;1217690344.0;212.0;1.0;38mb;1;4.649999618530273;8;SHUFFLE;false;33.55059999739751;4.5199995040893555;0.0;38.0;7
1162;694;6;0;bad;iter_0_rejected_limit;74.0;38.0;6894951381.0;17280000.0;38.0;1057mb;4;789.079999923706;8;SHUFFLE;false;0.0;0.0;0.0;1057.0;3
1086;88;3;0;bad;iter_2_network_congestion;44.0;12.0;1923283902.0;4320000.0;12.0;579mb;2;421.25;8;SHUFFLE;false;1023.5752000007778;485.8099994659424;0.0;579.0;2
647;110;1;1;good;optimal;0.0;1.0;208834412.0;418.0;1.0;37mb;1;4.239999771118164;8;SHUFFLE;false;15.647899999748915;4.229999542236328;0.0;37.0;0
1152;345;1;0;bad;iter_2_network_congestion;20.0;8.0;602617892.0;2880000.0;8.0;192mb;2;123.72999954223633;8;SHUFFLE;false;671.071499993559;138.1599998474121;0.0;192.0;8
520;2331;12;1;good;optimal;0.0;1.0;1217690344.0;339.0;1.0;38mb;1;5.039999961853027;8;SHUFFLE;false;18.2446000399068;4.5199995040893555;0.0;38.0;7
64;339;1;1;good;optimal;0.0;1.0;275901324.0;78.0;1.0;37mb;1;4.149999618530273;8;SHUFFLE;false;15.091300010681152;4.109999656677246;0.0;37.0;0
14;870;8;1;good;optimal;0.0;1.0;4.0;78.0;1.0;42mb;1;8.00999927520752;8;SHUFFLE;false;17.873200005851686;4.479999542236328;0.0;42.0;1
1180;715;12;0;bad;iter_2_network_congestion;48.0;15.0;1260412055.0;34560000.0;15.0;249mb;2;130.85999965667725;8;BROADCAST;false;821.5016999747604;204.3499994277954;0.0;249.0;11
1064;23;3;0;bad;iter_2_network_congestion;21.0;6.0;241821852.0;863190.0;6.0;165mb;2;102.96999931335449;8;SHUFFLE;false;581.3298999564722;122.63999938964844;0.0;165.0;13
492;54;3;1;good;optimal;0.0;1.0;847270386.0;338.0;1.0;37mb;1;4.5199995040893555;8;SHUFFLE;false;17.154499946627766;4.339999198913574;0.0;37.0;7
379;2337;8;1;good;optimal;0.0;1.0;8.0;497.0;1.0;43mb;1;8.84999942779541;8;SHUFFLE;false;32.397700008004904;4.5099992752075195;0.0;43.0;1
187;2329;6;1;good;optimal;0.0;1.0;847270386.0;289.0;1.0;37mb;1;4.589999198913574;8;SHUFFLE;false;15.700899995863438;4.5;0.0;37.0;7
763;2297;12;1;good;optimal;0.0;1.0;8.0;279.0;1.0;43mb;1;9.069999694824219;8;SHUFFLE;false;18.544199992902577;4.5199995040893555;0.0;43.0;1
216;44;3;1;good;optimal;48.0;15.0;1852248552.0;8640000.0;15.0;151mb;2;92.14999961853027;8;SHUFFLE;true;64.10909997066483;90.51999950408936;0.0;151.0;11
791;96;1;1;good;optimal;13.0;4.0;209568930.0;719380.0;4.0;163mb;1;101.0;8;SHUFFLE;true;19.58099997136742;94.1299991607666;0.0;163.0;4
1076;46;3;0;bad;iter_2_network_congestion;124.0;32.0;6796940856.0;8640000.0;32.0;338mb;2;235.4099998474121;8;SHUFFLE;false;775.3768999828026;288.039999961853;0.0;338.0;10
878;3;1;1;good;optimal;12.0;4.0;283067608.0;2880000.0;4.0;96mb;2;49.989999771118164;8;SHUFFLE;true;212.67849998548627;48.59999942779541;0.0;96.0;4
337;2267;3;1;good;optimal;0.0;1.0;310063930.0;455.0;1.0;37mb;1;4.569999694824219;8;SHUFFLE;false;18.747200025245547;4.5199995040893555;0.0;37.0;0
719;826;6;1;good;optimal;0.0;1.0;1706851048.0;213.0;1.0;43mb;1;9.039999961853027;8;SHUFFLE;false;17.313199990894645;4.5099992752075195;0.0;43.0;7
295;173;1;1;good;optimal;0.0;1.0;275901324.0;464.0;1.0;37mb;1;4.539999961853027;8;SHUFFLE;false;16.01490000030026;4.5;0.0;37.0;0
1016;756;8;1;good;optimal;0.0;1.0;835169820.0;154.0;1.0;38mb;1;4.659999847412109;8;SHUFFLE;false;18.08900001924485;4.5199995040893555;0.0;38.0;7
1275;859;6;0;bad;iter_2_network_congestion;17.0;5.0;1436744498.0;8640000.0;5.0;197mb;2;104.23999977111816;8;BROADCAST;false;727.693900000304;147.66999912261963;0.0;197.0;4
455;700;8;1;good;optimal;0.0;1.0;8.0;443.0;1.0;43mb;1;8.84999942779541;8;SHUFFLE;false;29.530600004363805;4.449999809265137;0.0;43.0;1
1372;2352;6;0;bad;iter_2_network_congestion;13.0;4.0;1485014826.0;12960000.0;4.0;345mb;2;241.0999994277954;8;SHUFFLE;false;1561.0772999934852;245.35999965667725;0.0;345.0;4
815;2280;12;1;good;optimal;0.0;1.0;8.0;490.0;1.0;43mb;1;9.179999351501465;8;SHUFFLE;false;28.34010001970455;4.529999732971191;0.0;43.0;1
269;781;8;1;good;optimal;0.0;1.0;835169828.0;435.0;1.0;37mb;1;4.179999351501465;8;SHUFFLE;false;15.60430001700297;4.179999351501465;0.0;37.0;7
995;2337;12;1;good;optimal;0.0;1.0;8.0;497.0;1.0;50mb;1;13.889999389648438;8;SHUFFLE;false;27.82429999206215;4.659999847412109;0.0;50.0;1
201;2221;3;1;good;optimal;0.0;1.0;630487784.0;189.0;1.0;37mb;1;4.489999771118164;8;SHUFFLE;false;53.28140000347048;4.359999656677246;0.0;37.0;7
161;2248;3;1;good;optimal;0.0;1.0;847270386.0;209.0;1.0;37mb;1;4.559999465942383;8;SHUFFLE;false;27.959599974565208;4.5;0.0;37.0;7
729;2246;3;1;good;optimal;0.0;1.0;310063926.0;58.0;1.0;37mb;1;4.529999732971191;8;SHUFFLE;false;18.546199949923903;4.489999771118164;0.0;37.0;0
401;2227;12;1;good;optimal;0.0;1.0;16.0;382.0;1.0;43mb;1;8.959999084472656;8;SHUFFLE;false;28.61420001136139;4.489999771118164;0.0;43.0;1
702;26;1;1;good;optimal;0.0;1.0;208834404.0;195.0;1.0;37mb;1;4.589999198913574;8;SHUFFLE;false;21.266300056595355;4.5099992752075195;0.0;37.0;0
1129;200;3;0;bad;iter_2_network_congestion;24.0;9.0;1819595462.0;409910.0;9.0;187mb;2;119.71999931335449;8;SHUFFLE;false;969.736400002148;131.3499994277954;0.0;187.0;8
565;95;1;1;good;optimal;0.0;1.0;101208570.0;280.0;1.0;34mb;1;2.1499996185302734;8;SHUFFLE;false;14.90950002335012;2.109999656677246;0.0;34.0;0
1021;2293;12;1;good;optimal;0.0;1.0;16.0;159.0;1.0;43mb;1;8.959999084472656;8;SHUFFLE;false;28.43230002326891;4.489999771118164;0.0;43.0;1
1025;312;1;1;good;optimal;0.0;1.0;275901324.0;331.0;1.0;37mb;1;4.549999237060547;8;SHUFFLE;false;14.813399990089238;4.5;0.0;37.0;0
1104;123;3;0;bad;iter_2_network_congestion;40.0;9.0;2007459184.0;8640000.0;9.0;533mb;4;303.9699993133545;8;BROADCAST;false;3228.582000010647;354.4099998474121;0.0;533.0;8
205;856;6;1;good;optimal;0.0;1.0;1283058568.0;88.0;1.0;42mb;1;8.00999927520752;8;SHUFFLE;false;14.9865000275895;4.489999771118164;0.0;42.0;7
34;2299;12;1;good;optimal;0.0;1.0;1217690352.0;177.0;1.0;38mb;1;4.829999923706055;8;SHUFFLE;false;17.427299986593425;4.439999580383301;0.0;38.0;7
775;234;1;1;good;optimal;0.0;1.0;275901332.0;268.0;1.0;37mb;1;4.319999694824219;8;SHUFFLE;false;14.655600010883063;4.179999351501465;0.0;37.0;0
508;2334;6;1;good;optimal;0.0;1.0;847270386.0;171.0;1.0;38mb;1;4.819999694824219;8;SHUFFLE;false;15.218800050206482;4.309999465942383;0.0;38.0;7
1354;2322;12;0;bad;iter_2_network_congestion;45.0;12.0;875053058.0;34560000.0;12.0;1081mb;4;365.7199993133545;8;BROADCAST;false;1823.323699994944;789.5899991989136;0.0;1081.0;2
91;308;1;1;good;optimal;0.0;1.0;208834412.0;139.0;1.0;37mb;1;4.189999580383301;8;SHUFFLE;false;15.37610002560541;4.1399993896484375;0.0;37.0;0
897;825;8;1;good;optimal;0.0;1.0;835169820.0;405.0;1.0;37mb;1;4.3899993896484375;8;SHUFFLE;false;17.183199990540743;4.34999942779541;0.0;37.0;7
564;286;1;1;good;optimal;0.0;1.0;275901324.0;196.0;1.0;37mb;1;4.549999237060547;8;SHUFFLE;false;17.25909998640418;4.5;0.0;37.0;0
776;851;6;1;good;optimal;0.0;1.0;1706851048.0;96.0;1.0;42mb;1;8.00999927520752;8;SHUFFLE;false;15.4323999886401;4.959999084472656;0.0;42.0;7
241;722;8;1;good;optimal;0.0;1.0;835169820.0;259.0;1.0;38mb;1;4.809999465942383;8;SHUFFLE;false;18.4861000161618;4.5199995040893555;0.0;38.0;7
13;818;12;1;good;optimal;0.0;1.0;8.0;50.0;1.0;37mb;1;4.0099992752075195;8;SHUFFLE;false;15.639099990949035;2.469999313354492;0.0;37.0;1
315;812;12;1;good;optimal;0.0;1.0;8.0;382.0;1.0;50mb;1;13.889999389648438;8;SHUFFLE;false;28.54309999383986;4.659999847412109;0.0;50.0;1
600;81;1;1;good;optimal;0.0;1.0;275901324.0;468.0;1.0;37mb;1;4.539999961853027;8;SHUFFLE;false;23.035499965772033;4.5;0.0;37.0;0
387;38;3;1;good;optimal;0.0;1.0;310063938.0;256.0;1.0;37mb;1;4.149999618530273;8;SHUFFLE;false;14.733900025021285;4.109999656677246;0.0;37.0;0
1297;2186;12;0;bad;iter_2_network_congestion;12.0;4.0;7545582.0;34560000.0;4.0;127mb;2;53.59999942779541;8;BROADCAST;false;667.4578000092879;93.32999992370605;0.0;127.0;6
166;118;1;1;good;optimal;0.0;1.0;101208562.0;227.0;1.0;37mb;1;4.579999923706055;8;SHUFFLE;false;15.126999991480261;4.5099992752075195;0.0;37.0;0
840;2291;12;1;good;optimal;0.0;1.0;16.0;212.0;1.0;43mb;1;8.959999084472656;8;SHUFFLE;false;28.484500013291836;4.489999771118164;0.0;43.0;1
20;285;1;1;good;optimal;0.0;1.0;208834404.0;470.0;1.0;38mb;1;4.719999313354492;8;SHUFFLE;false;18.05770001374185;4.5099992752075195;0.0;38.0;0
646;231;3;1;good;optimal;0.0;1.0;310063930.0;377.0;1.0;37mb;1;4.549999237060547;8;SHUFFLE;false;15.543300018180162;4.5199995040893555;0.0;37.0;0
1154;688;6;0;bad;iter_2_network_congestion;16.0;5.0;1286714393.0;8640000.0;5.0;92mb;4;46.50999927520752;8;SHUFFLE;false;2124.75469999481;74.69999980926514;0.0;92.0;4
831;263;1;1;good;optimal;0.0;1.0;101208570.0;404.0;1.0;34mb;1;2.229999542236328;8;SHUFFLE;false;36.408099986147135;2.1599998474121094;0.0;34.0;0
1267;832;6;0;bad;iter_2_network_congestion;8.0;3.0;1722749942.0;17280000.0;3.0;312mb;2;140.55999946594238;8;SHUFFLE;true;552.0187999936752;220.91999912261963;0.0;312.0;4
562;57;1;1;good;optimal;0.0;1.0;101208562.0;448.0;1.0;37mb;1;4.559999465942383;8;SHUFFLE;false;34.98410002794117;4.5099992752075195;0.0;37.0;0
1339;2304;3;0;bad;iter_2_network_congestion;27.0;9.0;2007460112.0;863940.0;9.0;209mb;2;136.57999992370605;8;SHUFFLE;false;1630.352900014259;143.61999988555908;0.0;209.0;8
686;2330;3;1;good;optimal;0.0;1.0;630487792.0;155.0;1.0;34mb;1;2.1499996185302734;8;SHUFFLE;false;18.386100011412054;2.1499996185302734;0.0;34.0;7
957;235;1;1;good;optimal;0.0;1.0;208834404.0;252.0;1.0;37mb;1;4.539999961853027;8;SHUFFLE;false;14.888099976815283;4.5099992752075195;0.0;37.0;0
189;65;3;1;good;optimal;0.0;1.0;310063930.0;328.0;1.0;37mb;1;4.559999465942383;8;SHUFFLE;false;16.569699975661933;4.5199995040893555;0.0;37.0;0
975;2246;12;1;good;optimal;0.0;1.0;1217690340.0;58.0;1.0;42mb;1;8.00999927520752;8;SHUFFLE;false;16.09470002586022;4.489999771118164;0.0;42.0;7
699;778;8;1;good;optimal;12.0;4.0;1775910877.0;11520000.0;4.0;126mb;2;72.75;8;SHUFFLE;true;211.43129997653887;90.25999927520752;0.0;126.0;4
510;178;1;1;good;optimal;0.0;1.0;208834412.0;409.0;1.0;37mb;1;4.179999351501465;8;SHUFFLE;false;19.000599975697696;4.1399993896484375;0.0;37.0;0
1082;58;3;0;bad;iter_2_network_congestion;12.0;4.0;857885698.0;43750000.0;4.0;745mb;2;548.5;8;SHUFFLE;false;1224.8542999732308;559.9899997711182;0.0;745.0;4
474;2315;3;1;good;optimal;0.0;1.0;310063926.0;85.0;1.0;37mb;1;4.569999694824219;8;SHUFFLE;false;19.922000006772578;4.489999771118164;0.0;37.0;0
856;86;3;1;good;optimal;0.0;1.0;847270394.0;364.0;1.0;39mb;1;5.629999160766602;8;SHUFFLE;false;14.97770001878962;4.969999313354492;0.0;39.0;7
747;2232;12;1;good;optimal;0.0;1.0;1217690352.0;369.0;1.0;37mb;1;4.59999942779541;8;SHUFFLE;false;16.923999995924532;4.2599992752075195;0.0;37.0;7
252;81;3;1;good;optimal;0.0;1.0;847270386.0;468.0;1.0;37mb;1;4.549999237060547;8;SHUFFLE;false;70.22940000751987;4.5;0.0;37.0;7
21;2226;3;1;good;optimal;0.0;1.0;310063930.0;65.0;1.0;37mb;1;4.159999847412109;8;SHUFFLE;false;16.033100022468716;4.059999465942383;0.0;37.0;0
1337;2296;3;0;bad;iter_2_network_congestion;13.0;4.0;1485014826.0;12960000.0;4.0;541mb;2;391.57999992370605;8;SHUFFLE;false;2231.2635999987833;393.0299997329712;0.0;541.0;4
459;2196;12;1;good;optimal;8.0;3.0;7529390.0;34560000.0;3.0;79mb;1;36.50999927520752;8;SHUFFLE;true;19.546399998944253;29.339999198913574;0.0;79.0;6
1184;725;6;0;bad;iter_2_network_congestion;28.0;8.0;3428269900.0;17280000.0;8.0;434mb;2;184.81999969482422;8;BROADCAST;false;1314.2437999485992;322.42999935150146;0.0;434.0;8
276;132;1;1;good;optimal;0.0;1.0;275901324.0;398.0;1.0;37mb;1;4.539999961853027;8;SHUFFLE;false;22.818899946287274;4.5;0.0;37.0;0
955;224;3;1;good;optimal;0.0;1.0;310063938.0;420.0;1.0;37mb;1;4.219999313354492;8;SHUFFLE;false;15.330400026869029;4.179999351501465;0.0;37.0;0
1215;767;8;0;bad;iter_2_network_congestion;12.0;4.0;19388430.0;23040000.0;4.0;128mb;2;55.769999504089355;8;BROADCAST;false;619.3492000456899;94.00999927520752;0.0;128.0;6
385;706;6;1;good;optimal;0.0;1.0;1283058572.0;358.0;1.0;38mb;1;4.729999542236328;8;SHUFFLE;false;29.834599990863353;4.5199995040893555;0.0;38.0;7
805;186;3;1;good;optimal;0.0;1.0;630487792.0;111.0;1.0;37mb;1;4.239999771118164;8;SHUFFLE;false;18.25930003542453;4.189999580383301;0.0;37.0;7
343;111;1;1;good;optimal;0.0;1.0;208834412.0;456.0;1.0;33mb;1;1.169999122619629;8;SHUFFLE;false;17.680299992207438;1.119999885559082;0.0;33.0;0
769;247;1;1;good;optimal;12.0;4.0;283067608.0;2880000.0;4.0;96mb;2;49.97999954223633;8;SHUFFLE;true;17.820100008975714;47.94999980926514;0.0;96.0;4
1332;2286;12;0;bad;iter_2_network_congestion;24.0;7.0;24449041.0;34560000.0;7.0;369mb;2;166.66999912261963;8;BROADCAST;false;518.6655999859795;272.57999992370605;0.0;369.0;13
130;2250;3;1;good;optimal;0.0;1.0;310063938.0;172.0;1.0;37mb;1;4.219999313354492;8;SHUFFLE;false;19.211700011510402;4.179999351501465;0.0;37.0;0
871;135;1;1;good;optimal;0.0;1.0;208834412.0;419.0;1.0;33mb;1;1.1499996185302734;8;SHUFFLE;false;19.160499970894307;1.0899991989135742;0.0;33.0;0
1123;185;1;0;bad;iter_2_network_congestion;32.0;10.0;321857590.0;1440000.0;10.0;152mb;2;92.32999992370605;8;SHUFFLE;false;1024.5760999969207;102.1299991607666;0.0;152.0;8
87;28;3;1;good;optimal;8.0;3.0;641080884.0;4320000.0;3.0;199mb;2;128.58999919891357;8;SHUFFLE;true;301.0497000068426;123.42999935150146;0.0;199.0;4
330;1;3;1;good;optimal;0.0;1.0;310063938.0;479.0;1.0;37mb;1;4.189999580383301;8;SHUFFLE;false;15.805300034116954;4.179999351501465;0.0;37.0;0
1238;803;6;0;bad;iter_2_network_congestion;16.0;5.0;8534256488.0;1730000.0;5.0;251mb;4;169.07999992370605;8;SHUFFLE;false;2425.1021000090986;218.30999946594238;0.0;251.0;4
466;2280;3;1;good;optimal;0.0;1.0;630487784.0;490.0;1.0;38mb;1;4.679999351501465;8;SHUFFLE;false;20.043800002895296;4.5199995040893555;0.0;38.0;7
121;864;6;1;good;optimal;0.0;1.0;1706851056.0;423.0;1.0;43mb;1;8.639999389648438;8;SHUFFLE;false;18.317700014449656;4.339999198913574;0.0;43.0;7
1044;223;3;1;good;optimal;0.0;1.0;847270386.0;401.0;1.0;38mb;1;5.0199995040893555;8;SHUFFLE;false;15.10790002066642;4.5;0.0;38.0;7
1095;106;3;0;bad;iter_2_network_congestion;56.0;15.0;262292908.0;863190.0;15.0;103mb;2;54.709999084472656;8;SHUFFLE;false;519.458599970676;66.28999996185303;0.0;103.0;11
1130;202;3;0;bad;iter_2_network_congestion;16.0;5.0;634141576.0;4320000.0;5.0;92mb;2;46.50999927520752;8;SHUFFLE;false;519.6570999687538;59.25;0.0;92.0;4
1294;2173;12;0;bad;iter_2_network_congestion;20.0;6.0;1632.0;3460000.0;6.0;515mb;4;268.76999950408936;8;BROADCAST;false;6940.062600013334;381.7599992752075;0.0;515.0;12
860;140;3;1;good;optimal;0.0;1.0;847270386.0;266.0;1.0;38mb;1;4.719999313354492;8;SHUFFLE;false;14.853600005153567;4.309999465942383;0.0;38.0;7
1126;199;1;0;bad;iter_2_network_congestion;20.0;6.0;1655409528.0;288040.0;6.0;216mb;2;141.57999992370605;8;SHUFFLE;false;671.4284000336193;142.66999912261963;0.0;216.0;4
