target_reason;target_mem_limit_dop0;target_mt_dop;target_mem_limit;target_num_scanner_threads;target_default_join_distribution_mode;target_disable_codegen;feature_plan_num_joins;feature_plan_num_broadcast_joins;feature_plan_num_scan_nodes;feature_plan_num_agg_nodes;feature_plan_num_files;feature_plan_has_missing_stats;feature_plan_total_scan_size_bytes;feature_plan_max_cardinality;feature_plan_max_row_size;metric_duration_ms;metric_pmu;metric_spill_bytes
network_congestion;86.8899993896484;2;144mb;8;SHUFFLE;false;26;24;7;6;7;0;1484533112;14400000;108;561.807599966414;115.589999198914;0
network_congestion;95.2799997329712;2;178mb;8;BROADCAST;false;26;24;7;6;7;0;113331212;28800000;108;620.332200021949;145.559999465942;0
network_congestion;96.8099994659424;2;196mb;8;BROADCAST;false;26;24;7;6;7;0;113331212;28800000;108;625.032700016163;140.849999427795;0
network_congestion;81.7999992370605;2;138mb;8;SHUFFLE;false;26;24;7;6;7;0;1484533112;14400000;108;974.168400047347;115.269999504089;0
network_congestion;85.3199996948242;2;142mb;8;SHUFFLE;false;26;24;7;6;7;0;1484533112;14400000;108;529.229400039185;116.41999912262;0
network_congestion;96.8499994277954;2;196mb;8;BROADCAST;false;26;24;7;6;7;0;113331212;28800000;108;571.701599983498;144.549999237061;0
network_congestion;187.009999275208;2;275mb;8;SHUFFLE;false;22;11;6;8;6;0;5697753760;533340;158;769.381600024644;244.369999885559;0
network_congestion;265.489999771118;2;377mb;8;SHUFFLE;false;22;11;6;8;6;0;39092416;564730;160;1126.25139998272;272.909999847412;0
network_congestion;268.009999275208;4;493mb;8;BROADCAST;false;22;11;6;8;6;0;39092416;564730;160;1527.15509996051;386.369999885559;0
network_congestion;265.979999542236;2;377mb;8;SHUFFLE;false;22;11;6;8;6;0;39092416;564730;160;1233.55029994855;267.849999427795;0
network_congestion;265.5;2;377mb;8;SHUFFLE;false;22;11;6;8;6;0;39092416;564730;160;1322.9558999883;269.959999084473;0
network_congestion;263.479999542236;2;374mb;8;SHUFFLE;false;22;11;6;8;6;0;39092416;564730;160;1226.51639999822;266.929999351501;0
network_congestion;265.5;2;377mb;8;SHUFFLE;false;22;11;6;8;6;0;39092416;564730;160;1275.22900002077;269.75;0
network_congestion;198.519999504089;2;290mb;8;SHUFFLE;false;22;11;6;8;6;0;5697753760;533340;158;1523.88829999836;235.64999961853;0
network_congestion;133.659999847412;4;239mb;8;BROADCAST;false;20;20;6;2;6;0;1444396249;1440000;194;1833.09860003646;213.929999351501;0
network_congestion;133.369999885559;4;239mb;8;BROADCAST;false;20;20;6;2;6;0;1444396249;1440000;194;1853.29119995004;214.219999313354;0
network_congestion;135.109999656677;4;297mb;8;BROADCAST;false;20;20;6;2;6;0;29709955;2880000;194;1841.09820000594;254.229999542236;0
network_congestion;135.439999580383;2;208mb;8;SHUFFLE;false;20;20;6;2;6;0;29709955;2880000;194;1738.7934999424;179.799999237061;0
network_congestion;133.369999885559;4;239mb;8;BROADCAST;false;20;20;6;2;6;0;1444396249;1440000;194;1834.81560001383;213.909999847412;0
network_congestion;133.369999885559;4;239mb;8;BROADCAST;false;20;20;6;2;6;0;1444396249;1440000;194;1870.65979995532;213.909999847412;0
network_congestion;135.379999160767;4;297mb;8;BROADCAST;false;20;20;6;2;6;0;29709955;2880000;194;1744.2017000285;254.639999389648;0
network_congestion;133.529999732971;4;239mb;8;BROADCAST;false;20;20;6;2;6;0;1444396249;1440000;194;1846.33879998;213.929999351501;0
network_congestion;133.25;4;239mb;8;BROADCAST;false;20;20;6;2;6;0;1444396249;1440000;194;1733.81369997514;213.929999351501;0
network_congestion;135.109999656677;2;207mb;8;SHUFFLE;false;20;20;6;2;6;0;29709955;2880000;194;1842.45369996643;180.519999504089;0
network_congestion;133.459999084473;4;239mb;8;BROADCAST;false;20;20;6;2;6;0;1444396249;1440000;194;1770.54930001032;214.659999847412;0
network_congestion;124.339999198914;4;239mb;8;BROADCAST;false;20;20;6;2;6;0;1444396249;1440000;194;2552.2238999838;207.339999198914;0
network_congestion;123.379999160767;4;239mb;8;BROADCAST;false;20;20;6;2;6;0;1444396249;1440000;194;1967.87930000573;214.659999847412;0
network_congestion;133.25;4;239mb;8;BROADCAST;false;20;20;6;2;6;0;1444396249;1440000;194;2073.61580000725;214.079999923706;0
network_congestion;133.439999580383;4;239mb;8;BROADCAST;false;20;20;6;2;6;0;1444396249;1440000;194;1941.6791999829;214.41999912262;0
network_congestion;133.39999961853;4;239mb;8;BROADCAST;false;20;20;6;2;6;0;1444396249;1440000;194;1834.0166999842;213.929999351501;0
network_congestion;135.019999504089;2;207mb;8;SHUFFLE;false;20;20;6;2;6;0;29709955;2880000;194;1737.00960003771;179.779999732971;0
network_congestion;135.109999656677;2;207mb;8;SHUFFLE;false;20;20;6;2;6;0;29709955;2880000;194;1734.07639999641;180.489999771118;0
network_congestion;133.179999351501;2;205mb;8;SHUFFLE;false;20;20;6;2;6;0;1444396249;1440000;194;1835.58749995427;179.029999732971;0
network_congestion;135.019999504089;4;297mb;8;BROADCAST;false;20;20;6;2;6;0;29709955;2880000;194;1843.93959998852;254.369999885559;0
network_congestion;133.179999351501;4;239mb;8;BROADCAST;false;20;20;6;2;6;0;1444396249;1440000;194;1866.69080000138;213.819999694824;0
network_congestion;133.329999923706;4;239mb;8;BROADCAST;false;20;20;6;2;6;0;1444396249;1440000;194;1741.07110005571;214.64999961853;0
network_congestion;133.25;4;239mb;8;BROADCAST;false;20;20;6;2;6;0;1444396249;1440000;194;1847.78650000226;213.929999351501;0
network_congestion;133.409999847412;4;239mb;8;BROADCAST;false;20;20;6;2;6;0;1444396249;1440000;194;2135.4408999905;213.909999847412;0
network_congestion;133.389999389648;4;239mb;8;BROADCAST;false;20;20;6;2;6;0;1444396249;1440000;194;1785.36570002325;213.989999771118;0
network_congestion;135.079999923706;2;207mb;8;SHUFFLE;false;20;20;6;2;6;0;29709955;2880000;194;1839.04419996543;181.179999351501;0
network_congestion;133.559999465942;4;239mb;8;BROADCAST;false;20;20;6;2;6;0;1444396249;1440000;194;1850.78919999069;213.929999351501;0
network_congestion;135.109999656677;4;297mb;8;BROADCAST;false;20;20;6;2;6;0;29709955;2880000;194;1943.68540000869;254.859999656677;0
network_congestion;135.179999351501;4;297mb;8;BROADCAST;false;20;20;6;2;6;0;29709955;2880000;194;1836.89859998412;254.889999389648;0
network_congestion;133.39999961853;4;239mb;8;BROADCAST;false;20;20;6;2;6;0;1444396249;1440000;194;1940.73180004489;203.66999912262;0
network_congestion;133.179999351501;4;239mb;8;BROADCAST;false;20;20;6;2;6;0;1444396249;1440000;194;1863.17859997507;215.359999656677;0
optimal;21.5299997329712;1;59mb;8;SHUFFLE;true;5;0;2;0;2;0;1067088832;7200000;52;56.6363999969326;14.6799993515015;0
optimal;2.20999908447266;1;42mb;8;SHUFFLE;false;0;0;1;1;1;0;15772;14;36;15.7084999955259;2.1899995803833;0
optimal;2.20999908447266;1;42mb;8;SHUFFLE;false;0;0;1;1;1;0;15772;14;36;19.3222999805585;2.1899995803833;0
optimal;2.20999908447266;1;42mb;8;SHUFFLE;false;0;0;1;1;1;0;15772;14;36;15.7495000166818;2.1899995803833;0
optimal;2.20999908447266;1;42mb;8;SHUFFLE;false;0;0;1;1;1;0;15772;14;36;22.5134000065736;2.1899995803833;0
optimal;2.20999908447266;1;42mb;8;SHUFFLE;false;0;0;1;1;1;0;15772;14;36;18.5271999798715;2.1899995803833;0
optimal;2.20999908447266;1;42mb;8;SHUFFLE;false;0;0;1;1;1;0;15772;14;36;17.2366999904625;2.1899995803833;0
optimal;2.21999931335449;1;42mb;8;SHUFFLE;false;0;0;1;1;1;0;19868;24;36;21.1526000057347;2.19999980926514;0
optimal;2.20999908447266;1;42mb;8;SHUFFLE;false;0;0;1;1;1;0;15772;14;36;17.3399000195786;2.1899995803833;0
optimal;2.20999908447266;1;42mb;8;SHUFFLE;false;0;0;1;1;1;0;15772;14;36;22.31380000012;2.1899995803833;0
optimal;0.0691795349121094;1;36mb;8;SHUFFLE;false;0;0;1;0;1;0;15764;14;28;15.840100008063;0.0457420349121094;0
optimal;15.3599996566772;1;51mb;8;SHUFFLE;true;5;4;2;2;2;0;231021256;1440000;24;219.168999989051;14.3599996566772;0
optimal;0.0656442642211914;1;36mb;8;SHUFFLE;false;0;0;1;0;1;0;15724;14;8;20.9443000494502;0.0461130142211914;0
optimal;0.0656442642211914;1;36mb;8;SHUFFLE;false;0;0;1;0;1;0;15724;14;8;20.5898000276648;0.0461130142211914;0
optimal;2.20999908447266;1;42mb;8;SHUFFLE;false;0;0;1;1;1;0;15756;14;28;20.8850000053644;2.1899995803833;0
optimal;2.20999908447266;1;42mb;8;SHUFFLE;false;0;0;1;1;1;0;15756;14;28;18.9925000304356;2.1899995803833;0
optimal;2.21999931335449;1;42mb;8;SHUFFLE;false;0;0;1;1;1;0;19856;24;30;22.5742000038736;2.19999980926514;0
optimal;0.0808982849121094;1;36mb;8;SHUFFLE;false;0;0;1;0;1;0;19848;24;22;20.0483999797143;0.0575094223022461;0
optimal;0.0691795349121094;1;36mb;8;SHUFFLE;false;0;0;1;0;1;0;15748;14;20;17.0049999724142;0.0457420349121094;0
optimal;0.0691795349121094;1;36mb;8;SHUFFLE;false;0;0;1;0;1;0;15748;14;20;19.7449999977835;0.0457420349121094;0
optimal;0.0691795349121094;1;36mb;8;SHUFFLE;false;0;0;1;0;1;0;15748;14;20;44.0078999963589;0.0457420349121094;0
optimal;2.21999931335449;1;42mb;8;SHUFFLE;false;0;0;1;1;1;0;19846;24;25;19.2088999901898;2.19999980926514;0
optimal;0.0808982849121094;1;36mb;8;SHUFFLE;false;0;0;1;0;1;0;19838;24;17;18.9478000393137;0.057499885559082;0
optimal;0.0691795349121094;1;36mb;8;SHUFFLE;false;0;0;1;0;1;0;15742;14;17;15.3676999616437;0.0457420349121094;0
optimal;0.0691795349121094;1;36mb;8;SHUFFLE;false;0;0;1;0;1;0;15742;14;17;18.8671000069007;0.0457420349121094;0
optimal;2.20999908447266;1;34mb;8;SHUFFLE;false;0;0;1;1;1;0;19828;24;16;21.2144999532029;2;0
optimal;2.19999980926514;1;34mb;8;SHUFFLE;false;0;0;1;1;1;0;15732;14;16;16.8823000276461;1.98999977111816;0
optimal;2.19999980926514;1;34mb;8;SHUFFLE;false;0;0;1;1;1;0;15732;14;16;14.86630004365;1.98999977111816;0
optimal;0.0517578125;1;36mb;8;SHUFFLE;false;0;0;1;0;1;0;15716;14;8;17.2454999992624;0.0322265625;0
optimal;2.20999908447266;1;42mb;8;SHUFFLE;false;0;0;1;1;1;0;19828;24;16;17.3753999988548;2.1899995803833;0
optimal;2.19999980926514;1;42mb;8;SHUFFLE;false;0;0;1;1;1;0;15732;14;16;23.0176000040956;2.17999935150146;0
optimal;2.19999980926514;1;42mb;8;SHUFFLE;false;0;0;1;1;1;0;15732;14;16;18.381199974101;2.17999935150146;0
optimal;0.0734567642211914;1;36mb;8;SHUFFLE;false;0;0;1;0;1;0;19820;24;8;18.7574999872595;0.0539255142211914;0
optimal;0.0734567642211914;1;36mb;8;SHUFFLE;false;0;0;1;0;1;0;19820;24;8;20.4051999608055;0.0539255142211914;0
optimal;0.0656442642211914;1;36mb;8;SHUFFLE;false;0;0;1;0;1;0;15724;14;8;22.5269999937154;0.0461130142211914;0
optimal;0.0734567642211914;1;36mb;8;SHUFFLE;false;0;0;1;0;1;0;19820;24;8;27.1437999908812;0.0539255142211914;0
optimal;0.0656442642211914;1;36mb;8;SHUFFLE;false;0;0;1;0;1;0;15724;14;8;22.1089000115171;0.0461130142211914;0
optimal;2.21999931335449;1;42mb;8;SHUFFLE;false;0;0;1;1;1;0;19844;24;24;19.795400032308;2.19999980926514;0
optimal;2.20999908447266;1;42mb;8;SHUFFLE;false;0;0;1;1;1;0;15748;14;24;17.8968000109307;2.1899995803833;0
optimal;2.20999908447266;1;42mb;8;SHUFFLE;false;0;0;1;1;1;0;15748;14;24;19.0752999624237;2.1899995803833;0
optimal;2.20999908447266;1;42mb;8;SHUFFLE;false;0;0;1;1;1;0;15748;14;24;15.8983999863267;2.1899995803833;0
optimal;2.20999908447266;1;42mb;8;SHUFFLE;false;0;0;1;1;1;0;15748;14;24;15.5095999944024;2.1899995803833;0
optimal;0.0691795349121094;1;36mb;8;SHUFFLE;false;0;0;1;0;1;0;15740;14;16;15.6759999808855;0.0457420349121094;0
optimal;0.0691795349121094;1;36mb;8;SHUFFLE;false;0;0;1;0;1;0;15740;14;16;20.6708000041544;0.0457420349121094;0
optimal;0.0595703125;1;36mb;8;SHUFFLE;false;0;0;1;0;1;0;15724;14;16;19.0045000053942;0.0361328125;0
optimal;0.0595703125;1;36mb;8;SHUFFLE;false;0;0;1;0;1;0;15724;14;16;15.0376000092365;0.0361328125;0
optimal;24.6399993896484;1;64mb;8;SHUFFLE;true;5;0;2;0;2;0;1067088801;7200000;45;29.440300015267;10.6899995803833;0
optimal;12.6499996185303;1;48mb;8;SHUFFLE;true;5;4;2;0;2;0;1067088789;7200000;45;20.1962999999523;12.5699996948242;0
optimal;2.21999931335449;1;42mb;8;SHUFFLE;false;0;0;1;1;1;0;15766;14;33;15.2697999728844;2.1899995803833;0
optimal;2.21999931335449;1;42mb;8;SHUFFLE;false;0;0;1;1;1;0;15766;14;33;17.2529999981634;2.1899995803833;0
optimal;0.0730857849121094;1;36mb;8;SHUFFLE;false;0;0;1;0;1;0;15758;14;25;17.1446999884211;0.0496673583984375;0
optimal;0.0730857849121094;1;36mb;8;SHUFFLE;false;0;0;1;0;1;0;15758;14;25;17.4483999726363;0.0496673583984375;0
optimal;0.0730857849121094;1;36mb;8;SHUFFLE;false;0;0;1;0;1;0;15758;14;25;15.5253999982961;0.0496673583984375;0
network_congestion;153.979999542236;2;232mb;8;SHUFFLE;false;5;0;2;2;2;0;1067088936;7200000;49;819.858999981079;153.159999847412;0
optimal;2.21999931335449;1;42mb;8;SHUFFLE;false;0;0;1;1;1;0;15774;14;37;17.4675000016578;2.1899995803833;0
optimal;2.21999931335449;1;42mb;8;SHUFFLE;false;0;0;1;1;1;0;15774;14;37;20.2317000366747;2.1899995803833;0
optimal;2.21999931335449;1;42mb;8;SHUFFLE;false;0;0;1;1;1;0;15774;14;37;23.8943999866024;2.1899995803833;0
optimal;2.21999931335449;1;42mb;8;SHUFFLE;false;0;0;1;1;1;0;15774;14;37;15.2093000360765;2.1899995803833;0
optimal;0.0730857849121094;1;36mb;8;SHUFFLE;false;0;0;1;0;1;0;15766;14;29;19.3381999852136;0.0496673583984375;0
optimal;0.0730857849121094;1;36mb;8;SHUFFLE;false;0;0;1;0;1;0;15766;14;29;15.6170999980532;0.0496673583984375;0
optimal;2.19999980926514;1;42mb;8;SHUFFLE;false;0;0;1;1;1;0;15732;14;16;25.1101999892853;2.17999935150146;0
optimal;2.19999980926514;1;42mb;8;SHUFFLE;false;0;0;1;1;1;0;15732;14;16;14.824400015641;2.17999935150146;0
optimal;2.19999980926514;1;42mb;8;SHUFFLE;false;0;0;1;1;1;0;15732;14;16;21.2279999977909;2.17999935150146;0
optimal;0.0656442642211914;1;36mb;8;SHUFFLE;false;0;0;1;0;1;0;15724;14;8;15.3163999784738;0.0461130142211914;0
optimal;2.20999908447266;1;42mb;8;SHUFFLE;false;0;0;1;1;1;0;15748;14;24;15.5218999716453;2.1899995803833;0
optimal;2.20999908447266;1;42mb;8;SHUFFLE;false;0;0;1;1;1;0;15748;14;24;16.01349998964;2.1899995803833;0
optimal;2.20999908447266;1;42mb;8;SHUFFLE;false;0;0;1;1;1;0;15748;14;24;20.3460000338964;2.1899995803833;0
optimal;0.0691795349121094;1;36mb;8;SHUFFLE;false;0;0;1;0;1;0;15740;14;16;16.1578999832273;0.0457420349121094;0
optimal;0.0691795349121094;1;36mb;8;SHUFFLE;false;0;0;1;0;1;0;15740;14;16;17.1713000163436;0.0457420349121094;0
optimal;2.19999980926514;1;42mb;8;SHUFFLE;false;0;0;1;1;1;0;15732;14;16;17.6424999954179;2.17999935150146;0
optimal;0.0656442642211914;1;36mb;8;SHUFFLE;false;0;0;1;0;1;0;15724;14;8;65.9819999709725;0.0461130142211914;0
optimal;0.0656442642211914;1;36mb;8;SHUFFLE;false;0;0;1;0;1;0;15724;14;8;15.1265999884345;0.0461130142211914;0
optimal;0.0656442642211914;1;36mb;8;SHUFFLE;false;0;0;1;0;1;0;15724;14;8;18.1730999611318;0.0461130142211914;0
optimal;0.0656442642211914;1;36mb;8;SHUFFLE;false;0;0;1;0;1;0;15724;14;8;30.5889000301249;0.0461130142211914;0
optimal;0.0656442642211914;1;36mb;8;SHUFFLE;false;0;0;1;0;1;0;15724;14;8;18.333200016059;0.0461130142211914;0
optimal;0.0656442642211914;1;36mb;8;SHUFFLE;false;0;0;1;0;1;0;15724;14;8;21.8646000139415;0.0461130142211914;0
optimal;12.6399993896484;1;48mb;8;SHUFFLE;true;5;4;2;0;2;0;1067088684;7200000;24;30.0422000000253;12.5799999237061;0
optimal;2.19999980926514;1;42mb;8;SHUFFLE;false;0;0;1;1;1;0;19820;24;12;15.4312000377104;2.17999935150146;0
optimal;2.19999980926514;1;42mb;8;SHUFFLE;false;0;0;1;1;1;0;19820;24;12;19.6040000300854;2.17999935150146;0
optimal;2.1899995803833;1;42mb;8;SHUFFLE;false;0;0;1;1;1;0;15724;14;12;32.901500002481;2.16999912261963;0
optimal;2.1899995803833;1;42mb;8;SHUFFLE;false;0;0;1;1;1;0;15724;14;12;26.9240000052378;2.16999912261963;0
optimal;0.0806541442871094;1;36mb;8;SHUFFLE;false;0;0;1;0;1;0;19812;24;4;18.9839999657124;0.0611324310302734;0
optimal;0.0728416442871094;1;36mb;8;SHUFFLE;false;0;0;1;0;1;0;15716;14;4;17.7236000308767;0.0533199310302734;0
optimal;0.0478515625;1;36mb;8;SHUFFLE;false;0;0;1;0;1;0;15712;14;4;15.3623999794945;0.0283203125;0
optimal;2.20999908447266;1;42mb;8;SHUFFLE;false;0;0;1;1;1;0;15754;14;27;16.5954999974929;2.1899995803833;0
optimal;2.21999931335449;1;42mb;8;SHUFFLE;false;0;0;1;1;1;0;19850;24;27;20.8687999984249;2.19999980926514;0
optimal;0.0691795349121094;1;36mb;8;SHUFFLE;false;0;0;1;0;1;0;15746;14;19;16.759899968747;0.0457420349121094;0
optimal;0.0808982849121094;1;36mb;8;SHUFFLE;false;0;0;1;0;1;0;19842;24;19;17.6666000043042;0.057499885559082;0
optimal;0.0691795349121094;1;36mb;8;SHUFFLE;false;0;0;1;0;1;0;15746;14;19;15.8910999889486;0.0457420349121094;0
optimal;0.0691795349121094;1;36mb;8;SHUFFLE;false;0;0;1;0;1;0;15746;14;19;15.8643000177108;0.0457420349121094;0
optimal;0.0691795349121094;1;36mb;8;SHUFFLE;false;0;0;1;0;1;0;15746;14;19;16.856900008861;0.0457420349121094;0
network_congestion;72.3899993896484;1;126mb;8;BROADCAST;true;5;4;2;2;2;0;1067088908;7200000;48;568.806199997198;71.3599996566772;0
optimal;2.21999931335449;1;42mb;8;SHUFFLE;false;0;0;1;1;1;0;19860;24;32;20.4859999939799;2.19999980926514;0
optimal;2.20999908447266;1;42mb;8;SHUFFLE;false;0;0;1;1;1;0;15764;14;32;15.069599961862;2.1899995803833;0
optimal;0.0691795349121094;1;36mb;8;SHUFFLE;false;0;0;1;0;1;0;15756;14;24;15.5780999921262;0.0457420349121094;0
optimal;0.0691795349121094;1;36mb;8;SHUFFLE;false;0;0;1;0;1;0;15756;14;24;21.9989999895915;0.0457420349121094;0
optimal;0.0595703125;1;36mb;8;SHUFFLE;false;0;0;1;0;1;0;15732;14;24;15.4545999830589;0.0361328125;0
network_congestion;90.9699993133545;2;150mb;8;SHUFFLE;false;5;0;2;2;2;0;1067088932;7200000;49;930.236000043806;106.019999504089;0
optimal;2.20999908447266;1;42mb;8;SHUFFLE;false;0;0;1;1;1;0;15766;14;33;18.890300008934;2.1899995803833;0
optimal;0.0691795349121094;1;36mb;8;SHUFFLE;false;0;0;1;0;1;0;15758;14;25;21.5238999808207;0.0457420349121094;0
optimal;0.0691795349121094;1;36mb;8;SHUFFLE;false;0;0;1;0;1;0;15758;14;25;15.2682000189088;0.0457420349121094;0
optimal;0.0691795349121094;1;36mb;8;SHUFFLE;false;0;0;1;0;1;0;15758;14;25;17.0351999695413;0.0457420349121094;0
optimal;0.0691795349121094;1;36mb;8;SHUFFLE;false;0;0;1;0;1;0;15758;14;25;19.596400030423;0.0457420349121094;0
optimal;0.0691795349121094;1;36mb;8;SHUFFLE;false;0;0;1;0;1;0;15758;14;25;16.6082000359893;0.0457420349121094;0
optimal;0.0691795349121094;1;36mb;8;SHUFFLE;false;0;0;1;0;1;0;15758;14;25;27.2522000013851;0.0457420349121094;0
optimal;0.0595703125;1;36mb;8;SHUFFLE;false;0;0;1;0;1;0;15733;14;25;18.3986000483856;0.0361328125;0
optimal;2.20999908447266;1;42mb;8;SHUFFLE;false;0;0;1;1;1;0;15812;14;56;15.6596000306308;2.1899995803833;0
optimal;2.20999908447266;1;42mb;8;SHUFFLE;false;0;0;1;1;1;0;15812;14;56;21.8539999914356;2.1899995803833;0
optimal;2.20999908447266;1;42mb;8;SHUFFLE;false;0;0;1;1;1;0;15812;14;56;15.9875000244938;2.1899995803833;0
optimal;0.0691795349121094;1;36mb;8;SHUFFLE;false;0;0;1;0;1;0;15804;14;48;16.1199999856763;0.0457420349121094;0
optimal;0.0691795349121094;1;36mb;8;SHUFFLE;false;0;0;1;0;1;0;15804;14;48;19.7761000017636;0.0457420349121094;0
optimal;0.0691795349121094;1;36mb;8;SHUFFLE;false;0;0;1;0;1;0;15804;14;48;14.8878000327386;0.0457420349121094;0
optimal;2.20999908447266;1;42mb;8;SHUFFLE;false;0;0;1;1;1;0;15874;14;87;20.9928000112996;2.1899995803833;0
optimal;2.21999931335449;1;42mb;8;SHUFFLE;false;0;0;1;1;1;0;19974;24;89;19.1402999917045;2.19999980926514;0
optimal;0.0691795349121094;1;36mb;8;SHUFFLE;false;0;0;1;0;1;0;15866;14;79;19.3576999590732;0.0457420349121094;0
optimal;2.19999980926514;1;42mb;8;SHUFFLE;false;0;0;1;1;1;0;15732;14;16;16.3607000140473;2.17999935150146;0
optimal;2.19999980926514;1;42mb;8;SHUFFLE;false;0;0;1;1;1;0;15732;14;16;29.0857999934815;2.17999935150146;0
optimal;2.19999980926514;1;42mb;8;SHUFFLE;false;0;0;1;1;1;0;15732;14;16;37.322599964682;2.17999935150146;0
optimal;0.0656442642211914;1;36mb;8;SHUFFLE;false;0;0;1;0;1;0;15724;14;8;19.8595999972895;0.0461130142211914;0
optimal;0.0656442642211914;1;36mb;8;SHUFFLE;false;0;0;1;0;1;0;15724;14;8;17.830100026913;0.0461130142211914;0
optimal;2.20999908447266;1;42mb;8;SHUFFLE;false;0;0;1;1;1;0;15764;14;32;23.0588000267744;2.1899995803833;0
optimal;2.20999908447266;1;42mb;8;SHUFFLE;false;0;0;1;1;1;0;15764;14;32;16.1320000188425;2.1899995803833;0
optimal;2.20999908447266;1;42mb;8;SHUFFLE;false;0;0;1;1;1;0;15764;14;32;20.0809999951161;2.1899995803833;0
optimal;2.20999908447266;1;42mb;8;SHUFFLE;false;0;0;1;1;1;0;15764;14;32;16.5547999786213;2.1899995803833;0
optimal;2.20999908447266;1;42mb;8;SHUFFLE;false;0;0;1;1;1;0;15764;14;32;19.6998000028543;2.1899995803833;0
optimal;2.20999908447266;1;42mb;8;SHUFFLE;false;0;0;1;1;1;0;15764;14;32;17.6177999819629;2.1899995803833;0
optimal;2.20999908447266;1;42mb;8;SHUFFLE;false;0;0;1;1;1;0;15764;14;32;16.6583000100218;2.1899995803833;0
optimal;2.20999908447266;1;42mb;8;SHUFFLE;false;0;0;1;1;1;0;15764;14;32;16.6894000140019;2.1899995803833;0
optimal;0.0769920349121094;1;36mb;8;SHUFFLE;false;0;0;1;0;1;0;19854;24;25;17.8806000039913;0.0535545349121094;0
network_congestion;97.7599992752075;2;159mb;8;SHUFFLE;false;5;0;2;2;2;0;1067088796;7200000;32;1176.91490001744;101.209999084473;0
optimal;2.19999980926514;1;42mb;8;SHUFFLE;false;0;0;1;1;1;0;15732;14;16;15.2280000038445;2.17999935150146;0
optimal;2.20999908447266;1;42mb;8;SHUFFLE;false;0;0;1;1;1;0;19828;24;16;18.0351999588311;2.1899995803833;0
optimal;0.0656442642211914;1;36mb;8;SHUFFLE;false;0;0;1;0;1;0;15724;14;8;17.9991999757476;0.0461130142211914;0
optimal;0.0656442642211914;1;36mb;8;SHUFFLE;false;0;0;1;0;1;0;15724;14;8;20.156999991741;0.0461130142211914;0
optimal;0.0517578125;1;36mb;8;SHUFFLE;false;0;0;1;0;1;0;15716;14;8;17.6298000151291;0.0322265625;0
network_congestion;43.4599990844727;2;88mb;8;SHUFFLE;false;5;0;2;2;2;0;1067088764;7200000;28;820.361300022341;48.6099996566772;0
optimal;2.1899995803833;1;42mb;8;SHUFFLE;false;0;0;1;1;1;0;19820;24;12;18.3964999741875;2.17999935150146;0
optimal;2.19999980926514;1;42mb;8;SHUFFLE;false;0;0;1;1;1;0;19820;24;12;23.2456999947317;2.17999935150146;0
optimal;0.0478515625;1;36mb;8;SHUFFLE;false;0;0;1;0;1;0;15712;14;4;18.3565000188537;0.0283203125;0
optimal;2.1899995803833;1;42mb;8;SHUFFLE;false;0;0;1;1;1;0;15724;14;12;27.1889999858104;2.16999912261963;0
optimal;2.19999980926514;1;42mb;8;SHUFFLE;false;0;0;1;1;1;0;19820;24;12;20.4075000365265;2.17999935150146;0
optimal;2.1899995803833;1;42mb;8;SHUFFLE;false;0;0;1;1;1;0;15724;14;12;16.4191999938339;2.16999912261963;0
optimal;2.1899995803833;1;42mb;8;SHUFFLE;false;0;0;1;1;1;0;15724;14;12;20.5166999949142;2.16999912261963;0
optimal;2.1899995803833;1;42mb;8;SHUFFLE;false;0;0;1;1;1;0;15724;14;12;16.3428999949247;2.16999912261963;0
optimal;0.0728416442871094;1;36mb;8;SHUFFLE;false;0;0;1;0;1;0;15716;14;4;14.9372000014409;0.0533103942871094;0
optimal;2.19999980926514;1;42mb;8;SHUFFLE;false;0;0;1;1;1;0;15732;14;16;18.6865999712609;2.17999935150146;0
optimal;2.19999980926514;1;42mb;8;SHUFFLE;false;0;0;1;1;1;0;15732;14;16;16.6026999941096;2.17999935150146;0
optimal;2.19999980926514;1;42mb;8;SHUFFLE;false;0;0;1;1;1;0;15732;14;16;17.8247999865562;2.17999935150146;0
optimal;0.0734567642211914;1;36mb;8;SHUFFLE;false;0;0;1;0;1;0;19820;24;8;23.7138000084087;0.0539255142211914;0
optimal;0.0656442642211914;1;36mb;8;SHUFFLE;false;0;0;1;0;1;0;15724;14;8;16.4691999671049;0.0461130142211914;0
optimal;0.0656442642211914;1;36mb;8;SHUFFLE;false;0;0;1;0;1;0;15724;14;8;17.5736999954097;0.0461130142211914;0
optimal;18.7699995040894;1;56mb;8;SHUFFLE;true;5;0;2;0;2;0;231021254;1440000;34;31.7017000052147;6.47999954223633;0
optimal;2.21999931335449;1;42mb;8;SHUFFLE;false;0;0;1;1;1;0;19840;24;22;25.3536000382155;2.19999980926514;0
optimal;2.21999931335449;1;42mb;8;SHUFFLE;false;0;0;1;1;1;0;15744;14;22;15.2858999790624;2.1899995803833;0
optimal;0.0730857849121094;1;36mb;8;SHUFFLE;false;0;0;1;0;1;0;15736;14;14;43.3177999802865;0.0496673583984375;0
optimal;0.0730857849121094;1;36mb;8;SHUFFLE;false;0;0;1;0;1;0;15736;14;14;16.6606999700889;0.0496673583984375;0
optimal;0.0808982849121094;1;36mb;8;SHUFFLE;false;0;0;1;0;1;0;19832;24;14;21.2076000170782;0.057499885559082;0
optimal;2.20999908447266;1;42mb;8;SHUFFLE;false;0;0;1;1;1;0;15756;14;28;15.1230000192299;2.1899995803833;0
optimal;2.20999908447266;1;42mb;8;SHUFFLE;false;0;0;1;1;1;0;15756;14;28;15.5524000292644;2.1899995803833;0
optimal;2.20999908447266;1;42mb;8;SHUFFLE;false;0;0;1;1;1;0;15756;14;28;19.5851000025868;2.1899995803833;0
optimal;2.20999908447266;1;42mb;8;SHUFFLE;false;0;0;1;1;1;0;15756;14;28;15.6236999901012;2.1899995803833;0
optimal;0.0691795349121094;1;36mb;8;SHUFFLE;false;0;0;1;0;1;0;15748;14;20;19.9461000156589;0.0457420349121094;0
optimal;0.0691795349121094;1;36mb;8;SHUFFLE;false;0;0;1;0;1;0;15748;14;20;15.8678999869153;0.0457420349121094;0
optimal;2.21999931335449;2;42mb;8;SHUFFLE;false;0;0;1;1;1;0;19842;24;23;573.631699953694;2.19999980926514;0
optimal;2.20999908447266;1;42mb;8;SHUFFLE;false;0;0;1;1;1;0;15746;14;23;16.2081000162289;2.1899995803833;0
optimal;2.20999908447266;1;42mb;8;SHUFFLE;false;0;0;1;1;1;0;15746;14;23;20.7274000276811;2.1899995803833;0
optimal;2.20999908447266;1;42mb;8;SHUFFLE;false;0;0;1;1;1;0;15746;14;23;16.7525999713689;2.1899995803833;0
optimal;0.0691795349121094;1;36mb;8;SHUFFLE;false;0;0;1;0;1;0;15738;14;15;23.2052000355907;0.0457420349121094;0
optimal;2.21999931335449;1;42mb;8;SHUFFLE;false;0;0;1;1;1;0;19844;24;24;21.1554999696091;2.19999980926514;0
optimal;2.21999931335449;1;42mb;8;SHUFFLE;false;0;0;1;1;1;0;19844;24;24;19.5326000102796;2.19999980926514;0
optimal;2.21999931335449;1;42mb;8;SHUFFLE;false;0;0;1;1;1;0;19844;24;24;21.7082000453956;2.19999980926514;0
optimal;2.20999908447266;1;42mb;8;SHUFFLE;false;0;0;1;1;1;0;15748;14;24;16.4670000085607;2.1899995803833;0
optimal;2.20999908447266;1;42mb;8;SHUFFLE;false;0;0;1;1;1;0;15748;14;24;21.4661000063643;2.1899995803833;0
optimal;0.0691795349121094;1;36mb;8;SHUFFLE;false;0;0;1;0;1;0;15740;14;16;15.4204000136815;0.0457420349121094;0
optimal;0.0691795349121094;1;36mb;8;SHUFFLE;false;0;0;1;0;1;0;15740;14;16;15.5415000044741;0.0457420349121094;0
optimal;0.0691795349121094;1;36mb;8;SHUFFLE;false;0;0;1;0;1;0;15740;14;16;19.1833000280894;0.0457420349121094;0
optimal;2.09999942779541;1;34mb;8;SHUFFLE;false;3;3;2;0;2;0;54181;102;51;23.5477000242099;2.08999919891357;0
optimal;2.20999908447266;1;42mb;8;SHUFFLE;false;0;0;1;1;1;0;15756;14;28;21.4559000451118;2.1899995803833;0
optimal;2.20999908447266;1;42mb;8;SHUFFLE;false;0;0;1;1;1;0;15756;14;28;18.3861000114121;2.1899995803833;0
optimal;2.20999908447266;1;42mb;8;SHUFFLE;false;0;0;1;1;1;0;15756;14;28;19.1474999883212;2.1899995803833;0
optimal;2.20999908447266;1;42mb;8;SHUFFLE;false;0;0;1;1;1;0;15756;14;28;26.1317999684252;2.1899995803833;0
optimal;2.20999908447266;1;42mb;8;SHUFFLE;false;0;0;1;1;1;0;15756;14;28;19.8477999656461;2.1899995803833;0
optimal;0.0769920349121094;1;36mb;8;SHUFFLE;false;0;0;1;0;1;0;19844;24;20;21.5870999963954;0.0535545349121094;0
optimal;0.0691795349121094;1;36mb;8;SHUFFLE;false;0;0;1;0;1;0;15748;14;20;15.196799999103;0.0457420349121094;0
optimal;0.0691795349121094;1;36mb;8;SHUFFLE;false;0;0;1;0;1;0;15748;14;20;18.2189000188373;0.0457420349121094;0
optimal;0.0595703125;1;36mb;8;SHUFFLE;false;0;0;1;0;1;0;15728;14;20;17.1701000072062;0.0361328125;0
optimal;5.58999919891357;1;39mb;8;SHUFFLE;true;5;4;2;0;2;0;231021180;1440000;20;32.0589999901131;5.11999988555908;0
optimal;2.1899995803833;1;42mb;8;SHUFFLE;false;0;0;1;1;1;0;15724;14;12;18.6225000070408;2.16999912261963;0
optimal;2.1899995803833;1;42mb;8;SHUFFLE;false;0;0;1;1;1;0;15724;14;12;15.7012999989092;2.16999912261963;0
optimal;2.1899995803833;1;42mb;8;SHUFFLE;false;0;0;1;1;1;0;15724;14;12;15.6104000052437;2.16999912261963;0
optimal;2.19999980926514;1;42mb;8;SHUFFLE;false;0;0;1;1;1;0;19820;24;12;21.6927999863401;2.17999935150146;0
optimal;0.0728416442871094;1;36mb;8;SHUFFLE;false;0;0;1;0;1;0;15716;14;4;19.0223000245169;0.0533103942871094;0
optimal;0.0728416442871094;1;36mb;8;SHUFFLE;false;0;0;1;0;1;0;15716;14;4;15.7672999775968;0.0533103942871094;0
optimal;0.0728416442871094;1;36mb;8;SHUFFLE;false;0;0;1;0;1;0;15716;14;4;20.0157999643125;0.0533103942871094;0
optimal;0.0556640625;1;36mb;8;SHUFFLE;false;0;0;1;0;1;0;19808;24;4;17.5961999921128;0.0361328125;0
optimal;2.20999908447266;1;42mb;8;SHUFFLE;false;0;0;1;1;1;0;15750;14;25;18.6189999803901;2.1899995803833;0
optimal;2.20999908447266;1;42mb;8;SHUFFLE;false;0;0;1;1;1;0;15750;14;25;16.15739997942;2.1899995803833;0
optimal;2.21999931335449;1;42mb;8;SHUFFLE;false;0;0;1;1;1;0;19846;24;25;23.9409999921918;2.19999980926514;0
optimal;2.20999908447266;1;42mb;8;SHUFFLE;false;0;0;1;1;1;0;15750;14;25;18.2411000132561;2.1899995803833;0
optimal;2.21999931335449;1;42mb;8;SHUFFLE;false;0;0;1;1;1;0;19846;24;25;22.5603999570012;2.19999980926514;0
optimal;2.20999908447266;1;42mb;8;SHUFFLE;false;0;0;1;1;1;0;15750;14;25;16.0083000082523;2.1899995803833;0
optimal;0.0691795349121094;1;36mb;8;SHUFFLE;false;0;0;1;0;1;0;15742;14;17;16.0004000063054;0.0457420349121094;0
optimal;0.0691795349121094;1;36mb;8;SHUFFLE;false;0;0;1;0;1;0;15742;14;17;15.6997999874875;0.0457420349121094;0
optimal;61.4799995422363;2;111mb;8;SHUFFLE;true;28;25;8;4;8;0;1041888364;3600000;72;264.838400005829;71.2799997329712;0
network_congestion;210.679999351501;4;305mb;8;SHUFFLE;false;75;60;16;30;16;0;21288719288;1440000;128;3332.04940002179;233.839999198914;0
network_congestion;211.659999847412;4;307mb;8;SHUFFLE;false;75;60;16;30;16;0;21288719288;1440000;128;3740.5834000092;227.569999694824;0
network_congestion;262.679999351501;4;431mb;8;BROADCAST;false;75;60;16;30;16;0;5210;2880000;128;6752.08810000913;331.819999694824;0
network_congestion;271.459999084473;4;384mb;8;SHUFFLE;false;75;60;16;30;16;0;5210;2880000;128;7347.91429998586;329.219999313354;0
network_congestion;261.579999923706;4;431mb;8;BROADCAST;false;75;60;16;30;16;0;5210;2880000;128;7145.48930001911;337.389999389648;0
network_congestion;208.439999580383;4;302mb;8;SHUFFLE;false;75;60;16;30;16;0;21288719288;1440000;128;3541.26229998656;233.839999198914;0
network_congestion;249.289999961853;4;431mb;8;BROADCAST;false;75;60;16;30;16;0;5210;2880000;128;6850.96189996693;331.819999694824;0
network_congestion;267.299999237061;4;379mb;8;SHUFFLE;false;75;60;16;30;16;0;5210;2880000;128;7163.34430000279;335.309999465942;0
network_congestion;209.299999237061;4;304mb;8;SHUFFLE;false;75;60;16;30;16;0;21288719288;1440000;128;3335.2704999852;227.689999580383;0
network_congestion;209.819999694824;4;304mb;8;SHUFFLE;false;75;60;16;30;16;0;21288719288;1440000;128;3329.0127000073;233.839999198914;0
network_congestion;211.009999275208;4;306mb;8;SHUFFLE;false;75;60;16;30;16;0;21288719288;1440000;128;3481.63639998529;233.839999198914;0
network_congestion;208.229999542236;4;302mb;8;SHUFFLE;false;75;60;16;30;16;0;21288719288;1440000;128;3538.39050000533;233.839999198914;0
network_congestion;210.029999732971;4;305mb;8;SHUFFLE;false;75;60;16;30;16;0;21288719288;1440000;128;3248.27859998913;229.64999961853;0
network_congestion;270.559999465942;4;383mb;8;SHUFFLE;false;75;60;16;30;16;0;5210;2880000;128;6352.08679997595;331.819999694824;0
network_congestion;279.939999580383;4;395mb;8;SHUFFLE;false;75;60;16;30;16;0;5210;2880000;128;7246.97989999549;335.309999465942;0
network_congestion;208.849999427795;4;303mb;8;SHUFFLE;false;75;60;16;30;16;0;21288719288;1440000;128;3227.94900002191;233.839999198914;0
network_congestion;208.379999160767;4;302mb;8;SHUFFLE;false;75;60;16;30;16;0;21288719288;1440000;128;3534.49449996697;233.839999198914;0
network_congestion;286.189999580383;4;404mb;8;SHUFFLE;false;75;60;16;30;16;0;5210;2880000;128;6758.85560002644;331.819999694824;0
network_congestion;209.019999504089;4;303mb;8;SHUFFLE;false;75;60;16;30;16;0;21288719288;1440000;128;3537.86229999969;231.849999427795;0
network_congestion;209.949999809265;4;304mb;8;SHUFFLE;false;75;60;16;30;16;0;21288719288;1440000;128;3444.48169996031;233.839999198914;0
network_congestion;273.789999961853;4;387mb;8;SHUFFLE;false;75;60;16;30;16;0;5210;2880000;128;6248.73930000467;331.819999694824;0
network_congestion;207.779999732971;4;302mb;8;SHUFFLE;false;75;60;16;30;16;0;21288719288;1440000;128;3338.54580001207;233.839999198914;0
network_congestion;209.939999580383;4;304mb;8;SHUFFLE;false;75;60;16;30;16;0;21288719288;1440000;128;3552.56759998156;233.839999198914;0
network_congestion;210.279999732971;4;305mb;8;SHUFFLE;false;75;60;16;30;16;0;21288719288;1440000;128;3739.13160001393;233.839999198914;0
network_congestion;271.589999198914;4;385mb;8;SHUFFLE;false;75;60;16;30;16;0;5210;2880000;128;7063.75359999947;331.819999694824;0
network_congestion;208.719999313354;4;303mb;8;SHUFFLE;false;75;60;16;30;16;0;21288719288;1440000;128;3248.49079997512;233.839999198914;0
network_congestion;210.209999084473;4;305mb;8;SHUFFLE;false;75;60;16;30;16;0;21288719288;1440000;128;3230.32639996381;233.839999198914;0
network_congestion;210.039999961853;4;305mb;8;SHUFFLE;false;75;60;16;30;16;0;21288719288;1440000;128;3333.58999999473;233.839999198914;0
network_congestion;300.959999084473;4;423mb;8;SHUFFLE;false;75;60;16;30;16;0;5210;2880000;128;6558.03389998619;327.739999771118;0
network_congestion;211.019999504089;4;306mb;8;SHUFFLE;false;75;60;16;30;16;0;21288719288;1440000;128;3731.72390001127;231.759999275208;0
network_congestion;261.009999275208;4;431mb;8;BROADCAST;false;75;60;16;30;16;0;5210;2880000;128;6355.36200000206;331.819999694824;0
network_congestion;211.329999923706;4;306mb;8;SHUFFLE;false;75;60;16;30;16;0;21288719288;1440000;128;3345.73150001233;233.839999198914;0
network_congestion;217.91999912262;4;431mb;8;BROADCAST;false;75;60;16;30;16;0;5210;2880000;128;6957.18239998678;335.309999465942;0
network_congestion;210.029999732971;4;305mb;8;SHUFFLE;false;75;60;16;30;16;0;21288719288;1440000;128;3639.25339997513;233.839999198914;0
network_congestion;239.319999694824;4;431mb;8;BROADCAST;false;75;60;16;30;16;0;5210;2880000;128;6960.58479999192;331.819999694824;0
network_congestion;211.179999351501;4;306mb;8;SHUFFLE;false;75;60;16;30;16;0;21288719288;1440000;128;3237.12970002089;233.839999198914;0
network_congestion;233.449999809265;4;431mb;8;BROADCAST;false;75;60;16;30;16;0;5210;2880000;128;6375.58009999339;337.389999389648;0
network_congestion;208.989999771118;4;303mb;8;SHUFFLE;false;75;60;16;30;16;0;21288719288;1440000;128;3129.48279996635;233.839999198914;0
network_congestion;210.699999809265;4;305mb;8;SHUFFLE;false;75;60;16;30;16;0;21288719288;1440000;128;3447.59589998284;233.839999198914;0
network_congestion;281.859999656677;4;398mb;8;SHUFFLE;false;75;60;16;30;16;0;5210;2880000;128;6960.43030003784;329.739999771118;0
network_congestion;281.079999923706;4;397mb;8;SHUFFLE;false;75;60;16;30;16;0;5210;2880000;128;6758.84629995562;335.39999961853;0
network_congestion;210.009999275208;4;305mb;8;SHUFFLE;false;75;60;16;30;16;0;21288719288;1440000;128;3436.07990001328;233.839999198914;0
network_congestion;279.199999809265;4;394mb;8;SHUFFLE;false;75;60;16;30;16;0;5210;2880000;128;6864.61950000376;337.389999389648;0
network_congestion;208.729999542236;4;303mb;8;SHUFFLE;false;75;60;16;30;16;0;21288719288;1440000;128;2849.05459999572;205.429999351501;0
optimal;14.0099992752075;1;50mb;8;SHUFFLE;true;5;4;2;2;2;0;232428406;1440000;32;215.889499988407;12.3699998855591;0
optimal;4.34999942779541;1;37mb;8;SHUFFLE;false;0;0;1;2;1;0;1392834;11720;16;18.4526000521146;4.32999992370605;0
optimal;4.34999942779541;1;37mb;8;SHUFFLE;false;0;0;1;2;1;0;1392834;11720;16;24.6666999883018;4.32999992370605;0
optimal;4.34999942779541;1;37mb;8;SHUFFLE;false;0;0;1;2;1;0;1392834;11720;16;45.906700019259;4.32999992370605;0
optimal;4.34999942779541;1;37mb;8;SHUFFLE;false;0;0;1;2;1;0;1392834;11720;16;16.1806999822147;4.32999992370605;0
optimal;4.34999942779541;1;37mb;8;SHUFFLE;false;0;0;1;2;1;0;1392834;11720;16;15.8699000021443;4.32999992370605;0
optimal;4.34999942779541;1;37mb;8;SHUFFLE;false;0;0;1;2;1;0;1392834;11720;16;31.4589000190608;4.33999919891357;0
optimal;4.34999942779541;1;37mb;8;SHUFFLE;false;0;0;1;2;1;0;1392834;11720;16;15.2933999779634;4.32999992370605;0
optimal;4.34999942779541;1;37mb;8;SHUFFLE;false;0;0;1;2;1;0;1392834;11720;16;17.5929000251926;4.32999992370605;0
optimal;4.34999942779541;1;37mb;8;SHUFFLE;false;0;0;1;2;1;0;1392834;11720;16;15.939700009767;4.32999992370605;0
optimal;4.34999942779541;1;37mb;8;SHUFFLE;false;0;0;1;2;1;0;1392834;11720;16;16.0273000365123;4.32999992370605;0
optimal;4.34999942779541;1;37mb;8;SHUFFLE;false;0;0;1;2;1;0;1392834;11720;16;30.822700005956;4.32999992370605;0
optimal;4.34999942779541;1;37mb;8;SHUFFLE;false;0;0;1;2;1;0;1392834;11720;16;15.6904999748804;4.32999992370605;0
optimal;4.34999942779541;1;37mb;8;SHUFFLE;false;0;0;1;2;1;0;1426994;12000;16;18.0013000499457;4.32999992370605;0
optimal;4.34999942779541;1;37mb;8;SHUFFLE;false;0;0;1;2;1;0;1392834;11720;16;15.6717000063509;4.32999992370605;0
optimal;4.34999942779541;1;37mb;8;SHUFFLE;false;0;0;1;2;1;0;1392834;11720;16;29.9807999981567;4.32999992370605;0
optimal;0.212958335876465;1;36mb;8;SHUFFLE;false;0;0;1;0;1;0;1392778;164;8;16.9496000162326;0.171942710876465;0
optimal;0.212958335876465;1;36mb;8;SHUFFLE;false;0;0;1;0;1;0;1392778;174;8;20.361699978821;0.171942710876465;0
optimal;0.196356773376465;1;36mb;8;SHUFFLE;false;0;0;1;0;1;0;1392778;228;8;41.4826999767683;0.171942710876465;0
optimal;0.253973960876465;1;36mb;8;SHUFFLE;false;0;0;1;0;1;0;1392778;285;8;16.2349999882281;0.171942710876465;0
optimal;0.229559898376465;1;36mb;8;SHUFFLE;false;0;0;1;0;1;0;1392778;363;8;17.5682000117376;0.171942710876465;0
optimal;0.212958335876465;1;36mb;8;SHUFFLE;false;0;0;1;0;1;0;1392778;366;8;17.2090000123717;0.171942710876465;0
optimal;0.212958335876465;1;36mb;8;SHUFFLE;false;0;0;1;0;1;0;1426938;385;8;17.2412000247277;0.171942710876465;0
optimal;0.229559898376465;1;36mb;8;SHUFFLE;false;0;0;1;0;1;0;1392778;412;8;15.0295000057667;0.171942710876465;0
optimal;0.212958335876465;1;36mb;8;SHUFFLE;false;0;0;1;0;1;0;1392778;431;8;14.8646000307053;0.171942710876465;0
optimal;0.220770835876465;1;36mb;8;SHUFFLE;false;0;0;1;0;1;0;1392778;444;8;33.5666000028141;0.171942710876465;0
optimal;14.1299991607666;1;50mb;8;SHUFFLE;true;5;4;2;0;2;0;232428430;1440000;48;33.4656000486575;13.0199995040894;0
optimal;5.09999942779541;1;38mb;8;SHUFFLE;false;0;0;1;2;1;0;1392934;11720;36;43.461200024467;5.10999965667725;0
optimal;5.09999942779541;1;38mb;8;SHUFFLE;false;0;0;1;2;1;0;1392934;11720;36;115.230800001882;5.09999942779541;0
optimal;5.10999965667725;1;38mb;8;SHUFFLE;false;0;0;1;2;1;0;1392934;11720;36;17.5159999635071;5.10999965667725;0
optimal;5.09999942779541;1;38mb;8;SHUFFLE;false;0;0;1;2;1;0;1392934;11720;36;53.4560999949463;5.09999942779541;0
optimal;5.09999942779541;1;38mb;8;SHUFFLE;false;0;0;1;2;1;0;1392934;11720;36;15.4642999987118;5.10999965667725;0
optimal;5.10999965667725;1;38mb;8;SHUFFLE;false;0;0;1;2;1;0;1392934;11720;36;23.0516999727115;5.09999942779541;0
optimal;5.09999942779541;1;38mb;8;SHUFFLE;false;0;0;1;2;1;0;1392934;11720;36;16.7747999657877;5.10999965667725;0
optimal;5.10999965667725;1;38mb;8;SHUFFLE;false;0;0;1;2;1;0;1392934;11720;36;15.0595000013709;5.14999961853027;0
optimal;5.13999938964844;1;38mb;8;SHUFFLE;false;0;0;1;2;1;0;1392934;11720;36;26.7542999936268;5.09999942779541;0
optimal;5.10999965667725;1;38mb;8;SHUFFLE;false;0;0;1;2;1;0;1392934;11720;36;26.9099999568425;5.09999942779541;0
optimal;5.09999942779541;1;38mb;8;SHUFFLE;false;0;0;1;2;1;0;1392934;11720;36;16.2722999812104;5.14999961853027;0
optimal;5.10999965667725;1;38mb;8;SHUFFLE;false;0;0;1;2;1;0;1392934;11720;36;33.3634999697097;5.11999988555908;0
optimal;5.09999942779541;1;38mb;8;SHUFFLE;false;0;0;1;2;1;0;1392934;11720;36;30.0375000224449;5.11999988555908;0
optimal;5.09999942779541;1;38mb;8;SHUFFLE;false;0;0;1;2;1;0;1392934;11720;36;14.9513999931514;5.13999938964844;0
optimal;5.09999942779541;1;38mb;8;SHUFFLE;false;0;0;1;2;1;0;1392934;11720;36;18.5825999942608;5.10999965667725;0
optimal;0.605195045471191;1;37mb;8;SHUFFLE;false;0;0;1;0;1;0;1392818;188;28;19.40290001221;0.515351295471191;0
optimal;0.666718482971191;1;37mb;8;SHUFFLE;false;0;0;1;0;1;0;1392818;224;28;17.650900001172;0.515351295471191;0
optimal;0.584687232971191;1;37mb;8;SHUFFLE;false;0;0;1;0;1;0;1392818;231;28;14.5985999843106;0.515351295471191;0
optimal;0.564179420471191;1;37mb;8;SHUFFLE;false;0;0;1;0;1;0;1392818;243;28;18.5983999981545;0.515351295471191;0
optimal;0.597880363464355;1;37mb;8;SHUFFLE;false;0;0;1;0;1;0;1426978;254;28;18.3078999980353;0.520731925964355;0
optimal;0.564179420471191;1;37mb;8;SHUFFLE;false;0;0;1;0;1;0;1392818;379;28;15.1072999578901;0.515351295471191;0
optimal;0.576395988464355;1;37mb;8;SHUFFLE;false;0;0;1;0;1;0;1426978;498;28;20.1871999888681;0.520731925964355;0
optimal;0.567265510559082;1;37mb;8;SHUFFLE;false;0;0;1;0;1;0;1392790;78;28;14.9867000291124;0.497929573059082;0
optimal;134.199999809265;1;206mb;8;SHUFFLE;true;5;0;2;2;2;0;232428422;1450000;32;368.503200006671;127.539999961853;0
network_congestion;96.1899995803833;2;157mb;8;SHUFFLE;false;5;0;2;2;2;0;1068465850;7230000;32;876.97169999592;95.2099990844727;0
optimal;12.0599994659424;1;47mb;8;SHUFFLE;true;5;4;2;0;2;0;1068465758;7200000;28;43.8403000007384;10.6899995803833;0
network_congestion;169.109999656677;2;251mb;8;SHUFFLE;false;5;0;2;2;2;0;1068465822;7230000;28;1013.55679996777;168.629999160767;0
network_congestion;18.8899993896484;2;56mb;8;SHUFFLE;false;5;0;2;2;2;0;1068465850;7230000;32;717.066100041848;21.8699998855591;0
network_congestion;185.25;2;272mb;8;SHUFFLE;false;5;0;2;2;2;0;1068465850;7230000;32;1121.49879999924;183.39999961853;0
optimal;4.34999942779541;1;37mb;8;SHUFFLE;false;0;0;1;2;1;0;1392834;11720;16;15.4285000171512;4.32999992370605;0
optimal;4.34999942779541;1;37mb;8;SHUFFLE;false;0;0;1;2;1;0;1392834;11720;16;33.7176999892108;4.33999919891357;0
optimal;4.34999942779541;1;37mb;8;SHUFFLE;false;0;0;1;2;1;0;1392834;11720;16;18.1824999745004;4.32999992370605;0
optimal;4.34999942779541;1;37mb;8;SHUFFLE;false;0;0;1;2;1;0;1426994;12000;16;17.1424999716692;4.32999992370605;0
optimal;4.34999942779541;1;37mb;8;SHUFFLE;false;0;0;1;2;1;0;1392834;11720;16;15.4263999429531;4.32999992370605;0
optimal;4.34999942779541;1;37mb;8;SHUFFLE;false;0;0;1;2;1;0;1392834;11720;16;15.9210999845527;4.32999992370605;0
optimal;4.34999942779541;1;37mb;8;SHUFFLE;false;0;0;1;2;1;0;1392834;11720;16;16.7693999828771;4.32999992370605;0
optimal;4.34999942779541;1;37mb;8;SHUFFLE;false;0;0;1;2;1;0;1392834;11720;16;15.6327000004239;4.32999992370605;0
optimal;0.219999313354492;1;36mb;8;SHUFFLE;false;0;0;1;0;1;0;1392778;184;8;16.9354000245221;0.178983688354492;0
optimal;0.219999313354492;1;36mb;8;SHUFFLE;false;0;0;1;0;1;0;1392778;204;8;20.1680000172928;0.178983688354492;0
optimal;0.236600875854492;1;36mb;8;SHUFFLE;false;0;0;1;0;1;0;1392778;335;8;14.8599999956787;0.178983688354492;0
optimal;0.236600875854492;1;36mb;8;SHUFFLE;false;0;0;1;0;1;0;1392778;437;8;24.3619999964722;0.178983688354492;0
optimal;0.219999313354492;1;36mb;8;SHUFFLE;false;0;0;1;0;1;0;1392778;470;8;15.1438000029884;0.178983688354492;0
optimal;0.211210250854492;1;36mb;8;SHUFFLE;false;0;0;1;0;1;0;1392778;477;8;14.9256999720819;0.178983688354492;0
optimal;0.198300361633301;1;36mb;8;SHUFFLE;false;0;0;1;0;1;0;1392770;90;8;15.7656000228599;0.157284736633301;0
optimal;5.03999996185303;1;38mb;8;SHUFFLE;false;0;0;1;2;1;0;1392834;11720;16;20.5446999752894;5.02999973297119;0
optimal;5.02999973297119;1;38mb;8;SHUFFLE;false;0;0;1;2;1;0;1392834;11720;16;27.6938000461087;5.01999950408936;0
optimal;5.01999950408936;1;38mb;8;SHUFFLE;false;0;0;1;2;1;0;1392834;11720;16;20.3490999992937;5.00999927520752;0
optimal;5.02999973297119;1;38mb;8;SHUFFLE;false;0;0;1;2;1;0;1392834;11720;16;16.1928000161424;5.02999973297119;0
optimal;5.02999973297119;1;38mb;8;SHUFFLE;false;0;0;1;2;1;0;1392834;11720;16;21.4004999725148;5.02999973297119;0
optimal;5.02999973297119;1;38mb;8;SHUFFLE;false;0;0;1;2;1;0;1426994;12000;16;43.8622999936342;5.00999927520752;0
optimal;5.02999973297119;1;38mb;8;SHUFFLE;false;0;0;1;2;1;0;1392834;11720;16;51.6826999955811;5.00999927520752;0
optimal;5.01999950408936;1;38mb;8;SHUFFLE;false;0;0;1;2;1;0;1392834;11720;16;36.3865999970585;5.01999950408936;0
optimal;5.03999996185303;1;38mb;8;SHUFFLE;false;0;0;1;2;1;0;1392834;11720;16;25.8686000015587;5.01999950408936;0
optimal;0.316386222839355;1;36mb;8;SHUFFLE;false;0;0;1;0;1;0;1426938;104;8;19.5081999991089;0.258769035339355;0
optimal;0.314228057861328;1;36mb;8;SHUFFLE;false;0;0;1;0;1;0;1392778;124;8;15.0066000060178;0.256610870361328;0
optimal;0.316386222839355;1;36mb;8;SHUFFLE;false;0;0;1;0;1;0;1426938;143;8;18.784100015182;0.258769035339355;0
optimal;0.305438995361328;1;36mb;8;SHUFFLE;false;0;0;1;0;1;0;1392778;149;8;178.338600031566;0.256610870361328;0
optimal;0.332987785339355;1;36mb;8;SHUFFLE;false;0;0;1;0;1;0;1426938;252;8;18.6170000233687;0.258769035339355;0
optimal;0.447040557861328;1;36mb;8;SHUFFLE;false;0;0;1;0;1;0;1392778;267;8;17.0848999987356;0.256610870361328;0
optimal;0.332987785339355;1;36mb;8;SHUFFLE;false;0;0;1;0;1;0;1426938;268;8;22.912600019481;0.258769035339355;0
optimal;0.322040557861328;1;36mb;8;SHUFFLE;false;0;0;1;0;1;0;1392778;291;8;16.1238999571651;0.256610870361328;0
optimal;0.330829620361328;1;36mb;8;SHUFFLE;false;0;0;1;0;1;0;1392778;311;8;15.7582999672741;0.256610870361328;0
optimal;0.322040557861328;1;36mb;8;SHUFFLE;false;0;0;1;0;1;0;1392778;352;8;14.7154000005685;0.256610870361328;0
optimal;0.332987785339355;1;36mb;8;SHUFFLE;false;0;0;1;0;1;0;1426938;362;8;17.8078999742866;0.258769035339355;0
optimal;0.314228057861328;1;36mb;8;SHUFFLE;false;0;0;1;0;1;0;1392778;366;8;14.537199982442;0.256610870361328;0
optimal;0.314228057861328;1;36mb;8;SHUFFLE;false;0;0;1;0;1;0;1392778;376;8;20.9199999808334;0.256610870361328;0
optimal;0.314228057861328;1;36mb;8;SHUFFLE;false;0;0;1;0;1;0;1392778;389;8;14.6611999953166;0.256610870361328;0
optimal;0.314228057861328;1;36mb;8;SHUFFLE;false;0;0;1;0;1;0;1392778;434;8;18.232700007502;0.256610870361328;0
optimal;0.314228057861328;1;36mb;8;SHUFFLE;false;0;0;1;0;1;0;1392778;439;8;15.9061999875121;0.256610870361328;0
optimal;0.316943168640137;1;36mb;8;SHUFFLE;false;0;0;1;0;1;0;1392770;83;8;14.8426999803632;0.234911918640137;0
network_congestion;56.9499998092651;2;132mb;8;BROADCAST;false;5;4;2;2;2;0;1427226;14400000;46;612.893900019117;85.3499994277954;0
optimal;4.40999984741211;1;37mb;8;SHUFFLE;false;0;0;1;2;1;0;1392904;11720;30;19.4025000091642;4.16999912261963;0
optimal;4.40999984741211;1;37mb;8;SHUFFLE;false;0;0;1;2;1;0;1392904;11720;30;15.9135000430979;4.16999912261963;0
optimal;4.3799991607666;1;37mb;8;SHUFFLE;false;0;0;1;2;1;0;1392904;11720;30;20.7157999975607;4.16999912261963;0
optimal;4.40999984741211;1;37mb;8;SHUFFLE;false;0;0;1;2;1;0;1392904;11720;30;20.1950999908149;4.16999912261963;0
optimal;4.40999984741211;1;37mb;8;SHUFFLE;false;0;0;1;2;1;0;1392904;11720;30;15.2782000368461;4.16999912261963;0
optimal;4.40999984741211;1;37mb;8;SHUFFLE;false;0;0;1;2;1;0;1392904;11720;30;15.7693999935873;4.16999912261963;0
optimal;4.40999984741211;1;37mb;8;SHUFFLE;false;0;0;1;2;1;0;1427064;12000;30;17.9036000045016;4.16999912261963;0
optimal;4.40999984741211;1;37mb;8;SHUFFLE;false;0;0;1;2;1;0;1392904;11720;30;105.87069997564;4.16999912261963;0
optimal;4.40999984741211;1;37mb;8;SHUFFLE;false;0;0;1;2;1;0;1392904;11720;30;16.3938000332564;4.16999912261963;0
optimal;4.40999984741211;1;37mb;8;SHUFFLE;false;0;0;1;2;1;0;1392904;11720;30;20.4356999602169;4.16999912261963;0
optimal;0.231307983398438;1;36mb;8;SHUFFLE;false;0;0;1;0;1;0;1426966;260;22;23.5950999776833;0.174667358398438;0
optimal;0.223495483398438;1;36mb;8;SHUFFLE;false;0;0;1;0;1;0;1392806;309;22;17.3559000249952;0.174667358398438;0
optimal;0.231307983398438;1;36mb;8;SHUFFLE;false;0;0;1;0;1;0;1392806;347;22;20.0254000374116;0.174667358398438;0
optimal;0.210800170898438;1;36mb;8;SHUFFLE;false;0;0;1;0;1;0;1392806;461;22;52.2537999786437;0.174667358398438;0
optimal;0.190292358398438;1;36mb;8;SHUFFLE;false;0;0;1;0;1;0;1426966;485;22;16.6279000113718;0.174667358398438;0
optimal;22.5599994659424;1;61mb;8;SHUFFLE;true;5;0;2;0;2;0;1068466181;7200000;111;41.253500035964;13.2599992752075;0
optimal;8.10999965667725;1;42mb;8;SHUFFLE;false;0;0;1;2;1;0;1427389;12000;95;28.8073000265285;7.98999977111816;0
optimal;8.08999919891357;1;42mb;8;SHUFFLE;false;0;0;1;2;1;0;1393229;11720;95;26.5321000479162;7.96999931335449;0
optimal;8.08999919891357;1;42mb;8;SHUFFLE;false;0;0;1;2;1;0;1393229;11720;95;29.6176000265405;7.96999931335449;0
optimal;8.08999919891357;1;42mb;8;SHUFFLE;false;0;0;1;2;1;0;1393229;11720;95;25.982599996496;7.96999931335449;0
optimal;8.08999919891357;1;42mb;8;SHUFFLE;false;0;0;1;2;1;0;1393229;11720;95;25.21589997923;7.96999931335449;0
optimal;8.08999919891357;1;42mb;8;SHUFFLE;false;0;0;1;2;1;0;1393229;11720;95;25.6538000539877;7.96999931335449;0
optimal;1.95999908447266;1;34mb;8;SHUFFLE;false;0;0;1;0;1;0;1392936;175;87;19.8551000212319;1.90999984741211;0
optimal;1.9399995803833;1;34mb;8;SHUFFLE;false;0;0;1;0;1;0;1392936;185;87;16.3141000084579;1.90999984741211;0
optimal;1.95999908447266;1;34mb;8;SHUFFLE;false;0;0;1;0;1;0;1392936;205;87;16.5098000434227;1.90999984741211;0
optimal;1.95999908447266;1;34mb;8;SHUFFLE;false;0;0;1;0;1;0;1392936;240;87;16.5188999962993;1.90999984741211;0
optimal;1.9399995803833;1;34mb;8;SHUFFLE;false;0;0;1;0;1;0;1392936;362;87;14.8975999909453;1.90999984741211;0
optimal;1.9399995803833;1;34mb;8;SHUFFLE;false;0;0;1;0;1;0;1392936;383;87;15.738699992653;1.90999984741211;0
optimal;2;1;34mb;8;SHUFFLE;false;0;0;1;0;1;0;1392936;429;87;18.2022000080906;1.90999984741211;0
optimal;1.9399995803833;1;34mb;8;SHUFFLE;false;0;0;1;0;1;0;1392936;461;87;15.0089000235312;1.90999984741211;0
optimal;2;1;34mb;8;SHUFFLE;false;0;0;1;0;1;0;1392936;472;87;14.7703000111505;1.90999984741211;0
optimal;1.9399995803833;1;34mb;8;SHUFFLE;false;0;0;1;0;1;0;1392936;496;87;98.5586000024341;1.90999984741211;0
optimal;13.1799993515015;1;49mb;8;SHUFFLE;true;5;4;2;0;2;0;232428342;1440000;32;45.7516000024043;13.1599998474121;0
optimal;4.34999942779541;1;37mb;8;SHUFFLE;false;0;0;1;2;1;0;1392834;11720;16;19.0828000195324;4.32999992370605;0
optimal;4.34999942779541;1;37mb;8;SHUFFLE;false;0;0;1;2;1;0;1392834;11720;16;51.1111000087112;4.32999992370605;0
optimal;4.34999942779541;1;37mb;8;SHUFFLE;false;0;0;1;2;1;0;1392834;11720;16;15.1616999646649;4.32999992370605;0
optimal;4.34999942779541;1;37mb;8;SHUFFLE;false;0;0;1;2;1;0;1392834;11720;16;16.9983000378124;4.32999992370605;0
optimal;4.34999942779541;1;37mb;8;SHUFFLE;false;0;0;1;2;1;0;1426994;12000;16;19.8751999996603;4.32999992370605;0
optimal;4.34999942779541;1;37mb;8;SHUFFLE;false;0;0;1;2;1;0;1392834;11720;16;31.9270000327379;4.32999992370605;0
optimal;4.34999942779541;1;37mb;8;SHUFFLE;false;0;0;1;2;1;0;1392834;11720;16;25.43700003298;4.32999992370605;0
optimal;4.34999942779541;1;37mb;8;SHUFFLE;false;0;0;1;2;1;0;1392834;11720;16;16.1336000310257;4.32999992370605;0
optimal;4.34999942779541;1;37mb;8;SHUFFLE;false;0;0;1;2;1;0;1426994;12000;16;21.5659999521449;4.32999992370605;0
optimal;4.32999992370605;1;37mb;8;SHUFFLE;false;0;0;1;2;1;0;1392834;11720;16;15.7006000517868;4.32999992370605;0
optimal;4.34999942779541;1;37mb;8;SHUFFLE;false;0;0;1;2;1;0;1392834;11720;16;18.8370000105351;4.32999992370605;0
optimal;4.34999942779541;1;37mb;8;SHUFFLE;false;0;0;1;2;1;0;1392834;11720;16;16.0226000007242;4.32999992370605;0
optimal;0.229472160339355;1;36mb;8;SHUFFLE;false;0;0;1;0;1;0;1392778;148;8;17.3056999919936;0.171854972839355;0
optimal;0.229472160339355;1;36mb;8;SHUFFLE;false;0;0;1;0;1;0;1426938;205;8;17.9860999924131;0.171854972839355;0
optimal;0.204081535339355;1;36mb;8;SHUFFLE;false;0;0;1;0;1;0;1392778;209;8;14.758899982553;0.171854972839355;0
optimal;0.204081535339355;1;36mb;8;SHUFFLE;false;0;0;1;0;1;0;1392778;257;8;15.7922999933362;0.171854972839355;0
optimal;0.212870597839355;1;36mb;8;SHUFFLE;false;0;0;1;0;1;0;1392778;260;8;26.566999964416;0.171854972839355;0
optimal;0.204081535339355;1;36mb;8;SHUFFLE;false;0;0;1;0;1;0;1392778;290;8;15.278400038369;0.171854972839355;0
optimal;0.237284660339355;1;36mb;8;SHUFFLE;false;0;0;1;0;1;0;1392778;345;8;21.2718999828212;0.171854972839355;0
optimal;0.212870597839355;1;36mb;8;SHUFFLE;false;0;0;1;0;1;0;1392778;346;8;14.3955000094138;0.171854972839355;0
optimal;0.212870597839355;1;36mb;8;SHUFFLE;false;0;0;1;0;1;0;1392778;482;8;15.5517000239342;0.171854972839355;0
optimal;0.174570083618164;1;36mb;8;SHUFFLE;false;0;0;1;0;1;0;1392770;65;8;19.0994000295177;0.150156021118164;0
network_congestion;188.109999656677;2;276mb;8;SHUFFLE;false;5;0;2;2;2;0;1068465822;7230000;28;1315.95300004119;187.309999465942;0
optimal;4.34999942779541;1;37mb;8;SHUFFLE;false;0;0;1;2;1;0;1392834;11720;16;16.5992000256665;4.32999992370605;0
optimal;4.34999942779541;1;37mb;8;SHUFFLE;false;0;0;1;2;1;0;1392834;11720;16;42.0906000072137;4.32999992370605;0
optimal;4.34999942779541;1;37mb;8;SHUFFLE;false;0;0;1;2;1;0;1392834;11720;16;16.2169000250287;4.32999992370605;0
optimal;4.34999942779541;1;37mb;8;SHUFFLE;false;0;0;1;2;1;0;1392834;11720;16;16.0168000147678;4.32999992370605;0
optimal;4.34999942779541;1;37mb;8;SHUFFLE;false;0;0;1;2;1;0;1392834;11720;16;19.2324999952689;4.32999992370605;0
optimal;4.34999942779541;1;37mb;8;SHUFFLE;false;0;0;1;2;1;0;1426994;12000;16;21.0309000103734;4.32999992370605;0
optimal;4.34999942779541;1;37mb;8;SHUFFLE;false;0;0;1;2;1;0;1392834;11720;16;15.430000028573;4.32999992370605;0
optimal;4.34999942779541;1;37mb;8;SHUFFLE;false;0;0;1;2;1;0;1426994;12000;16;17.3421999788843;4.32999992370605;0
optimal;4.34999942779541;1;37mb;8;SHUFFLE;false;0;0;1;2;1;0;1392834;11720;16;18.7225000117905;4.32999992370605;0
optimal;4.34999942779541;1;37mb;8;SHUFFLE;false;0;0;1;2;1;0;1392834;11720;16;16.4941999828443;4.33999919891357;0
optimal;4.34999942779541;1;37mb;8;SHUFFLE;false;0;0;1;2;1;0;1392834;11720;16;15.5272000120021;4.32999992370605;0
optimal;0.220634460449219;1;36mb;8;SHUFFLE;false;0;0;1;0;1;0;1392778;174;8;19.7765000048093;0.171806335449219;0
optimal;0.212821960449219;1;36mb;8;SHUFFLE;false;0;0;1;0;1;0;1392778;349;8;15.3672000160441;0.171806335449219;0
optimal;0.229423522949219;1;36mb;8;SHUFFLE;false;0;0;1;0;1;0;1426938;407;8;20.8969000377692;0.171806335449219;0
optimal;0.174521446228027;1;36mb;8;SHUFFLE;false;0;0;1;0;1;0;1426930;54;8;19.4147999864072;0.150107383728027;0
optimal;3.30999946594238;1;41mb;8;SHUFFLE;false;5;4;2;0;2;0;1489473;12000;29;30.7497000321746;4.29999923706055;0
optimal;13.1899995803833;1;49mb;8;SHUFFLE;true;5;4;2;0;2;0;232428390;1440000;40;28.8853999809362;12.4699993133545;0
optimal;4.40999984741211;1;37mb;8;SHUFFLE;false;0;0;1;2;1;0;1392894;11720;28;15.4826999641955;4.16999912261963;0
optimal;4.40999984741211;1;37mb;8;SHUFFLE;false;0;0;1;2;1;0;1392894;11720;28;19.7803000337444;4.22999954223633;0
optimal;4.40999984741211;1;37mb;8;SHUFFLE;false;0;0;1;2;1;0;1427054;12000;28;17.5193999893963;4.16999912261963;0
optimal;4.40999984741211;1;37mb;8;SHUFFLE;false;0;0;1;2;1;0;1392894;11720;28;30.8977999957278;4.21999931335449;0
optimal;4.40999984741211;1;37mb;8;SHUFFLE;false;0;0;1;2;1;0;1427054;12000;28;17.1153000555933;4.23999977111816;0
optimal;4.40999984741211;1;37mb;8;SHUFFLE;false;0;0;1;2;1;0;1392894;11720;28;15.2054999489337;4.23999977111816;0
optimal;4.40999984741211;1;37mb;8;SHUFFLE;false;0;0;1;2;1;0;1392894;11720;28;19.4879000191577;4.16999912261963;0
optimal;4.40999984741211;1;37mb;8;SHUFFLE;false;0;0;1;2;1;0;1427054;12000;28;20.0447000097483;4.22999954223633;0
optimal;0.223515510559082;1;36mb;8;SHUFFLE;false;0;0;1;0;1;0;1392802;123;20;14.9528000038117;0.174687385559082;0
optimal;0.223515510559082;1;36mb;8;SHUFFLE;false;0;0;1;0;1;0;1392802;201;20;14.8152000037953;0.174687385559082;0
optimal;0.223515510559082;1;36mb;8;SHUFFLE;false;0;0;1;0;1;0;1426962;234;20;70.1616000151262;0.174687385559082;0
optimal;0.244023323059082;1;36mb;8;SHUFFLE;false;0;0;1;0;1;0;1392802;351;20;15.9771000035107;0.174687385559082;0
optimal;0.223515510559082;1;36mb;8;SHUFFLE;false;0;0;1;0;1;0;1392802;438;20;15.3194000013173;0.174687385559082;0
optimal;0.223515510559082;1;36mb;8;SHUFFLE;false;0;0;1;0;1;0;1392802;479;20;14.8914000019431;0.174687385559082;0
optimal;14.5199995040894;1;50mb;8;SHUFFLE;true;5;0;2;0;2;0;114667198;720290;40;17.7713999873959;2.63999938964844;0
optimal;5.48999977111816;1;39mb;8;SHUFFLE;true;0;0;1;2;1;0;114651370;720290;16;46.7309000086971;4.59999942779541;0
optimal;0.663368225097656;1;37mb;8;SHUFFLE;false;0;0;1;0;1;0;114651314;153;8;15.362800040748;0.605751037597656;0
optimal;6.5;1;40mb;8;SHUFFLE;true;5;0;2;0;2;0;114657258;720290;28;29.7876999829896;5.25999927520752;0
network_congestion;209.89999961853;2;304mb;8;SHUFFLE;false;5;0;2;2;2;0;171777926;3070000;32;1118.0444000056;209.939999580383;0
optimal;27.1899995803833;1;67mb;8;SHUFFLE;true;5;0;2;2;2;0;114667214;720300;32;166.22750001261;9.47999954223633;0
optimal;9;1;43mb;8;SHUFFLE;true;0;0;1;2;1;0;231001364;1440000;16;109.958300017752;8.21999931335449;0
optimal;4.25;1;37mb;8;SHUFFLE;false;0;0;1;0;1;0;231001308;326;8;21.0026999702677;4.20999908447266;0
optimal;2.26999950408936;1;34mb;8;SHUFFLE;false;0;0;1;0;1;0;114651314;356;8;67.541100026574;2.21999931335449;0
optimal;19.3999996185303;1;57mb;8;SHUFFLE;true;5;4;2;2;2;0;114655266;720290;24;158.9898999664;19.3999996185303;0
optimal;39.8099994659424;1;83mb;8;SHUFFLE;true;5;4;2;0;2;0;171777846;720290;32;113.395899999887;27.2099990844727;0
optimal;6.98999977111816;1;41mb;8;SHUFFLE;true;0;0;1;2;1;0;114651350;720290;12;63.7874999665655;6.33999919891357;0
optimal;6.98999977111816;1;41mb;8;SHUFFLE;true;0;0;1;2;1;0;114651350;720290;12;61.1519999802113;6.33999919891357;0
optimal;6.98999977111816;1;41mb;8;SHUFFLE;true;0;0;1;2;1;0;114651350;720290;12;57.2353000170551;6.33999919891357;0
optimal;6.98999977111816;1;41mb;8;SHUFFLE;true;0;0;1;2;1;0;114651350;720290;12;58.9674999937415;6.33999919891357;0
optimal;2.32999992370605;1;35mb;8;SHUFFLE;false;0;0;1;0;1;0;114651306;209;4;15.063899976667;2.28999996185303;0
optimal;2.32999992370605;1;35mb;8;SHUFFLE;false;0;0;1;0;1;0;114651306;213;4;15.2564999880269;2.28999996185303;0
optimal;2.31999969482422;1;35mb;8;SHUFFLE;false;0;0;1;0;1;0;114651306;255;4;18.5517999925651;2.28999996185303;0
optimal;2.32999992370605;1;35mb;8;SHUFFLE;false;0;0;1;0;1;0;114651306;296;4;79.3033000081778;2.28999996185303;0
optimal;2.32999992370605;1;35mb;8;SHUFFLE;false;0;0;1;0;1;0;114651306;435;4;15.1293000089936;2.28999996185303;0
optimal;101.699999809265;1;164mb;8;SHUFFLE;true;5;0;2;0;2;0;640680058;49330000;28;211.221100005787;90.0799999237061;0
optimal;113.829999923706;1;179mb;8;SHUFFLE;true;5;0;2;2;2;0;171777866;1080000;24;315.827800019179;109.209999084473;0
optimal;125.75;1;195mb;8;SHUFFLE;true;5;4;2;2;2;0;171777886;1140000;28;418.187199975364;127.5;0
optimal;8.71999931335449;1;43mb;8;SHUFFLE;true;0;0;1;2;1;0;114651370;720290;16;108.547699986957;8.02999973297119;0
optimal;8.71999931335449;1;43mb;8;SHUFFLE;true;0;0;1;2;1;0;114651370;720290;16;112.143800011836;8.02999973297119;0
optimal;8.70999908447266;1;43mb;8;SHUFFLE;true;0;0;1;2;1;0;114651370;720290;16;107.884700002614;8.02999973297119;0
optimal;8.70999908447266;1;43mb;8;SHUFFLE;true;0;0;1;2;1;0;114651370;720290;16;107.30659996625;8.02999973297119;0
optimal;5.05999946594238;1;38mb;8;SHUFFLE;false;0;0;1;0;1;0;231001308;104;8;18.2177000096999;4.97999954223633;0
optimal;3.22999954223633;1;36mb;8;SHUFFLE;false;0;0;1;0;1;0;114651314;129;8;19.0915999701247;2.96999931335449;0
optimal;3.01999950408936;1;35mb;8;SHUFFLE;false;0;0;1;0;1;0;114651314;131;8;15.1006000232883;2.96999931335449;0
optimal;5.61999988555908;1;39mb;8;SHUFFLE;false;0;0;1;0;1;0;231001308;160;8;16.8870000052266;4.97999954223633;0
optimal;3.02999973297119;1;35mb;8;SHUFFLE;false;0;0;1;0;1;0;114651314;180;8;15.7760999863967;2.96999931335449;0
optimal;121.779999732971;1;190mb;8;SHUFFLE;true;5;4;2;2;2;0;171777910;1140000;32;467.861999990419;122.739999771118;0
optimal;74.8599996566772;1;129mb;8;SHUFFLE;true;5;4;2;2;2;0;171777910;720290;32;213.297799986321;67.1299991607666;0
optimal;10.039999961853;1;45mb;8;SHUFFLE;true;5;0;2;0;2;0;114667219;720290;45;29.3558999546804;8.61999988555908;0
optimal;22.0699996948242;1;60mb;8;SHUFFLE;true;0;0;1;2;1;0;114651350;720290;12;160.269699990749;21.5499992370605;0
optimal;22.0699996948242;1;60mb;8;SHUFFLE;true;0;0;1;2;1;0;114651350;720290;12;157.636900024954;21.5499992370605;0
optimal;4.54999923706055;1;37mb;8;SHUFFLE;false;0;0;1;0;1;0;114651306;228;4;23.0761999846436;4.50999927520752;0
optimal;4.55999946594238;1;37mb;8;SHUFFLE;false;0;0;1;0;1;0;114651306;234;4;58.313499961514;4.50999927520752;0
optimal;4.55999946594238;1;37mb;8;SHUFFLE;false;0;0;1;0;1;0;114651306;260;4;20.2085999771953;4.50999927520752;0
optimal;162;2;242mb;8;SHUFFLE;true;10;4;3;0;3;0;232428470;14410000;48;478.381900000386;156.059999465942;0
optimal;33.7999992370605;1;75mb;8;SHUFFLE;false;0;0;1;2;1;0;114651370;720290;16;212.070899957325;33.7999992370605;0
optimal;33.7999992370605;1;75mb;8;SHUFFLE;true;0;0;1;2;1;0;114651370;720290;16;156.688300019596;34.2299995422363;0
optimal;33.7599992752075;1;75mb;8;SHUFFLE;true;0;0;1;2;1;0;114651370;720290;16;159.07639998477;33.7299995422363;0
optimal;33.7999992370605;1;75mb;8;SHUFFLE;true;0;0;1;2;1;0;114651370;720290;16;193.758900044486;33.7999992370605;0
optimal;33.7999992370605;1;75mb;8;SHUFFLE;false;0;0;1;2;1;0;114651370;720290;16;234.514800016768;33.8399991989136;0
optimal;5.00999927520752;1;38mb;8;SHUFFLE;false;0;0;1;0;1;0;114651314;330;8;15.6132000265643;4.96999931335449;0
optimal;5.00999927520752;1;38mb;8;SHUFFLE;false;0;0;1;0;1;0;114651314;461;8;21.5848999796435;4.96999931335449;0
optimal;10.4699993133545;1;45mb;8;SHUFFLE;true;5;4;2;2;2;0;114667198;720290;32;117.202800000086;9.25999927520752;0
optimal;5.6299991607666;1;39mb;8;SHUFFLE;true;5;4;2;0;2;0;114667134;720290;32;29.2161999968812;5.21999931335449;0
optimal;7;1;41mb;8;SHUFFLE;true;0;0;1;2;1;0;231001364;1440000;16;108.511900005396;6.13999938964844;0
optimal;5.98999977111816;1;39mb;8;SHUFFLE;true;0;0;1;2;1;0;114651370;720290;16;61.0796000109985;5.1299991607666;0
optimal;7.00999927520752;1;41mb;8;SHUFFLE;true;0;0;1;2;1;0;231001364;1440000;16;113.313200010452;6.13999938964844;0
optimal;1.17999935150146;1;33mb;8;SHUFFLE;false;0;0;1;0;1;0;114651314;111;8;20.8210999844596;1.1299991607666;0
optimal;1.15999984741211;1;33mb;8;SHUFFLE;false;0;0;1;0;1;0;114651314;151;8;14.7006000042893;1.1299991607666;0
optimal;1.17999935150146;1;33mb;8;SHUFFLE;false;0;0;1;0;1;0;114651314;250;8;14.9289999972098;1.1299991607666;0
optimal;1.16999912261963;1;33mb;8;SHUFFLE;false;0;0;1;0;1;0;114651314;270;8;15.5566000030376;1.1299991607666;0
optimal;1.17999935150146;1;33mb;8;SHUFFLE;false;0;0;1;0;1;0;114651314;467;8;14.8596999933943;1.1299991607666;0
optimal;1.17999935150146;1;33mb;8;SHUFFLE;false;0;0;1;0;1;0;114651314;477;8;14.6746999816969;1.1299991607666;0
optimal;20.2399997711182;1;58mb;8;SHUFFLE;true;5;0;2;0;2;0;114657383;720290;53;44.3662999896333;3.23999977111816;0
optimal;102.829999923706;1;165mb;8;SHUFFLE;true;5;0;2;0;2;0;633256144;3600000;28;215.984700014815;85.9699993133545;0
optimal;10.0899991989136;1;45mb;8;SHUFFLE;true;5;0;2;0;2;0;114667190;720290;40;53.0398999690078;9.09999942779541;0
optimal;18.7099990844727;1;56mb;8;SHUFFLE;true;0;0;1;2;1;0;114651370;720290;16;109.002500015777;18.0299997329712;0
optimal;18.6999998092651;1;56mb;8;SHUFFLE;true;0;0;1;2;1;0;114651370;720290;16;110.154200054239;18.0299997329712;0
optimal;18.7099990844727;1;56mb;8;SHUFFLE;true;0;0;1;2;1;0;114651370;720290;16;109.025199955795;18.0299997329712;0
optimal;22.7199993133545;1;61mb;8;SHUFFLE;false;0;0;1;2;1;0;231001364;1440000;16;215.727200033143;22.039999961853;0
optimal;5.03999996185303;1;38mb;8;SHUFFLE;false;0;0;1;0;1;0;114651314;133;8;15.6343000126071;4.96999931335449;0
optimal;5.02999973297119;1;38mb;8;SHUFFLE;false;0;0;1;0;1;0;114651314;423;8;27.1691000089049;4.96999931335449;0
optimal;5.00999927520752;1;38mb;8;SHUFFLE;false;0;0;1;0;1;0;231001300;72;8;20.0999999651685;4.94999980926514;0
optimal;4.98999977111816;1;38mb;8;SHUFFLE;false;0;0;1;0;1;0;114651306;82;8;15.4161000391468;4.94999980926514;0
optimal;9.92999935150146;1;44mb;8;SHUFFLE;true;5;0;2;0;2;0;116044188;720290;28;28.7098999833688;8.72999954223633;0
optimal;9.77999973297119;1;44mb;8;SHUFFLE;true;5;0;2;0;2;0;116044148;720290;20;35.7798999757506;8.73999977111816;0
optimal;57.2699995040894;1;106mb;8;SHUFFLE;true;5;0;2;2;2;0;116044240;723250;28;210.613700037356;57.2799997329712;0
optimal;85.9099998474121;1;143mb;8;SHUFFLE;true;5;0;2;2;2;0;116044336;723250;40;214.641499973368;85.3999996185303;0
optimal;22.0899991989136;1;60mb;8;SHUFFLE;true;0;0;1;2;1;0;231001344;1440000;12;214.285800000653;21.5599994659424;0
optimal;22.0899991989136;1;60mb;8;SHUFFLE;true;0;0;1;2;1;0;231001344;1440000;12;216.33299998939;21.5599994659424;0
optimal;22.0099992752075;1;60mb;8;SHUFFLE;true;0;0;1;2;1;0;114651350;720290;12;108.409899985418;21.4799995422363;0
optimal;22.0099992752075;1;60mb;8;SHUFFLE;true;0;0;1;2;1;0;114651350;720290;12;111.638000002131;21.4799995422363;0
optimal;22.0099992752075;1;60mb;8;SHUFFLE;true;0;0;1;2;1;0;114651350;720290;12;170.471400022507;21.4799995422363;0
optimal;22.0099992752075;1;60mb;8;SHUFFLE;true;0;0;1;2;1;0;114651350;720290;12;112.253300030716;21.4799995422363;0
optimal;4.54999923706055;1;37mb;8;SHUFFLE;false;0;0;1;0;1;0;231001300;148;4;19.2618999863043;4.51999950408936;0
optimal;4.58999919891357;1;37mb;8;SHUFFLE;false;0;0;1;0;1;0;114651306;412;4;19.4166000001132;4.50999927520752;0
optimal;18.9099998474121;1;56mb;8;SHUFFLE;true;5;0;2;0;2;0;114655319;720290;45;28.8454000256024;6.6299991607666;0
optimal;12.7399997711182;1;48mb;8;SHUFFLE;true;5;4;2;0;2;0;114667094;720290;24;17.8121999488212;13.0499992370605;0
optimal;33.8399991989136;1;75mb;8;SHUFFLE;true;0;0;1;2;1;0;114651370;720290;16;178.38399996981;33.8399991989136;0
optimal;33.7999992370605;1;75mb;8;SHUFFLE;true;0;0;1;2;1;0;114651370;720290;16;157.383500016294;33.7999992370605;0
optimal;5.00999927520752;1;38mb;8;SHUFFLE;false;0;0;1;0;1;0;114651314;318;8;16.1588999908417;4.96999931335449;0
optimal;5.01999950408936;1;38mb;8;SHUFFLE;false;0;0;1;0;1;0;114651314;334;8;18.2251000078395;4.96999931335449;0
optimal;5.01999950408936;1;38mb;8;SHUFFLE;false;0;0;1;0;1;0;114651314;340;8;16.4630999788642;4.96999931335449;0
optimal;5.01999950408936;1;38mb;8;SHUFFLE;false;0;0;1;0;1;0;231001308;412;8;17.0076999929734;4.96999931335449;0
optimal;5.13999938964844;1;38mb;8;SHUFFLE;false;0;0;1;0;1;0;114651314;420;8;15.4301000293344;4.96999931335449;0
optimal;14.1599998474121;1;50mb;8;SHUFFLE;true;5;0;2;0;2;0;114655290;720290;40;28.5061000031419;13.1199998855591;0
optimal;21.9799995422363;1;60mb;8;SHUFFLE;true;5;0;2;0;2;0;114655310;720290;44;34.1154000489041;11.1299991607666;0
optimal;107.579999923706;1;171mb;8;SHUFFLE;true;5;4;2;2;2;0;116044412;720290;52;210.190899961162;99.8799991607666;0
optimal;38.7199993133545;1;82mb;8;SHUFFLE;false;0;0;1;2;1;0;231001364;1440000;16;263.680799980648;38.039999961853;0
optimal;22.7099990844727;1;61mb;8;SHUFFLE;true;0;0;1;2;1;0;114651370;720290;16;222.006600000896;22.0299997329712;0
optimal;22.7099990844727;1;61mb;8;SHUFFLE;true;0;0;1;2;1;0;114651370;720290;16;158.32170000067;22.0299997329712;0
optimal;38.7199993133545;2;82mb;8;SHUFFLE;false;0;0;1;2;1;0;231001364;1440000;16;10183.1865999848;38.039999961853;0
optimal;38.7199993133545;1;82mb;8;SHUFFLE;false;0;0;1;2;1;0;231001364;1440000;16;264.585199998692;38.039999961853;0
optimal;22.7099990844727;1;61mb;8;SHUFFLE;true;0;0;1;2;1;0;114651370;720290;16;158.794199989643;22.0299997329712;0
optimal;5.36999988555908;1;38mb;8;SHUFFLE;false;0;0;1;0;1;0;231001308;353;8;28.8881000014953;4.96999931335449;0
optimal;4.98999977111816;1;38mb;8;SHUFFLE;false;0;0;1;0;1;0;114651314;436;8;18.0593999684788;4.96999931335449;0
optimal;5.00999927520752;1;38mb;8;SHUFFLE;false;0;0;1;0;1;0;114651314;473;8;15.308299975004;4.96999931335449;0
optimal;4.98999977111816;1;38mb;8;SHUFFLE;false;0;0;1;0;1;0;114651306;84;8;18.4083000058308;4.94999980926514;0
optimal;100.889999389648;1;163mb;8;SHUFFLE;true;5;0;2;0;2;0;640680046;49330000;24;212.127799983136;84.1899995803833;0
optimal;60.25;1;110mb;8;SHUFFLE;true;5;0;2;0;2;0;171777842;720290;28;109.053199994378;51.0099992752075;0
optimal;66.0599994659424;1;117mb;8;SHUFFLE;true;5;0;2;0;2;0;171777862;720290;32;109.691400022712;51.3299999237061;0
optimal;44.2799997329712;1;89mb;8;SHUFFLE;true;5;0;2;0;2;0;171777862;720290;32;113.560999976471;32.3699998855591;0
optimal;104.509999275208;1;167mb;8;SHUFFLE;true;5;0;2;0;2;0;633256160;3600000;32;208.768000011332;90.1899995803833;0
optimal;58.6799993515015;1;108mb;8;SHUFFLE;true;5;0;2;0;2;0;1181724322;7200000;32;211.790399975143;52.539999961853;0
optimal;2.35999965667725;1;35mb;8;SHUFFLE;false;0;0;1;0;1;0;114651314;103;8;20.0874999864027;2.28999996185303;0
optimal;2.32999992370605;1;35mb;8;SHUFFLE;false;0;0;1;0;1;0;114651314;157;8;15.4089999850839;2.28999996185303;0
optimal;2.34999942779541;1;35mb;8;SHUFFLE;false;0;0;1;0;1;0;114651314;404;8;15.537100029178;2.28999996185303;0
optimal;2.32999992370605;1;35mb;8;SHUFFLE;false;0;0;1;0;1;0;114651314;414;8;17.7396999788471;2.28999996185303;0
optimal;2.32999992370605;1;35mb;8;SHUFFLE;false;0;0;1;0;1;0;114651314;466;8;55.538400018122;2.28999996185303;0
optimal;2.32999992370605;1;35mb;8;SHUFFLE;false;0;0;1;0;1;0;114651314;487;8;15.3148000244983;2.28999996185303;0
optimal;97.6099996566772;1;158mb;8;SHUFFLE;true;5;0;2;0;2;0;640680062;49330000;28;223.72919996269;80.7199993133545;0
optimal;27.4799995422363;1;67mb;8;SHUFFLE;true;5;4;2;2;2;0;114655458;720290;52;213.585600024089;27.4799995422363;0
optimal;63.5799999237061;1;114mb;8;SHUFFLE;true;5;0;2;0;2;0;171777842;720290;28;112.802800023928;54.3399991989136;0
optimal;57.3199996948242;1;106mb;8;SHUFFLE;true;5;0;2;2;2;0;116044240;723250;28;210.31180000864;57.7399997711182;0
optimal;22.0699996948242;1;60mb;8;SHUFFLE;true;0;0;1;2;1;0;114651350;720290;12;127.053900039755;21.5499992370605;0
optimal;22.0699996948242;1;60mb;8;SHUFFLE;true;0;0;1;2;1;0;114651350;720290;12;136.987900012173;21.5499992370605;0
optimal;4.53999996185303;1;37mb;8;SHUFFLE;false;0;0;1;0;1;0;114651306;201;4;16.620000009425;4.50999927520752;0
optimal;4.55999946594238;1;37mb;8;SHUFFLE;false;0;0;1;0;1;0;114651306;358;4;15.6293000327423;4.50999927520752;0
optimal;4.54999923706055;1;37mb;8;SHUFFLE;false;0;0;1;0;1;0;114651306;380;4;20.6483000074513;4.50999927520752;0
optimal;38.8699998855591;1;82mb;8;SHUFFLE;true;5;0;2;0;2;0;171777826;720290;24;110.401399957482;30.5799999237061;0
network_congestion;323.879999160767;2;453mb;8;SHUFFLE;false;5;4;2;2;2;0;171777886;4750000;28;1719.69570004148;320.359999656677;0
network_congestion;176.279999732971;2;261mb;8;SHUFFLE;false;5;0;2;2;2;0;171777898;1820000;28;562.853100011125;203.639999389648;0
network_congestion;1576.95999908447;4;2082mb;8;SHUFFLE;false;5;0;2;2;2;0;171777866;37150000;24;11044.4814999937;1576.95999908447;0
optimal;8.6299991607666;1;43mb;8;SHUFFLE;true;5;4;2;0;2;0;114667122;720290;28;33.5862999781966;8.57999992370605;0
optimal;52.5899991989136;1;100mb;8;SHUFFLE;true;5;4;2;2;2;0;114667142;720290;24;263.06199998362;52.7599992752075;0
optimal;22.0799999237061;1;60mb;8;SHUFFLE;true;0;0;1;2;1;0;114651350;720290;12;159.569700015709;21.5599994659424;0
optimal;22.0799999237061;1;60mb;8;SHUFFLE;true;0;0;1;2;1;0;114651350;720290;12;162.435599952005;21.5599994659424;0
optimal;37.9599990844727;1;81mb;8;SHUFFLE;false;0;0;1;2;1;0;231001344;1440000;12;212.245200003963;37.5599994659424;0
optimal;37.9599990844727;1;81mb;8;SHUFFLE;true;0;0;1;2;1;0;231001344;1440000;12;208.065500017256;37.5599994659424;0
optimal;4.54999923706055;1;37mb;8;SHUFFLE;false;0;0;1;0;1;0;114651306;313;4;15.4276000102982;4.50999927520752;0
optimal;4.54999923706055;1;37mb;8;SHUFFLE;false;0;0;1;0;1;0;114651306;357;4;15.8187999622896;4.50999927520752;0
optimal;4.56999969482422;1;37mb;8;SHUFFLE;false;0;0;1;0;1;0;114651306;424;4;22.4080999614671;4.50999927520752;0
optimal;4.55999946594238;1;37mb;8;SHUFFLE;false;0;0;1;0;1;0;114651306;465;4;16.6005000355653;4.50999927520752;0
optimal;76.5199995040894;1;131mb;8;SHUFFLE;true;5;4;2;0;2;0;640680042;49330000;28;214.831199962646;66.2399997711182;0
optimal;18.9099998474121;1;56mb;8;SHUFFLE;true;5;0;2;0;2;0;114655334;720290;48;18.9226000220515;6.66999912261963;0
optimal;11.6399993896484;1;47mb;8;SHUFFLE;true;5;4;2;2;2;0;114667366;720290;53;110.890899959486;10.3199996948242;0
optimal;6.63999938964844;1;40mb;8;SHUFFLE;true;5;4;2;0;2;0;114667214;720290;48;41.1359000136144;6.26999950408936;0
optimal;6.98999977111816;1;41mb;8;SHUFFLE;true;0;0;1;2;1;0;114651370;720290;16;66.9068999704905;6.17999935150146;0
optimal;6.98999977111816;1;41mb;8;SHUFFLE;true;0;0;1;2;1;0;114651370;720290;16;49.6601000195369;6.17999935150146;0
optimal;6.98999977111816;1;41mb;8;SHUFFLE;true;0;0;1;2;1;0;114651370;720290;16;56.5989000024274;6.17999935150146;0
optimal;6.98999977111816;1;41mb;8;SHUFFLE;true;0;0;1;2;1;0;114651370;720290;16;114.369600021746;6.17999935150146;0
optimal;9;1;43mb;8;SHUFFLE;true;0;0;1;2;1;0;231001364;1440000;16;112.427100015339;8.16999912261963;0
optimal;6.98999977111816;1;41mb;8;SHUFFLE;true;0;0;1;2;1;0;114651370;720290;16;61.8279000045732;6.17999935150146;0
optimal;6.98999977111816;1;41mb;8;SHUFFLE;true;0;0;1;2;1;0;114651370;720290;16;60.9187000081874;6.17999935150146;0
optimal;9.00999927520752;1;43mb;8;SHUFFLE;true;0;0;1;2;1;0;231001364;1440000;16;112.675399985164;8.16999912261963;0
optimal;2.23999977111816;1;34mb;8;SHUFFLE;false;0;0;1;0;1;0;114651314;204;8;15.3657000046223;2.1899995803833;0
optimal;2.22999954223633;1;34mb;8;SHUFFLE;false;0;0;1;0;1;0;114651314;300;8;15.7847999944352;2.1899995803833;0
optimal;6.56999969482422;1;40mb;8;SHUFFLE;true;5;4;2;0;2;0;114657297;720290;39;37.9321000073105;6.25;0
optimal;37.1799993515015;1;80mb;8;SHUFFLE;true;5;0;2;2;2;0;114667350;720300;49;234.030899999198;21.1499996185303;0
optimal;14.7099990844727;1;51mb;8;SHUFFLE;true;0;0;1;2;1;0;114651370;720290;16;118.966699985322;14.0299997329712;0
optimal;5.02999973297119;1;38mb;8;SHUFFLE;false;0;0;1;0;1;0;114651314;127;8;16.0632999613881;4.96999931335449;0
optimal;5.01999950408936;1;38mb;8;SHUFFLE;false;0;0;1;0;1;0;114651314;195;8;15.3448000201024;4.96999931335449;0
optimal;5.00999927520752;1;38mb;8;SHUFFLE;false;0;0;1;0;1;0;114651314;339;8;21.817300003022;4.96999931335449;0
optimal;10.1199998855591;1;45mb;8;SHUFFLE;true;5;0;2;0;2;0;114655310;720290;44;47.9537000064738;9.11999988555908;0
network_congestion;121.039999961853;2;189mb;8;SHUFFLE;false;5;0;2;2;2;0;171777870;3070000;20;715.751299983822;120.159999847412;0
optimal;66.2399997711182;1;118mb;8;SHUFFLE;true;5;0;2;0;2;0;171777862;720290;32;196.632699982729;51.5099992752075;0
optimal;18.7099990844727;1;56mb;8;SHUFFLE;true;0;0;1;2;1;0;114651370;720290;16;109.550299996044;18.0299997329712;0
optimal;26.4599990844727;1;66mb;8;SHUFFLE;true;0;0;1;2;1;0;231001364;1440000;16;212.210799974855;25.7799997329712;0
optimal;18.7099990844727;1;56mb;8;SHUFFLE;true;0;0;1;2;1;0;114651370;720290;16;108.787100005429;18.0299997329712;0
optimal;26.4599990844727;1;66mb;8;SHUFFLE;false;0;0;1;2;1;0;231001364;1440000;16;216.662400052883;25.789999961853;0
optimal;18.7099990844727;1;56mb;8;SHUFFLE;true;0;0;1;2;1;0;114651370;720290;16;108.11690002447;18.0299997329712;0
optimal;18.6999998092651;1;56mb;8;SHUFFLE;true;0;0;1;2;1;0;114651370;720290;16;115.390299994033;18.0299997329712;0
optimal;5.03999996185303;1;38mb;8;SHUFFLE;false;0;0;1;0;1;0;114651314;108;8;18.9169000368565;4.96999931335449;0
optimal;5.00999927520752;1;38mb;8;SHUFFLE;false;0;0;1;0;1;0;114651314;168;8;15.9828999894671;4.96999931335449;0
optimal;5.23999977111816;1;38mb;8;SHUFFLE;false;0;0;1;0;1;0;114651314;210;8;17.2296999953687;4.96999931335449;0
optimal;5.16999912261963;1;38mb;8;SHUFFLE;false;0;0;1;0;1;0;114651314;404;8;20.2840000274591;4.96999931335449;0
optimal;5.02999973297119;1;38mb;8;SHUFFLE;false;0;0;1;0;1;0;114651314;434;8;16.3484999793582;4.96999931335449;0
optimal;5.11999988555908;1;38mb;8;SHUFFLE;false;0;0;1;0;1;0;114651314;448;8;19.0899999579415;4.96999931335449;0
optimal;5.01999950408936;1;38mb;8;SHUFFLE;false;0;0;1;0;1;0;231001308;466;8;21.760199975688;4.96999931335449;0
optimal;62.0599994659424;1;112mb;8;SHUFFLE;true;5;0;2;0;2;0;171777862;720290;32;111.502500018105;47.3299999237061;0
optimal;71.8599996566772;1;125mb;8;SHUFFLE;true;5;0;2;2;2;0;114667214;720300;32;162.027499987744;65.1099996566772;0
optimal;82.4599990844727;1;139mb;8;SHUFFLE;false;0;0;1;2;1;0;231001364;1440000;16;312.023399979807;81.6199998855591;0
optimal;58.5199995040894;1;108mb;8;SHUFFLE;true;0;0;1;2;1;0;114651370;720290;16;158.63849996822;57.5599994659424;0
optimal;58.6599998474121;1;108mb;8;SHUFFLE;true;0;0;1;2;1;0;114651370;720290;16;158.086200011894;58.1599998474121;0
optimal;58.1899995803833;1;107mb;8;SHUFFLE;true;0;0;1;2;1;0;114651370;720290;16;159.28870002972;57.6099996566772;0
optimal;58.5899991989136;1;108mb;8;SHUFFLE;true;0;0;1;2;1;0;114651370;720290;16;160.096699954011;58.2299995422363;0
optimal;58.6299991607666;1;108mb;8;SHUFFLE;true;0;0;1;2;1;0;114651370;720290;16;158.536800008733;58.0899991989136;0
optimal;58.5599994659424;1;108mb;8;SHUFFLE;true;0;0;1;2;1;0;114651370;720290;16;160.426100017503;58.2099990844727;0
optimal;58.3799991607666;1;107mb;8;SHUFFLE;true;0;0;1;2;1;0;114651370;720290;16;157.798899977934;58.0199995040894;0
optimal;58.5899991989136;1;108mb;8;SHUFFLE;true;0;0;1;2;1;0;114651370;720290;16;157.67980000237;58.1799993515015;0
optimal;58.5199995040894;1;108mb;8;SHUFFLE;true;0;0;1;2;1;0;114651370;720290;16;160.376800049562;57.6499996185303;0
optimal;5.01999950408936;1;38mb;8;SHUFFLE;false;0;0;1;0;1;0;114651314;160;8;17.489799996838;4.96999931335449;0
optimal;95.8499994277954;2;156mb;8;SHUFFLE;true;10;4;3;0;3;0;1296312875;102100000;59;424.483399954624;95;0
optimal;14.1599998474121;1;50mb;8;SHUFFLE;true;5;0;2;0;2;0;114655310;720290;44;26.6758999787271;13.1199998855591;0
optimal;60.0599994659424;1;110mb;8;SHUFFLE;true;5;0;2;0;2;0;1181724306;7200000;28;228.986100002658;54.3699998855591;0
optimal;26.3199996948242;1;66mb;8;SHUFFLE;true;0;0;1;2;1;0;114651370;720290;16;160.345099982806;25.6399993896484;0
optimal;26.3199996948242;1;66mb;8;SHUFFLE;true;0;0;1;2;1;0;114651370;720290;16;160.866499994881;25.6399993896484;0
optimal;26.3199996948242;1;66mb;8;SHUFFLE;true;0;0;1;2;1;0;114651370;720290;16;195.158999995328;25.6399993896484;0
optimal;5.01999950408936;1;38mb;8;SHUFFLE;false;0;0;1;0;1;0;114651314;109;8;15.5050000175834;4.96999931335449;0
optimal;5.01999950408936;1;38mb;8;SHUFFLE;false;0;0;1;0;1;0;231001308;114;8;19.9441000004299;4.96999931335449;0
optimal;5.01999950408936;1;38mb;8;SHUFFLE;false;0;0;1;0;1;0;231001308;281;8;17.3237000126392;4.96999931335449;0
optimal;5.40999984741211;1;39mb;8;SHUFFLE;false;0;0;1;0;1;0;231001308;425;8;16.8402999988757;4.96999931335449;0
optimal;10.1099996566772;1;45mb;8;SHUFFLE;true;5;0;2;0;2;0;114655335;720290;49;27.3332000360824;9.19999980926514;0
optimal;6.98999977111816;1;41mb;8;SHUFFLE;true;0;0;1;2;1;0;114651370;720290;16;111.090199963655;6.28999996185303;0
optimal;6.98999977111816;1;41mb;8;SHUFFLE;true;0;0;1;2;1;0;114651370;720290;16;59.2042999924161;6.28999996185303;0
optimal;6.98999977111816;1;41mb;8;SHUFFLE;true;0;0;1;2;1;0;114651370;720290;16;59.682100021746;6.28999996185303;0
optimal;2.41999912261963;1;35mb;8;SHUFFLE;false;0;0;1;0;1;0;114651314;152;8;15.8166000037454;2.28999996185303;0
optimal;2.34999942779541;1;35mb;8;SHUFFLE;false;0;0;1;0;1;0;114651314;214;8;35.7568999752402;2.28999996185303;0
optimal;2.34999942779541;1;35mb;8;SHUFFLE;false;0;0;1;0;1;0;114651314;223;8;16.3655999931507;2.28999996185303;0
optimal;2.32999992370605;1;35mb;8;SHUFFLE;false;0;0;1;0;1;0;114651314;285;8;16.1791000282392;2.28999996185303;0
optimal;2.32999992370605;1;35mb;8;SHUFFLE;false;0;0;1;0;1;0;114651314;330;8;15.1605999562889;2.28999996185303;0
optimal;4.32999992370605;1;37mb;8;SHUFFLE;false;0;0;1;0;1;0;231001308;334;8;18.7475999700837;4.29999923706055;0
optimal;2.32999992370605;1;35mb;8;SHUFFLE;false;0;0;1;0;1;0;114651314;390;8;14.7653000312857;2.28999996185303;0
optimal;2.32999992370605;1;35mb;8;SHUFFLE;false;0;0;1;0;1;0;114651314;417;8;18.047799996566;2.28999996185303;0
network_congestion;526.119999885559;4;715mb;8;SHUFFLE;false;5;4;2;2;2;0;640680102;651660000;28;152316.842100001;529.289999961853;0
optimal;42.4899997711182;1;87mb;8;SHUFFLE;true;5;0;2;2;2;0;114655474;720310;52;160.623500007205;26.5999994277954;0
network_congestion;145.359999656677;2;220mb;8;SHUFFLE;false;5;4;2;2;2;0;171777878;1820000;28;565.347099967767;147.299999237061;0
optimal;61.5599994659424;1;112mb;8;SHUFFLE;true;5;0;2;0;2;0;171777862;720290;32;117.985799966846;46.8299999237061;0
optimal;5.98999977111816;1;39mb;8;SHUFFLE;true;0;0;1;2;1;0;114651370;720290;16;56.4818999846466;5.14999961853027;0
optimal;5.98999977111816;1;39mb;8;SHUFFLE;true;0;0;1;2;1;0;114651370;720290;16;58.6797999567352;5.14999961853027;0
optimal;7;1;41mb;8;SHUFFLE;true;0;0;1;2;1;0;231001364;1440000;16;111.781399988104;6.14999961853027;0
optimal;1.1899995803833;1;33mb;8;SHUFFLE;false;0;0;1;0;1;0;114651314;343;8;16.3754000095651;1.14999961853027;0
network_congestion;218.41999912262;2;315mb;8;SHUFFLE;false;5;0;2;2;2;0;171777926;3070000;32;1017.54819997586;218.439999580383;0
network_congestion;211.329999923706;2;306mb;8;SHUFFLE;false;5;0;2;2;2;0;171777894;4750000;28;1622.07789998502;211.339999198914;0
optimal;13.3999996185303;1;49mb;8;SHUFFLE;true;5;0;2;0;2;0;114667134;720290;28;19.9800999835134;6.60999965667725;0
optimal;14.0799999237061;1;50mb;8;SHUFFLE;true;0;0;1;2;1;0;114651350;720290;12;106.441300013103;13.5599994659424;0
optimal;14.0699996948242;1;50mb;8;SHUFFLE;true;0;0;1;2;1;0;114651350;720290;12;106.910700036678;13.5599994659424;0
optimal;4.55999946594238;1;37mb;8;SHUFFLE;false;0;0;1;0;1;0;114651306;220;4;24.5204999810085;4.50999927520752;0
optimal;4.54999923706055;1;37mb;8;SHUFFLE;false;0;0;1;0;1;0;114651306;284;4;16.3434999994934;4.50999927520752;0
optimal;111.529999732971;1;176mb;8;SHUFFLE;true;10;0;3;0;3;0;1276773749;7200000;47;264.7667999845;88.3799991607666;0
network_congestion;1300.47999954224;4;1722mb;8;SHUFFLE;false;5;0;2;2;2;0;1181724354;811410000;28;123188.232899993;1300.47999954224;0
optimal;8.00999927520752;1;42mb;8;SHUFFLE;true;0;0;1;2;1;0;114651350;720290;12;112.005099945236;7.48999977111816;0
optimal;8.00999927520752;1;42mb;8;SHUFFLE;true;0;0;1;2;1;0;114651350;720290;12;108.638999983668;7.48999977111816;0
optimal;8.00999927520752;1;42mb;8;SHUFFLE;true;0;0;1;2;1;0;114651350;720290;12;107.725200010464;7.48999977111816;0
optimal;8.01999950408936;1;42mb;8;SHUFFLE;true;0;0;1;2;1;0;114651350;720290;12;110.48660002416;7.48999977111816;0
optimal;2.39999961853027;1;35mb;8;SHUFFLE;false;0;0;1;0;1;0;114651306;140;4;26.507800037507;2.35999965667725;0
optimal;2.40999984741211;1;35mb;8;SHUFFLE;false;0;0;1;0;1;0;114651306;253;4;19.2745000240393;2.35999965667725;0
optimal;2.39999961853027;1;35mb;8;SHUFFLE;false;0;0;1;0;1;0;114651306;300;4;18.4777000104077;2.35999965667725;0
optimal;2.39999961853027;1;35mb;8;SHUFFLE;false;0;0;1;0;1;0;114651306;337;4;15.4252999927849;2.35999965667725;0
optimal;2.3799991607666;1;35mb;8;SHUFFLE;false;0;0;1;0;1;0;114651302;98;4;15.0668999995105;2.33999919891357;0
optimal;101.279999732971;1;163mb;8;SHUFFLE;true;5;0;2;0;2;0;640680058;49330000;28;210.66250000149;90.0799999237061;0
optimal;45.6399993896484;1;91mb;8;SHUFFLE;true;5;0;2;2;2;0;114655382;720290;40;219.168599986006;44.8299999237061;0
optimal;49.3099994659424;1;96mb;8;SHUFFLE;true;5;0;2;0;2;0;171777846;720290;28;110.685000021476;35.4299993515015;0
optimal;14.0799999237061;1;50mb;8;SHUFFLE;true;0;0;1;2;1;0;114651350;720290;12;107.919899979606;13.5599994659424;0
optimal;14.0799999237061;1;50mb;8;SHUFFLE;true;0;0;1;2;1;0;114651350;720290;12;112.965599982999;13.5599994659424;0
optimal;21.9599990844727;1;60mb;8;SHUFFLE;true;0;0;1;2;1;0;231001344;1440000;12;164.152899989858;21.5599994659424;0
optimal;21.9599990844727;1;60mb;8;SHUFFLE;true;0;0;1;2;1;0;231001344;1440000;12;161.854800011497;21.5599994659424;0
optimal;4.65999984741211;1;38mb;8;SHUFFLE;false;0;0;1;0;1;0;231001300;102;4;19.9887999915518;4.51999950408936;0
optimal;4.63999938964844;1;38mb;8;SHUFFLE;false;0;0;1;0;1;0;114651306;272;4;16.2725999834947;4.50999927520752;0
optimal;4.55999946594238;1;37mb;8;SHUFFLE;false;0;0;1;0;1;0;231001300;290;4;23.2973999809474;4.51999950408936;0
optimal;4.54999923706055;1;37mb;8;SHUFFLE;false;0;0;1;0;1;0;114651306;317;4;22.3785999696702;4.50999927520752;0
optimal;4.58999919891357;1;37mb;8;SHUFFLE;false;0;0;1;0;1;0;114651306;409;4;15.5416000052355;4.50999927520752;0
optimal;5.48999977111816;1;39mb;8;SHUFFLE;true;0;0;1;2;1;0;114651370;720290;16;60.3254999732599;4.61999988555908;0
optimal;5.48999977111816;1;39mb;8;SHUFFLE;true;0;0;1;2;1;0;114651370;720290;16;60.3061000001617;4.61999988555908;0
optimal;0.785527229309082;1;33mb;8;SHUFFLE;false;0;0;1;0;1;0;114651314;206;8;15.4918999760412;0.620488166809082;0
optimal;0.678105354309082;1;37mb;8;SHUFFLE;false;0;0;1;0;1;0;114651314;228;8;17.2168999561109;0.620488166809082;0
optimal;0.652714729309082;1;37mb;8;SHUFFLE;false;0;0;1;0;1;0;114651314;317;8;15.3204000089318;0.620488166809082;0
optimal;0.652714729309082;1;37mb;8;SHUFFLE;false;0;0;1;0;1;0;114651314;345;8;20.948999968823;0.620488166809082;0
optimal;1.21999931335449;1;33mb;8;SHUFFLE;false;0;0;1;0;1;0;231001308;391;8;16.9364000321366;1.1299991607666;0
optimal;0.661503791809082;1;37mb;8;SHUFFLE;false;0;0;1;0;1;0;114651314;482;8;15.5234000412747;0.620488166809082;0
optimal;1.14999961853027;1;33mb;8;SHUFFLE;false;0;0;1;0;1;0;231001300;89;8;24.3312000529841;1.10999965667725;0
network_congestion;211.619999885559;4;307mb;8;SHUFFLE;false;5;0;2;2;2;0;171777926;37150000;32;4281.747800007;210.639999389648;0
optimal;41.8899993896484;1;86mb;8;SHUFFLE;true;5;0;2;0;2;0;171777842;720290;28;111.305699974764;34.6699991226196;0
network_congestion;557.41999912262;4;756mb;8;SHUFFLE;false;5;4;2;2;2;0;633256184;47550000;28;14083.2699000021;559.599999427795;0
optimal;14.0699996948242;1;50mb;8;SHUFFLE;true;0;0;1;2;1;0;114651350;720290;12;110.289999982342;13.5499992370605;0
optimal;14.0799999237061;1;50mb;8;SHUFFLE;true;0;0;1;2;1;0;114651350;720290;12;106.962700025178;13.5499992370605;0
optimal;14.0799999237061;1;50mb;8;SHUFFLE;true;0;0;1;2;1;0;114651350;720290;12;111.524099949747;13.5499992370605;0
optimal;4.54999923706055;1;37mb;8;SHUFFLE;false;0;0;1;0;1;0;114651306;405;4;14.9890999891795;4.50999927520752;0
optimal;4.54999923706055;1;37mb;8;SHUFFLE;false;0;0;1;0;1;0;114651306;425;4;19.4031999562867;4.50999927520752;0
optimal;4.55999946594238;1;37mb;8;SHUFFLE;false;0;0;1;0;1;0;231001300;479;4;19.2568000056781;4.51999950408936;0
optimal;4.51999950408936;1;37mb;8;SHUFFLE;false;0;0;1;0;1;0;114651302;92;4;15.6514000263996;4.48999977111816;0
optimal;95.1499996185303;1;155mb;8;SHUFFLE;true;5;0;2;2;2;0;114655446;720310;48;264.087499992456;86.1599998474121;0
network_congestion;141.819999694824;2;216mb;8;SHUFFLE;false;5;4;2;2;2;0;171777886;1820000;28;570.413300010841;142.369999885559;0
network_congestion;1843.19999980927;4;2428mb;8;SHUFFLE;false;5;4;2;2;2;0;171777886;37150000;28;12557.9049999942;1843.19999980927;0
optimal;6;1;39mb;8;SHUFFLE;true;0;0;1;2;1;0;231001364;1440000;16;110.482099989895;5.10999965667725;0
optimal;5.48999977111816;1;39mb;8;SHUFFLE;true;0;0;1;2;1;0;114651370;720290;16;109.038199996576;4.58999919891357;0
optimal;5.48999977111816;1;39mb;8;SHUFFLE;true;0;0;1;2;1;0;114651370;720290;16;46.4054000331089;4.58999919891357;0
optimal;1.26999950408936;1;33mb;8;SHUFFLE;false;0;0;1;0;1;0;114651314;427;8;16.8928999919444;0.591552734375;0
optimal;1.1299991607666;1;33mb;8;SHUFFLE;false;0;0;1;0;1;0;231001300;62;8;16.0137999919243;1.08999919891357;0
optimal;0.618680953979492;1;37mb;8;SHUFFLE;false;0;0;1;0;1;0;114651306;88;8;16.8042000150308;0.577665328979492;0
optimal;114.129999160767;1;180mb;8;SHUFFLE;true;5;4;2;2;2;0;171777878;1140000;28;464.211299957242;115.14999961853;0
optimal;47.9799995422363;1;94mb;8;SHUFFLE;true;5;0;2;0;2;0;171777862;720290;32;110.795099986717;36.0999994277954;0
optimal;11.5;1;46mb;8;SHUFFLE;true;5;4;2;0;2;0;1067088776;7200000;44;35.9637000365183;10.25;0
optimal;16.6799993515015;1;53mb;8;SHUFFLE;true;0;0;1;2;1;0;1067072952;7200000;16;277.404099993873;16.8199996948242;0
optimal;17.0099992752075;1;54mb;8;SHUFFLE;true;0;0;1;2;1;0;1067072952;7200000;16;312.434499966912;16.8099994659424;0
network_congestion;24.4599990844727;1;63mb;8;BROADCAST;true;0;0;1;2;1;0;72;14400000;16;567.230000044219;23.6699991226196;0
optimal;16.2199993133545;1;53mb;8;SHUFFLE;true;0;0;1;2;1;0;1067072952;7200000;16;263.853799959179;17.1999998092651;0
optimal;16.8699998855591;1;53mb;8;SHUFFLE;true;0;0;1;2;1;0;1067072952;7200000;16;260.400400031358;16.8199996948242;0
optimal;13.1899995803833;1;49mb;8;SHUFFLE;false;0;0;1;0;1;0;16;396;8;29.683800006751;4.41999912261963;0
optimal;4.85999965667725;1;38mb;8;SHUFFLE;false;0;0;1;0;1;0;1067072896;427;8;15.2737999451347;4.22999954223633;0
network_congestion;300.109999656677;2;422mb;8;SHUFFLE;false;5;4;2;0;2;0;1585677726;7200000;32;774.282799975481;284.279999732971;0
network_congestion;167.799999237061;1;250mb;8;BROADCAST;true;5;0;2;0;2;0;1585677722;7200000;28;512.061199988239;158.589999198914;0
network_congestion;76.1799993515015;1;131mb;8;SHUFFLE;false;0;0;1;2;1;0;72;14400000;16;514.224399987143;75.5499992370605;0
optimal;38.9799995422363;1;82mb;8;SHUFFLE;true;0;0;1;2;1;0;1067072952;7200000;16;320.848300005309;38.8199996948242;0
optimal;4.30999946594238;1;37mb;8;SHUFFLE;false;0;0;1;0;1;0;1067072896;172;8;15.760800044518;4.23999977111816;0
optimal;12.5899991989136;1;48mb;8;SHUFFLE;true;5;4;2;0;2;0;1067076901;7200000;49;19.6373999933712;12.3299999237061;0
optimal;21.5899991989136;1;60mb;8;SHUFFLE;true;5;0;2;0;2;0;1067078820;7200000;24;28.8934999844059;10.4099998474121;0
network_congestion;292.319999694824;2;412mb;8;SHUFFLE;false;5;4;2;0;2;0;1585677706;7200000;28;978.35039999336;284.449999809265;0
optimal;26.7299995422363;1;66mb;8;SHUFFLE;true;0;0;1;2;1;0;1067072952;7200000;16;315.31570001971;27.3999996185303;0
optimal;26.9299993515015;1;67mb;8;SHUFFLE;true;0;0;1;2;1;0;1067072952;7200000;16;311.148899956606;27.0699996948242;0
optimal;27.25;1;67mb;8;SHUFFLE;true;0;0;1;2;1;0;1067072952;7200000;16;314.549700007774;27.289999961853;0
optimal;4.39999961853027;1;37mb;8;SHUFFLE;false;0;0;1;0;1;0;1067072896;101;8;17.3658999847248;4.22999954223633;0
optimal;4.57999992370605;1;37mb;8;SHUFFLE;false;0;0;1;0;1;0;1067072896;306;8;16.643600014504;4.22999954223633;0
network_congestion;193.949999809265;2;355mb;8;BROADCAST;false;5;0;2;2;2;0;6524;14400000;24;1128.5787000088;249.389999389648;0
optimal;9.3799991607666;1;44mb;8;SHUFFLE;true;0;0;1;2;1;0;1067072952;7200000;16;264.181900012773;8.23999977111816;0
optimal;9;1;43mb;8;SHUFFLE;true;0;0;1;2;1;0;1067072952;7200000;16;260.31400001375;8.23999977111816;0
optimal;9.36999988555908;1;44mb;8;SHUFFLE;true;0;0;1;2;1;0;1067072952;7200000;16;297.269100032281;8.6899995803833;0
optimal;4.39999961853027;1;37mb;8;SHUFFLE;false;0;0;1;0;1;0;1067072896;232;8;19.1583000123501;4.21999931335449;0
optimal;4.82999992370605;1;38mb;8;SHUFFLE;false;0;0;1;0;1;0;1067072896;366;8;15.8667999785393;4.21999931335449;0
network_congestion;366.519999504089;2;508mb;8;SHUFFLE;false;5;4;2;2;2;0;1585677790;41610000;32;1423.84400003357;354.569999694824;0
optimal;7;1;41mb;8;SHUFFLE;true;0;0;1;2;1;0;1067072952;7200000;16;209.889999998268;6.27999973297119;0
optimal;7;1;41mb;8;SHUFFLE;true;0;0;1;2;1;0;1067072952;7200000;16;226.551499974448;6.27999973297119;0
optimal;7;1;41mb;8;SHUFFLE;true;0;0;1;2;1;0;1067072952;7200000;16;213.240600016434;6.27999973297119;0
optimal;7.01999950408936;1;41mb;8;SHUFFLE;true;0;0;1;2;1;0;1067072952;7200000;16;216.313800017815;6.27999973297119;0
optimal;13.1899995803833;1;49mb;8;SHUFFLE;false;0;0;1;0;1;0;16;139;8;18.8069000141695;4.41999912261963;0
optimal;2.21999931335449;1;34mb;8;SHUFFLE;false;0;0;1;0;1;0;1067072896;283;8;21.1275999899954;2.21999931335449;0
optimal;2.76999950408936;1;35mb;8;SHUFFLE;false;0;0;1;0;1;0;1067072896;370;8;16.0790999652818;2.21999931335449;0
optimal;13.1899995803833;1;49mb;8;SHUFFLE;false;0;0;1;0;1;0;16;465;8;33.8572000036947;4.41999912261963;0
network_congestion;13.5799999237061;1;49mb;8;BROADCAST;true;5;4;2;2;2;0;1067076968;7200000;43;514.875799999572;12.4099998474121;0
network_congestion;21.1999998092651;2;59mb;8;SHUFFLE;false;5;0;2;2;2;0;6692;14400000;49;666.139299981296;40.9299993515015;0
network_congestion;175.009999275208;2;259mb;8;SHUFFLE;false;5;0;2;2;2;0;1585677806;98750000;32;1422.93739999877;164.709999084473;0
optimal;9;1;43mb;8;SHUFFLE;true;0;0;1;2;1;0;1067072952;7200000;16;267.732300038915;8.56999969482422;0
optimal;17.1899995803833;1;54mb;8;BROADCAST;true;0;0;1;2;1;0;72;14400000;16;459.856799978297;8.96999931335449;0
optimal;17.1899995803833;1;54mb;8;SHUFFLE;true;0;0;1;2;1;0;72;14400000;16;464.476900000591;8.96999931335449;0
optimal;9;1;43mb;8;SHUFFLE;true;0;0;1;2;1;0;1067072952;7200000;16;210.082600009628;8.71999931335449;0
optimal;9.41999912261963;1;44mb;8;SHUFFLE;true;0;0;1;2;1;0;1067072952;7200000;16;261.680399999022;8.72999954223633;0
optimal;17.1899995803833;1;54mb;8;SHUFFLE;true;0;0;1;2;1;0;72;14400000;16;461.743999971077;8.95999908447266;0
optimal;4.22999954223633;1;37mb;8;SHUFFLE;false;0;0;1;0;1;0;1067072896;461;8;109.048900019843;4.21999931335449;0
optimal;8.00999927520752;1;42mb;8;SHUFFLE;false;0;0;1;0;1;0;1067072888;75;8;16.0191000322811;4.19999980926514;0
network_congestion;33.1999998092651;4;89mb;8;BROADCAST;false;5;0;2;2;2;0;4080;14400000;40;764.31820000289;63.0199995040894;0
optimal;29.5999994277954;1;70mb;8;SHUFFLE;true;5;0;2;0;2;0;6577;14400000;49;31.5694999881089;13.0499992370605;0
network_congestion;177.719999313354;2;263mb;8;SHUFFLE;false;5;0;2;0;2;0;1585677742;7200000;32;562.849199981429;164.579999923706;0
network_congestion;169.049999237061;2;251mb;8;SHUFFLE;false;5;0;2;0;2;0;1585677722;7200000;28;567.397099977825;156.609999656677;0
network_congestion;301.25;2;423mb;8;SHUFFLE;false;5;4;2;0;2;0;1585677726;7200000;32;948.427200026345;288.539999961853;0
network_congestion;177.459999084473;2;262mb;8;SHUFFLE;false;5;0;2;0;2;0;1585677742;7200000;32;563.064699992537;174.089999198914;0
optimal;27.2299995422363;1;67mb;8;SHUFFLE;true;0;0;1;2;1;0;1067072932;7200000;12;314.251699950546;27.4799995422363;0
optimal;26.7299995422363;1;66mb;8;SHUFFLE;true;0;0;1;2;1;0;1067072932;7200000;12;309.432699985337;27.7199993133545;0
optimal;26.1899995803833;1;66mb;8;SHUFFLE;true;0;0;1;2;1;0;1067072932;7200000;12;315.744500025176;28.75;0
optimal;26.7299995422363;1;66mb;8;SHUFFLE;true;0;0;1;2;1;0;1067072932;7200000;12;363.322200020775;26.9499998092651;0
optimal;13.1999998092651;1;49mb;8;SHUFFLE;false;0;0;1;0;1;0;8;151;4;31.919699977152;4.42999935150146;0
optimal;4.88999938964844;1;38mb;8;SHUFFLE;false;0;0;1;0;1;0;1067072888;201;4;16.0123000387102;4.35999965667725;0
optimal;13.1999998092651;1;49mb;8;SHUFFLE;false;0;0;1;0;1;0;8;328;4;35.0757999694906;4.42999935150146;0
optimal;4.41999912261963;1;37mb;8;SHUFFLE;false;0;0;1;0;1;0;1067072888;434;4;20.4655000125058;4.35999965667725;0
optimal;4.8799991607666;1;38mb;8;SHUFFLE;false;0;0;1;0;1;0;1067072888;489;4;15.3540999745019;4.3799991607666;0
network_congestion;1054.71999931335;4;1403mb;8;SHUFFLE;false;5;4;2;0;2;0;1420443076;133110000;20;1840.77980002621;1044.47999954224;0
optimal;28.1899995803833;1;68mb;8;SHUFFLE;true;5;4;2;0;2;0;4009;14400000;45;29.2187000159174;12.4599990844727;0
optimal;14.0599994659424;1;50mb;8;SHUFFLE;true;5;0;2;0;2;0;1067076876;7200000;40;31.2481999862939;13.0499992370605;0
network_congestion;1064.95999908447;4;1416mb;8;SHUFFLE;false;5;4;2;0;2;0;108;28800000;28;1423.58760000207;1075.19999980927;0
network_congestion;130.209999084473;2;201mb;8;SHUFFLE;false;5;0;2;2;2;0;6528;14400000;28;782.764900010079;160.109999656677;0
network_congestion;254.439999580383;2;362mb;8;SHUFFLE;false;5;0;2;2;2;0;1585677746;41610000;24;1225.25219997624;251.829999923706;0
optimal;35.6699991226196;1;78mb;8;BROADCAST;true;0;0;1;2;1;0;1067072932;7200000;12;459.031699982006;36.6799993515015;0
network_congestion;34.4099998474121;1;76mb;8;BROADCAST;true;0;0;1;2;1;0;1067072932;7200000;12;501.128200034145;36.6599998474121;0
spill;52.1699991226196;2;123mb;8;BROADCAST;false;0;0;1;2;1;0;52;14400000;12;513.156400003936;92.6699991226196;1048576
optimal;4.56999969482422;1;37mb;8;SHUFFLE;false;0;0;1;0;1;0;1067072888;193;4;18.0240000481717;4.52999973297119;0
optimal;4.55999946594238;1;37mb;8;SHUFFLE;false;0;0;1;0;1;0;1067072888;236;4;18.2859000051394;4.52999973297119;0
optimal;5.04999923706055;1;38mb;8;SHUFFLE;false;0;0;1;0;1;0;1067072888;398;4;15.0598000036553;4.52999973297119;0
network_congestion;156.039999961853;2;234mb;8;SHUFFLE;false;5;0;2;2;2;0;1067076932;7200000;36;918.247500027064;155.219999313354;0
network_congestion;99.5999994277954;2;201mb;8;BROADCAST;false;5;0;2;2;2;0;6664;14400000;45;877.997000003234;159.449999809265;0
optimal;28.1999998092651;1;68mb;8;SHUFFLE;true;5;4;2;0;2;0;1427038;14400000;28;32.5882000033744;12.6899995803833;0
optimal;64.6699991226196;1;116mb;8;SHUFFLE;false;0;0;1;2;1;0;1067072932;7200000;12;465.24569997564;62.6199998855591;0
optimal;63.1399993896484;1;114mb;8;SHUFFLE;false;0;0;1;2;1;0;1067072932;7200000;12;461.661899986211;65.1499996185303;0
optimal;64.0699996948242;1;115mb;8;SHUFFLE;false;0;0;1;2;1;0;1067072932;7200000;12;468.219100032002;62.9499998092651;0
optimal;12.6499996185303;1;48mb;8;SHUFFLE;true;5;4;2;0;2;0;1067076904;7200000;48;31.954699952621;12.6499996185303;0
optimal;25.0699996948242;1;64mb;8;SHUFFLE;true;5;0;2;0;2;0;1067078914;7200000;42;22.8867999976501;10.6699991226196;0
optimal;23.9199991226196;1;63mb;8;SHUFFLE;true;5;0;2;0;2;0;1067078844;7200000;28;37.0822999975644;10.7199993133545;0
optimal;4.55999946594238;1;37mb;8;SHUFFLE;false;0;0;1;0;1;0;1067072888;113;4;27.3389999638312;4.52999973297119;0
optimal;13.1999998092651;1;49mb;8;SHUFFLE;false;0;0;1;0;1;0;8;157;4;27.9202000238001;4.52999973297119;0
optimal;5.04999923706055;1;38mb;8;SHUFFLE;false;0;0;1;0;1;0;1067072888;203;4;29.5979999937117;4.53999996185303;0
optimal;4.6299991607666;1;38mb;8;SHUFFLE;false;0;0;1;0;1;0;1067072888;270;4;17.8311000345275;4.52999973297119;0
optimal;4.75;1;38mb;8;SHUFFLE;false;0;0;1;0;1;0;1067072888;359;4;16.7349000112154;4.52999973297119;0
optimal;4.59999942779541;1;37mb;8;SHUFFLE;false;0;0;1;0;1;0;1067072888;415;4;20.0876999879256;4.52999973297119;0
optimal;5.03999996185303;1;38mb;8;SHUFFLE;false;0;0;1;0;1;0;1067072888;483;4;42.1142000122927;4.52999973297119;0
optimal;31.3699998855591;1;72mb;8;SHUFFLE;true;5;0;2;0;2;0;19545584;14400000;28;49.476699961815;14.6299991607666;0
optimal;23.9699993133545;1;63mb;8;SHUFFLE;true;5;0;2;0;2;0;1067076871;7200000;39;31.9832999957725;10.7299995422363;0
optimal;29.1999998092651;1;69mb;8;SHUFFLE;true;5;0;2;0;2;0;3996;14400000;40;28.9642999996431;13.0499992370605;0
network_congestion;755.059999465942;4;1013mb;8;SHUFFLE;false;5;4;2;2;2;0;1585677734;41610000;24;3524.7287999955;754.869999885559;0
optimal;28.1699991226196;1;68mb;8;SHUFFLE;true;5;4;2;0;2;0;19975;14400000;39;34.5586000476032;12.5799999237061;0
optimal;27.4199991226196;1;67mb;8;SHUFFLE;true;0;0;1;2;1;0;1067072932;7200000;12;413.913600030355;28.1499996185303;0
optimal;27.6699991226196;1;67mb;8;SHUFFLE;true;0;0;1;2;1;0;1067072932;7200000;12;417.41599998204;28.3999996185303;0
optimal;8.00999927520752;1;42mb;8;SHUFFLE;false;0;0;1;0;1;0;1067072884;57;4;16.0445999936201;4.48999977111816;0
optimal;8.00999927520752;1;42mb;8;SHUFFLE;false;0;0;1;0;1;0;1067072884;66;4;20.1587999472395;4.48999977111816;0
network_congestion;105.989999771118;4;268mb;8;SHUFFLE;false;5;0;2;2;2;0;4052;14400000;36;1016.09789999202;194.599999427795;0
network_congestion;109.019999504089;2;173mb;8;SHUFFLE;false;5;0;2;2;2;0;1067078896;7200000;28;966.656500007957;108.199999809265;0
optimal;90.2399997711182;1;149mb;8;SHUFFLE;true;5;4;2;0;2;0;115406370;14400000;24;265.980099968147;74.539999961853;0
optimal;15.1699991226196;1;51mb;8;SHUFFLE;true;0;0;1;2;1;0;1067072932;7200000;12;329.12499998929;14.7099990844727;0
optimal;14.2799997329712;1;50mb;8;SHUFFLE;true;0;0;1;2;1;0;1067072932;7200000;12;314.647599996533;14.1599998474121;0
optimal;4.56999969482422;1;37mb;8;SHUFFLE;false;0;0;1;0;1;0;1067072888;104;4;20.5317999934778;4.51999950408936;0
optimal;4.96999931335449;1;38mb;8;SHUFFLE;false;0;0;1;0;1;0;1067072888;106;4;51.0326999938115;4.53999996185303;0
network_congestion;1976.31999969482;4;2601mb;8;SHUFFLE;false;5;0;2;0;2;0;1593101624;49330000;24;6765.88919997448;1966.07999992371;0
network_congestion;50.9499998092651;2;98mb;8;SHUFFLE;false;5;4;2;2;2;0;1067076920;7200000;36;614.625299989711;48.0299997329712;0
network_congestion;170.429999351501;2;253mb;8;SHUFFLE;false;5;0;2;0;2;0;1585677706;7200000;24;517.034500022419;159.269999504089;0
optimal;36.1799993515015;1;79mb;8;SHUFFLE;true;0;0;1;2;1;0;1067072932;7200000;12;462.111500033643;35.1599998474121;0
optimal;36.6599998474121;1;79mb;8;BROADCAST;true;0;0;1;2;1;0;1067072932;7200000;12;463.124899950344;37.6499996185303;0
optimal;35.6599998474121;1;78mb;8;SHUFFLE;true;0;0;1;2;1;0;1067072932;7200000;12;463.353400002234;38.1799993515015;0
optimal;12.6699991226196;1;48mb;8;SHUFFLE;true;5;4;2;0;2;0;1067078917;7200000;45;30.5866000126116;12.5799999237061;0
network_congestion;1095.6799993515;4;1456mb;8;SHUFFLE;false;5;0;2;2;2;0;1585677778;305490000;28;9552.93359997449;1136.63999938965;0
optimal;11.3099994659424;1;46mb;8;SHUFFLE;true;0;0;1;2;1;0;1067072952;7200000;16;264.517000003252;10.6099996566772;0
optimal;10.7399997711182;1;45mb;8;SHUFFLE;true;0;0;1;2;1;0;1067072952;7200000;16;320.98150003003;10.7599992752075;0
optimal;11.1599998474121;1;46mb;8;SHUFFLE;true;0;0;1;2;1;0;1067072952;7200000;16;311.852600018028;11.0999994277954;0
optimal;5.65999984741211;1;39mb;8;SHUFFLE;false;0;0;1;0;1;0;1067072896;315;8;16.8236999888904;4.97999954223633;0
optimal;5.14999961853027;1;38mb;8;SHUFFLE;false;0;0;1;0;1;0;1067072896;392;8;52.996999991592;4.97999954223633;0
optimal;5.28999996185303;1;38mb;8;SHUFFLE;false;0;0;1;0;1;0;1067072896;470;8;22.7616000338458;4.97999954223633;0
optimal;14.1799993515015;1;50mb;8;SHUFFLE;true;5;0;2;0;2;0;1067076917;7200000;49;32.0942999678664;13.2199993133545;0
optimal;28.1799993515015;1;68mb;8;SHUFFLE;true;5;4;2;0;2;0;3896;14400000;24;31.4983000280336;13.0799999237061;0
optimal;159.25;2;239mb;8;SHUFFLE;true;5;0;2;0;2;0;360815112;14400000;24;415.6921999529;156.659999847412;0
optimal;28.1799993515015;1;68mb;8;SHUFFLE;true;5;4;2;0;2;0;6456;14400000;28;35.8985000057146;13.0699996948242;0
optimal;37.6999998092651;1;81mb;8;SHUFFLE;true;5;0;2;0;2;0;1124199392;7200000;20;110.730700020213;32.5099992752075;0
network_congestion;2191.35999965668;4;2880mb;8;SHUFFLE;false;5;4;2;2;2;0;1585677758;305490000;28;18092.481300002;2201.5999994278;0
network_congestion;349.009999275208;4;485mb;8;SHUFFLE;false;5;0;2;2;2;0;1585677782;475290000;24;51095.4895999748;349.069999694824;0
optimal;10.1599998474121;1;45mb;8;SHUFFLE;true;0;0;1;2;1;0;1067072932;7200000;12;314.635900023859;9.64999961853027;0
network_congestion;292.789999961853;4;643mb;8;SHUFFLE;false;5;0;2;2;2;0;1427102;14400000;28;1325.31450001989;550.819999694824;0
network_congestion;48.2099990844727;1;94mb;8;BROADCAST;true;0;0;1;2;1;0;1067072932;7200000;12;513.265600020532;49.1499996185303;0
optimal;72.1999998092651;2;125mb;8;SHUFFLE;false;0;0;1;2;1;0;52;14400000;12;477.319600002375;89.3199996948242;0
network_congestion;47.1399993896484;1;93mb;8;BROADCAST;true;0;0;1;2;1;0;1067072932;7200000;12;515.732300002128;49.1499996185303;0
optimal;4.56999969482422;1;37mb;8;SHUFFLE;false;0;0;1;0;1;0;1067072888;303;4;19.5324000087567;4.51999950408936;0
optimal;4.92999935150146;1;38mb;8;SHUFFLE;false;0;0;1;0;1;0;1067072888;333;4;16.2531000096351;4.51999950408936;0
optimal;5.05999946594238;1;38mb;8;SHUFFLE;false;0;0;1;0;1;0;1067072888;429;4;15.1624999707565;4.51999950408936;0
network_congestion;67.1799993515015;2;185mb;8;SHUFFLE;false;0;0;1;2;1;0;52;14400000;12;561.58239999786;126.329999923706;0
network_congestion;74.1999998092651;2;160mb;8;BROADCAST;false;0;0;1;2;1;0;52;14400000;12;516.466200002469;127.359999656677;0
optimal;64.6699991226196;1;116mb;8;SHUFFLE;false;0;0;1;2;1;0;1067072932;7200000;12;460.201300040353;66.1799993515015;0
optimal;4.57999992370605;1;37mb;8;SHUFFLE;false;0;0;1;0;1;0;1067072888;131;4;17.1634000143968;4.51999950408936;0
optimal;4.60999965667725;1;37mb;8;SHUFFLE;false;0;0;1;0;1;0;1067072888;178;4;20.0659999973141;4.51999950408936;0
optimal;28.1799993515015;1;68mb;8;SHUFFLE;true;5;4;2;0;2;0;3884;14400000;20;48.0934000224806;12.6099996566772;0
optimal;28.1899995803833;1;68mb;8;SHUFFLE;true;5;4;2;0;2;0;19920;14400000;28;35.4266000213102;12.5799999237061;0
optimal;90.1699991226196;1;149mb;8;SHUFFLE;false;0;0;1;2;1;0;1067072932;7200000;12;462.165599979926;87.6099996566772;0
optimal;89.6599998474121;1;148mb;8;SHUFFLE;false;0;0;1;2;1;0;1067072932;7200000;12;460.963400022592;88.4599990844727;0
network_congestion;98.75;2;250mb;8;SHUFFLE;false;0;0;1;2;1;0;52;14400000;12;565.571899991482;163.299999237061;0
optimal;90.1999998092651;1;149mb;8;SHUFFLE;false;0;0;1;2;1;0;1067072932;7200000;12;459.231199987698;90.6799993515015;0
optimal;90.1899995803833;1;149mb;8;BROADCAST;false;0;0;1;2;1;0;1067072932;7200000;12;465.275500027929;89.6899995803833;0
network_congestion;1843.19999980927;4;2428mb;8;SHUFFLE;false;5;0;2;0;2;0;1593101604;49330000;20;5936.04679999407;1832.95999908447;0
network_congestion;226.039999961853;2;325mb;8;SHUFFLE;false;5;0;2;2;2;0;1067076956;7200000;39;1619.35260001337;240.489999771118;0
codegen_heavy;160.189999580383;2;240mb;8;SHUFFLE;false;5;0;2;0;2;0;360815128;14400000;28;472.262200026307;137.489999771118;0
network_congestion;190.009999275208;2;279mb;8;SHUFFLE;false;5;0;2;2;2;0;1067078952;7200000;35;1621.01329996949;224.809999465942;0
network_congestion;172.849999427795;1;256mb;8;BROADCAST;true;5;0;2;0;2;0;1585677706;7200000;24;520.132999983616;163.269999504089;0
spill;262.529999732971;4;373mb;8;SHUFFLE;false;5;0;2;2;2;0;19952;14400000;24;1127.26640002802;331.439999580383;8912896
network_congestion;71.1799993515015;2;193mb;8;SHUFFLE;false;0;0;1;2;1;0;52;14400000;12;565.45409996761;126.41999912262;0
network_congestion;64.6699991226196;1;116mb;8;BROADCAST;true;0;0;1;2;1;0;1067072932;7200000;12;563.041499990504;67.1799993515015;0
network_congestion;569.16999912262;2;771mb;8;SHUFFLE;false;5;0;2;0;2;0;124;28800000;28;768.627399986144;587.039999961853;0
optimal;55.8199996948242;1;104mb;8;SHUFFLE;true;5;4;2;0;2;0;1124199416;7200000;28;170.915799972136;44.5499992370605;0
network_congestion;295.939999580383;2;416mb;8;SHUFFLE;false;5;4;2;0;2;0;1585677694;7200000;24;864.635800011456;288.779999732971;0
network_congestion;2252.79999923706;4;2960mb;8;SHUFFLE;false;5;0;2;2;2;0;1585677778;181620000;28;24653.4851000179;2160.63999938965;0
optimal;169.779999732971;2;252mb;8;SHUFFLE;true;5;0;2;0;2;0;360815108;14400000;24;416.117899992969;153.39999961853;0
optimal;12.5899991989136;1;48mb;8;SHUFFLE;true;5;4;2;0;2;0;1067078812;7200000;24;37.5710999942385;12.5899991989136;0
network_congestion;91.0099992752075;2;150mb;8;SHUFFLE;false;5;0;2;2;2;0;1067078944;7200000;34;816.706400015391;90.1799993515015;0
optimal;33.6499996185303;1;75mb;8;SHUFFLE;true;5;0;2;0;2;0;6536;14400000;40;36.6319000022486;10.7099990844727;0
network_congestion;47.1499996185303;1;93mb;8;BROADCAST;true;0;0;1;2;1;0;1067072932;7200000;12;564.036800002214;48.1699991226196;0
network_congestion;48.6699991226196;1;95mb;8;BROADCAST;true;0;0;1;2;1;0;1067072932;7200000;12;585.16050002072;47.1399993896484;0
network_congestion;48.2399997711182;1;94mb;8;BROADCAST;true;0;0;1;2;1;0;1067072932;7200000;12;545.618299976923;50.2599992752075;0
optimal;13.1999998092651;1;49mb;8;SHUFFLE;false;0;0;1;0;1;0;8;201;4;28.9562999969348;4.51999950408936;0
optimal;5.03999996185303;1;38mb;8;SHUFFLE;false;0;0;1;0;1;0;1067072888;283;4;16.2119000451639;4.51999950408936;0
optimal;4.75999927520752;1;38mb;8;SHUFFLE;false;0;0;1;0;1;0;1067072888;313;4;18.4846000047401;4.52999973297119;0
optimal;5.05999946594238;1;38mb;8;SHUFFLE;false;0;0;1;0;1;0;1067072888;441;4;15.9754999913275;4.51999950408936;0
optimal;4.8799991607666;1;38mb;8;SHUFFLE;false;0;0;1;0;1;0;1067072896;212;8;17.1112000243738;4.23999977111816;0
optimal;13.1899995803833;1;49mb;8;SHUFFLE;false;0;0;1;0;1;0;16;359;8;38.5296999593265;4.41999912261963;0
optimal;9.01999950408936;1;43mb;8;SHUFFLE;true;0;0;1;2;1;0;1067072952;7200000;16;263.116699992679;8.33999919891357;0
optimal;9.07999992370605;1;43mb;8;SHUFFLE;true;0;0;1;2;1;0;1067072952;7200000;16;269.796299980953;8.38999938964844;0
optimal;9;1;43mb;8;SHUFFLE;true;0;0;1;2;1;0;1067072952;7200000;16;210.258800012525;8.3799991607666;0
optimal;13.1899995803833;1;49mb;8;SHUFFLE;false;0;0;1;0;1;0;16;129;8;17.1947000198998;4.41999912261963;0
optimal;4.23999977111816;1;37mb;8;SHUFFLE;false;0;0;1;0;1;0;1067072896;253;8;22.6428000023589;4.21999931335449;0
optimal;8.00999927520752;1;42mb;8;SHUFFLE;false;0;0;1;0;1;0;1067072888;71;8;18.2502000243403;4.19999980926514;0
network_congestion;1884.15999984741;4;2481mb;8;SHUFFLE;false;5;0;2;0;2;0;1593101620;49330000;24;5651.59390005283;1873.91999912262;0
network_congestion;33.1899995803833;4;89mb;8;BROADCAST;false;5;0;2;2;2;0;19980;14400000;28;941.347200016025;53.4499998092651;0
optimal;9.03999996185303;1;43mb;8;SHUFFLE;true;0;0;1;2;1;0;1067072952;7200000;16;261.165400035679;8.35999965667725;0
optimal;13.1899995803833;1;49mb;8;SHUFFLE;false;0;0;1;0;1;0;16;127;8;29.9500999972224;4.41999912261963;0
optimal;4.78999996185303;1;38mb;8;SHUFFLE;false;0;0;1;0;1;0;1067072896;259;8;15.6364000285976;4.21999931335449;0
optimal;13.1899995803833;1;49mb;8;SHUFFLE;false;0;0;1;0;1;0;16;356;8;30.188900011126;4.41999912261963;0
network_congestion;33.1899995803833;2;75mb;8;SHUFFLE;false;5;0;2;2;2;0;6556;14400000;32;953.92219995847;49.7099990844727;0
optimal;103.789999961853;1;166mb;8;SHUFFLE;true;5;0;2;0;2;0;231001380;14400000;20;213.349000026938;75.9299993515015;0
optimal;9.94999980926514;1;44mb;8;SHUFFLE;true;0;0;1;2;1;0;1067072932;7200000;12;269.003900000826;9.04999923706055;0
optimal;9.00999927520752;1;43mb;8;SHUFFLE;true;0;0;1;2;1;0;1067072932;7200000;12;266.167800000403;9.47999954223633;0
optimal;9.98999977111816;1;44mb;8;SHUFFLE;true;0;0;1;2;1;0;1067072932;7200000;12;263.267799979076;8.39999961853027;0
optimal;4.51999950408936;1;37mb;8;SHUFFLE;false;0;0;1;0;1;0;1067072888;229;4;19.9463000171818;4.34999942779541;0
optimal;4.8799991607666;1;38mb;8;SHUFFLE;false;0;0;1;0;1;0;1067072888;246;4;26.903800026048;4.34999942779541;0
optimal;4.40999984741211;1;37mb;8;SHUFFLE;false;0;0;1;0;1;0;1067072888;411;4;40.515000000596;4.34999942779541;0
optimal;8.00999927520752;1;42mb;8;SHUFFLE;false;0;0;1;0;1;0;1067072884;89;4;15.734699962195;4.31999969482422;0
optimal;4.25999927520752;1;37mb;8;SHUFFLE;false;0;0;1;0;1;0;1067072896;317;8;37.9250000114553;4.22999954223633;0
optimal;4.3799991607666;1;37mb;8;SHUFFLE;false;0;0;1;0;1;0;1067072896;347;8;18.0198999587446;4.22999954223633;0
optimal;4.86999988555908;1;38mb;8;SHUFFLE;false;0;0;1;0;1;0;1067072896;402;8;15.0691000162624;4.22999954223633;0
network_congestion;138.809999465942;4;331mb;8;SHUFFLE;false;5;0;2;2;2;0;4112;14400000;44;1319.38989995979;250.019999504089;0
network_congestion;124.25;4;288mb;8;SHUFFLE;false;5;0;2;2;2;0;20012;14400000;32;943.824800022412;194.759999275208;0
optimal;38.9799995422363;1;82mb;8;SHUFFLE;true;0;0;1;2;1;0;1067072952;7200000;16;312.878800032195;38.8199996948242;0
optimal;39.4499998092651;1;83mb;8;SHUFFLE;true;0;0;1;2;1;0;1067072952;7200000;16;312.954299966805;38.8199996948242;0
optimal;38.9799995422363;1;82mb;8;SHUFFLE;true;0;0;1;2;1;0;1067072952;7200000;16;309.514500026125;39.3199996948242;0
optimal;4.45999908447266;1;37mb;8;SHUFFLE;false;0;0;1;0;1;0;1067072896;116;8;15.6509000225924;4.23999977111816;0
optimal;4.25999927520752;1;37mb;8;SHUFFLE;false;0;0;1;0;1;0;1067072896;258;8;15.5210999655537;4.23999977111816;0
optimal;4.25;1;37mb;8;SHUFFLE;false;0;0;1;0;1;0;1067072896;469;8;29.4512000400573;4.23999977111816;0
optimal;13.789999961853;1;49mb;8;SHUFFLE;true;5;0;2;0;2;0;1067078960;7200000;52;26.4819000149146;13.0499992370605;0
network_congestion;302.129999160767;2;424mb;8;SHUFFLE;false;5;4;2;0;2;0;1585677726;7200000;32;822.624300024472;288.459999084473;0
optimal;27.4399995803833;1;67mb;8;SHUFFLE;true;0;0;1;2;1;0;1067072952;7200000;16;313.225399993826;28.0599994659424;0
optimal;26.4299993515015;1;66mb;8;SHUFFLE;true;0;0;1;2;1;0;1067072952;7200000;16;354.256200022064;26.5699996948242;0
optimal;26.6799993515015;1;66mb;8;SHUFFLE;true;0;0;1;2;1;0;1067072952;7200000;16;308.485000045039;27.6499996185303;0
optimal;27.2299995422363;1;67mb;8;SHUFFLE;true;0;0;1;2;1;0;1067072952;7200000;16;310.613600013312;26.5799999237061;0
optimal;4.36999988555908;1;37mb;8;SHUFFLE;false;0;0;1;0;1;0;1067072896;211;8;15.9086000057869;4.22999954223633;0
optimal;4.8799991607666;1;38mb;8;SHUFFLE;false;0;0;1;0;1;0;1067072896;226;8;19.0402999869548;4.25;0
optimal;4.26999950408936;1;37mb;8;SHUFFLE;false;0;0;1;0;1;0;1067072896;418;8;15.4121000086889;4.22999954223633;0
optimal;4.25;1;37mb;8;SHUFFLE;false;0;0;1;0;1;0;1067072896;469;8;19.9040999868885;4.22999954223633;0
network_congestion;275.709999084473;2;390mb;8;SHUFFLE;false;5;4;2;0;2;0;1585677706;7200000;28;821.304199984297;268.359999656677;0
network_congestion;295.599999427795;2;416mb;8;SHUFFLE;false;5;4;2;0;2;0;1585677726;7200000;32;1016.45049999934;285.219999313354;0
optimal;17.1899995803833;1;54mb;8;SHUFFLE;true;0;0;1;2;1;0;72;14400000;16;462.068499997258;8.6299991607666;0
optimal;13.1899995803833;1;49mb;8;SHUFFLE;false;0;0;1;0;1;0;16;186;8;34.0671000303701;4.41999912261963;0
optimal;13.1899995803833;1;49mb;8;SHUFFLE;false;0;0;1;0;1;0;16;483;8;19.372700015083;4.41999912261963;0
optimal;8.00999927520752;1;42mb;8;SHUFFLE;false;0;0;1;0;1;0;8;88;8;16.0880999756046;4.38999938964844;0
network_congestion;176.759999275208;4;261mb;8;SHUFFLE;false;5;0;2;2;2;0;360815208;407860000;32;17060.8750999672;218.219999313354;0
optimal;14.5199995040894;1;50mb;8;SHUFFLE;true;5;0;2;0;2;0;1067078905;7200000;41;111.258400022052;13.0499992370605;0
network_congestion;17.5799999237061;1;54mb;8;BROADCAST;true;5;4;2;2;2;0;1067079068;7200000;52;565.897300024517;16.8999996185303;0
optimal;9.36999988555908;1;44mb;8;SHUFFLE;true;0;0;1;2;1;0;1067072952;7200000;16;214.267600036692;8.70999908447266;0
optimal;4.81999969482422;1;38mb;8;SHUFFLE;false;0;0;1;0;1;0;1067072896;166;8;18.6696999589913;4.21999931335449;0
network_congestion;189.549999237061;4;347mb;8;BROADCAST;false;5;0;2;2;2;0;360815208;407860000;32;19198.84680002;272.66999912262;0
network_congestion;600.89999961853;2;813mb;8;SHUFFLE;false;5;0;2;0;2;0;144;28800000;32;792.251400009263;587.139999389648;0
network_congestion;27.4599990844727;2;67mb;8;SHUFFLE;false;5;0;2;2;2;0;1067078972;7200000;38;710.853900003713;25.8899993896484;0
network_congestion;170.089999198914;2;253mb;8;SHUFFLE;false;5;0;2;0;2;0;1585677722;7200000;28;513.533200020902;156.679999351501;0
optimal;30.0099992752075;1;71mb;8;SHUFFLE;true;5;0;2;0;2;0;1427066;14400000;32;44.9221999733709;10.7999992370605;0
optimal;9.01999950408936;1;43mb;8;SHUFFLE;true;0;0;1;2;1;0;1067072952;7200000;16;208.900400029961;8.32999992370605;0
optimal;9.00999927520752;1;43mb;8;SHUFFLE;true;0;0;1;2;1;0;1067072952;7200000;16;211.743600026239;8.31999969482422;0
optimal;17.1899995803833;1;54mb;8;SHUFFLE;true;0;0;1;2;1;0;72;14400000;16;421.990800008643;8.61999988555908;0
optimal;9;1;43mb;8;SHUFFLE;true;0;0;1;2;1;0;1067072952;7200000;16;220.277999993414;8.32999992370605;0
optimal;4.21999931335449;1;37mb;8;SHUFFLE;false;0;0;1;0;1;0;1067072896;234;8;19.66910000192;4.21999931335449;0
optimal;4.78999996185303;1;38mb;8;SHUFFLE;false;0;0;1;0;1;0;1067072896;370;8;18.3226999943145;4.21999931335449;0
optimal;9.01999950408936;1;43mb;8;SHUFFLE;true;0;0;1;2;1;0;1067072952;7200000;16;209.617000014987;8.25999927520752;0
optimal;17.1899995803833;1;54mb;8;SHUFFLE;true;0;0;1;2;1;0;72;14400000;16;465.361799986567;8.61999988555908;0
optimal;4.41999912261963;1;37mb;8;SHUFFLE;false;0;0;1;0;1;0;1067072896;460;8;21.8886000220664;4.21999931335449;0
network_congestion;32.789999961853;2;74mb;8;BROADCAST;true;5;4;2;2;2;0;4088;14400000;43;616.932899982203;33.7399997711182;0
network_congestion;18.8399991989136;2;56mb;8;SHUFFLE;false;5;0;2;2;2;0;1067078980;7200000;39;671.482099976856;24.039999961853;0
optimal;27.1699991226196;1;67mb;8;SHUFFLE;true;5;4;2;0;2;0;19987;14400000;43;28.4029000322334;10.4099998474121;0
optimal;13.4699993133545;1;49mb;8;SHUFFLE;true;0;0;1;2;1;0;1067072952;7200000;16;261.300400015898;13.9399995803833;0
optimal;13.6099996566772;1;49mb;8;SHUFFLE;true;0;0;1;2;1;0;1067072952;7200000;16;270.869300002232;13.5;0
optimal;13.0699996948242;1;48mb;8;SHUFFLE;true;0;0;1;2;1;0;1067072952;7200000;16;260.772300011013;13.75;0
optimal;12.5;1;48mb;8;SHUFFLE;true;0;0;1;2;1;0;1067072952;7200000;16;258.525500015821;13.75;0
optimal;13.75;1;49mb;8;SHUFFLE;true;0;0;1;2;1;0;1067072952;7200000;16;265.214800019749;13.75;0
optimal;4.28999996185303;1;37mb;8;SHUFFLE;false;0;0;1;0;1;0;1067072896;279;8;18.9404000411741;4.21999931335449;0
optimal;4.23999977111816;1;37mb;8;SHUFFLE;false;0;0;1;0;1;0;1067072896;386;8;16.0357999848202;4.21999931335449;0
network_congestion;1873.91999912262;4;2468mb;8;SHUFFLE;false;5;0;2;0;2;0;1593101620;49330000;24;4932.58920003427;1863.6799993515;0
network_congestion;1105.91999912262;4;1469mb;8;SHUFFLE;false;5;4;2;0;2;0;1420443108;133110000;28;1424.90240000188;1105.91999912262;0
network_congestion;112.959999084473;2;178mb;8;SHUFFLE;false;5;0;2;2;2;0;3984;14400000;24;815.462699974887;149.269999504089;0
network_congestion;32.789999961853;2;74mb;8;SHUFFLE;false;5;0;2;2;2;0;1067079060;7200000;49;770.418300002348;31.7799997329712;0
optimal;12.6599998474121;1;48mb;8;SHUFFLE;true;5;4;2;0;2;0;1067078879;7200000;39;59.3271999969147;12.2699995040894;0
network_congestion;64.6699991226196;2;116mb;8;SHUFFLE;false;5;0;2;2;2;0;6524;14400000;24;1023.10819999548;80.0499992370605;0
network_congestion;166.599999427795;2;248mb;8;SHUFFLE;false;5;0;2;0;2;0;1585677722;7200000;28;516.829799977131;159.269999504089;0
network_congestion;169.869999885559;2;252mb;8;SHUFFLE;false;5;0;2;0;2;0;1585677722;7200000;28;521.748200000729;158.719999313354;0
network_congestion;280.079999923706;2;396mb;8;SHUFFLE;false;5;4;2;0;2;0;1585677706;7200000;28;868.012999999337;272.389999389648;0
network_congestion;257.829999923706;4;367mb;8;SHUFFLE;false;5;0;2;2;2;0;1585677806;182030000;32;2321.75940001616;258.64999961853;0
optimal;7;1;41mb;8;SHUFFLE;true;0;0;1;2;1;0;1067072952;7200000;16;210.123600030784;6.28999996185303;0
optimal;7;1;41mb;8;SHUFFLE;true;0;0;1;2;1;0;1067072952;7200000;16;265.132700034883;6.28999996185303;0
optimal;7;1;41mb;8;SHUFFLE;true;0;0;1;2;1;0;1067072952;7200000;16;209.900499961805;6.29999923706055;0
optimal;7;1;41mb;8;SHUFFLE;true;0;0;1;2;1;0;1067072952;7200000;16;212.610899994615;6.29999923706055;0
optimal;2.21999931335449;1;34mb;8;SHUFFLE;false;0;0;1;0;1;0;1067072896;354;8;15.4545999830589;2.21999931335449;0
optimal;2.21999931335449;1;34mb;8;SHUFFLE;false;0;0;1;0;1;0;1067072896;361;8;35.5428999755532;2.21999931335449;0
network_congestion;442.309999465942;2;607mb;8;SHUFFLE;false;5;4;2;2;2;0;1585677758;41490000;28;2021.88920002664;456.329999923706;0
optimal;28.1699991226196;1;68mb;8;SHUFFLE;true;5;4;2;0;2;0;19950;14400000;34;33.5868000402115;12.4099998474121;0
optimal;9.00999927520752;1;43mb;8;SHUFFLE;true;0;0;1;2;1;0;1067072932;7200000;12;260.002300026827;8.82999992370605;0
optimal;4.82999992370605;1;38mb;8;SHUFFLE;false;0;0;1;0;1;0;1067072888;321;4;50.5214000004344;4.29999923706055;0
optimal;13.1999998092651;1;49mb;8;SHUFFLE;false;0;0;1;0;1;0;8;367;4;23.1621999992058;4.42999935150146;0
optimal;4.4399995803833;1;37mb;8;SHUFFLE;false;0;0;1;0;1;0;1067072888;400;4;30.2360000205226;4.29999923706055;0
optimal;8.00999927520752;1;42mb;8;SHUFFLE;false;0;0;1;0;1;0;1067072884;57;4;20.1175000402145;4.26999950408936;0
optimal;13.8299999237061;1;49mb;8;SHUFFLE;true;5;0;2;0;2;0;1067076871;7200000;39;41.5712000103667;13.0499992370605;0
network_congestion;285.239999771118;2;402mb;8;SHUFFLE;false;5;4;2;0;2;0;360815116;14400000;28;715.588200022466;278.329999923706;0
network_congestion;33.1699991226196;2;75mb;8;SHUFFLE;false;5;4;2;2;2;0;6588;14400000;37;621.117200003937;37.0699996948242;0
optimal;146.409999847412;2;222mb;8;SHUFFLE;true;21;20;6;4;6;0;580262396;3600000;178;162.426399998367;151.709999084473;0
optimal;169.699999809265;2;252mb;8;SHUFFLE;true;21;20;6;4;6;0;1155469236;7200000;178;264.753900002688;179.119999885559;0
optimal;147.549999237061;2;223mb;8;SHUFFLE;true;21;20;6;4;6;0;580262396;3600000;178;161.690399982035;151.779999732971;0
network_congestion;169.979999542236;2;252mb;8;SHUFFLE;false;21;20;6;4;6;0;1155469236;7200000;178;517.127500032075;200.309999465942;0
optimal;147.779999732971;2;224mb;8;SHUFFLE;true;21;20;6;4;6;0;580262396;3600000;178;161.797400040086;151.789999961853;0
optimal;147.539999961853;2;223mb;8;SHUFFLE;true;21;20;6;4;6;0;580262396;3600000;178;171.381400024984;151.839999198914;0
network_congestion;169.369999885559;2;252mb;8;SHUFFLE;false;21;20;6;4;6;0;1155469236;7200000;178;520.142599998508;200.66999912262;0
optimal;147.539999961853;2;223mb;8;SHUFFLE;true;21;20;6;4;6;0;580262396;3600000;178;165.40040000109;151.839999198914;0
optimal;147.539999961853;2;223mb;8;SHUFFLE;true;21;20;6;4;6;0;580262396;3600000;178;163.328099995852;151.849999427795;0
optimal;147.539999961853;2;223mb;8;SHUFFLE;true;21;20;6;4;6;0;580262396;3600000;178;164.817299984861;151.839999198914;0
optimal;147.389999389648;2;223mb;8;SHUFFLE;true;21;20;6;4;6;0;580262396;3600000;178;165.63360003056;151.719999313354;0
codegen_heavy;170.949999809265;2;254mb;8;SHUFFLE;false;21;20;6;4;6;0;1155469236;7200000;178;470.908199960832;201.64999961853;0
optimal;147.119999885559;2;223mb;8;SHUFFLE;true;21;20;6;4;6;0;580262396;3600000;178;160.294900008012;151.769999504089;0
network_congestion;168.91999912262;2;251mb;8;SHUFFLE;false;21;20;6;4;6;0;1155469236;7200000;178;524.517299956642;199.029999732971;0
network_congestion;170.269999504089;2;253mb;8;SHUFFLE;false;21;20;6;4;6;0;1155469236;7200000;178;523.462600016501;194.689999580383;0
optimal;147.539999961853;2;223mb;8;SHUFFLE;true;21;20;6;4;6;0;580262396;3600000;178;164.846199972089;151.719999313354;0
optimal;147.539999961853;2;223mb;8;SHUFFLE;true;21;20;6;4;6;0;580262396;3600000;178;199.666999978945;151.779999732971;0
network_congestion;169.269999504089;2;252mb;8;SHUFFLE;false;21;20;6;4;6;0;1155469236;7200000;178;516.196199983824;198.909999847412;0
optimal;147.539999961853;2;223mb;8;SHUFFLE;true;21;20;6;4;6;0;580262396;3600000;178;164.674600004219;151.839999198914;0
optimal;147.539999961853;2;223mb;8;SHUFFLE;true;21;20;6;4;6;0;580262396;3600000;178;170.674199995119;151.779999732971;0
network_congestion;168.139999389648;2;250mb;8;SHUFFLE;false;21;20;6;4;6;0;1155469236;7200000;178;521.027200040407;204.039999961853;0
optimal;169.359999656677;2;252mb;8;BROADCAST;true;21;20;6;4;6;0;1155469236;7200000;178;268.880299990997;179.189999580383;0
codegen_heavy;170.049999237061;2;253mb;8;SHUFFLE;false;21;20;6;4;6;0;1155469236;7200000;178;468.384400010109;202.359999656677;0
network_congestion;170.469999313354;2;253mb;8;SHUFFLE;false;21;20;6;4;6;0;1155469236;7200000;178;518.379299959633;202.139999389648;0
network_congestion;141.959999084473;2;216mb;8;SHUFFLE;false;21;20;6;4;6;0;580262396;3600000;178;673.153200012166;166.739999771118;0
optimal;147.539999961853;2;223mb;8;SHUFFLE;true;21;20;6;4;6;0;580262396;3600000;178;167.383200023323;151.719999313354;0
optimal;146.619999885559;2;222mb;8;BROADCAST;true;21;20;6;4;6;0;580262396;3600000;178;163.456299982499;151.779999732971;0
optimal;104.89999961853;2;168mb;8;SHUFFLE;true;12;12;4;2;4;0;70611731;14400000;99;264.709900016896;116.259999275208;0
optimal;104.759999275208;2;168mb;8;SHUFFLE;true;12;12;4;2;4;0;70611731;14400000;99;272.377099958248;116.259999275208;0
optimal;63.75;1;114mb;8;SHUFFLE;true;12;12;4;2;4;0;1107967967;7200000;99;170.577500015497;56.1599998474121;0
optimal;68.3599996566772;2;120mb;8;SHUFFLE;true;12;12;4;2;4;0;1107967967;7200000;99;167.830699996557;70.1099996566772;0
optimal;104.759999275208;2;168mb;8;SHUFFLE;true;12;12;4;2;4;0;70611731;14400000;99;263.046999985818;116.259999275208;0
optimal;104.759999275208;2;168mb;8;SHUFFLE;true;12;12;4;2;4;0;70611731;14400000;99;266.105899994727;116.259999275208;0
optimal;63.75;1;114mb;8;SHUFFLE;true;12;12;4;2;4;0;1107967967;7200000;99;163.319500046782;56.1599998474121;0
optimal;104.759999275208;2;168mb;8;SHUFFLE;true;12;12;4;2;4;0;70611731;14400000;99;263.374400034081;116.259999275208;0
optimal;64.6699991226196;2;116mb;8;SHUFFLE;true;12;12;4;2;4;0;1107967967;7200000;99;160.927000048105;70.0999994277954;0
optimal;104.699999809265;2;168mb;8;SHUFFLE;true;12;12;4;2;4;0;70611731;14400000;99;212.89969998179;116.259999275208;0
optimal;64.6699991226196;2;116mb;8;SHUFFLE;true;12;12;4;2;4;0;1107967967;7200000;99;160.593500011601;70.1599998474121;0
optimal;64.6699991226196;1;116mb;8;SHUFFLE;true;12;12;4;2;4;0;1107967967;7200000;99;159.278400009498;56.1599998474121;0
optimal;104.759999275208;2;168mb;8;SHUFFLE;true;12;12;4;2;4;0;70611731;14400000;99;216.172900050879;116.259999275208;0
optimal;64.1999998092651;2;115mb;8;SHUFFLE;true;12;12;4;2;4;0;1107967967;7200000;99;161.005700007081;70.1899995803833;0
optimal;104.829999923706;2;168mb;8;SHUFFLE;true;12;12;4;2;4;0;70611731;14400000;99;260.069800016936;116.259999275208;0
optimal;64.6799993515015;1;116mb;8;SHUFFLE;true;12;12;4;2;4;0;1107967967;7200000;99;159.322499996051;56.1599998474121;0
optimal;63.9899997711182;2;115mb;8;SHUFFLE;true;12;12;4;2;4;0;1107967967;7200000;99;162.740400002804;70.1199998855591;0
optimal;64.3999996185303;2;115mb;8;SHUFFLE;true;12;12;4;2;4;0;1107967967;7200000;99;160.153699980583;70.1199998855591;0
network_congestion;64.25;2;115mb;8;SHUFFLE;false;12;12;4;2;4;0;1107967967;7200000;99;565.560200018808;81.1699991226196;0
optimal;64.289999961853;1;115mb;8;SHUFFLE;true;12;12;4;2;4;0;1107967967;7200000;99;159.519200038631;56.1599998474121;0
optimal;64.5599994659424;2;115mb;8;SHUFFLE;true;12;12;4;2;4;0;1107967967;7200000;99;162.136700004339;70.1099996566772;0
optimal;63.75;1;114mb;8;SHUFFLE;true;12;12;4;2;4;0;1107967967;7200000;99;163.45510003157;56.1599998474121;0
optimal;104.759999275208;2;168mb;8;SHUFFLE;true;12;12;4;2;4;0;70611731;14400000;99;316.692400025204;116.259999275208;0
optimal;104.759999275208;2;168mb;8;SHUFFLE;true;12;12;4;2;4;0;70611731;14400000;99;262.19639996998;116.259999275208;0
optimal;104.959999084473;2;168mb;8;SHUFFLE;true;12;12;4;2;4;0;70611731;14400000;99;264.595400018152;116.259999275208;0
optimal;64.1699991226196;2;115mb;8;SHUFFLE;true;12;12;4;2;4;0;1107967967;7200000;99;163.727000006475;70.0699996948242;0
optimal;104.759999275208;2;168mb;8;SHUFFLE;true;12;12;4;2;4;0;70611731;14400000;99;263.945100014098;116.259999275208;0
optimal;64.7099990844727;2;116mb;8;SHUFFLE;true;12;12;4;2;4;0;1107967967;7200000;99;159.841599990614;70.1599998474121;0
optimal;64.1099996566772;2;115mb;8;SHUFFLE;true;12;12;4;2;4;0;1107967967;7200000;99;159.320200036746;70.0999994277954;0
optimal;104.759999275208;2;168mb;8;SHUFFLE;true;12;12;4;2;4;0;70611731;14400000;99;221.246400033124;116.259999275208;0
optimal;64.6699991226196;2;116mb;8;SHUFFLE;true;12;12;4;2;4;0;1107967967;7200000;99;163.71789999539;70.1399993896484;0
optimal;104.759999275208;2;168mb;8;SHUFFLE;true;12;12;4;2;4;0;70611731;14400000;99;214.482900046278;116.259999275208;0
optimal;64.6699991226196;1;116mb;8;SHUFFLE;true;12;12;4;2;4;0;1107967967;7200000;99;160.197600023821;56.1599998474121;0
optimal;104.759999275208;2;168mb;8;SHUFFLE;true;12;12;4;2;4;0;70611731;14400000;99;213.225600018632;116.259999275208;0
optimal;104.759999275208;2;168mb;8;SHUFFLE;true;12;12;4;2;4;0;70611731;14400000;99;264.828199986368;116.259999275208;0
optimal;104.759999275208;2;168mb;8;SHUFFLE;true;12;12;4;2;4;0;70611731;14400000;99;217.810300004203;116.259999275208;0
optimal;104.829999923706;2;168mb;8;SHUFFLE;true;12;12;4;2;4;0;70611731;14400000;99;280.78309999546;116.259999275208;0
optimal;64.0599994659424;2;115mb;8;SHUFFLE;true;12;12;4;2;4;0;1107967967;7200000;99;163.836400024593;70.1999998092651;0
optimal;104.759999275208;2;168mb;8;SHUFFLE;true;12;12;4;2;4;0;70611731;14400000;99;268.288600025699;116.259999275208;0
optimal;63.539999961853;2;114mb;8;SHUFFLE;true;12;12;4;2;4;0;1107967967;7200000;99;160.531499946956;70.1099996566772;0
optimal;59.4299993515015;1;109mb;8;SHUFFLE;true;24;24;7;2;7;0;171229674;720290;250;35.3193999617361;54.8999996185303;0
optimal;75.9099998474121;1;130mb;8;SHUFFLE;true;24;24;7;2;7;0;317300435;1440000;252;60.2726000361145;71.6199998855591;0
optimal;75.9199991226196;1;130mb;8;SHUFFLE;true;24;24;7;2;7;0;317300435;1440000;252;44.2039999761619;71.6099996566772;0
optimal;59.5799999237061;1;109mb;8;SHUFFLE;true;24;24;7;2;7;0;171229674;720290;250;34.3850000062957;55.1099996566772;0
optimal;59.4299993515015;1;109mb;8;SHUFFLE;true;24;24;7;2;7;0;171229674;720290;250;31.1117999954149;54.8899993896484;0
optimal;75.9699993133545;1;130mb;8;SHUFFLE;true;24;24;7;2;7;0;317300435;1440000;252;42.005600000266;71.6099996566772;0
optimal;59.5499992370605;1;109mb;8;SHUFFLE;true;24;24;7;2;7;0;171229674;720290;250;34.2003999976441;55.1099996566772;0
optimal;75.6599998474121;1;130mb;8;SHUFFLE;true;24;24;7;2;7;0;317300435;1440000;252;36.1721999943256;71.6099996566772;0
optimal;75.6599998474121;1;130mb;8;SHUFFLE;true;24;24;7;2;7;0;317300435;1440000;252;69.7282000328414;71.6099996566772;0
optimal;59.4299993515015;1;109mb;8;SHUFFLE;true;24;24;7;2;7;0;171229674;720290;250;29.1139999753796;54.8599996566772;0
optimal;75.9199991226196;1;130mb;8;SHUFFLE;true;24;24;7;2;7;0;317300435;1440000;252;42.5438999664038;71.6099996566772;0
optimal;75.9199991226196;1;130mb;8;SHUFFLE;true;24;24;7;2;7;0;317300435;1440000;252;35.7921000104398;71.6099996566772;0
optimal;59.4299993515015;1;109mb;8;SHUFFLE;true;24;24;7;2;7;0;171229674;720290;250;32.549099996686;55.1099996566772;0
optimal;59.4299993515015;1;109mb;8;SHUFFLE;true;24;24;7;2;7;0;171229674;720290;250;30.03699996043;54.8799991607666;0
optimal;75.6599998474121;1;130mb;8;SHUFFLE;true;24;24;7;2;7;0;317300435;1440000;252;45.2901999815367;71.6099996566772;0
optimal;75.6599998474121;1;130mb;8;SHUFFLE;true;24;24;7;2;7;0;317300435;1440000;252;40.4723000247031;71.6099996566772;0
optimal;59.6299991607666;2;109mb;8;SHUFFLE;true;24;24;7;2;7;0;171229674;720290;250;255.642000003718;72.2799997329712;0
optimal;75.9199991226196;1;130mb;8;SHUFFLE;true;24;24;7;2;7;0;317300435;1440000;252;30.505400034599;71.6499996185303;0
optimal;75.6599998474121;1;130mb;8;SHUFFLE;true;24;24;7;2;7;0;317300435;1440000;252;35.0063000223599;71.6099996566772;0
optimal;59.1799993515015;1;108mb;8;SHUFFLE;true;24;24;7;2;7;0;171229674;720290;250;28.3585999859497;55.0299997329712;0
optimal;75.9199991226196;1;130mb;8;SHUFFLE;true;24;24;7;2;7;0;317300435;1440000;252;36.0843000235036;71.5599994659424;0
optimal;75.9199991226196;1;130mb;8;SHUFFLE;true;24;24;7;2;7;0;317300435;1440000;252;35.7268000370823;71.6099996566772;0
optimal;76.0199995040894;1;130mb;8;SHUFFLE;true;24;24;7;2;7;0;317300435;1440000;252;45.6053999951109;71.7199993133545;0
optimal;59.4299993515015;1;109mb;8;SHUFFLE;true;24;24;7;2;7;0;171229674;720290;250;29.1482000029646;55.1099996566772;0
optimal;59.4199991226196;1;109mb;8;SHUFFLE;true;24;24;7;2;7;0;171229674;720290;250;32.9126000287943;55.1099996566772;0
optimal;59.1699991226196;1;108mb;8;SHUFFLE;true;24;24;7;2;7;0;171229674;720290;250;39.4458000082523;54.9699993133545;0
optimal;75.9099998474121;2;130mb;8;SHUFFLE;true;24;24;7;2;7;0;317300435;1440000;252;53.1016000313684;94.4199991226196;0
optimal;59.5499992370605;1;109mb;8;SHUFFLE;true;24;24;7;2;7;0;171229674;720290;250;76.0015000123531;55;0
optimal;59.1699991226196;1;108mb;8;SHUFFLE;true;24;24;7;2;7;0;171229674;720290;250;31.8267999682575;55.1099996566772;0
optimal;75.6599998474121;1;130mb;8;SHUFFLE;true;24;24;7;2;7;0;317300435;1440000;252;35.4131999774836;71.5;0
optimal;59.1699991226196;1;108mb;8;SHUFFLE;true;24;24;7;2;7;0;171229674;720290;250;43.8274000189267;55.1099996566772;0
optimal;53.1799993515015;1;101mb;8;SHUFFLE;true;20;20;6;0;6;0;231675626;1920000;169;268.760400009342;52.7799997329712;0
optimal;43.3599996566772;1;88mb;8;SHUFFLE;true;20;20;6;0;6;0;443467006;2880000;169;362.903200031724;45.039999961853;0
optimal;43.539999961853;2;88mb;8;BROADCAST;true;20;20;6;0;6;0;443467006;2880000;169;364.040400017984;52.789999961853;0
optimal;51.0099992752075;1;98mb;8;SHUFFLE;true;20;20;6;0;6;0;231675626;1920000;169;216.200000024401;52.7799997329712;0
optimal;44.039999961853;1;89mb;8;SHUFFLE;true;20;20;6;0;6;0;443467006;2880000;169;367.720399983227;45.039999961853;0
optimal;44.3999996185303;2;89mb;8;SHUFFLE;true;20;20;6;0;6;0;443467006;2880000;169;367.552399984561;52.789999961853;0
optimal;53.1799993515015;1;101mb;8;SHUFFLE;true;20;20;6;0;6;0;231675626;1920000;169;210.357900010422;52.8999996185303;0
optimal;44.039999961853;1;89mb;8;SHUFFLE;true;20;20;6;0;6;0;443467006;2880000;169;415.320399974007;45.039999961853;0
optimal;44.039999961853;1;89mb;8;SHUFFLE;true;20;20;6;0;6;0;443467006;2880000;169;315.380299987737;45.039999961853;0
optimal;50.9399995803833;1;98mb;8;SHUFFLE;true;20;20;6;0;6;0;231675626;1920000;169;264.029400015716;52.8999996185303;0
optimal;51.0099992752075;1;98mb;8;SHUFFLE;true;20;20;6;0;6;0;231675626;1920000;169;258.854100015014;52.8999996185303;0
optimal;53;1;100mb;8;SHUFFLE;true;20;20;6;0;6;0;231675626;1920000;169;261.128399986774;52.8999996185303;0
optimal;50.9899997711182;1;98mb;8;SHUFFLE;true;20;20;6;0;6;0;231675626;1920000;169;261.658700008411;52.8999996185303;0
optimal;53.1799993515015;1;101mb;8;SHUFFLE;true;20;20;6;0;6;0;231675626;1920000;169;268.284399993718;52.8999996185303;0
optimal;43.8999996185303;1;89mb;8;SHUFFLE;true;20;20;6;0;6;0;443467006;2880000;169;369.801199994981;45.039999961853;0
optimal;53.1799993515015;1;101mb;8;SHUFFLE;true;20;20;6;0;6;0;231675626;1920000;169;267.342199978884;52.8999996185303;0
optimal;53.0499992370605;1;100mb;8;SHUFFLE;true;20;20;6;0;6;0;231675626;1920000;169;211.612500017509;52.8999996185303;0
optimal;44.0499992370605;2;89mb;8;SHUFFLE;true;20;20;6;0;6;0;443467006;2880000;169;419.481699995231;52.789999961853;0
optimal;51.0099992752075;1;98mb;8;SHUFFLE;true;20;20;6;0;6;0;231675626;1920000;169;267.4202999915;52.8999996185303;0
optimal;51.0099992752075;1;98mb;8;SHUFFLE;true;20;20;6;0;6;0;231675626;1920000;169;265.632800001185;52.7799997329712;0
optimal;51.0099992752075;2;98mb;8;SHUFFLE;true;20;20;6;0;6;0;231675626;1920000;169;263.705399993341;62.5899991989136;0
optimal;51.0099992752075;1;98mb;8;SHUFFLE;true;20;20;6;0;6;0;231675626;1920000;169;282.584899978247;52.8999996185303;0
optimal;52.789999961853;1;100mb;8;SHUFFLE;true;20;20;6;0;6;0;231675626;1920000;169;262.628700002097;52.8999996185303;0
optimal;51.0099992752075;1;98mb;8;SHUFFLE;true;20;20;6;0;6;0;231675626;1920000;169;265.834699966945;52.8999996185303;0
optimal;51.8699998855591;1;99mb;8;SHUFFLE;true;20;20;6;0;6;0;231675626;1920000;169;265.969499945641;52.8999996185303;0
optimal;44.5299997329712;1;89mb;8;SHUFFLE;true;20;20;6;0;6;0;443467006;2880000;169;421.210600004997;45.039999961853;0
optimal;51.0099992752075;1;98mb;8;SHUFFLE;true;20;20;6;0;6;0;231675626;1920000;169;267.739099974278;52.8999996185303;0
optimal;44.039999961853;1;89mb;8;SHUFFLE;true;20;20;6;0;6;0;443467006;2880000;169;365.53000001004;45.039999961853;0
optimal;51.0099992752075;1;98mb;8;SHUFFLE;true;20;20;6;0;6;0;231675626;1920000;169;284.261900000274;52.8999996185303;0
optimal;51.0099992752075;1;98mb;8;SHUFFLE;true;20;20;6;0;6;0;231675626;1920000;169;262.12420000229;52.8999996185303;0
optimal;43.9099998474121;1;89mb;8;SHUFFLE;true;20;20;6;0;6;0;443467006;2880000;169;419.287799973972;45.039999961853;0
optimal;44.0499992370605;1;89mb;8;SHUFFLE;true;20;20;6;0;6;0;443467006;2880000;169;369.298999954481;45.039999961853;0
optimal;51.0099992752075;1;98mb;8;SHUFFLE;true;20;20;6;0;6;0;231675626;1920000;169;264.249400002882;52.7799997329712;0
optimal;50.5799999237061;1;97mb;8;SHUFFLE;true;20;20;6;0;6;0;231675626;1920000;169;265.064399980474;52.8999996185303;0
optimal;85.1899995803833;2;142mb;8;SHUFFLE;true;41;20;9;2;9;0;3068681158;14400000;129;266.275400004815;97.5999994277954;0
network_congestion;109.559999465942;2;217mb;8;BROADCAST;false;44;20;9;2;9;0;1139238662;28800000;129;521.918899961747;166.369999885559;0
optimal;109.299999237061;2;217mb;8;SHUFFLE;true;44;20;9;2;9;0;1139238662;28800000;129;319.479300000239;153.119999885559;0
network_congestion;114.019999504089;2;217mb;8;BROADCAST;false;44;20;9;2;9;0;1139238662;28800000;129;523.675500007812;165.619999885559;0
network_congestion;110.029999732971;2;217mb;8;BROADCAST;false;44;20;9;2;9;0;1139238662;28800000;129;530.723700008821;166.369999885559;0
optimal;85.4199991226196;2;143mb;8;SHUFFLE;true;41;20;9;2;9;0;3068681158;14400000;129;272.288199979812;97.5999994277954;0
optimal;85.25;2;142mb;8;SHUFFLE;true;41;20;9;2;9;0;3068681158;14400000;129;267.269100004341;97.5999994277954;0
optimal;85.2199993133545;2;142mb;8;SHUFFLE;true;41;20;9;2;9;0;3068681158;14400000;129;276.048299972899;97.5999994277954;0
network_congestion;109.559999465942;2;217mb;8;BROADCAST;false;44;20;9;2;9;0;1139238662;28800000;129;521.076100005303;168.019999504089;0
network_congestion;109.559999465942;2;217mb;8;BROADCAST;false;44;20;9;2;9;0;1139238662;28800000;129;542.638399987482;166.689999580383;0
optimal;84.9299993515015;2;142mb;8;SHUFFLE;true;41;20;9;2;9;0;3068681158;14400000;129;267.296999983955;97.5999994277954;0
optimal;85.25;2;142mb;8;SHUFFLE;true;41;20;9;2;9;0;3068681158;14400000;129;267.924799991306;97.6299991607666;0
network_congestion;89.2699995040894;2;148mb;8;SHUFFLE;false;41;20;9;2;9;0;3068681158;14400000;129;874.488900008146;110.75;0
optimal;85.4199991226196;2;143mb;8;SHUFFLE;true;41;20;9;2;9;0;3068681158;14400000;129;278.407700010575;97.5999994277954;0
network_congestion;110.009999275208;2;217mb;8;BROADCAST;false;44;20;9;2;9;0;1139238662;28800000;129;523.759900010191;166.449999809265;0
optimal;85.1899995803833;2;142mb;8;SHUFFLE;true;41;20;9;2;9;0;3068681158;14400000;129;267.826099996455;97.5999994277954;0
optimal;85.1899995803833;2;142mb;8;SHUFFLE;true;41;20;9;2;9;0;3068681158;14400000;129;270.095499989111;97.5999994277954;0
network_congestion;109.559999465942;2;217mb;8;BROADCAST;false;44;20;9;2;9;0;1139238662;28800000;129;525.488500017673;168.849999427795;0
network_congestion;109.559999465942;2;217mb;8;BROADCAST;false;44;20;9;2;9;0;1139238662;28800000;129;513.777900021523;165.539999961853;0
optimal;84.7399997711182;2;142mb;8;SHUFFLE;true;41;20;9;2;9;0;3068681158;14400000;129;267.043499974534;97.5999994277954;0
network_congestion;129.689999580383;2;200mb;8;SHUFFLE;false;24;16;9;2;9;0;3046953674;679050;82;1220.96500004409;164.869999885559;0
network_congestion;130.209999084473;2;201mb;8;SHUFFLE;false;24;16;9;2;9;0;3046953674;679050;82;1218.98920001695;164.819999694824;0
network_congestion;187;2;275mb;8;SHUFFLE;false;27;24;9;7;9;0;3366330724;1440000;104;1822.32350000413;204.569999694824;0
optimal;274.579999923706;2;491mb;8;SHUFFLE;true;24;24;7;2;7;0;81090621;28800000;159;368.103399989195;356.719999313354;0
optimal;265.869999885559;2;491mb;8;SHUFFLE;true;24;24;7;2;7;0;81090621;28800000;159;269.234300008975;346.559999465942;0
optimal;262.859999656677;2;491mb;8;SHUFFLE;true;24;24;7;2;7;0;81090621;28800000;159;320.493299979717;345.429999351501;0
optimal;171.269999504089;2;409mb;8;SHUFFLE;true;24;24;7;2;7;0;1466060258;14400000;158;162.216999975499;288.439999580383;0
optimal;171.579999923706;2;409mb;8;SHUFFLE;true;24;24;7;2;7;0;1466060258;14400000;158;224.914100021124;288.509999275208;0
optimal;171.579999923706;2;409mb;8;SHUFFLE;true;24;24;7;2;7;0;1466060258;14400000;158;216.748500009999;288.509999275208;0
optimal;171.66999912262;2;409mb;8;SHUFFLE;true;24;24;7;2;7;0;1466060258;14400000;158;232.151800009888;288.439999580383;0
optimal;171.579999923706;2;409mb;8;SHUFFLE;true;24;24;7;2;7;0;1466060258;14400000;158;162.157199985813;288.579999923706;0
optimal;266.219999313354;2;491mb;8;SHUFFLE;true;24;24;7;2;7;0;81090621;28800000;159;281.629200035241;346.489999771118;0
optimal;263.189999580383;2;491mb;8;SHUFFLE;true;24;24;7;2;7;0;81090621;28800000;159;318.907500011846;346.699999809265;0
optimal;171.579999923706;2;409mb;8;SHUFFLE;true;24;24;7;2;7;0;1466060258;14400000;158;162.188199989032;288.439999580383;0
codegen_heavy;171.629999160767;2;409mb;8;BROADCAST;false;24;24;7;2;7;0;1466060258;14400000;158;468.73909997521;299.909999847412;0
optimal;171.579999923706;2;409mb;8;SHUFFLE;true;24;24;7;2;7;0;1466060258;14400000;158;161.765600030776;288.439999580383;0
optimal;171.579999923706;2;409mb;8;SHUFFLE;true;24;24;7;2;7;0;1466060258;14400000;158;226.893800019752;288.509999275208;0
optimal;254.029999732971;2;491mb;8;SHUFFLE;true;24;24;7;2;7;0;81090621;28800000;159;317.300499998964;345.779999732971;0
optimal;260.529999732971;2;491mb;8;SHUFFLE;true;24;24;7;2;7;0;81090621;28800000;159;313.044700014871;345.569999694824;0
optimal;257.579999923706;2;491mb;8;SHUFFLE;true;24;24;7;2;7;0;81090621;28800000;159;264.013399952091;347.619999885559;0
network_congestion;191.789999961853;2;409mb;8;BROADCAST;false;24;24;7;2;7;0;1466060258;14400000;158;1319.68020001659;298.079999923706;0
optimal;296.209999084473;2;514mb;8;SHUFFLE;true;24;24;7;2;7;0;81090757;28800000;174;319.736299978103;361.569999694824;0
optimal;179.639999389648;2;432mb;8;SHUFFLE;true;24;24;7;2;7;0;1466060394;14400000;174;181.514099997003;304.429999351501;0
codegen_heavy;179.639999389648;2;432mb;8;BROADCAST;false;24;24;7;2;7;0;1466060394;14400000;174;421.389899973292;317.91999912262;0
optimal;295.459999084473;2;514mb;8;SHUFFLE;true;24;24;7;2;7;0;81090757;28800000;174;326.355999975931;363.39999961853;0
network_congestion;289.089999198914;2;514mb;8;BROADCAST;false;24;24;7;2;7;0;81090757;28800000;174;660.05900001619;372.269999504089;0
optimal;179.639999389648;2;432mb;8;SHUFFLE;true;24;24;7;2;7;0;1466060394;14400000;174;214.818199980073;304.429999351501;0
optimal;179.639999389648;2;432mb;8;SHUFFLE;true;24;24;7;2;7;0;1466060394;14400000;174;230.836500006262;304.369999885559;0
optimal;221.259999275208;2;514mb;8;SHUFFLE;true;24;24;7;2;7;0;81090757;28800000;174;266.56489999732;361.709999084473;0
network_congestion;208.039999961853;2;432mb;8;BROADCAST;false;24;24;7;2;7;0;1466060394;14400000;174;1320.25260000955;315.029999732971;0
optimal;76.5499992370605;1;131mb;8;SHUFFLE;true;16;16;5;2;5;0;1454399392;14400000;141;29.7189999837428;65.9299993515015;0
codegen_heavy;76.6799993515015;2;150mb;8;BROADCAST;false;16;16;5;2;5;0;1454399392;14400000;141;468.54390000226;115.539999961853;0
optimal;87.8099994659424;2;146mb;8;SHUFFLE;true;16;16;5;2;5;0;60328097;28800000;138;45.8547999733128;111.839999198914;0
optimal;80.1599998474121;1;136mb;8;SHUFFLE;true;16;16;5;2;5;0;60328097;28800000;138;47.273599950131;70.1799993515015;0
optimal;76.9599990844727;1;132mb;8;BROADCAST;true;16;16;5;2;5;0;1454399392;14400000;141;29.1286000283435;66.2199993133545;0
optimal;76.5499992370605;1;131mb;8;SHUFFLE;true;16;16;5;2;5;0;1454399392;14400000;141;35.4701000032946;66.1799993515015;0
optimal;76.5499992370605;1;131mb;8;SHUFFLE;true;16;16;5;2;5;0;1454399392;14400000;141;44.3133999942802;66.1599998474121;0
optimal;87.8099994659424;1;146mb;8;SHUFFLE;true;16;16;5;2;5;0;60328097;28800000;138;32.7158999862149;77.8899993896484;0
optimal;76.6599998474121;1;131mb;8;BROADCAST;true;16;16;5;2;5;0;1454399392;14400000;141;29.5859000179917;65.9899997711182;0
optimal;76.1699991226196;1;131mb;8;SHUFFLE;true;16;16;5;2;5;0;1454399392;14400000;141;76.9583999644965;65.9599990844727;0
optimal;76.75;1;131mb;8;SHUFFLE;true;16;16;5;2;5;0;1454399392;14400000;141;30.816699960269;66.1399993896484;0
optimal;76.2599992752075;1;131mb;8;SHUFFLE;true;16;16;5;2;5;0;1454399392;14400000;141;43.9202000270598;66.2199993133545;0
optimal;76.6899995803833;1;131mb;8;SHUFFLE;true;16;16;5;2;5;0;1454399392;14400000;141;52.246900042519;66.1399993896484;0
optimal;76.6599998474121;1;131mb;8;SHUFFLE;true;16;16;5;2;5;0;1454399392;14400000;141;29.7467999625951;66.1899995803833;0
optimal;80.1599998474121;1;136mb;8;SHUFFLE;true;16;16;5;2;5;0;60328097;28800000;138;33.8379999739118;70.1499996185303;0
optimal;80.1599998474121;1;136mb;8;SHUFFLE;true;16;16;5;2;5;0;60328097;28800000;138;38.3837000117637;70.1299991607666;0
optimal;80.1599998474121;1;136mb;8;SHUFFLE;true;16;16;5;2;5;0;60328097;28800000;138;33.3963999873959;70.1599998474121;0
network_congestion;86.8499994277954;2;144mb;8;SHUFFLE;false;16;16;5;2;5;0;1454399392;14400000;141;971.202199987601;115.559999465942;0
optimal;76.9799995422363;1;132mb;8;BROADCAST;true;16;16;5;2;5;0;1454399392;14400000;141;36.0054000047967;66.1799993515015;0
optimal;80.1599998474121;1;136mb;8;SHUFFLE;true;16;16;5;2;5;0;60328097;28800000;138;40.5899999896064;70.1599998474121;0
network_congestion;87.4199991226196;2;145mb;8;SHUFFLE;false;16;16;5;2;5;0;1454399392;14400000;141;972.309599979781;113.89999961853;0
network_congestion;87.8999996185303;2;146mb;8;SHUFFLE;false;16;16;5;2;5;0;1454399392;14400000;141;915.968099958263;113.879999160767;0
optimal;85.5999994277954;1;143mb;8;SHUFFLE;true;16;12;5;2;5;0;1454399628;14400000;136;111.92110000411;70.4499998092651;0
optimal;87.0099992752075;1;145mb;8;SHUFFLE;true;16;12;5;2;5;0;1454399628;14400000;136;116.135399963241;70.4499998092651;0
optimal;85.3399991989136;1;142mb;8;SHUFFLE;true;16;12;5;2;5;0;1454399628;14400000;136;111.077799985651;70.4499998092651;0
optimal;85.4899997711182;1;143mb;8;SHUFFLE;true;16;12;5;2;5;0;1454399628;14400000;136;110.821300011594;70.4499998092651;0
optimal;86.3299999237061;1;144mb;8;SHUFFLE;true;16;12;5;2;5;0;1454399628;14400000;136;117.251800023951;70.4499998092651;0
network_congestion;102.439999580383;2;165mb;8;SHUFFLE;false;16;12;5;2;5;0;1454399628;14400000;136;1117.48439999064;131.799999237061;0
optimal;85.3299999237061;1;142mb;8;SHUFFLE;true;16;12;5;2;5;0;1454399628;14400000;136;143.019799957983;70.4799995422363;0
network_congestion;88.2199993133545;2;146mb;8;SHUFFLE;false;22;12;6;3;6;0;2258272184;7200000;119;818.211300007533;94.9799995422363;0
network_congestion;71.3499994277954;2;124mb;8;SHUFFLE;false;25;12;6;3;6;0;1103816394;3600000;106;624.032600026112;76.6299991607666;0
network_congestion;431.659999847412;2;729mb;8;BROADCAST;false;34;24;9;8;9;0;3110120070;14400000;120;585.296100005507;526.039999961853;0
optimal;417.39999961853;2;660mb;8;SHUFFLE;true;34;24;9;8;9;0;3110119950;14400000;80;168.664500000887;466.449999809265;0
network_congestion;430.059999465942;2;729mb;8;BROADCAST;false;34;24;9;8;9;0;3110120070;14400000;120;691.658600000665;526.519999504089;0
network_congestion;429.109999656677;2;729mb;8;BROADCAST;false;34;24;9;8;9;0;3110120070;14400000;120;518.527199979872;525.259999275208;0
network_congestion;414.25;2;660mb;8;BROADCAST;false;34;24;9;8;9;0;3110119950;14400000;80;869.037700002082;480.069999694824;0
network_congestion;423.609999656677;2;729mb;8;BROADCAST;false;34;24;9;8;9;0;3110120070;14400000;120;1222.44510002201;526.349999427795;0
network_congestion;429.629999160767;2;729mb;8;BROADCAST;false;34;24;9;8;9;0;3110120070;14400000;120;946.258400043007;524.91999912262;0
network_congestion;427.739999771118;2;729mb;8;BROADCAST;false;34;24;9;8;9;0;3110120070;14400000;120;1133.93920002272;523.75;0
optimal;32.2299995422363;1;73mb;8;SHUFFLE;true;12;12;4;2;4;0;1421599268;14400000;88;27.2572999820113;29.039999961853;0
optimal;32.2299995422363;1;73mb;8;SHUFFLE;true;12;12;4;2;4;0;1421599268;14400000;88;71.6609999653883;28.8399991989136;0
optimal;32.2299995422363;1;73mb;8;SHUFFLE;true;12;12;4;2;4;0;1421599268;14400000;88;30.9140000026673;29.039999961853;0
optimal;32.2299995422363;1;73mb;8;SHUFFLE;true;12;12;4;2;4;0;1421599268;14400000;88;29.5524000539444;29.039999961853;0
codegen_heavy;32.2299995422363;4;107mb;8;SHUFFLE;false;12;12;4;2;4;0;1421599268;14400000;88;274.333499954082;69.4299993515015;0
network_congestion;42.9699993133545;2;87mb;8;SHUFFLE;false;12;12;4;2;4;0;1421599268;14400000;88;572.113200032618;56.1699991226196;0
optimal;32.2299995422363;1;73mb;8;SHUFFLE;true;12;12;4;2;4;0;1421599268;14400000;88;17.8268000017852;29.039999961853;0
optimal;32.2299995422363;1;73mb;8;SHUFFLE;true;12;12;4;2;4;0;1421599268;14400000;88;29.0525000309572;29.039999961853;0
optimal;27.9799995422363;1;68mb;8;SHUFFLE;true;0;0;1;2;1;0;5830254;138000;36;51.8969999975525;26.8499994277954;0
optimal;27.9799995422363;1;68mb;8;SHUFFLE;true;0;0;1;2;1;0;5830254;138000;36;47.9855000157841;26.9199991226196;0
optimal;48.1899995803833;1;94mb;8;SHUFFLE;true;0;0;1;2;1;0;10381074;250000;36;114.817199995741;47.5599994659424;0
optimal;27.6099996566772;1;67mb;8;SHUFFLE;true;0;0;1;2;1;0;5830254;138000;36;114.471999986563;26.9199991226196;0
optimal;48.4699993133545;1;95mb;8;SHUFFLE;true;0;0;1;2;1;0;10381074;250000;36;114.190899999812;47.3499994277954;0
optimal;27.8399991989136;1;68mb;8;SHUFFLE;true;0;0;1;2;1;0;5830254;138000;36;46.6651999740861;26.9199991226196;0
optimal;48.3299999237061;1;94mb;8;SHUFFLE;true;0;0;1;2;1;0;10381074;250000;36;117.293899995275;47.4899997711182;0
optimal;28.0499992370605;1;68mb;8;SHUFFLE;true;0;0;1;2;1;0;5830254;138000;36;47.2751000197604;26.9199991226196;0
optimal;27.9799995422363;1;68mb;8;SHUFFLE;true;0;0;1;2;1;0;5830254;138000;36;47.1810000017285;26.9899997711182;0
optimal;27.9099998474121;1;68mb;8;SHUFFLE;true;0;0;1;2;1;0;5830254;138000;36;48.0728999827988;26.9899997711182;0
optimal;27.9099998474121;1;68mb;8;SHUFFLE;true;0;0;1;2;1;0;5830254;138000;36;79.7127000405453;26.9899997711182;0
optimal;27.9799995422363;1;68mb;8;SHUFFLE;true;0;0;1;2;1;0;5830254;138000;36;56.7975000012666;26.789999961853;0
optimal;28.6699991226196;1;69mb;8;SHUFFLE;true;0;0;1;2;1;0;5830254;138000;36;58.694800012745;26.9199991226196;0
optimal;28.0499992370605;1;68mb;8;SHUFFLE;true;0;0;1;2;1;0;5830254;138000;36;47.5610999856144;26.9899997711182;0
optimal;27.9799995422363;1;68mb;8;SHUFFLE;true;0;0;1;2;1;0;5830254;138000;36;53.0653999885544;26.9899997711182;0
optimal;28.0499992370605;1;68mb;8;SHUFFLE;true;0;0;1;2;1;0;5830254;138000;36;46.7412000289187;26.9899997711182;0
optimal;48.3999996185303;1;94mb;8;SHUFFLE;true;0;0;1;2;1;0;10381074;250000;36;113.240399979986;47.2099990844727;0
optimal;6.41999912261963;1;40mb;8;SHUFFLE;false;0;0;1;0;1;0;10380958;166;28;29.804400051944;6.38999938964844;0
optimal;6.4399995803833;1;40mb;8;SHUFFLE;false;0;0;1;0;1;0;10380958;180;28;19.9528000084683;6.38999938964844;0
optimal;6.42999935150146;1;40mb;8;SHUFFLE;false;0;0;1;0;1;0;5830138;201;28;20.1353000011295;6.3799991607666;0
optimal;6.42999935150146;1;40mb;8;SHUFFLE;false;0;0;1;0;1;0;5830138;216;28;15.272700053174;6.3799991607666;0
optimal;6.56999969482422;1;40mb;8;SHUFFLE;false;0;0;1;0;1;0;5830138;217;28;15.396700007841;6.3799991607666;0
optimal;6.54999923706055;1;40mb;8;SHUFFLE;false;0;0;1;0;1;0;5830138;313;28;15.6029000063427;6.3799991607666;0
optimal;6.42999935150146;1;40mb;8;SHUFFLE;false;0;0;1;0;1;0;5830138;366;28;17.9327999940142;6.3799991607666;0
optimal;6.55999946594238;1;40mb;8;SHUFFLE;false;0;0;1;0;1;0;10380958;392;28;18.1836999836378;6.38999938964844;0
optimal;6.48999977111816;1;40mb;8;SHUFFLE;false;0;0;1;0;1;0;5830138;428;28;15.6520000309683;6.3799991607666;0
optimal;6.56999969482422;1;40mb;8;SHUFFLE;false;0;0;1;0;1;0;5830138;443;28;26.6536000417545;6.3799991607666;0
optimal;6.53999996185303;1;40mb;8;SHUFFLE;false;0;0;1;0;1;0;10380958;444;28;18.6778999632224;6.40999984741211;0
optimal;6.42999935150146;1;40mb;8;SHUFFLE;false;0;0;1;0;1;0;5830138;484;28;15.8146999892779;6.3799991607666;0
optimal;6.48999977111816;1;40mb;8;SHUFFLE;false;0;0;1;0;1;0;5830110;59;28;19.1616999800317;6.36999988555908;0
optimal;6.41999912261963;1;40mb;8;SHUFFLE;false;0;0;1;0;1;0;10380930;77;28;40.4121999745257;6.36999988555908;0
optimal;6.48999977111816;1;40mb;8;SHUFFLE;false;0;0;1;0;1;0;5830110;97;28;19.0789999905974;6.36999988555908;0
optimal;15.5999994277954;1;52mb;8;SHUFFLE;true;0;0;1;2;1;0;5830154;138000;16;49.5822000084445;16.4199991226196;0
optimal;15.0999994277954;1;51mb;8;SHUFFLE;true;0;0;1;2;1;0;5830154;138000;16;50.0986999832094;16.3399991989136;0
optimal;15.8099994659424;1;52mb;8;SHUFFLE;true;0;0;1;2;1;0;5830154;138000;16;36.7541999439709;15.8299999237061;0
optimal;22.1199998855591;1;60mb;8;SHUFFLE;true;0;0;1;2;1;0;10380974;250000;16;58.059900009539;21.8099994659424;0
optimal;21.7699995040894;1;60mb;8;SHUFFLE;true;0;0;1;2;1;0;10380974;250000;16;61.8265999946743;22.1999998092651;0
optimal;22.1199998855591;1;60mb;8;SHUFFLE;true;0;0;1;2;1;0;10380974;250000;16;113.696499960497;21.7699995040894;0
optimal;16.0599994659424;1;52mb;8;SHUFFLE;true;0;0;1;2;1;0;5830154;138000;16;50.426299974788;16.1299991607666;0
optimal;16.1399993896484;1;52mb;8;SHUFFLE;true;0;0;1;2;1;0;5830154;138000;16;116.547799960244;16.0799999237061;0
optimal;21.8899993896484;1;60mb;8;SHUFFLE;true;0;0;1;2;1;0;10380974;250000;16;63.1381000275724;22.5199995040894;0
optimal;15.8299999237061;1;52mb;8;SHUFFLE;true;0;0;1;2;1;0;5830154;138000;16;49.9076999840327;16.3499994277954;0
optimal;15.8499994277954;1;52mb;8;SHUFFLE;true;0;0;1;2;1;0;5830154;138000;16;53.2223000191152;16.0999994277954;0
optimal;15.8499994277954;1;52mb;8;SHUFFLE;true;0;0;1;2;1;0;5830154;138000;16;66.3978999946266;16.1299991607666;0
optimal;16.0999994277954;1;52mb;8;SHUFFLE;true;0;0;1;2;1;0;5830154;138000;16;47.5578000186943;16.0999994277954;0
optimal;22.3199996948242;1;61mb;8;SHUFFLE;true;0;0;1;2;1;0;10380974;250000;16;115.276099997573;21.539999961853;0
optimal;16.0999994277954;1;52mb;8;SHUFFLE;true;0;0;1;2;1;0;5830154;138000;16;60.5340999900363;16.1399993896484;0
optimal;22.2799997329712;1;60mb;8;SHUFFLE;true;0;0;1;2;1;0;10380974;250000;16;57.7383000054397;21.7699995040894;0
optimal;16.3099994659424;1;53mb;8;SHUFFLE;true;0;0;1;2;1;0;5830154;138000;16;48.0659000459127;16.0799999237061;0
optimal;15.8299999237061;1;52mb;8;SHUFFLE;true;0;0;1;2;1;0;5830154;138000;16;35.8287999988534;16.3299999237061;0
optimal;15.5499992370605;1;52mb;8;SHUFFLE;true;0;0;1;2;1;0;5830154;138000;16;111.272000009194;16.4199991226196;0
optimal;21.2399997711182;1;59mb;8;SHUFFLE;true;0;0;1;2;1;0;10380974;250000;16;60.592700028792;21.8499994277954;0
optimal;3.02999973297119;1;35mb;8;SHUFFLE;false;0;0;1;0;1;0;10380918;186;8;482.98440000508;2.97999954223633;0
optimal;3.25;1;36mb;8;SHUFFLE;false;0;0;1;0;1;0;5830098;239;8;26.6711000003852;2.96999931335449;0
optimal;3.05999946594238;1;35mb;8;SHUFFLE;false;0;0;1;0;1;0;10380918;241;8;91.0238000215031;2.97999954223633;0
optimal;3.02999973297119;1;35mb;8;SHUFFLE;false;0;0;1;0;1;0;5830098;242;8;15.4868999961764;2.96999931335449;0
optimal;3.02999973297119;1;35mb;8;SHUFFLE;false;0;0;1;0;1;0;5830098;273;8;18.0526999756694;2.96999931335449;0
optimal;3.02999973297119;1;35mb;8;SHUFFLE;false;0;0;1;0;1;0;5830098;362;8;16.0062999930233;2.96999931335449;0
optimal;3.06999969482422;1;35mb;8;SHUFFLE;false;0;0;1;0;1;0;10380918;368;8;88.8363000121899;2.97999954223633;0
optimal;3.03999996185303;1;35mb;8;SHUFFLE;false;0;0;1;0;1;0;10380918;469;8;32.6491000014357;2.97999954223633;0
optimal;5.38999938964844;1;39mb;8;SHUFFLE;true;0;0;1;2;1;0;5830219;138000;29;26.1871999828145;4.45999908447266;0
optimal;5.38999938964844;1;39mb;8;SHUFFLE;true;0;0;1;2;1;0;5830219;138000;29;27.0069999969564;4.45999908447266;0
optimal;5.65999984741211;1;39mb;8;SHUFFLE;true;0;0;1;2;1;0;10381039;250000;29;47.2302000271156;4.73999977111816;0
optimal;5.63999938964844;1;39mb;8;SHUFFLE;true;0;0;1;2;1;0;10381039;250000;29;62.125800002832;4.73999977111816;0
optimal;5.38999938964844;1;39mb;8;SHUFFLE;true;0;0;1;2;1;0;5830219;138000;29;28.6221000133082;4.45999908447266;0
optimal;5.63999938964844;1;39mb;8;SHUFFLE;true;0;0;1;2;1;0;10381039;250000;29;40.0861999951303;4.73999977111816;0
optimal;5.38999938964844;1;39mb;8;SHUFFLE;true;0;0;1;2;1;0;5830219;138000;29;30.6811000336893;4.45999908447266;0
optimal;5.38999938964844;1;39mb;8;SHUFFLE;true;0;0;1;2;1;0;5830219;138000;29;29.5371999964118;4.45999908447266;0
optimal;5.38999938964844;1;39mb;8;SHUFFLE;true;0;0;1;2;1;0;5830219;138000;29;48.265999997966;4.45999908447266;0
optimal;5.38999938964844;1;39mb;8;SHUFFLE;true;0;0;1;2;1;0;5830219;138000;29;25.500199990347;4.45999908447266;0
optimal;5.38999938964844;1;39mb;8;SHUFFLE;true;0;0;1;2;1;0;5830219;138000;29;28.7762999651022;4.45999908447266;0
optimal;5.65999984741211;1;39mb;8;SHUFFLE;true;0;0;1;2;1;0;10381039;250000;29;38.5526999598369;4.73999977111816;0
optimal;5.63999938964844;1;39mb;8;SHUFFLE;true;0;0;1;2;1;0;10381039;250000;29;51.3001999934204;4.73999977111816;0
optimal;5.38999938964844;1;39mb;8;SHUFFLE;true;0;0;1;2;1;0;5830219;138000;29;38.6863000458106;4.45999908447266;0
optimal;5.38999938964844;1;39mb;8;SHUFFLE;true;0;0;1;2;1;0;5830219;138000;29;26.5507000149228;4.45999908447266;0
optimal;0.510019302368164;1;37mb;8;SHUFFLE;false;0;0;1;0;1;0;5830124;110;21;18.3364999829791;0.461191177368164;0
optimal;0.510019302368164;1;37mb;8;SHUFFLE;false;0;0;1;0;1;0;5830124;116;21;15.6972000258975;0.461191177368164;0
optimal;0.510019302368164;1;37mb;8;SHUFFLE;false;0;0;1;0;1;0;5830124;119;21;21.2976000038907;0.461191177368164;0
optimal;0.767831802368164;1;37mb;8;SHUFFLE;false;0;0;1;0;1;0;10380944;124;21;18.7359999981709;0.719003677368164;0
optimal;0.530527114868164;1;37mb;8;SHUFFLE;false;0;0;1;0;1;0;5830124;125;21;25.8866000222042;0.461191177368164;0
optimal;0.767831802368164;1;37mb;8;SHUFFLE;false;0;0;1;0;1;0;10380944;189;21;21.3524000137113;0.719003677368164;0
optimal;0.633066177368164;1;37mb;8;SHUFFLE;false;0;0;1;0;1;0;5830124;206;21;18.29129998805;0.461191177368164;0
optimal;0.510019302368164;1;37mb;8;SHUFFLE;false;0;0;1;0;1;0;5830124;208;21;16.548200044781;0.461191177368164;0
optimal;0.497323989868164;1;37mb;8;SHUFFLE;false;0;0;1;0;1;0;5830124;217;21;14.6073999931104;0.461191177368164;0
optimal;0.489511489868164;1;37mb;8;SHUFFLE;false;0;0;1;0;1;0;5830124;223;21;14.9734999868087;0.461191177368164;0
optimal;0.767831802368164;1;37mb;8;SHUFFLE;false;0;0;1;0;1;0;10380944;337;21;26.6260000062175;0.719003677368164;0
optimal;0.767831802368164;1;37mb;8;SHUFFLE;false;0;0;1;0;1;0;10380944;353;21;21.324299974367;0.719003677368164;0
optimal;0.715097427368164;1;37mb;8;SHUFFLE;false;0;0;1;0;1;0;5830124;367;21;19.465199962724;0.461191177368164;0
optimal;0.510019302368164;1;37mb;8;SHUFFLE;false;0;0;1;0;1;0;5830124;392;21;14.8804999771528;0.461191177368164;0
optimal;0.510019302368164;1;37mb;8;SHUFFLE;false;0;0;1;0;1;0;5830124;418;21;16.8012999929488;0.461191177368164;0
optimal;0.489511489868164;1;37mb;8;SHUFFLE;false;0;0;1;0;1;0;5830124;419;21;15.1726999902166;0.461191177368164;0
optimal;0.767831802368164;1;37mb;8;SHUFFLE;false;0;0;1;0;1;0;10380944;430;21;20.8432999788783;0.719003677368164;0
optimal;0.510019302368164;1;37mb;8;SHUFFLE;false;0;0;1;0;1;0;5830124;448;21;18.8019999768585;0.461191177368164;0
optimal;0.747323989868164;1;37mb;8;SHUFFLE;false;0;0;1;0;1;0;10380944;465;21;72.3792999633588;0.719003677368164;0
optimal;0.487714767456055;1;37mb;8;SHUFFLE;false;0;0;1;0;1;0;5830103;73;21;36.1309999716468;0.451581954956055;0
optimal;5.25999927520752;1;38mb;8;SHUFFLE;true;0;0;1;2;1;0;5830239;138000;33;28.4224000060931;4.17999935150146;0
optimal;5.26999950408936;1;38mb;8;SHUFFLE;true;0;0;1;2;1;0;10381059;250000;33;29.9019999802113;4.19999980926514;0
optimal;5.28999996185303;1;38mb;8;SHUFFLE;true;0;0;1;2;1;0;10381059;250000;33;27.5225000223145;4.19999980926514;0
optimal;5.25999927520752;1;38mb;8;SHUFFLE;true;0;0;1;2;1;0;5830239;138000;33;77.7715999865904;4.21999931335449;0
optimal;5.25999927520752;1;38mb;8;SHUFFLE;true;0;0;1;2;1;0;5830239;138000;33;26.8979999818839;4.17999935150146;0
optimal;5.25999927520752;1;38mb;8;SHUFFLE;true;0;0;1;2;1;0;5830239;138000;33;25.6445000413805;4.17999935150146;0
optimal;5.25999927520752;1;38mb;8;SHUFFLE;true;0;0;1;2;1;0;5830239;138000;33;28.0805000220425;4.17999935150146;0
optimal;5.26999950408936;1;38mb;8;SHUFFLE;true;0;0;1;2;1;0;10381059;250000;33;44.087199959904;4.19999980926514;0
optimal;5.28999996185303;1;38mb;8;SHUFFLE;true;0;0;1;2;1;0;10381059;250000;33;87.156200024765;4.19999980926514;0
optimal;5.28999996185303;1;38mb;8;SHUFFLE;true;0;0;1;2;1;0;10381059;250000;33;50.7117999950424;4.19999980926514;0
optimal;5.25999927520752;1;38mb;8;SHUFFLE;true;0;0;1;2;1;0;5830239;138000;33;26.2721000472084;4.1899995803833;0
optimal;5.25999927520752;1;38mb;8;SHUFFLE;true;0;0;1;2;1;0;5830239;138000;33;28.0013000010513;4.20999908447266;0
optimal;5.26999950408936;1;38mb;8;SHUFFLE;true;0;0;1;2;1;0;10381059;250000;33;40.4505000333302;4.19999980926514;0
optimal;0.233769416809082;1;36mb;8;SHUFFLE;false;0;0;1;0;1;0;10380952;113;25;22.2797999740578;0.184941291809082;0
optimal;0.213261604309082;1;36mb;8;SHUFFLE;false;0;0;1;0;1;0;5830132;148;25;17.9754000273533;0.177128791809082;0
optimal;0.254277229309082;1;36mb;8;SHUFFLE;false;0;0;1;0;1;0;5830132;186;25;15.6882000155747;0.177128791809082;0
optimal;0.225956916809082;1;36mb;8;SHUFFLE;false;0;0;1;0;1;0;5830132;243;25;15.2476000366732;0.177128791809082;0
optimal;0.225956916809082;1;36mb;8;SHUFFLE;false;0;0;1;0;1;0;5830132;254;25;15.2295000152662;0.177128791809082;0
optimal;0.233769416809082;1;36mb;8;SHUFFLE;false;0;0;1;0;1;0;5830132;273;25;28.2526999944821;0.177128791809082;0
optimal;0.213261604309082;1;36mb;8;SHUFFLE;false;0;0;1;0;1;0;5830132;286;25;16.5391000336967;0.177128791809082;0
optimal;0.246464729309082;1;36mb;8;SHUFFLE;false;0;0;1;0;1;0;5830132;302;25;15.0223000091501;0.177128791809082;0
optimal;0.236854553222656;1;36mb;8;SHUFFLE;false;0;0;1;0;1;0;10380927;64;25;15.8807000261731;0.167518615722656;0
optimal;0.216346740722656;1;36mb;8;SHUFFLE;false;0;0;1;0;1;0;5830107;90;25;15.510400000494;0.167518615722656;0
optimal;5.63999938964844;1;39mb;8;SHUFFLE;true;0;0;1;2;1;0;10381064;250000;34;37.9952000221238;4.80999946594238;0
optimal;5.38999938964844;1;39mb;8;SHUFFLE;true;0;0;1;2;1;0;5830244;138000;34;29.2143999831751;4.58999919891357;0
optimal;5.63999938964844;1;39mb;8;SHUFFLE;true;0;0;1;2;1;0;10381064;250000;34;42.0306999585591;4.80999946594238;0
optimal;5.38999938964844;1;39mb;8;SHUFFLE;true;0;0;1;2;1;0;5830244;138000;34;30.3668000269681;4.60999965667725;0
optimal;5.65999984741211;1;39mb;8;SHUFFLE;true;0;0;1;2;1;0;10381064;250000;34;40.9423999954015;4.80999946594238;0
optimal;5.38999938964844;1;39mb;8;SHUFFLE;true;0;0;1;2;1;0;5830244;138000;34;27.1980999968946;4.60999965667725;0
optimal;5.65999984741211;1;39mb;8;SHUFFLE;true;0;0;1;2;1;0;10381064;250000;34;55.754600034561;4.80999946594238;0
optimal;5.65999984741211;1;39mb;8;SHUFFLE;true;0;0;1;2;1;0;10381064;250000;34;44.1211000434123;4.80999946594238;0
optimal;5.63999938964844;1;39mb;8;SHUFFLE;true;0;0;1;2;1;0;10381064;250000;34;42.1396999736317;4.80999946594238;0
optimal;5.38999938964844;1;39mb;8;SHUFFLE;true;0;0;1;2;1;0;5830244;138000;34;39.704900002107;4.60999965667725;0
optimal;5.38999938964844;1;39mb;8;SHUFFLE;true;0;0;1;2;1;0;5830244;138000;34;28.3648000331596;4.58999919891357;0
optimal;5.38999938964844;1;39mb;8;SHUFFLE;true;0;0;1;2;1;0;5830244;138000;34;27.215999958571;4.60999965667725;0
optimal;5.38999938964844;1;39mb;8;SHUFFLE;true;0;0;1;2;1;0;5830244;138000;34;26.6068000346422;4.60999965667725;0
optimal;5.63999938964844;1;39mb;8;SHUFFLE;true;0;0;1;2;1;0;10381064;250000;34;42.8632000111975;4.80999946594238;0
optimal;0.815029144287109;1;33mb;8;SHUFFLE;false;0;0;1;0;1;0;10380954;111;26;19.0594000159763;0.766201019287109;0
optimal;0.598232269287109;1;37mb;8;SHUFFLE;false;0;0;1;0;1;0;5830134;163;26;26.5674999682233;0.508388519287109;0
optimal;0.557216644287109;1;37mb;8;SHUFFLE;false;0;0;1;0;1;0;5830134;203;26;16.7405999964103;0.508388519287109;0
optimal;0.557216644287109;1;37mb;8;SHUFFLE;false;0;0;1;0;1;0;5830134;223;26;19.2671000258997;0.508388519287109;0
optimal;0.925380706787109;1;33mb;8;SHUFFLE;false;0;0;1;0;1;0;10380954;258;26;23.1246000039391;0.766201019287109;0
optimal;0.577724456787109;1;37mb;8;SHUFFLE;false;0;0;1;0;1;0;5830134;262;26;14.9089000187814;0.508388519287109;0
optimal;0.557216644287109;1;37mb;8;SHUFFLE;false;0;0;1;0;1;0;5830134;266;26;18.6375000048429;0.508388519287109;0
optimal;0.815029144287109;1;33mb;8;SHUFFLE;false;0;0;1;0;1;0;10380954;292;26;18.6642999760807;0.766201019287109;0
optimal;0.557216644287109;1;37mb;8;SHUFFLE;false;0;0;1;0;1;0;5830134;296;26;15.4077999759465;0.508388519287109;0
optimal;0.557216644287109;1;37mb;8;SHUFFLE;false;0;0;1;0;1;0;5830134;303;26;15.9569000243209;0.508388519287109;0
optimal;0.846279144287109;1;33mb;8;SHUFFLE;false;0;0;1;0;1;0;10380954;321;26;25.8042000350542;0.766201019287109;0
optimal;0.557216644287109;1;37mb;8;SHUFFLE;false;0;0;1;0;1;0;5830134;339;26;29.4043000321835;0.508388519287109;0
optimal;0.822841644287109;1;33mb;8;SHUFFLE;false;0;0;1;0;1;0;10380954;392;26;24.0338000003248;0.766201019287109;0
optimal;0.577724456787109;1;37mb;8;SHUFFLE;false;0;0;1;0;1;0;5830134;403;26;17.1302999951877;0.508388519287109;0
optimal;0.557216644287109;1;37mb;8;SHUFFLE;false;0;0;1;0;1;0;5830134;419;26;18.0199999595061;0.508388519287109;0
optimal;0.802333831787109;1;33mb;8;SHUFFLE;false;0;0;1;0;1;0;10380954;449;26;17.9902999661863;0.766201019287109;0
optimal;0.565029144287109;1;37mb;8;SHUFFLE;false;0;0;1;0;1;0;5830134;450;26;16.438200022094;0.508388519287109;0
optimal;0.557216644287109;1;37mb;8;SHUFFLE;false;0;0;1;0;1;0;5830134;453;26;16.8740000226535;0.508388519287109;0
optimal;0.557216644287109;1;37mb;8;SHUFFLE;false;0;0;1;0;1;0;5830134;488;26;14.7381999995559;0.508388519287109;0
optimal;0.544521331787109;1;37mb;8;SHUFFLE;false;0;0;1;0;1;0;5830134;492;26;19.7263000300154;0.508388519287109;0
optimal;0.547607421875;1;37mb;8;SHUFFLE;false;0;0;1;0;1;0;5830108;96;26;16.772500006482;0.498779296875;0
optimal;5.11999988555908;1;38mb;8;SHUFFLE;true;0;0;1;2;1;0;5830134;138000;12;28.476600011345;4.25;0
optimal;5.13999938964844;1;38mb;8;SHUFFLE;true;0;0;1;2;1;0;10380954;250000;12;31.2367000151426;4.25999927520752;0
optimal;5.11999988555908;1;38mb;8;SHUFFLE;true;0;0;1;2;1;0;5830134;138000;12;30.3369999746792;4.25;0
optimal;5.11999988555908;1;38mb;8;SHUFFLE;true;0;0;1;2;1;0;5830134;138000;12;26.0476999683306;4.25;0
optimal;5.13999938964844;1;38mb;8;SHUFFLE;true;0;0;1;2;1;0;10380954;250000;12;40.690399997402;4.25999927520752;0
optimal;5.11999988555908;1;38mb;8;SHUFFLE;true;0;0;1;2;1;0;5830134;138000;12;25.8170999586582;4.25;0
optimal;5.13999938964844;1;38mb;8;SHUFFLE;true;0;0;1;2;1;0;10380954;250000;12;37.0934000238776;4.25999927520752;0
optimal;5.11999988555908;1;38mb;8;SHUFFLE;true;0;0;1;2;1;0;5830134;138000;12;27.0749000483193;4.25;0
optimal;5.13999938964844;1;38mb;8;SHUFFLE;true;0;0;1;2;1;0;10380954;250000;12;35.580999974627;4.25999927520752;0
optimal;5.11999988555908;1;38mb;8;SHUFFLE;true;0;0;1;2;1;0;5830134;138000;12;26.4778000419028;4.25;0
optimal;5.13999938964844;1;38mb;8;SHUFFLE;true;0;0;1;2;1;0;10380954;250000;12;42.5630999961868;4.25999927520752;0
optimal;5.11999988555908;1;38mb;8;SHUFFLE;true;0;0;1;2;1;0;5830134;138000;12;25.9015999617986;4.25;0
optimal;5.11999988555908;1;38mb;8;SHUFFLE;true;0;0;1;2;1;0;5830134;138000;12;25.6453000474721;4.25;0
optimal;5.11999988555908;1;38mb;8;SHUFFLE;true;0;0;1;2;1;0;10380954;250000;12;27.5197000009939;4.25999927520752;0
optimal;5.11999988555908;1;38mb;8;SHUFFLE;true;0;0;1;2;1;0;5830134;138000;12;27.0177999627776;4.25;0
optimal;5.11999988555908;1;38mb;8;SHUFFLE;true;0;0;1;2;1;0;5830134;138000;12;25.948700029403;4.25;0
optimal;5.11999988555908;1;38mb;8;SHUFFLE;true;0;0;1;2;1;0;5830134;138000;12;49.4658999959938;4.25;0
optimal;5.11999988555908;1;38mb;8;SHUFFLE;true;0;0;1;2;1;0;5830134;138000;12;30.1467999815941;4.25;0
optimal;5.11999988555908;1;38mb;8;SHUFFLE;true;0;0;1;2;1;0;5830134;138000;12;26.4906999655068;4.25;0
optimal;5.11999988555908;1;38mb;8;SHUFFLE;true;0;0;1;2;1;0;5830134;138000;12;25.946700014174;4.25;0
optimal;5.11999988555908;1;38mb;8;SHUFFLE;true;0;0;1;2;1;0;5830134;138000;12;34.8660000017844;4.25;0
optimal;5.13999938964844;1;38mb;8;SHUFFLE;true;0;0;1;2;1;0;10380954;250000;12;34.2933000065386;4.25999927520752;0
optimal;5.11999988555908;1;38mb;8;SHUFFLE;true;0;0;1;2;1;0;5830134;138000;12;29.3564000166953;4.25;0
optimal;0.264842987060547;1;36mb;8;SHUFFLE;false;0;0;1;0;1;0;10380910;160;4;27.9872000101022;0.231639862060547;0
optimal;0.257030487060547;1;36mb;8;SHUFFLE;false;0;0;1;0;1;0;5830090;225;4;18.5220999992453;0.223827362060547;0
optimal;0.257030487060547;1;36mb;8;SHUFFLE;false;0;0;1;0;1;0;5830090;256;4;14.7559000179172;0.223827362060547;0
optimal;0.252147674560547;1;36mb;8;SHUFFLE;false;0;0;1;0;1;0;5830090;263;4;15.697100025136;0.223827362060547;0
optimal;0.269725799560547;1;36mb;8;SHUFFLE;false;0;0;1;0;1;0;5830090;338;4;15.7303000451066;0.223827362060547;0
optimal;0.264842987060547;1;36mb;8;SHUFFLE;false;0;0;1;0;1;0;10380910;340;4;36.7919999989681;0.231639862060547;0
optimal;0.257030487060547;1;36mb;8;SHUFFLE;false;0;0;1;0;1;0;5830090;343;4;20.9075000020675;0.223827362060547;0
optimal;0.244335174560547;1;36mb;8;SHUFFLE;false;0;0;1;0;1;0;5830090;345;4;15.842100023292;0.223827362060547;0
optimal;0.257030487060547;1;36mb;8;SHUFFLE;false;0;0;1;0;1;0;5830090;356;4;20.1077000238001;0.223827362060547;0
optimal;0.264842987060547;1;36mb;8;SHUFFLE;false;0;0;1;0;1;0;10380910;376;4;40.218600013759;0.231639862060547;0
optimal;0.244335174560547;1;36mb;8;SHUFFLE;false;0;0;1;0;1;0;5830090;396;4;15.8042999682948;0.223827362060547;0
optimal;0.244335174560547;1;36mb;8;SHUFFLE;false;0;0;1;0;1;0;5830090;461;4;15.4402999905869;0.223827362060547;0
optimal;0.302928924560547;1;36mb;8;SHUFFLE;false;0;0;1;0;1;0;10380910;487;4;21.2601000093855;0.231639862060547;0
optimal;0.232030868530273;1;36mb;8;SHUFFLE;false;0;0;1;0;1;0;10380906;84;4;18.4411000227556;0.198827743530273;0
optimal;5.28999996185303;1;38mb;8;SHUFFLE;true;0;0;1;2;1;0;10381039;250000;29;58.9621000108309;4.25999927520752;0
optimal;5.25999927520752;1;38mb;8;SHUFFLE;true;0;0;1;2;1;0;5830219;138000;29;27.7639999985695;4.22999954223633;0
optimal;5.25999927520752;1;38mb;8;SHUFFLE;true;0;0;1;2;1;0;5830219;138000;29;28.6856999737211;4.22999954223633;0
optimal;5.25999927520752;1;38mb;8;SHUFFLE;true;0;0;1;2;1;0;5830219;138000;29;31.0830000089481;4.22999954223633;0
optimal;5.25999927520752;1;38mb;8;SHUFFLE;true;0;0;1;2;1;0;5830219;138000;29;35.0575000047684;4.22999954223633;0
optimal;5.25999927520752;1;38mb;8;SHUFFLE;true;0;0;1;2;1;0;5830219;138000;29;31.031200021971;4.22999954223633;0
optimal;5.25999927520752;1;38mb;8;SHUFFLE;true;0;0;1;2;1;0;5830219;138000;29;26.4165999833494;4.22999954223633;0
optimal;5.26999950408936;1;38mb;8;SHUFFLE;true;0;0;1;2;1;0;10381039;250000;29;40.1744999689981;4.25999927520752;0
optimal;5.25999927520752;1;38mb;8;SHUFFLE;true;0;0;1;2;1;0;5830219;138000;29;46.6670999885537;4.22999954223633;0
optimal;5.25999927520752;1;38mb;8;SHUFFLE;true;0;0;1;2;1;0;5830219;138000;29;26.4494000002742;4.22999954223633;0
optimal;5.25999927520752;1;38mb;8;SHUFFLE;true;0;0;1;2;1;0;5830219;138000;29;28.9805000065826;4.22999954223633;0
optimal;5.25999927520752;1;38mb;8;SHUFFLE;true;0;0;1;2;1;0;5830219;138000;29;25.9728000382893;4.22999954223633;0
optimal;5.25999927520752;1;38mb;8;SHUFFLE;true;0;0;1;2;1;0;5830219;138000;29;32.0892999880016;4.22999954223633;0
optimal;5.25999927520752;1;38mb;8;SHUFFLE;true;0;0;1;2;1;0;5830219;138000;29;35.5834999936633;4.22999954223633;0
optimal;0.254980087280273;1;36mb;8;SHUFFLE;false;0;0;1;0;1;0;5830124;160;21;15.0661999941804;0.206151962280273;0
optimal;0.262792587280273;1;36mb;8;SHUFFLE;false;0;0;1;0;1;0;10380944;212;21;20.369199977722;0.213964462280273;0
optimal;0.275487899780273;1;36mb;8;SHUFFLE;false;0;0;1;0;1;0;5830124;215;21;15.3301000245847;0.206151962280273;0
optimal;0.262792587280273;1;36mb;8;SHUFFLE;false;0;0;1;0;1;0;10380944;306;21;16.7998999822885;0.213964462280273;0
optimal;0.254980087280273;1;36mb;8;SHUFFLE;false;0;0;1;0;1;0;5830124;316;21;14.6670999820344;0.206151962280273;0
optimal;0.254980087280273;1;36mb;8;SHUFFLE;false;0;0;1;0;1;0;5830124;346;21;45.2865000115708;0.206151962280273;0
optimal;0.254980087280273;1;36mb;8;SHUFFLE;false;0;0;1;0;1;0;5830124;380;21;19.5202000322752;0.206151962280273;0
optimal;0.262792587280273;1;36mb;8;SHUFFLE;false;0;0;1;0;1;0;10380944;403;21;16.8300999794155;0.213964462280273;0
optimal;0.254980087280273;1;36mb;8;SHUFFLE;false;0;0;1;0;1;0;5830124;407;21;18.551999994088;0.206151962280273;0
optimal;0.275487899780273;1;36mb;8;SHUFFLE;false;0;0;1;0;1;0;5830124;414;21;18.9980000141077;0.206151962280273;0
optimal;0.254980087280273;1;36mb;8;SHUFFLE;false;0;0;1;0;1;0;5830124;426;21;16.0409999662079;0.206151962280273;0
optimal;0.275487899780273;1;36mb;8;SHUFFLE;false;0;0;1;0;1;0;5830124;461;21;16.2822999991477;0.206151962280273;0
optimal;0.245370864868164;1;36mb;8;SHUFFLE;false;0;0;1;0;1;0;5830103;56;21;16.3949999841861;0.196542739868164;0
optimal;5.25999927520752;1;38mb;8;SHUFFLE;true;0;0;1;2;1;0;5830184;138000;22;25.6483999546617;4.32999992370605;0
optimal;5.38999938964844;1;39mb;8;SHUFFLE;true;0;0;1;2;1;0;10381004;250000;22;40.8407999784686;4.40999984741211;0
optimal;5.25999927520752;1;38mb;8;SHUFFLE;true;0;0;1;2;1;0;5830184;138000;22;26.5333999996074;4.32999992370605;0
optimal;5.25999927520752;1;38mb;8;SHUFFLE;true;0;0;1;2;1;0;5830184;138000;22;27.9548999969848;4.32999992370605;0
optimal;5.38999938964844;1;39mb;8;SHUFFLE;true;0;0;1;2;1;0;10381004;250000;22;39.2400000127964;4.40999984741211;0
optimal;5.25999927520752;1;38mb;8;SHUFFLE;true;0;0;1;2;1;0;5830184;138000;22;27.7875000028871;4.32999992370605;0
optimal;5.40999984741211;1;39mb;8;SHUFFLE;true;0;0;1;2;1;0;10381004;250000;22;39.193200005684;4.40999984741211;0
optimal;5.25999927520752;1;38mb;8;SHUFFLE;true;0;0;1;2;1;0;5830184;138000;22;37.7174000022933;4.32999992370605;0
optimal;5.25999927520752;1;38mb;8;SHUFFLE;true;0;0;1;2;1;0;5830184;138000;22;26.212900003884;4.32999992370605;0
optimal;5.40999984741211;1;39mb;8;SHUFFLE;true;0;0;1;2;1;0;10381004;250000;22;38.3507999940775;4.40999984741211;0
optimal;5.38999938964844;1;39mb;8;SHUFFLE;true;0;0;1;2;1;0;10381004;250000;22;52.0318999770097;4.40999984741211;0
optimal;5.25999927520752;1;38mb;8;SHUFFLE;true;0;0;1;2;1;0;5830184;138000;22;25.3854999900796;4.32999992370605;0
optimal;5.25999927520752;1;38mb;8;SHUFFLE;true;0;0;1;2;1;0;5830184;138000;22;37.4370000208728;4.32999992370605;0
optimal;5.25999927520752;1;38mb;8;SHUFFLE;true;0;0;1;2;1;0;5830184;138000;22;46.3245999999344;4.32999992370605;0
optimal;0.44505786895752;1;37mb;8;SHUFFLE;false;0;0;1;0;1;0;10380930;182;14;20.0282000005245;0.39622974395752;0
optimal;0.31224536895752;1;36mb;8;SHUFFLE;false;0;0;1;0;1;0;5830110;188;14;14.9559000274166;0.26341724395752;0
optimal;0.44505786895752;1;37mb;8;SHUFFLE;false;0;0;1;0;1;0;10380930;223;14;24.6982999960892;0.39622974395752;0
optimal;0.31224536895752;1;36mb;8;SHUFFLE;false;0;0;1;0;1;0;5830110;265;14;18.8602000125684;0.26341724395752;0
optimal;0.48607349395752;1;37mb;8;SHUFFLE;false;0;0;1;0;1;0;10380930;271;14;45.7498000469059;0.39622974395752;0
optimal;0.32005786895752;1;36mb;8;SHUFFLE;false;0;0;1;0;1;0;5830110;376;14;16.2650999845937;0.26341724395752;0
optimal;0.31224536895752;1;36mb;8;SHUFFLE;false;0;0;1;0;1;0;5830110;399;14;15.9271000302397;0.26341724395752;0
optimal;0.31224536895752;1;36mb;8;SHUFFLE;false;0;0;1;0;1;0;5830110;421;14;17.6940999808721;0.26341724395752;0
optimal;0.32005786895752;1;36mb;8;SHUFFLE;false;0;0;1;0;1;0;5830110;428;14;20.3734000097029;0.26341724395752;0
optimal;0.46556568145752;1;37mb;8;SHUFFLE;false;0;0;1;0;1;0;10380930;466;14;16.0556999617256;0.39622974395752;0
optimal;0.44814395904541;1;37mb;8;SHUFFLE;false;0;0;1;0;1;0;10380916;61;14;18.684700015001;0.37880802154541;0
optimal;0.42763614654541;1;37mb;8;SHUFFLE;false;0;0;1;0;1;0;10380916;62;14;18.7021999736317;0.37880802154541;0
optimal;0.41494083404541;1;37mb;8;SHUFFLE;false;0;0;1;0;1;0;10380916;82;14;15.37089998601;0.37880802154541;0
optimal;5.78999996185303;1;39mb;8;SHUFFLE;true;0;0;1;2;1;0;10381039;250000;29;48.5686999745667;5.06999969482422;0
optimal;5.77999973297119;1;39mb;8;SHUFFLE;true;0;0;1;2;1;0;5830219;138000;29;36.5197999635711;4.9399995803833;0
optimal;5.78999996185303;1;39mb;8;SHUFFLE;true;0;0;1;2;1;0;10381039;250000;29;40.6259000301361;5.06999969482422;0
optimal;5.77999973297119;1;39mb;8;SHUFFLE;true;0;0;1;2;1;0;5830219;138000;29;26.8116999650374;4.9399995803833;0
optimal;5.78999996185303;1;39mb;8;SHUFFLE;true;0;0;1;2;1;0;10381039;250000;29;61.8300000205636;5.06999969482422;0
optimal;5.79999923706055;1;39mb;8;SHUFFLE;true;0;0;1;2;1;0;10381039;250000;29;40.7665999955498;5.06999969482422;0
optimal;5.78999996185303;1;39mb;8;SHUFFLE;true;0;0;1;2;1;0;10381039;250000;29;50.1114999642596;5.06999969482422;0
optimal;5.77999973297119;1;39mb;8;SHUFFLE;true;0;0;1;2;1;0;5830219;138000;29;27.1797999739647;4.9399995803833;0
optimal;5.91999912261963;1;39mb;8;SHUFFLE;true;0;0;1;2;1;0;10381039;250000;29;39.5766000146978;5.06999969482422;0
optimal;1.06999969482422;1;33mb;8;SHUFFLE;false;0;0;1;0;1;0;10380944;201;21;19.4126000278629;0.947089195251465;0
optimal;0.988104820251465;1;33mb;8;SHUFFLE;false;0;0;1;0;1;0;5830124;214;21;17.6984000136144;0.939276695251465;0
optimal;0.988104820251465;1;33mb;8;SHUFFLE;false;0;0;1;0;1;0;5830124;261;21;18.3029000181705;0.939276695251465;0
optimal;1.03999996185303;1;33mb;8;SHUFFLE;false;0;0;1;0;1;0;5830124;330;21;18.3306999970227;0.939276695251465;0
optimal;0.967597007751465;1;33mb;8;SHUFFLE;false;0;0;1;0;1;0;5830124;344;21;31.2062999582849;0.939276695251465;0
optimal;0.988104820251465;1;33mb;8;SHUFFLE;false;0;0;1;0;1;0;5830124;355;21;15.0303000118583;0.939276695251465;0
optimal;0.975409507751465;1;33mb;8;SHUFFLE;false;0;0;1;0;1;0;5830124;377;21;15.3478999854997;0.939276695251465;0
optimal;0.988104820251465;1;33mb;8;SHUFFLE;false;0;0;1;0;1;0;5830124;398;21;16.1179999704473;0.939276695251465;0
optimal;0.975409507751465;1;33mb;8;SHUFFLE;false;0;0;1;0;1;0;5830124;433;21;18.723500019405;0.939276695251465;0
optimal;0.995917320251465;1;33mb;8;SHUFFLE;false;0;0;1;0;1;0;10380944;451;21;20.096399995964;0.947089195251465;0
optimal;0.995917320251465;1;33mb;8;SHUFFLE;false;0;0;1;0;1;0;10380944;475;21;16.9127999688499;0.947089195251465;0
optimal;1;1;33mb;8;SHUFFLE;false;0;0;1;0;1;0;10380944;494;21;20.2371000195853;0.947089195251465;0
optimal;1.10999965667725;1;33mb;8;SHUFFLE;false;0;0;1;0;1;0;10380944;497;21;19.9716999777593;0.947089195251465;0
optimal;0.978495597839355;1;33mb;8;SHUFFLE;false;0;0;1;0;1;0;5830103;84;21;22.2018000204116;0.929667472839355;0
optimal;0.978495597839355;1;33mb;8;SHUFFLE;false;0;0;1;0;1;0;5830103;91;21;14.7759999963455;0.929667472839355;0
optimal;5.38999938964844;1;39mb;8;SHUFFLE;true;0;0;1;2;1;0;5830189;138000;23;36.8434000411071;4.45999908447266;0
optimal;5.65999984741211;1;39mb;8;SHUFFLE;true;0;0;1;2;1;0;10381009;250000;23;40.0704999919981;4.72999954223633;0
optimal;5.38999938964844;1;39mb;8;SHUFFLE;true;0;0;1;2;1;0;5830189;138000;23;48.8344999612309;4.45999908447266;0
optimal;5.38999938964844;1;39mb;8;SHUFFLE;true;0;0;1;2;1;0;5830189;138000;23;32.5253999908455;4.45999908447266;0
optimal;5.38999938964844;1;39mb;8;SHUFFLE;true;0;0;1;2;1;0;5830189;138000;23;43.968899990432;4.45999908447266;0
optimal;5.38999938964844;1;39mb;8;SHUFFLE;true;0;0;1;2;1;0;5830189;138000;23;48.7893999670632;4.45999908447266;0
optimal;5.38999938964844;1;39mb;8;SHUFFLE;true;0;0;1;2;1;0;5830189;138000;23;25.8629000163637;4.45999908447266;0
optimal;5.38999938964844;1;39mb;8;SHUFFLE;true;0;0;1;2;1;0;5830189;138000;23;26.6864000004716;4.45999908447266;0
optimal;5.63999938964844;1;39mb;8;SHUFFLE;true;0;0;1;2;1;0;10381009;250000;23;40.7795999781229;4.72999954223633;0
optimal;5.65999984741211;1;39mb;8;SHUFFLE;true;0;0;1;2;1;0;10381009;250000;23;42.1325999777764;4.72999954223633;0
optimal;5.63999938964844;1;39mb;8;SHUFFLE;true;0;0;1;2;1;0;10381009;250000;23;45.3954000258818;4.72999954223633;0
optimal;5.38999938964844;1;39mb;8;SHUFFLE;true;0;0;1;2;1;0;5830189;138000;23;26.5373000293039;4.45999908447266;0
optimal;5.38999938964844;1;39mb;8;SHUFFLE;true;0;0;1;2;1;0;5830189;138000;23;26.1164999683388;4.45999908447266;0
optimal;5.38999938964844;1;39mb;8;SHUFFLE;true;0;0;1;2;1;0;5830189;138000;23;28.0710000079125;4.45999908447266;0
optimal;0.507743835449219;1;37mb;8;SHUFFLE;false;0;0;1;0;1;0;5830112;118;15;14.8115000338294;0.458915710449219;0
optimal;0.507743835449219;1;37mb;8;SHUFFLE;false;0;0;1;0;1;0;5830112;138;15;18.1804000167176;0.458915710449219;0
optimal;0.507743835449219;1;37mb;8;SHUFFLE;false;0;0;1;0;1;0;5830112;172;15;14.5454999874346;0.458915710449219;0
optimal;0.507743835449219;1;37mb;8;SHUFFLE;false;0;0;1;0;1;0;5830112;181;15;15.3423000010662;0.458915710449219;0
optimal;0.765556335449219;1;37mb;8;SHUFFLE;false;0;0;1;0;1;0;10380932;187;15;17.9394999868236;0.716728210449219;0
optimal;0.507743835449219;1;37mb;8;SHUFFLE;false;0;0;1;0;1;0;5830112;188;15;15.41079999879;0.458915710449219;0
optimal;0.671806335449219;1;37mb;8;SHUFFLE;false;0;0;1;0;1;0;5830112;227;15;18.1341000134125;0.458915710449219;0
optimal;0.765556335449219;1;37mb;8;SHUFFLE;false;0;0;1;0;1;0;10380932;272;15;39.9708999902941;0.716728210449219;0
optimal;0.507743835449219;1;37mb;8;SHUFFLE;false;0;0;1;0;1;0;5830112;285;15;17.0535999932326;0.458915710449219;0
optimal;0.536064147949219;1;37mb;8;SHUFFLE;false;0;0;1;0;1;0;5830112;404;15;22.0329000148922;0.458915710449219;0
optimal;0.528251647949219;1;37mb;8;SHUFFLE;false;0;0;1;0;1;0;5830112;428;15;15.4855000437237;0.458915710449219;0
optimal;0.765556335449219;1;37mb;8;SHUFFLE;false;0;0;1;0;1;0;10380932;471;15;18.879699986428;0.716728210449219;0
optimal;0.507743835449219;1;37mb;8;SHUFFLE;false;0;0;1;0;1;0;5830112;484;15;17.303999979049;0.458915710449219;0
optimal;0.498134613037109;1;37mb;8;SHUFFLE;false;0;0;1;0;1;0;5830097;52;15;18.3417999651283;0.449306488037109;0
optimal;0.498134613037109;1;37mb;8;SHUFFLE;false;0;0;1;0;1;0;5830097;93;15;14.985199959483;0.449306488037109;0
optimal;5.38999938964844;1;39mb;8;SHUFFLE;true;0;0;1;2;1;0;10381014;250000;24;44.9118000105955;4.39999961853027;0
optimal;5.38999938964844;1;39mb;8;SHUFFLE;true;0;0;1;2;1;0;10381014;250000;24;41.6281999787316;4.39999961853027;0
optimal;5.25999927520752;1;38mb;8;SHUFFLE;true;0;0;1;2;1;0;5830194;138000;24;25.7844000007026;4.29999923706055;0
optimal;5.38999938964844;1;39mb;8;SHUFFLE;true;0;0;1;2;1;0;10381014;250000;24;45.3301999950781;4.39999961853027;0
optimal;5.25999927520752;1;38mb;8;SHUFFLE;true;0;0;1;2;1;0;5830194;138000;24;26.1160000227392;4.29999923706055;0
optimal;5.38999938964844;1;39mb;8;SHUFFLE;true;0;0;1;2;1;0;10381014;250000;24;44.9725000071339;4.39999961853027;0
optimal;5.25999927520752;1;38mb;8;SHUFFLE;true;0;0;1;2;1;0;5830194;138000;24;26.1526000103913;4.29999923706055;0
optimal;5.38999938964844;1;39mb;8;SHUFFLE;true;0;0;1;2;1;0;10381014;250000;24;40.980199992191;4.39999961853027;0
optimal;5.25999927520752;1;38mb;8;SHUFFLE;true;0;0;1;2;1;0;5830194;138000;24;36.9788999669254;4.29999923706055;0
optimal;5.38999938964844;1;39mb;8;SHUFFLE;true;0;0;1;2;1;0;10381014;250000;24;39.3831999972463;4.39999961853027;0
optimal;5.25999927520752;1;38mb;8;SHUFFLE;true;0;0;1;2;1;0;5830194;138000;24;25.1421000575647;4.29999923706055;0
optimal;5.25999927520752;1;38mb;8;SHUFFLE;true;0;0;1;2;1;0;5830194;138000;24;25.8419000310823;4.29999923706055;0
optimal;5.25999927520752;1;38mb;8;SHUFFLE;true;0;0;1;2;1;0;5830194;138000;24;36.2529000267386;4.29999923706055;0
optimal;0.285018920898438;1;36mb;8;SHUFFLE;false;0;0;1;0;1;0;5830114;113;16;15.6779000535607;0.248886108398438;0
optimal;0.584823608398438;1;36mb;8;SHUFFLE;false;0;0;1;0;1;0;5830114;163;16;19.1041000070982;0.248886108398438;0
optimal;0.297714233398438;1;36mb;8;SHUFFLE;false;0;0;1;0;1;0;5830114;168;16;16.6419000015594;0.248886108398438;0
optimal;0.430526733398438;1;37mb;8;SHUFFLE;false;0;0;1;0;1;0;10380934;169;16;17.2200999804772;0.381698608398438;0
optimal;0.417831420898438;1;37mb;8;SHUFFLE;false;0;0;1;0;1;0;10380934;178;16;19.326200010255;0.381698608398438;0
optimal;0.417831420898438;1;37mb;8;SHUFFLE;false;0;0;1;0;1;0;10380934;195;16;18.0813999613747;0.381698608398438;0
optimal;0.461776733398438;1;36mb;8;SHUFFLE;false;0;0;1;0;1;0;5830114;219;16;17.148700018879;0.248886108398438;0
optimal;0.430526733398438;1;37mb;8;SHUFFLE;false;0;0;1;0;1;0;10380934;303;16;18.2900000363588;0.381698608398438;0
optimal;0.297714233398438;1;36mb;8;SHUFFLE;false;0;0;1;0;1;0;5830114;320;16;15.9301999956369;0.248886108398438;0
optimal;0.297714233398438;1;36mb;8;SHUFFLE;false;0;0;1;0;1;0;5830114;355;16;16.2409999757074;0.248886108398438;0
optimal;0.417831420898438;1;37mb;8;SHUFFLE;false;0;0;1;0;1;0;10380934;402;16;38.5110999923199;0.381698608398438;0
optimal;0.430526733398438;1;37mb;8;SHUFFLE;false;0;0;1;0;1;0;10380934;415;16;19.2736000171863;0.381698608398438;0
optimal;0.297714233398438;1;36mb;8;SHUFFLE;false;0;0;1;0;1;0;5830114;443;16;19.8442999972031;0.248886108398438;0
optimal;0.277206420898438;1;36mb;8;SHUFFLE;false;0;0;1;0;1;0;5830114;450;16;15.218399988953;0.248886108398438;0
optimal;0.451034545898438;1;37mb;8;SHUFFLE;false;0;0;1;0;1;0;10380934;454;16;15.8386999974027;0.381698608398438;0
optimal;0.297714233398438;1;36mb;8;SHUFFLE;false;0;0;1;0;1;0;5830114;473;16;37.131299963221;0.248886108398438;0
optimal;0.288105010986328;1;36mb;8;SHUFFLE;false;0;0;1;0;1;0;5830098;72;16;15.3199000051245;0.239276885986328;0
optimal;5.38999938964844;2;39mb;8;SHUFFLE;false;0;0;1;2;1;0;10381034;250000;28;336.389300005976;5.38999938964844;0
optimal;5.38999938964844;1;39mb;8;SHUFFLE;true;0;0;1;2;1;0;10381034;250000;28;37.6769999857061;4.41999912261963;0
optimal;5.40999984741211;1;39mb;8;SHUFFLE;true;0;0;1;2;1;0;10381034;250000;28;42.211199994199;4.41999912261963;0
optimal;5.25999927520752;1;38mb;8;SHUFFLE;true;0;0;1;2;1;0;5830214;138000;28;25.8922000066377;4.32999992370605;0
optimal;5.38999938964844;1;39mb;8;SHUFFLE;true;0;0;1;2;1;0;10381034;250000;28;41.7513999855146;4.41999912261963;0
optimal;5.40999984741211;1;39mb;8;SHUFFLE;true;0;0;1;2;1;0;10381034;250000;28;55.773500003852;4.41999912261963;0
optimal;5.25999927520752;1;38mb;8;SHUFFLE;true;0;0;1;2;1;0;5830214;138000;28;30.7400000165217;4.32999992370605;0
optimal;5.40999984741211;1;39mb;8;SHUFFLE;true;0;0;1;2;1;0;10381034;250000;28;41.2122000125237;4.41999912261963;0
optimal;5.38999938964844;1;39mb;8;SHUFFLE;true;0;0;1;2;1;0;10381034;250000;28;65.5065000173636;4.41999912261963;0
optimal;5.38999938964844;1;39mb;8;SHUFFLE;true;0;0;1;2;1;0;10381034;250000;28;40.7142000040039;4.41999912261963;0
optimal;5.38999938964844;1;39mb;8;SHUFFLE;true;0;0;1;2;1;0;10381034;250000;28;68.5282999766059;4.41999912261963;0
optimal;5.25999927520752;1;38mb;8;SHUFFLE;true;0;0;1;2;1;0;5830214;138000;28;30.0217000185512;4.32999992370605;0
optimal;5.25999927520752;1;38mb;8;SHUFFLE;true;0;0;1;2;1;0;5830214;138000;28;29.088800016325;4.32999992370605;0
optimal;5.25999927520752;1;38mb;8;SHUFFLE;true;0;0;1;2;1;0;5830214;138000;28;31.7641000146978;4.32999992370605;0
optimal;5.25999927520752;1;38mb;8;SHUFFLE;true;0;0;1;2;1;0;5830214;138000;28;28.2753999927081;4.32999992370605;0
optimal;0.367841720581055;1;36mb;8;SHUFFLE;false;0;0;1;0;1;0;5830122;106;20;19.5974999805912;0.277997970581055;0
optimal;0.326826095581055;1;36mb;8;SHUFFLE;false;0;0;1;0;1;0;5830122;141;20;18.6608000076376;0.277997970581055;0
optimal;0.644208908081055;1;37mb;8;SHUFFLE;false;0;0;1;0;1;0;10380942;183;20;18.825699982699;0.410810470581055;0
optimal;0.306318283081055;1;36mb;8;SHUFFLE;false;0;0;1;0;1;0;5830122;213;20;22.5078000221401;0.277997970581055;0
optimal;0.326826095581055;1;36mb;8;SHUFFLE;false;0;0;1;0;1;0;5830122;267;20;16.3507999968715;0.277997970581055;0
optimal;0.459638595581055;1;37mb;8;SHUFFLE;false;0;0;1;0;1;0;10380942;280;20;17.4267999827862;0.410810470581055;0
optimal;0.480146408081055;1;37mb;8;SHUFFLE;false;0;0;1;0;1;0;10380942;304;20;16.5175000438467;0.410810470581055;0
optimal;0.306318283081055;1;36mb;8;SHUFFLE;false;0;0;1;0;1;0;5830122;334;20;18.2747999788262;0.277997970581055;0
optimal;0.459638595581055;1;37mb;8;SHUFFLE;false;0;0;1;0;1;0;10380942;352;20;17.8046999499202;0.410810470581055;0
optimal;0.306318283081055;1;36mb;8;SHUFFLE;false;0;0;1;0;1;0;5830122;359;20;16.175500000827;0.277997970581055;0
optimal;0.326826095581055;1;36mb;8;SHUFFLE;false;0;0;1;0;1;0;5830122;364;20;19.1319999867119;0.277997970581055;0
optimal;0.306318283081055;1;36mb;8;SHUFFLE;false;0;0;1;0;1;0;5830122;411;20;15.3959000017494;0.277997970581055;0
optimal;0.445106506347656;1;37mb;8;SHUFFLE;false;0;0;1;0;1;0;10380942;466;20;34.0819000266492;0.410810470581055;0
optimal;0.459638595581055;1;37mb;8;SHUFFLE;false;0;0;1;0;1;0;10380942;471;20;18.0214999709278;0.410810470581055;0
optimal;0.459638595581055;1;37mb;8;SHUFFLE;false;0;0;1;0;1;0;10380942;494;20;16.9486999511719;0.410810470581055;0
optimal;5.41999912261963;1;39mb;8;SHUFFLE;true;0;0;1;2;1;0;5830199;138000;25;29.0069000329822;4.56999969482422;0
optimal;5.67999935150146;1;39mb;8;SHUFFLE;true;0;0;1;2;1;0;10381019;250000;25;41.6321000084281;4.8799991607666;0
optimal;5.41999912261963;1;39mb;8;SHUFFLE;true;0;0;1;2;1;0;5830199;138000;25;39.0957000199705;4.56999969482422;0
optimal;5.41999912261963;1;39mb;8;SHUFFLE;true;0;0;1;2;1;0;5830199;138000;25;30.7390000089072;4.56999969482422;0
optimal;5.41999912261963;1;39mb;8;SHUFFLE;true;0;0;1;2;1;0;5830199;138000;25;29.2459000484087;4.56999969482422;0
optimal;5.41999912261963;1;39mb;8;SHUFFLE;true;0;0;1;2;1;0;5830199;138000;25;26.2878999928944;4.56999969482422;0
optimal;5.67999935150146;1;39mb;8;SHUFFLE;true;0;0;1;2;1;0;10381019;250000;25;44.2042999784462;4.8799991607666;0
optimal;5.42999935150146;1;39mb;8;SHUFFLE;true;0;0;1;2;1;0;5830199;138000;25;26.206300011836;4.57999992370605;0
optimal;5.67999935150146;1;39mb;8;SHUFFLE;true;0;0;1;2;1;0;10381019;250000;25;42.5294000306167;4.8799991607666;0
optimal;5.67999935150146;1;39mb;8;SHUFFLE;true;0;0;1;2;1;0;10381019;250000;25;68.5115000233054;4.8799991607666;0
optimal;0.624716758728027;1;37mb;8;SHUFFLE;false;0;0;1;0;1;0;5830116;134;17;16.2042999872938;0.575888633728027;0
optimal;0.604208946228027;1;37mb;8;SHUFFLE;false;0;0;1;0;1;0;5830116;142;17;16.7079999810085;0.575888633728027;0
optimal;0.645224571228027;1;37mb;8;SHUFFLE;false;0;0;1;0;1;0;5830116;174;17;15.284100023564;0.575888633728027;0
optimal;0.882529258728027;1;33mb;8;SHUFFLE;false;0;0;1;0;1;0;10380936;201;17;18.9111999934539;0.833701133728027;0
optimal;0.882529258728027;1;33mb;8;SHUFFLE;false;0;0;1;0;1;0;10380936;233;17;19.8017999646254;0.833701133728027;0
optimal;0.624716758728027;1;37mb;8;SHUFFLE;false;0;0;1;0;1;0;5830116;237;17;26.3006999739446;0.575888633728027;0
optimal;0.624716758728027;1;37mb;8;SHUFFLE;false;0;0;1;0;1;0;5830116;273;17;15.5812999582849;0.575888633728027;0
optimal;0.624716758728027;1;37mb;8;SHUFFLE;false;0;0;1;0;1;0;5830116;291;17;15.3622999787331;0.575888633728027;0
optimal;0.882529258728027;1;33mb;8;SHUFFLE;false;0;0;1;0;1;0;10380936;314;17;20.5088999937288;0.833701133728027;0
optimal;5.63999938964844;1;39mb;8;SHUFFLE;true;0;0;1;2;1;0;31436445;277000;29;36.1986999632791;4.6899995803833;0
optimal;0.704608917236328;1;37mb;8;SHUFFLE;false;0;0;1;0;1;0;31436350;156;21;16.8607000377961;0.676288604736328;0
optimal;0.712421417236328;1;37mb;8;SHUFFLE;false;0;0;1;0;1;0;31436350;238;21;15.347600041423;0.676288604736328;0
optimal;0.725116729736328;1;37mb;8;SHUFFLE;false;0;0;1;0;1;0;31436350;335;21;15.749300015159;0.676288604736328;0
optimal;55.539999961853;1;104mb;8;SHUFFLE;true;5;0;2;0;2;0;417417341;2880000;45;211.531799985096;45.9299993515015;0
network_congestion;123.939999580383;2;232mb;8;BROADCAST;false;5;0;2;2;2;0;56602420;29300000;37;1118.15769999521;189.549999237061;0
network_congestion;895.319999694824;4;1195mb;8;SHUFFLE;false;5;0;2;2;2;0;56602416;29530000;41;2925.38929998409;945.349999427795;0
optimal;20.6199998855591;1;58mb;8;SHUFFLE;true;5;0;2;0;2;0;56617176;500000;37;35.952800011728;11.1599998474121;0
optimal;5.48999977111816;1;39mb;8;SHUFFLE;true;0;0;1;2;1;0;56602204;500000;16;48.6633999971673;4.61999988555908;0
optimal;5.25;1;38mb;8;SHUFFLE;true;0;0;1;2;1;0;31436380;277000;16;45.0906000332907;4.36999988555908;0
optimal;5.25;1;38mb;8;SHUFFLE;true;0;0;1;2;1;0;31436380;277000;16;29.2378999874927;4.36999988555908;0
optimal;5.25;1;38mb;8;SHUFFLE;true;0;0;1;2;1;0;31436380;277000;16;63.8231000048108;4.36999988555908;0
optimal;5.25;1;38mb;8;SHUFFLE;true;0;0;1;2;1;0;31436380;277000;16;30.6242000078782;4.36999988555908;0
optimal;0.419052124023438;1;37mb;8;SHUFFLE;false;0;0;1;0;1;0;31436324;165;8;15.4367000213824;0.378036499023438;0
optimal;0.419052124023438;1;37mb;8;SHUFFLE;false;0;0;1;0;1;0;31436324;168;8;15.4231999767944;0.378036499023438;0
optimal;0.419052124023438;1;37mb;8;SHUFFLE;false;0;0;1;0;1;0;31436324;216;8;26.7439999734052;0.378036499023438;0
optimal;0.661239624023438;1;37mb;8;SHUFFLE;false;0;0;1;0;1;0;56602148;400;8;17.5922999624163;0.620223999023438;0
optimal;67.8899993896484;1;120mb;8;SHUFFLE;true;5;0;2;0;2;0;417417244;2880000;24;169.249500031583;51.1899995803833;0
network_congestion;87.1499996185303;2;145mb;8;SHUFFLE;false;5;0;2;2;2;0;417417312;3380000;28;620.246700011194;77.8399991989136;0
optimal;68.0599994659424;1;120mb;8;SHUFFLE;true;5;0;2;0;2;0;417417260;2880000;28;164.712799945846;52.9699993133545;0
optimal;28.1099996566772;1;68mb;8;SHUFFLE;true;5;0;2;0;2;0;56617164;500000;32;23.1383999926038;11.1099996566772;0
optimal;18.8799991607666;1;56mb;8;SHUFFLE;true;5;0;2;2;2;0;56617228;500000;32;59.5972000155598;17.1099996566772;0
optimal;5.25;1;38mb;8;SHUFFLE;true;0;0;1;2;1;0;31436380;277000;16;64.1191999893636;4.35999965667725;0
optimal;5.25;1;38mb;8;SHUFFLE;true;0;0;1;2;1;0;31436380;277000;16;77.9927999828942;4.35999965667725;0
optimal;5.25;1;38mb;8;SHUFFLE;true;0;0;1;2;1;0;31436380;277000;16;46.3511000270955;4.35999965667725;0
optimal;5.23999977111816;1;38mb;8;SHUFFLE;true;0;0;1;2;1;0;56602204;500000;16;52.1115000010468;4.34999942779541;0
optimal;0.421405792236328;1;37mb;8;SHUFFLE;false;0;0;1;0;1;0;31436324;128;8;15.3908000211231;0.363788604736328;0
optimal;0.404804229736328;1;37mb;8;SHUFFLE;false;0;0;1;0;1;0;31436324;199;8;18.0361999664456;0.363788604736328;0
optimal;0.404804229736328;1;37mb;8;SHUFFLE;false;0;0;1;0;1;0;31436324;202;8;15.0890999939293;0.363788604736328;0
optimal;0.412616729736328;1;37mb;8;SHUFFLE;false;0;0;1;0;1;0;31436324;255;8;15.8075999934226;0.363788604736328;0
optimal;0.404804229736328;1;37mb;8;SHUFFLE;false;0;0;1;0;1;0;31436324;269;8;14.8238999536261;0.363788604736328;0
optimal;0.383105278015137;1;37mb;8;SHUFFLE;false;0;0;1;0;1;0;56602140;56;8;21.7016999959014;0.342089653015137;0
optimal;0.440722465515137;1;37mb;8;SHUFFLE;false;0;0;1;0;1;0;31436316;98;8;14.925800031051;0.342089653015137;0
optimal;69.3899993896484;1;122mb;8;SHUFFLE;true;5;0;2;0;2;0;417417260;2880000;28;163.292400015052;52.9699993133545;0
network_congestion;313.379999160767;4;685mb;8;SHUFFLE;false;5;0;2;2;2;0;56602312;29530000;28;2422.70300001837;483.019999504089;0
optimal;58.3799991607666;1;107mb;8;SHUFFLE;true;5;0;2;0;2;0;56602276;28800000;32;212.256999977399;34.6999998092651;0
optimal;28.0999994277954;1;68mb;8;SHUFFLE;true;5;0;2;0;2;0;56617164;500000;32;29.2337000137195;11.0899991989136;0
optimal;7.53999996185303;1;41mb;8;SHUFFLE;true;5;4;2;0;2;0;31447986;277000;28;35.2989999810234;7.05999946594238;0
optimal;9.79999923706055;1;44mb;8;SHUFFLE;true;5;0;2;0;2;0;31448002;277000;28;36.9591999915428;9.10999965667725;0
optimal;5.25;1;38mb;8;SHUFFLE;true;0;0;1;2;1;0;31436380;277000;16;36.4018999971449;4.39999961853027;0
optimal;5.25;1;38mb;8;SHUFFLE;true;0;0;1;2;1;0;31436380;277000;16;54.5949999941513;4.39999961853027;0
optimal;5.25999927520752;1;38mb;8;SHUFFLE;true;0;0;1;2;1;0;31436380;277000;16;36.0960999969393;4.39999961853027;0
optimal;5.48999977111816;1;39mb;8;SHUFFLE;true;0;0;1;2;1;0;56602204;500000;16;52.5347000220791;4.64999961853027;0
optimal;0.447763442993164;1;37mb;8;SHUFFLE;false;0;0;1;0;1;0;31436324;135;8;16.7479999945499;0.406747817993164;0
optimal;0.438974380493164;1;37mb;8;SHUFFLE;false;0;0;1;0;1;0;31436324;257;8;16.4071000181139;0.406747817993164;0
optimal;0.447763442993164;1;37mb;8;SHUFFLE;false;0;0;1;0;1;0;31436324;288;8;19.7804000345059;0.406747817993164;0
optimal;0.447763442993164;1;37mb;8;SHUFFLE;false;0;0;1;0;1;0;31436324;347;8;19.0413999953307;0.406747817993164;0
optimal;59.8199996948242;1;109mb;8;SHUFFLE;true;5;0;2;0;2;0;417417260;2880000;28;166.329800034873;44.7299995422363;0
network_congestion;130.559999465942;4;313mb;8;SHUFFLE;false;5;0;2;2;2;0;56602312;29530000;28;1520.10250004241;269.509999275208;0
optimal;17.4699993133545;1;54mb;8;SHUFFLE;true;5;4;2;2;2;0;56617212;500000;32;48.3042999985628;17.1499996185303;0
optimal;34.0699996948242;1;76mb;8;SHUFFLE;true;5;0;2;2;2;0;56617268;500200;37;116.084799985401;15.2699995040894;0
optimal;13.4199991226196;1;49mb;8;SHUFFLE;true;5;4;2;2;2;0;31448070;277000;32;39.5398999680765;13.1199998855591;0
optimal;23.2999992370605;1;62mb;8;SHUFFLE;true;0;0;1;2;1;0;56602204;500000;16;115.326400031336;22.6299991607666;0
optimal;12.7099990844727;1;48mb;8;SHUFFLE;true;0;0;1;2;1;0;31436380;277000;16;115.862499980722;12.0299997329712;0
optimal;12.7199993133545;1;48mb;8;SHUFFLE;true;0;0;1;2;1;0;31436380;277000;16;107.39590000594;12.0299997329712;0
optimal;12.7199993133545;1;48mb;8;SHUFFLE;true;0;0;1;2;1;0;31436380;277000;16;107.050099992193;12.0299997329712;0
optimal;12.7099990844727;1;48mb;8;SHUFFLE;true;0;0;1;2;1;0;31436380;277000;16;56.4591999864206;12.0299997329712;0
optimal;23.2999992370605;1;62mb;8;SHUFFLE;true;0;0;1;2;1;0;56602204;500000;16;115.120300033595;22.6499996185303;0
optimal;12.7099990844727;1;48mb;8;SHUFFLE;true;0;0;1;2;1;0;31436380;277000;16;115.346400009003;12.0299997329712;0
optimal;3;1;35mb;8;SHUFFLE;false;0;0;1;0;1;0;31436324;114;8;15.5873000039719;2.97999954223633;0
optimal;3.08999919891357;1;36mb;8;SHUFFLE;false;0;0;1;0;1;0;31436324;162;8;16.4171000360511;2.97999954223633;0
optimal;3.1899995803833;1;36mb;8;SHUFFLE;false;0;0;1;0;1;0;31436324;260;8;14.9677000008523;2.97999954223633;0
optimal;3.11999988555908;1;36mb;8;SHUFFLE;false;0;0;1;0;1;0;31436324;333;8;16.9006999931298;2.97999954223633;0
optimal;3.02999973297119;1;35mb;8;SHUFFLE;false;0;0;1;0;1;0;31436324;380;8;15.9168000100181;2.97999954223633;0
optimal;3.15999984741211;1;36mb;8;SHUFFLE;false;0;0;1;0;1;0;31436324;408;8;15.4953000019304;2.97999954223633;0
network_congestion;858.379999160767;4;1433mb;8;BROADCAST;false;5;0;2;2;2;0;56602312;29530000;28;3129.71050001215;959.959999084473;0
optimal;26.4599990844727;1;66mb;8;SHUFFLE;true;5;0;2;0;2;0;56617164;500000;32;31.8738999776542;11.9599990844727;0
optimal;13.4199991226196;1;49mb;8;SHUFFLE;true;5;4;2;2;2;0;31448038;277000;28;51.3906000414863;13.9399995803833;0
optimal;21.789999961853;1;60mb;8;SHUFFLE;true;0;0;1;2;1;0;31436380;277000;16;126.169399998616;21.5799999237061;0
optimal;21.8799991607666;1;60mb;8;SHUFFLE;true;0;0;1;2;1;0;31436380;277000;16;113.998000044376;20.7699995040894;0
optimal;21.5;1;59mb;8;SHUFFLE;true;0;0;1;2;1;0;31436380;277000;16;55.9512000181712;21.7599992752075;0
optimal;21.8999996185303;1;60mb;8;SHUFFLE;true;0;0;1;2;1;0;31436380;277000;16;108.438700030092;21.1999998092651;0
optimal;5.07999992370605;1;38mb;8;SHUFFLE;false;0;0;1;0;1;0;56602148;458;8;18.5984999989159;4.94999980926514;0
optimal;5;1;38mb;8;SHUFFLE;false;0;0;1;0;1;0;31436324;459;8;21.466700010933;4.95999908447266;0
optimal;4.96999931335449;1;38mb;8;SHUFFLE;false;0;0;1;0;1;0;31436316;54;8;15.1492999866605;4.9399995803833;0
optimal;5.03999996185303;1;38mb;8;SHUFFLE;false;0;0;1;0;1;0;31436316;69;8;22.8200000128709;4.9399995803833;0
network_congestion;221.599999427795;2;320mb;8;SHUFFLE;false;5;4;2;2;2;0;417417324;2880000;32;863.703300012276;220.25;0
optimal;22.0799999237061;1;60mb;8;SHUFFLE;true;5;0;2;0;2;0;31448002;277000;28;37.3435000074096;11.9799995422363;0
optimal;22.0799999237061;1;60mb;8;SHUFFLE;true;5;0;2;0;2;0;31448002;277000;28;33.0652000266127;11.9599990844727;0
optimal;5.5;1;39mb;8;SHUFFLE;true;0;0;1;2;1;0;31436380;277000;16;36.4281999645755;4.78999996185303;0
optimal;5.5;1;39mb;8;SHUFFLE;true;0;0;1;2;1;0;31436380;277000;16;46.5079999994487;4.78999996185303;0
optimal;5.5;1;39mb;8;SHUFFLE;true;0;0;1;2;1;0;31436380;277000;16;41.0930999787524;4.78999996185303;0
optimal;5.5;1;39mb;8;SHUFFLE;true;0;0;1;2;1;0;31436380;277000;16;37.7448000363074;4.78999996185303;0
optimal;5.5;1;39mb;8;SHUFFLE;true;0;0;1;2;1;0;31436380;277000;16;42.3642000532709;4.78999996185303;0
optimal;5.5;1;39mb;8;SHUFFLE;true;0;0;1;2;1;0;31436380;277000;16;35.9303000150248;4.78999996185303;0
optimal;5.5;1;39mb;8;SHUFFLE;true;0;0;1;2;1;0;31436380;277000;16;41.0583000048064;4.78999996185303;0
optimal;5.5;1;39mb;8;SHUFFLE;true;0;0;1;2;1;0;31436380;277000;16;37.9286999814212;4.78999996185303;0
optimal;5.50999927520752;1;39mb;8;SHUFFLE;true;0;0;1;2;1;0;31436380;277000;16;45.2414999599569;4.78999996185303;0
optimal;5.5;1;39mb;8;SHUFFLE;true;0;0;1;2;1;0;31436380;277000;16;37.0589999947697;4.78999996185303;0
optimal;0.837099075317383;1;33mb;8;SHUFFLE;false;0;0;1;0;1;0;31436324;256;8;22.7504999493249;0.796083450317383;0
optimal;0.853700637817383;1;33mb;8;SHUFFLE;false;0;0;1;0;1;0;31436324;338;8;20.1104999869131;0.796083450317383;0
optimal;0.837099075317383;1;33mb;8;SHUFFLE;false;0;0;1;0;1;0;31436324;446;8;15.4710999922827;0.796083450317383;0
optimal;1.32999992370605;1;33mb;8;SHUFFLE;false;0;0;1;0;1;0;56602140;72;8;24.9591000028886;1.26999950408936;0
optimal;0.815400123596191;1;33mb;8;SHUFFLE;false;0;0;1;0;1;0;31436316;82;8;16.3698000251316;0.774384498596191;0
network_congestion;182.289999961853;4;351mb;8;BROADCAST;false;5;0;2;2;2;0;56602340;29530000;32;1118.40989999473;308.949999809265;0
optimal;59.9599990844727;1;109mb;8;SHUFFLE;true;5;0;2;0;2;0;56602260;28800000;28;164.232600014657;37.1799993515015;0
optimal;13.5799999237061;1;49mb;8;SHUFFLE;true;5;4;2;2;2;0;31448110;277000;37;40.2047999668866;13.2699995040894;0
optimal;14.2799997329712;1;50mb;8;SHUFFLE;true;5;4;2;2;2;0;31448070;277000;32;60.7675000210293;13.2099990844727;0
optimal;48.9299993515015;1;95mb;8;SHUFFLE;true;0;0;1;2;1;0;31436480;277000;36;107.118699990679;47.2099990844727;0
optimal;91.8399991989136;1;151mb;8;SHUFFLE;true;0;0;1;2;1;0;56602304;500000;36;162.814099981915;92.2799997329712;0
optimal;49.1399993896484;1;95mb;8;SHUFFLE;true;0;0;1;2;1;0;31436480;277000;36;107.257299998309;47.4199991226196;0
optimal;48.9299993515015;1;95mb;8;SHUFFLE;true;0;0;1;2;1;0;31436480;277000;36;112.062600033823;47.4199991226196;0
optimal;49;1;95mb;8;SHUFFLE;true;0;0;1;2;1;0;31436480;277000;36;107.981899986044;47.6999998092651;0
optimal;48.6499996185303;1;95mb;8;SHUFFLE;true;0;0;1;2;1;0;31436480;277000;36;109.68439996941;47.3499994277954;0
optimal;90.9899997711182;1;150mb;8;SHUFFLE;true;0;0;1;2;1;0;56602304;500000;36;161.541600013152;91.9499998092651;0
optimal;6.77999973297119;1;40mb;8;SHUFFLE;false;0;0;1;0;1;0;31436364;148;28;15.5657000141218;6.39999961853027;0
optimal;6.42999935150146;1;40mb;8;SHUFFLE;false;0;0;1;0;1;0;31436364;218;28;17.0704000047408;6.39999961853027;0
optimal;6.57999992370605;1;40mb;8;SHUFFLE;false;0;0;1;0;1;0;31436364;266;28;18.8725999905728;6.39999961853027;0
optimal;6.44999980926514;1;40mb;8;SHUFFLE;false;0;0;1;0;1;0;31436364;310;28;15.6547999940813;6.40999984741211;0
optimal;73.1299991607666;1;127mb;8;SHUFFLE;true;5;4;2;0;2;0;417417360;2880000;52;185.517000034451;59.2999992370605;0
optimal;31.7699995040894;1;73mb;8;SHUFFLE;true;5;0;2;0;2;0;31448082;277000;48;16.6636999929324;13.4099998474121;0
optimal;15.3799991607666;1;51mb;8;SHUFFLE;true;5;0;2;0;2;0;56617344;500000;72;64.5669000223279;15.3799991607666;0
optimal;28.8999996185303;1;69mb;8;SHUFFLE;true;0;0;1;2;1;0;31436380;277000;16;60.3646999807097;28.5299997329712;0
optimal;29.289999961853;1;70mb;8;SHUFFLE;true;0;0;1;2;1;0;31436380;277000;16;57.0651000016369;28.5599994659424;0
optimal;29.25;1;70mb;8;SHUFFLE;true;0;0;1;2;1;0;31436380;277000;16;114.468100015074;28.5599994659424;0
optimal;29.289999961853;1;70mb;8;SHUFFLE;true;0;0;1;2;1;0;31436380;277000;16;107.68640000606;28.5299997329712;0
optimal;5.03999996185303;1;38mb;8;SHUFFLE;false;0;0;1;0;1;0;31436324;144;8;17.5283999997191;4.97999954223633;0
optimal;5.03999996185303;1;38mb;8;SHUFFLE;false;0;0;1;0;1;0;31436324;228;8;15.8767999964766;4.97999954223633;0
optimal;5.03999996185303;1;38mb;8;SHUFFLE;false;0;0;1;0;1;0;31436324;236;8;18.1974999723025;4.97999954223633;0
optimal;5.01999950408936;1;38mb;8;SHUFFLE;false;0;0;1;0;1;0;31436324;428;8;14.8794000269845;4.97999954223633;0
optimal;5.1899995803833;1;38mb;8;SHUFFLE;false;0;0;1;0;1;0;31436324;476;8;20.1678000157699;4.97999954223633;0
optimal;5.01999950408936;1;38mb;8;SHUFFLE;false;0;0;1;0;1;0;31436316;73;8;18.8094000332057;4.95999908447266;0
network_congestion;208.269999504089;2;302mb;8;SHUFFLE;false;5;4;2;2;2;0;417417292;2880000;24;768.091000034474;206.679999351501;0
optimal;14.8899993896484;1;51mb;8;SHUFFLE;true;5;0;2;2;2;0;56617204;500000;24;47.1313000307418;13.0199995040894;0
optimal;65.4699993133545;1;117mb;8;SHUFFLE;true;5;0;2;2;2;0;56617244;500200;29;163.444400008302;56.1999998092651;0
optimal;13.4099998474121;1;49mb;8;SHUFFLE;true;5;4;2;2;2;0;31448054;277000;24;41.706999996677;12.9899997711182;0
optimal;91.039999961853;1;150mb;8;SHUFFLE;true;5;4;2;2;2;0;56617356;500000;44;163.142200035509;92.9899997711182;0
optimal;13.789999961853;1;49mb;8;SHUFFLE;true;5;0;2;0;2;0;31447990;277000;24;20.9057000465691;7.01999950408936;0
optimal;50.0499992370605;1;97mb;8;SHUFFLE;true;0;0;1;2;1;0;31436535;277000;47;108.356900047511;48.2199993133545;0
optimal;50.0499992370605;1;97mb;8;SHUFFLE;true;0;0;1;2;1;0;31436535;277000;47;107.392599980813;48.2199993133545;0
optimal;49.9799995422363;1;96mb;8;SHUFFLE;true;0;0;1;2;1;0;31436535;277000;47;112.262600043323;48.289999961853;0
optimal;50.0499992370605;1;97mb;8;SHUFFLE;true;0;0;1;2;1;0;31436535;277000;47;108.874200028367;48.289999961853;0
optimal;7.65999984741211;1;41mb;8;SHUFFLE;false;0;0;1;0;1;0;31436386;131;39;26.1398000293411;7.6299991607666;0
optimal;7.73999977111816;1;42mb;8;SHUFFLE;false;0;0;1;0;1;0;31436386;318;39;29.4961999752559;7.6299991607666;0
optimal;7.73999977111816;1;42mb;8;SHUFFLE;false;0;0;1;0;1;0;31436386;319;39;22.4514000001363;7.6299991607666;0
optimal;7.67999935150146;1;41mb;8;SHUFFLE;false;0;0;1;0;1;0;56602210;325;39;31.3819000148214;7.60999965667725;0
optimal;7.65999984741211;1;41mb;8;SHUFFLE;false;0;0;1;0;1;0;31436386;335;39;34.2161000007764;7.6299991607666;0
optimal;7.75;1;42mb;8;SHUFFLE;false;0;0;1;0;1;0;31436386;373;39;25.8329999633133;7.60999965667725;0
optimal;7.73999977111816;1;42mb;8;SHUFFLE;false;0;0;1;0;1;0;31436386;437;39;30.7624000124633;7.64999961853027;0
optimal;7.76999950408936;1;42mb;8;SHUFFLE;false;0;0;1;0;1;0;31436386;457;39;25.1252999878488;7.64999961853027;0
optimal;7.71999931335449;1;42mb;8;SHUFFLE;false;0;0;1;0;1;0;31436386;472;39;30.1235999795608;7.64999961853027;0
optimal;7.64999961853027;1;41mb;8;SHUFFLE;false;0;0;1;0;1;0;31436347;53;39;16.9954000157304;7.59999942779541;0
optimal;7.64999961853027;1;41mb;8;SHUFFLE;false;0;0;1;0;1;0;31436347;94;39;15.9024000167847;7.59999942779541;0
network_congestion;323.259999275208;2;452mb;8;SHUFFLE;false;5;4;2;2;2;0;417417548;2880000;59;1122.13069997961;345.799999237061;0
optimal;75.1699991226196;1;129mb;8;SHUFFLE;true;5;4;2;0;2;0;56602403;28800000;59;212.534099991899;58.6999998092651;0
optimal;5.66999912261963;1;39mb;8;SHUFFLE;true;0;0;1;2;1;0;31436430;277000;26;39.9716000538319;4.8799991607666;0
optimal;5.66999912261963;1;39mb;8;SHUFFLE;true;0;0;1;2;1;0;31436430;277000;26;36.9547000154853;4.8799991607666;0
optimal;1.36999988555908;1;33mb;8;SHUFFLE;false;0;0;1;0;1;0;56602168;161;18;17.9771999828517;1.31999969482422;0
optimal;0.879970550537109;1;33mb;8;SHUFFLE;false;0;0;1;0;1;0;31436344;239;18;15.5146000324748;0.831142425537109;0
optimal;0.879970550537109;1;33mb;8;SHUFFLE;false;0;0;1;0;1;0;31436344;312;18;16.0694000078365;0.831142425537109;0
optimal;0.867275238037109;1;33mb;8;SHUFFLE;false;0;0;1;0;1;0;31436344;322;18;20.9261000272818;0.831142425537109;0
optimal;0.920986175537109;1;33mb;8;SHUFFLE;false;0;0;1;0;1;0;31436344;355;18;16.3848999654874;0.831142425537109;0
optimal;0.887783050537109;1;33mb;8;SHUFFLE;false;0;0;1;0;1;0;31436344;458;18;20.9483000217006;0.831142425537109;0
optimal;0.879970550537109;1;33mb;8;SHUFFLE;false;0;0;1;0;1;0;31436344;499;18;15.6094999983907;0.831142425537109;0
optimal;48.6599998474121;1;95mb;8;SHUFFLE;true;5;4;2;0;2;0;417417286;2880000;34;159.356899966951;39.0299997329712;0
optimal;65.3699998855591;1;116mb;8;SHUFFLE;true;5;0;2;0;2;0;417417310;2880000;38;160.132199991494;52.9599990844727;0
network_congestion;189.029999732971;4;439mb;8;BROADCAST;false;5;4;2;2;2;0;56602404;28800000;42;1118.87070001103;347.629999160767;0
optimal;14.039999961853;1;50mb;8;SHUFFLE;true;5;0;2;0;2;0;56617204;500000;42;52.1173999877647;13.3699998855591;0
optimal;31.9399995803833;1;73mb;8;SHUFFLE;true;5;0;2;2;2;0;56617378;500200;52;164.27270002896;17.4399995803833;0
optimal;5.50999927520752;1;39mb;8;SHUFFLE;true;0;0;1;2;1;0;31436380;277000;16;35.7400000211783;4.75;0
optimal;5.5;1;39mb;8;SHUFFLE;true;0;0;1;2;1;0;31436380;277000;16;35.9871000400744;4.75;0
optimal;5.5;1;39mb;8;SHUFFLE;true;0;0;1;2;1;0;31436380;277000;16;39.6418999880552;4.75;0
optimal;5.5;1;39mb;8;SHUFFLE;true;0;0;1;2;1;0;31436380;277000;16;49.546999973245;4.75;0
optimal;1.29999923706055;1;33mb;8;SHUFFLE;false;0;0;1;0;1;0;56602148;152;8;20.2791999909095;1.25;0
optimal;0.812421798706055;1;33mb;8;SHUFFLE;false;0;0;1;0;1;0;31436324;224;8;15.9584999782965;0.754804611206055;0
optimal;0.795820236206055;1;33mb;8;SHUFFLE;false;0;0;1;0;1;0;31436324;342;8;15.2119999984279;0.754804611206055;0
optimal;0.779218673706055;1;33mb;8;SHUFFLE;false;0;0;1;0;1;0;31436324;344;8;20.6466999952681;0.754804611206055;0
optimal;0.795820236206055;1;33mb;8;SHUFFLE;false;0;0;1;0;1;0;31436324;395;8;15.2522000134923;0.754804611206055;0
optimal;5.5;1;39mb;8;SHUFFLE;true;0;0;1;2;1;0;31436380;277000;16;35.8805999858305;4.75;0
optimal;5.5;1;39mb;8;SHUFFLE;true;0;0;1;2;1;0;31436380;277000;16;36.5749000338838;4.75;0
optimal;5.50999927520752;1;39mb;8;SHUFFLE;true;0;0;1;2;1;0;31436380;277000;16;36.5967000252567;4.75;0
optimal;5.5;1;39mb;8;SHUFFLE;true;0;0;1;2;1;0;31436380;277000;16;37.2313000261784;4.75;0
optimal;5.5;1;39mb;8;SHUFFLE;true;0;0;1;2;1;0;31436380;277000;16;36.474000022281;4.75;0
optimal;5.50999927520752;1;39mb;8;SHUFFLE;true;0;0;1;2;1;0;31436380;277000;16;37.8028000122868;4.75;0
optimal;5.50999927520752;1;39mb;8;SHUFFLE;true;0;0;1;2;1;0;31436380;277000;16;38.1346999784;4.75;0
optimal;5.98999977111816;1;39mb;8;SHUFFLE;true;0;0;1;2;1;0;56602204;500000;16;52.8322999598458;5.23999977111816;0
optimal;1.29999923706055;1;33mb;8;SHUFFLE;false;0;0;1;0;1;0;56602148;115;8;18.8677000114694;1.25;0
optimal;0.812460899353027;1;33mb;8;SHUFFLE;false;0;0;1;0;1;0;31436324;303;8;14.7165000089444;0.754843711853027;0
optimal;0.795859336853027;1;33mb;8;SHUFFLE;false;0;0;1;0;1;0;31436324;329;8;15.8344000228681;0.754843711853027;0
optimal;1.42999935150146;1;33mb;8;SHUFFLE;false;0;0;1;0;1;0;31436324;354;8;30.1211000187322;0.754843711853027;0
optimal;0.787070274353027;1;33mb;8;SHUFFLE;false;0;0;1;0;1;0;31436324;413;8;15.8517000381835;0.754843711853027;0
optimal;1.41999912261963;1;33mb;8;SHUFFLE;false;0;0;1;0;1;0;56602148;485;8;21.0207999916747;1.25;0
optimal;0.79076099395752;1;33mb;8;SHUFFLE;false;0;0;1;0;1;0;31436316;83;8;15.1139000081457;0.73314380645752;0
network_congestion;74.6599998474121;2;129mb;8;SHUFFLE;false;5;4;2;2;2;0;417417324;2880000;32;571.665099996608;68.25;0
optimal;5.6899995803833;1;39mb;8;SHUFFLE;true;0;0;1;2;1;0;31436430;277000;26;38.3605000097305;4.89999961853027;0
optimal;5.69999980926514;1;39mb;8;SHUFFLE;true;0;0;1;2;1;0;31436430;277000;26;36.2245999858715;4.89999961853027;0
optimal;5.69999980926514;1;39mb;8;SHUFFLE;true;0;0;1;2;1;0;31436430;277000;26;40.9308999660425;4.89999961853027;0
optimal;5.69999980926514;1;39mb;8;SHUFFLE;true;0;0;1;2;1;0;31436430;277000;26;35.5279999785125;4.89999961853027;0
optimal;5.69999980926514;1;39mb;8;SHUFFLE;true;0;0;1;2;1;0;31436430;277000;26;52.9035999788903;4.89999961853027;0
optimal;5.75;1;39mb;8;SHUFFLE;true;0;0;1;2;1;0;31436430;277000;26;41.5159999975003;4.89999961853027;0
optimal;5.6899995803833;1;39mb;8;SHUFFLE;true;0;0;1;2;1;0;31436430;277000;26;39.7231000242755;4.89999961853027;0
optimal;5.69999980926514;1;39mb;8;SHUFFLE;true;0;0;1;2;1;0;31436430;277000;26;49.6229000273161;4.89999961853027;0
optimal;1.52999973297119;1;33mb;8;SHUFFLE;false;0;0;1;0;1;0;56602168;352;18;20.0024000369012;1.33999919891357;0
optimal;22.7299995422363;1;61mb;8;SHUFFLE;true;5;0;2;2;2;0;31448196;277120;47;111.202200001571;11.9599990844727;0
optimal;5.5;1;39mb;8;SHUFFLE;true;0;0;1;2;1;0;31436360;277000;12;41.3199999602512;4.66999912261963;0
optimal;5.5;1;39mb;8;SHUFFLE;true;0;0;1;2;1;0;31436360;277000;12;61.7614999646321;4.66999912261963;0
optimal;5.5;1;39mb;8;SHUFFLE;true;0;0;1;2;1;0;31436360;277000;12;43.6148000298999;4.66999912261963;0
optimal;5.5;1;39mb;8;SHUFFLE;true;0;0;1;2;1;0;31436360;277000;12;36.5159999928437;4.66999912261963;0
optimal;5.50999927520752;1;39mb;8;SHUFFLE;true;0;0;1;2;1;0;31436360;277000;12;36.1268999986351;4.66999912261963;0
optimal;5.50999927520752;1;39mb;8;SHUFFLE;true;0;0;1;2;1;0;31436360;277000;12;37.1089000254869;4.66999912261963;0
optimal;5.98999977111816;1;39mb;8;SHUFFLE;true;0;0;1;2;1;0;56602184;500000;12;55.2878000307828;5.15999984741211;0
optimal;5.5;1;39mb;8;SHUFFLE;true;0;0;1;2;1;0;31436360;277000;12;26.3563999906182;4.66999912261963;0
optimal;5.50999927520752;1;39mb;8;SHUFFLE;true;0;0;1;2;1;0;31436360;277000;12;35.6843000045046;4.66999912261963;0
optimal;0.726259231567383;1;37mb;8;SHUFFLE;false;0;0;1;0;1;0;31436316;373;4;14.6444999845698;0.693056106567383;0
optimal;0.764345169067383;1;37mb;8;SHUFFLE;false;0;0;1;0;1;0;31436316;393;4;15.0191999855451;0.693056106567383;0
optimal;1.21999931335449;1;33mb;8;SHUFFLE;false;0;0;1;0;1;0;56602140;456;4;20.9537000046112;1.1899995803833;0
optimal;18.6499996185303;1;56mb;8;SHUFFLE;true;5;0;2;2;2;0;56617168;500000;20;69.6460999897681;17.1599998474121;0
optimal;8.58999919891357;1;43mb;8;SHUFFLE;true;5;4;2;0;2;0;31447974;277000;24;39.4858000217937;9.14999961853027;0
optimal;9.50999927520752;1;44mb;8;SHUFFLE;true;5;0;2;0;2;0;31448106;277000;48;35.9249000321142;9.16999912261963;0
optimal;5.28999996185303;1;38mb;8;SHUFFLE;true;0;0;1;2;1;0;31436400;277000;20;36.4968999638222;4.19999980926514;0
optimal;5.25999927520752;1;38mb;8;SHUFFLE;true;0;0;1;2;1;0;56602224;500000;20;51.0380999767222;4.21999931335449;0
optimal;0.233974456787109;1;36mb;8;SHUFFLE;false;0;0;1;0;1;0;31436332;143;12;19.4489999557845;0.185146331787109;0
optimal;0.233974456787109;1;36mb;8;SHUFFLE;false;0;0;1;0;1;0;56602156;203;12;17.7713999873959;0.177333831787109;0
optimal;0.221279144287109;1;36mb;8;SHUFFLE;false;0;0;1;0;1;0;31436332;337;12;18.095200008247;0.185146331787109;0
optimal;0.233974456787109;1;36mb;8;SHUFFLE;false;0;0;1;0;1;0;31436332;428;12;15.6314999912865;0.185146331787109;0
optimal;0.233974456787109;1;36mb;8;SHUFFLE;false;0;0;1;0;1;0;31436332;455;12;28.6326999776065;0.185146331787109;0
optimal;0.196044921875;1;36mb;8;SHUFFLE;false;0;0;1;0;1;0;56602144;69;12;15.5119999544695;0.167724609375;0
optimal;54.9199991226196;1;103mb;8;SHUFFLE;true;5;4;2;0;2;0;417417280;2880000;36;161.934499978088;43.9799995422363;0
network_congestion;59.9399995803833;2;109mb;8;SHUFFLE;false;5;0;2;2;2;0;417417372;2950000;36;669.289600045886;48.8999996185303;0
network_congestion;882.269999504089;4;1178mb;8;SHUFFLE;false;15;4;4;2;4;0;403025182;1440000;76;6947.38859997597;906.309999465942;0
optimal;5.26999950408936;1;38mb;8;SHUFFLE;true;0;0;1;2;1;0;31436405;277000;21;35.9593000030145;4.23999977111816;0
optimal;5.26999950408936;1;38mb;8;SHUFFLE;true;0;0;1;2;1;0;31436405;277000;21;26.1710999766365;4.22999954223633;0
optimal;5.26999950408936;1;38mb;8;SHUFFLE;true;0;0;1;2;1;0;31436405;277000;21;25.1852999790572;4.22999954223633;0
optimal;5.26999950408936;1;38mb;8;SHUFFLE;true;0;0;1;2;1;0;31436405;277000;21;36.5254000062123;4.22999954223633;0
optimal;5.26999950408936;1;38mb;8;SHUFFLE;true;0;0;1;2;1;0;31436405;277000;21;28.5191999864765;4.22999954223633;0
optimal;5.26999950408936;1;38mb;8;SHUFFLE;true;0;0;1;2;1;0;31436405;277000;21;35.625800024718;4.22999954223633;0
optimal;5.25999927520752;1;38mb;8;SHUFFLE;true;0;0;1;2;1;0;56602229;500000;21;52.0901000127196;4.22999954223633;0
optimal;5.26999950408936;1;38mb;8;SHUFFLE;true;0;0;1;2;1;0;31436405;277000;21;36.6157999960706;4.22999954223633;0
optimal;5.26999950408936;1;38mb;8;SHUFFLE;true;0;0;1;2;1;0;31436405;277000;21;25.5009999964386;4.22999954223633;0
optimal;5.25999927520752;1;38mb;8;SHUFFLE;true;0;0;1;2;1;0;56602229;500000;21;53.564399946481;4.22999954223633;0
optimal;5.26999950408936;1;38mb;8;SHUFFLE;true;0;0;1;2;1;0;31436405;277000;21;41.9035000377335;4.22999954223633;0
optimal;5.26999950408936;1;38mb;8;SHUFFLE;true;0;0;1;2;1;0;31436405;277000;21;37.1547999675386;4.23999977111816;0
optimal;0.262811660766602;1;36mb;8;SHUFFLE;false;0;0;1;0;1;0;31436334;161;13;15.0353999924846;0.213983535766602;0
optimal;0.262811660766602;1;36mb;8;SHUFFLE;false;0;0;1;0;1;0;31436334;182;13;15.2381000225432;0.213983535766602;0
optimal;0.262811660766602;1;36mb;8;SHUFFLE;false;0;0;1;0;1;0;31436334;233;13;19.9518000008538;0.213983535766602;0
optimal;0.262811660766602;1;36mb;8;SHUFFLE;false;0;0;1;0;1;0;31436334;235;13;21.9142999849282;0.213983535766602;0
optimal;0.262811660766602;1;36mb;8;SHUFFLE;false;0;0;1;0;1;0;31436334;261;13;16.0393000114709;0.213983535766602;0
optimal;0.262811660766602;1;36mb;8;SHUFFLE;false;0;0;1;0;1;0;31436334;372;13;109.245500003453;0.213983535766602;0
network_congestion;103.89999961853;2;167mb;8;SHUFFLE;false;5;0;2;2;2;0;417417352;3380000;33;719.93849996943;103.069999694824;0
network_congestion;58.4799995422363;2;108mb;8;BROADCAST;true;5;4;2;2;2;0;417417364;2880000;37;715.424099995289;49.2699995040894;0
optimal;55.4799995422363;1;104mb;8;SHUFFLE;true;5;0;2;0;2;0;417417285;2880000;33;162.151199998334;44.8799991607666;0
optimal;8.58999919891357;1;43mb;8;SHUFFLE;true;5;4;2;0;2;0;31447981;277000;29;49.3562000337988;9.10999965667725;0
optimal;14.6199998855591;1;51mb;8;SHUFFLE;true;5;0;2;2;2;0;56617439;500000;59;56.2563000130467;13.0999994277954;0
optimal;5.38999938964844;1;39mb;8;SHUFFLE;false;0;0;1;2;1;0;56602239;500000;23;737.430699984543;5.38999938964844;0
optimal;5.38999938964844;1;39mb;8;SHUFFLE;true;0;0;1;2;1;0;56602239;500000;23;63.1217999616638;4.35999965667725;0
optimal;5.26999950408936;1;38mb;8;SHUFFLE;true;0;0;1;2;1;0;31436415;277000;23;42.9984999937005;4.25999927520752;0
optimal;5.26999950408936;1;38mb;8;SHUFFLE;true;0;0;1;2;1;0;31436415;277000;23;42.2925999737345;4.25999927520752;0
optimal;5.28999996185303;1;38mb;8;SHUFFLE;true;0;0;1;2;1;0;31436415;277000;23;36.0841999645345;4.26999950408936;0
optimal;5.26999950408936;1;38mb;8;SHUFFLE;true;0;0;1;2;1;0;31436415;277000;23;35.9141999506392;4.26999950408936;0
optimal;5.26999950408936;1;38mb;8;SHUFFLE;true;0;0;1;2;1;0;31436415;277000;23;59.9311999976635;4.26999950408936;0
optimal;0.284804344177246;1;36mb;8;SHUFFLE;false;0;0;1;0;1;0;31436338;104;15;26.2582000577822;0.228163719177246;0
optimal;0.394179344177246;1;37mb;8;SHUFFLE;false;0;0;1;0;1;0;56602162;252;15;19.273100013379;0.345351219177246;0
optimal;0.276991844177246;1;36mb;8;SHUFFLE;false;0;0;1;0;1;0;31436338;367;15;15.2275000000373;0.228163719177246;0
optimal;66.2699995040894;1;118mb;8;SHUFFLE;true;5;0;2;0;2;0;417417295;2880000;35;162.819499964826;52.9599990844727;0
optimal;66.5799999237061;1;118mb;8;SHUFFLE;true;5;0;2;0;2;0;56602295;28800000;35;161.631199996918;37.1799993515015;0
optimal;5.63999938964844;1;39mb;8;SHUFFLE;true;0;0;1;2;1;0;15602937;1920000;27;107.345700031146;4.55999946594238;0
optimal;5.63999938964844;1;39mb;8;SHUFFLE;true;0;0;1;2;1;0;15602937;1920000;27;175.249500025529;4.55999946594238;0
optimal;5.65999984741211;1;39mb;8;SHUFFLE;true;0;0;1;2;1;0;15602937;1920000;27;106.632300012279;4.55999946594238;0
optimal;5.63999938964844;1;39mb;8;SHUFFLE;true;0;0;1;2;1;0;15602937;1920000;27;167.219499999192;4.55999946594238;0
optimal;5.63999938964844;1;39mb;8;SHUFFLE;true;0;0;1;2;1;0;15602937;1920000;27;163.00289996434;4.55999946594238;0
optimal;5.63999938964844;1;39mb;8;SHUFFLE;true;0;0;1;2;1;0;15602937;1920000;27;113.427300006151;4.55999946594238;0
optimal;5.63999938964844;1;39mb;8;SHUFFLE;true;0;0;1;2;1;0;15602937;1920000;27;161.549500015099;4.55999946594238;0
optimal;5.63999938964844;1;39mb;8;SHUFFLE;true;0;0;1;2;1;0;15602937;1920000;27;106.066500011366;4.55999946594238;0
optimal;5.63999938964844;1;39mb;8;SHUFFLE;true;0;0;1;2;1;0;15602937;1920000;27;106.56529996777;4.55999946594238;0
optimal;5.63999938964844;1;39mb;8;SHUFFLE;true;0;0;1;2;1;0;15602937;1920000;27;158.218799973838;4.55999946594238;0
optimal;0.598525047302246;1;37mb;8;SHUFFLE;false;0;0;1;0;1;0;15602848;124;19;14.6849000011571;0.549696922302246;0
optimal;0.598525047302246;1;37mb;8;SHUFFLE;false;0;0;1;0;1;0;15602848;146;19;17.2191999736242;0.549696922302246;0
optimal;0.598525047302246;1;37mb;8;SHUFFLE;false;0;0;1;0;1;0;15602848;162;19;15.2245000354014;0.549696922302246;0
optimal;0.598525047302246;1;37mb;8;SHUFFLE;false;0;0;1;0;1;0;15602848;171;19;14.9193999823183;0.549696922302246;0
optimal;0.570204734802246;1;37mb;8;SHUFFLE;false;0;0;1;0;1;0;15602848;231;19;18.0120999575593;0.541884422302246;0
optimal;0.598525047302246;1;37mb;8;SHUFFLE;false;0;0;1;0;1;0;15602848;251;19;15.3206000104547;0.549696922302246;0
optimal;0.639540672302246;1;37mb;8;SHUFFLE;false;0;0;1;0;1;0;15602848;374;19;19.4617999950424;0.549696922302246;0
optimal;0.611220359802246;1;37mb;8;SHUFFLE;false;0;0;1;0;1;0;15602848;399;19;24.2836999823339;0.541884422302246;0
optimal;0.619032859802246;1;37mb;8;SHUFFLE;false;0;0;1;0;1;0;15602848;432;19;23.1282000313513;0.549696922302246;0
optimal;0.619032859802246;1;37mb;8;SHUFFLE;false;0;0;1;0;1;0;15602848;486;19;15.5497000087053;0.549696922302246;0
optimal;0.601611137390137;1;37mb;8;SHUFFLE;false;0;0;1;0;1;0;15602829;63;19;18.7182999798097;0.532275199890137;0
optimal;17.9699993133545;1;55mb;8;SHUFFLE;true;5;4;2;2;2;0;15665750;1920000;55;160.595099965576;17.4299993515015;0
optimal;17.9699993133545;1;55mb;8;SHUFFLE;true;5;4;2;2;2;0;15665750;1920000;55;189.503300003707;17.4299993515015;0
optimal;12.9199991226196;1;48mb;8;SHUFFLE;true;5;4;2;0;2;0;15665617;1920000;55;26.487700000871;12.9799995422363;0
optimal;14.0499992370605;1;50mb;8;SHUFFLE;true;5;0;2;0;2;0;15665644;1920000;55;32.8518000314943;13.0299997329712;0
optimal;29.5199995040894;1;70mb;8;SHUFFLE;true;5;0;2;2;2;0;15665681;1930000;43;367.649600026198;15.2099990844727;0
optimal;11.7599992752075;1;47mb;8;SHUFFLE;true;5;4;2;0;2;0;15665557;1920000;43;44.9134999653324;10.9799995422363;0
optimal;14.0599994659424;1;50mb;8;SHUFFLE;true;5;0;2;0;2;0;15665584;1920000;43;28.1660000327975;13.0299997329712;0
optimal;17.8299999237061;1;55mb;8;SHUFFLE;true;5;4;2;2;2;0;15665622;1920000;39;112.488899962045;17.4199991226196;0
optimal;17.8299999237061;1;55mb;8;SHUFFLE;true;5;4;2;2;2;0;15665622;1920000;39;162.106900010258;17.4199991226196;0
optimal;11.6899995803833;1;47mb;8;SHUFFLE;true;5;4;2;0;2;0;15665537;1920000;39;27.9680999810807;10.9799995422363;0
optimal;148.179999351501;1;224mb;8;SHUFFLE;false;0;0;1;2;1;0;15602882;1920000;16;366.512599983253;148.809999465942;0
optimal;146.689999580383;1;222mb;8;SHUFFLE;false;0;0;1;2;1;0;15602882;1920000;16;410.984900023323;145.299999237061;0
optimal;146.239999771118;1;222mb;8;SHUFFLE;false;0;0;1;2;1;0;15602882;1920000;16;398.882099951152;146.759999275208;0
optimal;147.709999084473;1;224mb;8;SHUFFLE;false;0;0;1;2;1;0;15602882;1920000;16;360.818100045435;145.909999847412;0
optimal;147.979999542236;1;224mb;8;SHUFFLE;false;0;0;1;2;1;0;15602882;1920000;16;361.239199992269;145.909999847412;0
optimal;147.849999427795;1;224mb;8;SHUFFLE;false;0;0;1;2;1;0;15602882;1920000;16;359.245499945246;145.909999847412;0
optimal;5.21999931335449;1;38mb;8;SHUFFLE;false;0;0;1;0;1;0;15602826;104;8;16.8493000091985;4.97999954223633;0
optimal;5.04999923706055;1;38mb;8;SHUFFLE;false;0;0;1;0;1;0;15602826;138;8;27.2083000163548;4.97999954223633;0
optimal;5.04999923706055;1;38mb;8;SHUFFLE;false;0;0;1;0;1;0;15602826;195;8;24.031599983573;4.96999931335449;0
optimal;5.05999946594238;1;38mb;8;SHUFFLE;false;0;0;1;0;1;0;15602826;227;8;16.9102000072598;4.97999954223633;0
optimal;5;1;38mb;8;SHUFFLE;false;0;0;1;0;1;0;15602826;288;8;15.3085999772884;4.97999954223633;0
optimal;5.03999996185303;1;38mb;8;SHUFFLE;false;0;0;1;0;1;0;15602826;297;8;36.7754999897443;4.97999954223633;0
optimal;5.03999996185303;1;38mb;8;SHUFFLE;false;0;0;1;0;1;0;15602826;298;8;15.981099975761;4.97999954223633;0
optimal;5.16999912261963;1;38mb;8;SHUFFLE;false;0;0;1;0;1;0;15602826;342;8;23.5763000091538;4.97999954223633;0
optimal;5.02999973297119;1;38mb;8;SHUFFLE;false;0;0;1;0;1;0;15602826;349;8;15.1206000009552;4.97999954223633;0
optimal;5.03999996185303;1;38mb;8;SHUFFLE;false;0;0;1;0;1;0;15602826;363;8;17.3669999931008;4.97999954223633;0
optimal;5.14999961853027;1;38mb;8;SHUFFLE;false;0;0;1;0;1;0;15602826;400;8;22.5893000024371;4.97999954223633;0
optimal;5.23999977111816;1;38mb;8;SHUFFLE;false;0;0;1;0;1;0;15602826;403;8;17.232200014405;4.97999954223633;0
optimal;5.03999996185303;1;38mb;8;SHUFFLE;false;0;0;1;0;1;0;15602826;432;8;15.0383999571204;4.97999954223633;0
optimal;5.26999950408936;1;38mb;8;SHUFFLE;false;0;0;1;0;1;0;15602826;455;8;16.6627999860793;4.97999954223633;0
optimal;5.03999996185303;1;38mb;8;SHUFFLE;false;0;0;1;0;1;0;15602826;490;8;17.9446000256576;4.97999954223633;0
optimal;5.05999946594238;1;38mb;8;SHUFFLE;false;0;0;1;0;1;0;15602818;69;8;15.611800015904;4.95999908447266;0
optimal;5.01999950408936;1;38mb;8;SHUFFLE;false;0;0;1;0;1;0;15602818;81;8;15.2047000010498;4.95999908447266;0
optimal;7.76999950408936;1;42mb;8;SHUFFLE;true;5;4;2;0;2;0;15665500;1920000;24;28.0144999851473;6.95999908447266;0
optimal;12.4299993515015;1;48mb;8;SHUFFLE;true;10;4;3;0;3;0;15667250;1920000;32;51.982200006023;11.0599994659424;0
optimal;21.3899993896484;1;59mb;8;SHUFFLE;true;10;0;3;0;3;0;15667326;1930000;44;38.8088999898173;9.26999950408936;0
optimal;6;1;39mb;8;SHUFFLE;true;0;0;1;2;1;0;15602862;1920000;12;190.229700005148;5.02999973297119;0
optimal;5.98999977111816;1;39mb;8;SHUFFLE;true;0;0;1;2;1;0;15602862;1920000;12;120.183699997142;5.01999950408936;0
optimal;6;1;39mb;8;SHUFFLE;true;0;0;1;2;1;0;15602862;1920000;12;110.387200023979;5.02999973297119;0
optimal;5.98999977111816;1;39mb;8;SHUFFLE;true;0;0;1;2;1;0;15602862;1920000;12;161.097600008361;5.01999950408936;0
optimal;6.00999927520752;1;39mb;8;SHUFFLE;true;0;0;1;2;1;0;15602862;1920000;12;106.31550004473;5.02999973297119;0
optimal;5.98999977111816;1;39mb;8;SHUFFLE;true;0;0;1;2;1;0;15602862;1920000;12;118.897600041237;5.01999950408936;0
optimal;6;1;39mb;8;SHUFFLE;true;0;0;1;2;1;0;15602862;1920000;12;114.683600026183;5.02999973297119;0
optimal;6;1;39mb;8;SHUFFLE;true;0;0;1;2;1;0;15602862;1920000;12;111.28050001571;5.02999973297119;0
optimal;1.09999942779541;1;33mb;8;SHUFFLE;false;0;0;1;0;1;0;15602818;289;4;25.9569999761879;1.04999923706055;0
optimal;1.08999919891357;1;33mb;8;SHUFFLE;false;0;0;1;0;1;0;15602818;292;4;20.438399980776;1.04999923706055;0
optimal;1.09999942779541;1;33mb;8;SHUFFLE;false;0;0;1;0;1;0;15602818;400;4;14.9561000289395;1.05999946594238;0
optimal;1.09999942779541;1;33mb;8;SHUFFLE;false;0;0;1;0;1;0;15602818;414;4;15.201399975922;1.05999946594238;0
optimal;1.09999942779541;1;33mb;8;SHUFFLE;false;0;0;1;0;1;0;15602818;446;4;21.5079000336118;1.05999946594238;0
optimal;1.10999965667725;1;33mb;8;SHUFFLE;false;0;0;1;0;1;0;15602818;461;4;18.6350000440143;1.05999946594238;0
optimal;11.789999961853;1;47mb;8;SHUFFLE;true;5;4;2;0;2;0;15665472;1920000;20;27.1156000089832;10.9699993133545;0
optimal;17.6899995803833;1;54mb;8;SHUFFLE;true;5;4;2;2;2;0;15665564;1920000;28;165.299499989487;17.1699991226196;0
optimal;16.6699991226196;1;53mb;8;SHUFFLE;true;5;4;2;2;2;0;15665564;1920000;28;208.606999949552;14.9899997711182;0
optimal;12.8399991989136;1;48mb;8;SHUFFLE;true;5;4;2;0;2;0;15665492;1920000;24;28.5800999845378;12.9699993133545;0
optimal;11.7799997329712;1;47mb;8;SHUFFLE;true;5;4;2;0;2;0;15665492;1920000;24;32.1135999984108;10.9699993133545;0
optimal;20.3799991607666;1;58mb;8;SHUFFLE;true;10;8;3;2;3;0;15667466;1920000;56;317.360599990934;17.0299997329712;0
optimal;6;1;39mb;8;SHUFFLE;true;0;0;1;2;1;0;15602882;1920000;16;107.230999972671;5.03999996185303;0
optimal;5.98999977111816;1;39mb;8;SHUFFLE;true;0;0;1;2;1;0;15602882;1920000;16;165.253299986944;5.02999973297119;0
optimal;6;1;39mb;8;SHUFFLE;true;0;0;1;2;1;0;15602882;1920000;16;162.103699985892;5.03999996185303;0
optimal;6.00999927520752;1;39mb;8;SHUFFLE;true;0;0;1;2;1;0;15602882;1920000;16;108.50939998636;5.03999996185303;0
optimal;6;1;39mb;8;SHUFFLE;true;0;0;1;2;1;0;15602882;1920000;16;164.233700023033;5.03999996185303;0
optimal;6;1;39mb;8;SHUFFLE;true;0;0;1;2;1;0;15602882;1920000;16;109.599200019147;5.03999996185303;0
optimal;6;1;39mb;8;SHUFFLE;true;0;0;1;2;1;0;15602882;1920000;16;108.318599988706;5.03999996185303;0
optimal;6;1;39mb;8;SHUFFLE;true;0;0;1;2;1;0;15602882;1920000;16;106.726000027265;5.03999996185303;0
optimal;6;1;39mb;8;SHUFFLE;true;0;0;1;2;1;0;15602882;1920000;16;187.191099976189;5.03999996185303;0
optimal;6;1;39mb;8;SHUFFLE;true;0;0;1;2;1;0;15602882;1920000;16;116.956699988805;5.03999996185303;0
optimal;6;1;39mb;8;SHUFFLE;true;0;0;1;2;1;0;15602882;1920000;16;109.16819999693;5.03999996185303;0
optimal;5.98999977111816;1;39mb;8;SHUFFLE;true;0;0;1;2;1;0;15602882;1920000;16;108.049600035883;5.02999973297119;0
optimal;6.00999927520752;1;39mb;8;SHUFFLE;true;0;0;1;2;1;0;15602882;1920000;16;109.895200002939;5.03999996185303;0
optimal;1.08999919891357;1;33mb;8;SHUFFLE;false;0;0;1;0;1;0;15602826;109;8;15.178499976173;1.04999923706055;0
optimal;1.09999942779541;1;33mb;8;SHUFFLE;false;0;0;1;0;1;0;15602826;225;8;27.9018000001088;1.04999923706055;0
optimal;1.09999942779541;1;33mb;8;SHUFFLE;false;0;0;1;0;1;0;15602826;233;8;17.5768000190146;1.03999996185303;0
optimal;1.09999942779541;1;33mb;8;SHUFFLE;false;0;0;1;0;1;0;15602826;259;8;15.6579000176862;1.04999923706055;0
optimal;1.09999942779541;1;33mb;8;SHUFFLE;false;0;0;1;0;1;0;15602826;297;8;15.1528000133112;1.04999923706055;0
optimal;1.48999977111816;1;33mb;8;SHUFFLE;false;0;0;1;0;1;0;15602826;311;8;21.7750000301749;1.04999923706055;0
optimal;1.09999942779541;1;33mb;8;SHUFFLE;false;0;0;1;0;1;0;15602826;332;8;18.2045000256039;1.04999923706055;0
optimal;1.09999942779541;1;33mb;8;SHUFFLE;false;0;0;1;0;1;0;15602826;405;8;19.887300033588;1.03999996185303;0
optimal;1.14999961853027;1;33mb;8;SHUFFLE;false;0;0;1;0;1;0;15602826;411;8;16.5995000279509;1.04999923706055;0
optimal;1.16999912261963;1;33mb;8;SHUFFLE;false;0;0;1;0;1;0;15602826;427;8;16.4749000105076;1.04999923706055;0
optimal;1.06999969482422;1;33mb;8;SHUFFLE;false;0;0;1;0;1;0;15602826;469;8;16.7259000008926;1.04999923706055;0
optimal;1.04999923706055;1;33mb;8;SHUFFLE;false;0;0;1;0;1;0;15602818;82;8;20.4900000244379;1.01999950408936;0
optimal;12.9099998474121;1;48mb;8;SHUFFLE;true;5;4;2;0;2;0;15665524;1920000;32;31.703100015875;12.9699993133545;0
optimal;34.1499996185303;1;76mb;8;SHUFFLE;true;5;0;2;2;2;0;15665604;1930000;32;368.897799984552;15.1899995803833;0
optimal;12.9099998474121;1;48mb;8;SHUFFLE;true;5;4;2;0;2;0;15665524;1920000;32;30.3944000042975;12.9699993133545;0
optimal;12.9099998474121;1;48mb;8;SHUFFLE;true;5;4;2;0;2;0;15665524;1920000;32;37.7625999972224;12.9699993133545;0
optimal;22.789999961853;1;61mb;8;SHUFFLE;true;10;8;3;2;3;0;15667346;1920000;44;290.329299983568;21.2699995040894;0
optimal;6;1;39mb;8;SHUFFLE;true;0;0;1;2;1;0;15602882;1920000;16;106.695599970408;5.03999996185303;0
optimal;5.98999977111816;1;39mb;8;SHUFFLE;true;0;0;1;2;1;0;15602882;1920000;16;162.502499995753;5.02999973297119;0
optimal;6;1;39mb;8;SHUFFLE;true;0;0;1;2;1;0;15602882;1920000;16;108.024900022428;5.03999996185303;0
optimal;6;1;39mb;8;SHUFFLE;true;0;0;1;2;1;0;15602882;1920000;16;110.461100004613;5.03999996185303;0
optimal;6;1;39mb;8;SHUFFLE;true;0;0;1;2;1;0;15602882;1920000;16;108.492699975614;5.03999996185303;0
optimal;6;1;39mb;8;SHUFFLE;true;0;0;1;2;1;0;15602882;1920000;16;107.034200045746;5.03999996185303;0
optimal;6.00999927520752;1;39mb;8;SHUFFLE;true;0;0;1;2;1;0;15602882;1920000;16;107.679300010204;5.03999996185303;0
optimal;1.09999942779541;1;33mb;8;SHUFFLE;false;0;0;1;0;1;0;15602826;146;8;130.820099962875;1.04999923706055;0
optimal;1.08999919891357;1;33mb;8;SHUFFLE;false;0;0;1;0;1;0;15602826;158;8;15.4311999795027;1.04999923706055;0
optimal;1.09999942779541;1;33mb;8;SHUFFLE;false;0;0;1;0;1;0;15602826;229;8;15.3974999557249;1.04999923706055;0
optimal;1.09999942779541;1;33mb;8;SHUFFLE;false;0;0;1;0;1;0;15602826;257;8;20.1468999730423;1.04999923706055;0
optimal;1.09999942779541;1;33mb;8;SHUFFLE;false;0;0;1;0;1;0;15602826;376;8;19.7075000032783;1.04999923706055;0
optimal;1.09999942779541;1;33mb;8;SHUFFLE;false;0;0;1;0;1;0;15602826;391;8;37.1887999936007;1.03999996185303;0
optimal;1.09999942779541;1;33mb;8;SHUFFLE;false;0;0;1;0;1;0;15602826;408;8;16.3391000241973;1.04999923706055;0
optimal;1.09999942779541;1;33mb;8;SHUFFLE;false;0;0;1;0;1;0;15602826;470;8;16.7955000069924;1.04999923706055;0
optimal;1.06999969482422;1;33mb;8;SHUFFLE;false;0;0;1;0;1;0;15602818;54;8;17.4152000108734;1.01999950408936;0
optimal;1.07999992370605;1;33mb;8;SHUFFLE;false;0;0;1;0;1;0;15602818;55;8;27.5486999889836;1.01999950408936;0
optimal;1.09999942779541;1;33mb;8;SHUFFLE;false;0;0;1;0;1;0;15602818;76;8;16.7386999819428;1.01999950408936;0
optimal;16.8399991989136;1;53mb;8;SHUFFLE;true;5;4;2;2;2;0;15665684;1920000;44;266.498300014064;15.0199995040894;0
optimal;12.9199991226196;1;48mb;8;SHUFFLE;true;5;4;2;0;2;0;15665584;1920000;44;69.6363000315614;12.9699993133545;0
optimal;34.1499996185303;1;76mb;8;SHUFFLE;true;5;0;2;2;2;0;15665604;1930000;32;363.392099970952;15.3099994659424;0
optimal;34.1499996185303;1;76mb;8;SHUFFLE;true;5;0;2;2;2;0;15665604;1930000;32;363.452599965967;15.2299995422363;0
optimal;18.5099992752075;1;56mb;8;SHUFFLE;true;10;4;3;0;3;0;15667346;1920000;48;77.422599948477;16.4099998474121;0
optimal;18.6499996185303;1;56mb;8;SHUFFLE;true;10;4;3;0;3;0;15667454;1920000;64;80.0056000007316;16.6299991607666;0
optimal;6.13999938964844;1;39mb;8;SHUFFLE;true;0;0;1;2;1;0;15602952;1920000;30;162.613600026816;5.06999969482422;0
optimal;6.13999938964844;1;39mb;8;SHUFFLE;true;0;0;1;2;1;0;15602952;1920000;30;170.53380003199;5.06999969482422;0
optimal;6.13999938964844;1;39mb;8;SHUFFLE;true;0;0;1;2;1;0;15602952;1920000;30;164.103099959902;5.07999992370605;0
optimal;6.13999938964844;1;39mb;8;SHUFFLE;true;0;0;1;2;1;0;15602952;1920000;30;158.747699984815;5.07999992370605;0
optimal;1.89999961853027;1;34mb;8;SHUFFLE;false;0;0;1;0;1;0;15602854;110;22;15.9126999787986;1.06999969482422;0
optimal;1.1299991607666;1;33mb;8;SHUFFLE;false;0;0;1;0;1;0;15602854;236;22;14.8787999642082;1.05999946594238;0
optimal;1.1299991607666;1;33mb;8;SHUFFLE;false;0;0;1;0;1;0;15602854;254;22;19.6083000046201;1.05999946594238;0
optimal;1.11999988555908;1;33mb;8;SHUFFLE;false;0;0;1;0;1;0;15602854;338;22;20.1081999693997;1.06999969482422;0
optimal;1.1299991607666;1;33mb;8;SHUFFLE;false;0;0;1;0;1;0;15602854;362;22;30.3158999886364;1.05999946594238;0
optimal;1.11999988555908;1;33mb;8;SHUFFLE;false;0;0;1;0;1;0;15602854;450;22;37.8872000146657;1.06999969482422;0
optimal;1.13999938964844;1;33mb;8;SHUFFLE;false;0;0;1;0;1;0;15602854;475;22;17.2569999704137;1.06999969482422;0
optimal;1.07999992370605;1;33mb;8;SHUFFLE;false;0;0;1;0;1;0;15602832;54;22;15.4442000202835;1.04999923706055;0
optimal;24.1999998092651;1;63mb;8;SHUFFLE;true;5;0;2;0;2;0;15665654;1920000;57;15.8096000086516;11.25;0
optimal;19.4099998474121;1;57mb;8;SHUFFLE;true;10;4;3;0;3;0;15667481;1920000;77;41.1880000028759;17.0899991989136;0
optimal;5.40999984741211;1;39mb;8;SHUFFLE;true;0;0;1;2;1;0;15602907;1920000;21;158.644500013907;4.33999919891357;0
optimal;5.40999984741211;1;39mb;8;SHUFFLE;true;0;0;1;2;1;0;15602907;1920000;21;161.138600029517;4.33999919891357;0
optimal;5.38999938964844;1;39mb;8;SHUFFLE;true;0;0;1;2;1;0;15602907;1920000;21;159.061700047459;4.33999919891357;0
optimal;5.38999938964844;1;39mb;8;SHUFFLE;true;0;0;1;2;1;0;15602907;1920000;21;107.073999999557;4.33999919891357;0
optimal;5.38999938964844;1;39mb;8;SHUFFLE;true;0;0;1;2;1;0;15602907;1920000;21;163.746100035496;4.33999919891357;0
optimal;5.38999938964844;1;39mb;8;SHUFFLE;true;0;0;1;2;1;0;15602907;1920000;21;161.455099994782;4.33999919891357;0
optimal;5.38999938964844;1;39mb;8;SHUFFLE;true;0;0;1;2;1;0;15602907;1920000;21;158.283500000834;4.33999919891357;0
optimal;5.38999938964844;1;39mb;8;SHUFFLE;true;0;0;1;2;1;0;15602907;1920000;21;161.495100008324;4.33999919891357;0
optimal;5.38999938964844;1;39mb;8;SHUFFLE;true;0;0;1;2;1;0;15602907;1920000;21;111.400199995842;4.33999919891357;0
optimal;5.38999938964844;1;39mb;8;SHUFFLE;true;0;0;1;2;1;0;15602907;1920000;21;169.946999987587;4.33999919891357;0
optimal;5.38999938964844;1;39mb;8;SHUFFLE;true;0;0;1;2;1;0;15602907;1920000;21;107.007300015539;4.33999919891357;0
optimal;5.38999938964844;1;39mb;8;SHUFFLE;true;0;0;1;2;1;0;15602907;1920000;21;112.576800049283;4.33999919891357;0
optimal;0.374355316162109;1;37mb;8;SHUFFLE;false;0;0;1;0;1;0;15602836;220;13;15.2385999681428;0.325527191162109;0
optimal;0.353847503662109;1;37mb;8;SHUFFLE;false;0;0;1;0;1;0;15602836;287;13;16.2717999774031;0.325527191162109;0
optimal;0.394863128662109;1;37mb;8;SHUFFLE;false;0;0;1;0;1;0;15602836;466;13;14.4961000187322;0.325527191162109;0
optimal;31.8399991989136;1;73mb;8;SHUFFLE;true;5;0;2;2;2;0;15665735;1930000;49;363.682899973355;15.1999998092651;0
optimal;12.9199991226196;1;48mb;8;SHUFFLE;true;5;4;2;0;2;0;15665599;1920000;49;29.8154000192881;13;0
optimal;29.1999998092651;1;69mb;8;SHUFFLE;true;10;4;3;0;3;0;15667422;1920000;65;49.562500033062;14.3899993896484;0
optimal;6.13999938964844;1;39mb;8;SHUFFLE;true;0;0;1;2;1;0;15602907;1920000;21;161.870500014629;5.09999942779541;0
optimal;6.13999938964844;1;39mb;8;SHUFFLE;true;0;0;1;2;1;0;15602907;1920000;21;161.123399971984;5.09999942779541;0
optimal;6.13999938964844;1;39mb;8;SHUFFLE;true;0;0;1;2;1;0;15602907;1920000;21;162.935199972708;5.09999942779541;0
optimal;6.13999938964844;1;39mb;8;SHUFFLE;true;0;0;1;2;1;0;15602907;1920000;21;110.067600035109;5.09999942779541;0
optimal;6.15999984741211;1;40mb;8;SHUFFLE;true;0;0;1;2;1;0;15602907;1920000;21;108.112199988682;5.09999942779541;0
optimal;6.13999938964844;1;39mb;8;SHUFFLE;true;0;0;1;2;1;0;15602907;1920000;21;106.704399979208;5.09999942779541;0
optimal;1.13999938964844;1;33mb;8;SHUFFLE;false;0;0;1;0;1;0;15602836;147;13;15.4984999680892;1.08999919891357;0
optimal;1.13999938964844;1;33mb;8;SHUFFLE;false;0;0;1;0;1;0;15602836;225;13;18.6927999602631;1.07999992370605;0
optimal;1.13999938964844;1;33mb;8;SHUFFLE;false;0;0;1;0;1;0;15602836;237;13;15.6395999947563;1.08999919891357;0
optimal;1.15999984741211;1;33mb;8;SHUFFLE;false;0;0;1;0;1;0;15602836;354;13;15.0904000038281;1.08999919891357;0
optimal;1.34999942779541;1;33mb;8;SHUFFLE;false;0;0;1;0;1;0;15602836;429;13;24.574399983976;1.08999919891357;0
optimal;1.21999931335449;1;33mb;8;SHUFFLE;false;0;0;1;0;1;0;15602836;446;13;15.397600014694;1.08999919891357;0
optimal;1.15999984741211;1;33mb;8;SHUFFLE;false;0;0;1;0;1;0;15602836;467;13;25.383599975612;1.08999919891357;0
optimal;1.17999935150146;1;33mb;8;SHUFFLE;false;0;0;1;0;1;0;15602836;497;13;17.0051999739371;1.08999919891357;0
optimal;1.13999938964844;1;33mb;8;SHUFFLE;false;0;0;1;0;1;0;15602823;78;13;16.2419999833219;1.06999969482422;0
optimal;12.7999992370605;1;48mb;8;SHUFFLE;true;5;4;2;0;2;0;15665499;1920000;29;32.4699999764562;13.0199995040894;0
optimal;12.7999992370605;1;48mb;8;SHUFFLE;true;5;4;2;0;2;0;15665499;1920000;29;26.9347000285052;13.0199995040894;0
optimal;18.7699995040894;1;56mb;8;SHUFFLE;true;5;0;2;2;2;0;15665639;1920000;37;175.085499999113;17.25;0
optimal;12.9099998474121;1;48mb;8;SHUFFLE;true;5;4;2;0;2;0;15665539;1920000;37;30.6607999955304;13.0199995040894;0
optimal;15.2299995422363;1;51mb;8;SHUFFLE;true;10;8;3;0;3;0;15667418;1920000;69;33.5816000006162;13.0199995040894;0
optimal;7.00999927520752;1;41mb;8;SHUFFLE;true;0;0;1;2;1;0;15602882;1920000;16;111.324900004547;6.03999996185303;0
optimal;7;1;41mb;8;SHUFFLE;true;0;0;1;2;1;0;15602882;1920000;16;107.622999988962;6.03999996185303;0
optimal;7.00999927520752;1;41mb;8;SHUFFLE;true;0;0;1;2;1;0;15602882;1920000;16;113.886900013313;6.03999996185303;0
optimal;7;1;41mb;8;SHUFFLE;true;0;0;1;2;1;0;15602882;1920000;16;197.087399952579;6.03999996185303;0
optimal;7;1;41mb;8;SHUFFLE;true;0;0;1;2;1;0;15602882;1920000;16;107.502899947576;6.03999996185303;0
optimal;7;1;41mb;8;SHUFFLE;true;0;0;1;2;1;0;15602882;1920000;16;107.925100019202;6.03999996185303;0
optimal;7;1;41mb;8;SHUFFLE;true;0;0;1;2;1;0;15602882;1920000;16;107.545899983961;6.03999996185303;0
optimal;7;1;41mb;8;SHUFFLE;true;0;0;1;2;1;0;15602882;1920000;16;107.757799967658;6.03999996185303;0
optimal;7;1;41mb;8;SHUFFLE;true;0;0;1;2;1;0;15602882;1920000;16;175.008399994113;6.03999996185303;0
optimal;6.98999977111816;1;41mb;8;SHUFFLE;true;0;0;1;2;1;0;15602882;1920000;16;109.349199978169;6.03999996185303;0
optimal;6.98999977111816;1;41mb;8;SHUFFLE;true;0;0;1;2;1;0;15602882;1920000;16;115.331600012723;6.03999996185303;0
optimal;7;1;41mb;8;SHUFFLE;true;0;0;1;2;1;0;15602882;1920000;16;108.857799961697;6.03999996185303;0
optimal;7.00999927520752;1;41mb;8;SHUFFLE;true;0;0;1;2;1;0;15602882;1920000;16;111.156700004358;6.03999996185303;0
optimal;7;1;41mb;8;SHUFFLE;true;0;0;1;2;1;0;15602882;1920000;16;108.088199980557;6.03999996185303;0
optimal;2.11999988555908;1;34mb;8;SHUFFLE;false;0;0;1;0;1;0;15602826;141;8;16.0490999696776;2.04999923706055;0
optimal;2.10999965667725;1;34mb;8;SHUFFLE;false;0;0;1;0;1;0;15602826;193;8;56.6459000110626;2.03999996185303;0
optimal;2.10999965667725;1;34mb;8;SHUFFLE;false;0;0;1;0;1;0;15602826;255;8;19.8743000510149;2.04999923706055;0
optimal;2.08999919891357;1;34mb;8;SHUFFLE;false;0;0;1;0;1;0;15602826;269;8;17.1269000275061;2.04999923706055;0
optimal;2.10999965667725;1;34mb;8;SHUFFLE;false;0;0;1;0;1;0;15602826;325;8;20.5624999944121;2.04999923706055;0
optimal;2.10999965667725;1;34mb;8;SHUFFLE;false;0;0;1;0;1;0;15602826;340;8;16.7192000080831;2.04999923706055;0
optimal;2.06999969482422;1;34mb;8;SHUFFLE;false;0;0;1;0;1;0;15602826;351;8;29.0677999728359;2.03999996185303;0
optimal;2.10999965667725;1;34mb;8;SHUFFLE;false;0;0;1;0;1;0;15602826;437;8;16.1172000225633;2.04999923706055;0
optimal;2.08999919891357;1;34mb;8;SHUFFLE;false;0;0;1;0;1;0;15602826;455;8;15.2100999839604;2.04999923706055;0
optimal;2.07999992370605;1;34mb;8;SHUFFLE;false;0;0;1;0;1;0;15602818;56;8;34.3738999799825;2.02999973297119;0
optimal;12.9199991226196;1;48mb;8;SHUFFLE;true;5;4;2;0;2;0;15665584;1920000;44;59.6371999708936;12.9699993133545;0
optimal;11.9499998092651;1;47mb;8;SHUFFLE;true;5;4;2;0;2;0;15665584;1920000;44;33.0906000453979;10.9699993133545;0
optimal;28.2999992370605;1;68mb;8;SHUFFLE;true;5;0;2;0;2;0;15665540;1920000;32;41.8797000311315;11.2299995422363;0
optimal;11.9499998092651;1;47mb;8;SHUFFLE;true;5;4;2;0;2;0;15665504;1920000;28;39.7139000124298;10.9699993133545;0
optimal;28;1;68mb;8;SHUFFLE;true;10;8;3;2;3;0;15667350;1920000;44;266.804099956062;27.0099992752075;0
optimal;34.7099990844727;1;77mb;8;SHUFFLE;true;10;4;3;0;3;0;15667414;1930000;64;30.8659000438638;15.4699993133545;0
optimal;16.4599990844727;1;53mb;8;SHUFFLE;true;10;4;3;0;3;0;15667310;1920000;44;31.287899997551;15.0899991989136;0
optimal;21.6099996566772;1;60mb;8;SHUFFLE;true;5;4;2;4;2;0;20762361;5400;94;48.1079000164755;12.6799993515015;0
optimal;21.6099996566772;1;60mb;8;SHUFFLE;true;5;4;2;4;2;0;20762361;5400;94;65.7671000226401;12.6799993515015;0
optimal;21.6099996566772;1;60mb;8;SHUFFLE;true;5;4;2;4;2;0;20762361;5400;94;62.3548000003211;12.6799993515015;0
optimal;23.8699998855591;1;63mb;8;SHUFFLE;true;5;4;2;4;2;0;39091475;10200;94;119.05919999117;15.1199998855591;0
optimal;23.8699998855591;1;63mb;8;SHUFFLE;true;5;4;2;4;2;0;39091475;10200;94;115.786400041543;15.8399991989136;0
optimal;21.6099996566772;1;60mb;8;SHUFFLE;true;5;4;2;4;2;0;20762361;5400;94;59.7896000253968;12.6799993515015;0
optimal;23.8699998855591;1;63mb;8;SHUFFLE;true;5;4;2;4;2;0;39091475;10200;94;112.246500037145;15.6499996185303;0
optimal;21.6099996566772;1;60mb;8;SHUFFLE;true;5;4;2;4;2;0;20762361;5400;94;69.0240999683738;12.6799993515015;0
optimal;23.8699998855591;1;63mb;8;SHUFFLE;true;5;4;2;4;2;0;39091475;10200;94;115.443099988624;15.8699998855591;0
optimal;23.8699998855591;1;63mb;8;SHUFFLE;true;5;4;2;4;2;0;39091475;10200;94;131.891699973494;15.3299999237061;0
optimal;21.6099996566772;1;60mb;8;SHUFFLE;true;5;4;2;4;2;0;20762361;5400;94;54.0492999716662;12.6799993515015;0
optimal;21.6099996566772;1;60mb;8;SHUFFLE;true;5;4;2;4;2;0;20762361;5400;94;50.838700029999;12.6799993515015;0
optimal;21.6099996566772;1;60mb;8;SHUFFLE;true;5;4;2;4;2;0;20762361;5400;94;196.434700046666;12.6799993515015;0
optimal;21.6099996566772;1;60mb;8;SHUFFLE;true;5;4;2;4;2;0;20762361;5400;94;52.8904999955557;12.6799993515015;0
optimal;23.8699998855591;1;63mb;8;SHUFFLE;true;5;4;2;4;2;0;39091475;10200;94;115.472199977376;15.1499996185303;0
optimal;21.6099996566772;1;60mb;8;SHUFFLE;true;5;4;2;4;2;0;20762361;5400;94;49.3419000413269;12.6799993515015;0
optimal;21.6099996566772;1;60mb;8;SHUFFLE;true;5;4;2;4;2;0;20762361;5400;94;70.3863999806345;12.6799993515015;0
optimal;21.6099996566772;1;60mb;8;SHUFFLE;true;5;4;2;4;2;0;20762361;5400;94;48.6662000184879;12.6799993515015;0
optimal;21.6099996566772;1;60mb;8;SHUFFLE;true;5;4;2;4;2;0;20762361;5400;94;49.4939000345767;12.6799993515015;0
optimal;23.8699998855591;1;63mb;8;SHUFFLE;true;5;4;2;4;2;0;39091475;10200;94;52.3238999885507;15.1199998855591;0
optimal;23.8699998855591;1;63mb;8;SHUFFLE;true;5;4;2;4;2;0;39091475;10200;94;112.014600017574;15.1199998855591;0
optimal;23.8699998855591;1;63mb;8;SHUFFLE;true;5;4;2;4;2;0;39091475;10200;94;115.887799998745;15.1199998855591;0
optimal;23.8699998855591;1;63mb;8;SHUFFLE;true;5;4;2;4;2;0;39091475;10200;94;63.7737999786623;15.1199998855591;0
optimal;24.2199993133545;2;63mb;8;SHUFFLE;true;5;4;2;4;2;0;39091475;10200;94;120.494000031613;17.0599994659424;0
optimal;21.6099996566772;1;60mb;8;SHUFFLE;true;5;4;2;4;2;0;20762361;5400;94;52.1762000280432;12.6799993515015;0
optimal;17.8699998855591;1;55mb;8;SHUFFLE;true;5;4;2;4;2;0;20762361;5400;94;55.6356000015512;12.6799993515015;0
optimal;23.8699998855591;1;63mb;8;SHUFFLE;true;5;4;2;4;2;0;39091475;10200;94;112.644800043199;15.1199998855591;0
optimal;21.6099996566772;1;60mb;8;SHUFFLE;true;5;4;2;4;2;0;20762361;5400;94;61.0548999975435;12.6799993515015;0
optimal;23.8699998855591;1;63mb;8;SHUFFLE;true;5;4;2;4;2;0;39091475;10200;94;55.1121999742463;15.1199998855591;0
optimal;23.8699998855591;1;63mb;8;SHUFFLE;true;5;4;2;4;2;0;39091475;10200;94;54.6603000257164;15.1199998855591;0
optimal;23.8699998855591;1;63mb;8;SHUFFLE;true;5;4;2;4;2;0;39091475;10200;94;69.6704000001773;15.1199998855591;0
optimal;21.6099996566772;1;60mb;8;SHUFFLE;true;5;4;2;4;2;0;20762361;5400;94;44.6424999972805;12.6799993515015;0
optimal;21.6099996566772;1;60mb;8;SHUFFLE;true;5;4;2;4;2;0;20762361;5400;94;142.684500024188;12.6799993515015;0
optimal;21.6099996566772;1;60mb;8;SHUFFLE;true;5;4;2;4;2;0;20762361;5400;94;44.1144999931566;12.6799993515015;0
optimal;21.6099996566772;1;60mb;8;SHUFFLE;true;5;4;2;4;2;0;20762361;5400;94;39.0354000264779;12.6799993515015;0
optimal;23.8699998855591;1;63mb;8;SHUFFLE;true;5;4;2;4;2;0;39091475;10200;94;115.877099975478;15.1199998855591;0
optimal;23.8699998855591;1;63mb;8;SHUFFLE;true;5;4;2;4;2;0;39091475;10200;94;54.6766999759711;15.1199998855591;0
optimal;21.6099996566772;1;60mb;8;SHUFFLE;true;5;4;2;4;2;0;20762361;5400;94;56.7059000022709;12.6799993515015;0
optimal;23.8699998855591;1;63mb;8;SHUFFLE;true;5;4;2;4;2;0;39091475;10200;94;51.3351999688894;15.1199998855591;0
optimal;21.6099996566772;1;60mb;8;SHUFFLE;true;5;4;2;4;2;0;20762361;5400;94;52.5746999774128;12.6799993515015;0
optimal;21.6099996566772;1;60mb;8;SHUFFLE;true;5;4;2;4;2;0;20762361;5400;94;57.7043000375852;12.6799993515015;0
optimal;23.8699998855591;1;63mb;8;SHUFFLE;true;5;4;2;4;2;0;39091475;10200;94;113.266900007147;15.1199998855591;0
optimal;21.6099996566772;1;60mb;8;SHUFFLE;true;5;4;2;4;2;0;20762361;5400;94;39.4589999923483;12.6799993515015;0
optimal;38.6299991607666;1;82mb;8;SHUFFLE;true;8;8;3;2;3;0;23174244;28800000;96;29.2800000170246;31.0899991989136;0
optimal;37.2199993133545;1;80mb;8;SHUFFLE;true;8;8;3;2;3;0;1433257306;14400000;96;22.5586000015028;30.0799999237061;0
optimal;38.6299991607666;1;82mb;8;SHUFFLE;true;8;8;3;2;3;0;23174244;28800000;96;43.1380000081845;31.0899991989136;0
optimal;37.2199993133545;1;80mb;8;SHUFFLE;true;8;8;3;2;3;0;1433257306;14400000;96;17.1726000262424;30.0799999237061;0
optimal;37.2199993133545;1;80mb;8;SHUFFLE;true;8;8;3;2;3;0;1433257306;14400000;96;46.1036000051536;30.0599994659424;0
optimal;37.2199993133545;1;80mb;8;SHUFFLE;true;8;8;3;2;3;0;1433257306;14400000;96;19.502500013914;29.8899993896484;0
optimal;37.2199993133545;1;80mb;8;SHUFFLE;true;8;8;3;2;3;0;1433257306;14400000;96;30.1196000073105;30.0799999237061;0
optimal;38.6299991607666;1;82mb;8;SHUFFLE;true;8;8;3;2;3;0;23174244;28800000;96;22.2004000097513;31.0899991989136;0
optimal;37.2199993133545;1;80mb;8;SHUFFLE;true;8;8;3;2;3;0;1433257306;14400000;96;17.9666000185534;29.8899993896484;0
optimal;37.2199993133545;1;80mb;8;SHUFFLE;true;8;8;3;2;3;0;1433257306;14400000;96;16.7702000471763;30.0099992752075;0
optimal;38.6299991607666;1;82mb;8;SHUFFLE;true;8;8;3;2;3;0;23174244;28800000;96;33.0440999823622;31.0899991989136;0
optimal;37.2199993133545;1;80mb;8;SHUFFLE;true;8;8;3;2;3;0;1433257306;14400000;96;18.7161000212654;30.0799999237061;0
optimal;38.6299991607666;1;82mb;8;SHUFFLE;true;8;8;3;2;3;0;23174244;28800000;96;31.6293999785557;31.0899991989136;0
optimal;38.6299991607666;1;82mb;8;SHUFFLE;true;8;8;3;2;3;0;23174244;28800000;96;28.3084000111558;31.0899991989136;0
optimal;38.6299991607666;1;82mb;8;SHUFFLE;true;8;8;3;2;3;0;23174244;28800000;96;29.577600012999;31.0899991989136;0
optimal;37.2199993133545;1;80mb;8;SHUFFLE;true;8;8;3;2;3;0;1433257306;14400000;96;31.4632000518031;30.0799999237061;0
optimal;38.6299991607666;1;82mb;8;SHUFFLE;true;8;8;3;2;3;0;23174244;28800000;96;37.7455000416376;31.0899991989136;0
optimal;38.6299991607666;1;82mb;8;SHUFFLE;true;8;8;3;2;3;0;23174244;28800000;96;227.261299965903;31.0899991989136;0
optimal;37.2199993133545;1;80mb;8;SHUFFLE;true;8;8;3;2;3;0;1433257306;14400000;96;17.6573999924585;30.0799999237061;0
optimal;38.6299991607666;1;82mb;8;SHUFFLE;true;8;8;3;2;3;0;23174244;28800000;96;36.7794000194408;31.0899991989136;0
optimal;38.6299991607666;2;96mb;8;SHUFFLE;true;8;8;3;2;3;0;23174244;28800000;96;496.804099995643;54.7599992752075;0
optimal;38.2299995422363;1;81mb;8;SHUFFLE;true;8;8;3;2;3;0;23174244;28800000;96;17.877199978102;31.0899991989136;0
optimal;37.2199993133545;1;80mb;8;SHUFFLE;true;8;8;3;2;3;0;1433257306;14400000;96;27.194399968721;30.0799999237061;0
optimal;38.6299991607666;1;82mb;8;SHUFFLE;true;8;8;3;2;3;0;23174244;28800000;96;19.6614000014961;31.0899991989136;0
optimal;37.2199993133545;1;80mb;8;SHUFFLE;true;8;8;3;2;3;0;1433257306;14400000;96;22.7735999505967;30.0799999237061;0
optimal;38.6299991607666;1;82mb;8;SHUFFLE;true;8;8;3;2;3;0;23174244;28800000;96;19.7128999861889;31.0899991989136;0
optimal;38.6299991607666;1;82mb;8;SHUFFLE;true;8;8;3;2;3;0;23174244;28800000;96;33.2077000057325;31.0899991989136;0
optimal;37.2199993133545;1;80mb;8;SHUFFLE;true;8;8;3;2;3;0;1433257306;14400000;96;17.4057999975048;30.0799999237061;0
optimal;37.2199993133545;1;80mb;8;SHUFFLE;true;8;8;3;2;3;0;1433257306;14400000;96;17.0039000222459;30.0799999237061;0
optimal;37.2199993133545;1;80mb;8;SHUFFLE;true;8;8;3;2;3;0;1433257306;14400000;96;18.9664000063203;30.0799999237061;0
optimal;38.6299991607666;1;82mb;8;SHUFFLE;true;8;8;3;2;3;0;23174244;28800000;96;31.4375000307336;31.0899991989136;0
optimal;38.6299991607666;2;96mb;8;SHUFFLE;true;8;8;3;2;3;0;23174244;28800000;96;165.541800030041;55.0799999237061;0
optimal;38.6299991607666;1;82mb;8;SHUFFLE;true;8;8;3;2;3;0;23174244;28800000;96;28.8268000003882;31.0899991989136;0
optimal;37.2199993133545;1;80mb;8;SHUFFLE;true;8;8;3;2;3;0;1433257306;14400000;96;17.8733000066131;30.0799999237061;0
optimal;37.2199993133545;1;80mb;8;SHUFFLE;true;8;8;3;2;3;0;1433257306;14400000;96;97.9037000215612;30.0799999237061;0
optimal;37.2199993133545;1;80mb;8;SHUFFLE;true;8;8;3;2;3;0;1433257306;14400000;96;25.3499000100419;30.0799999237061;0
network_congestion;36.9799995422363;2;96mb;8;BROADCAST;false;8;8;3;2;3;0;23174244;28800000;96;1022.4453000119;62.4399995803833;0
optimal;38.2299995422363;1;81mb;8;SHUFFLE;true;8;8;3;2;3;0;23174244;28800000;96;31.8247000104748;31.0899991989136;0
optimal;37.2199993133545;1;80mb;8;SHUFFLE;true;8;8;3;2;3;0;1433257306;14400000;96;33.4757000091486;30.0799999237061;0
optimal;38.6299991607666;1;82mb;8;SHUFFLE;true;8;8;3;2;3;0;23174244;28800000;96;18.8123999978416;31.0899991989136;0
network_congestion;45.8299999237061;2;91mb;8;SHUFFLE;false;8;8;3;2;3;0;1433257306;14400000;96;664.113299979363;57.9899997711182;0
optimal;36.6899995803833;1;79mb;8;SHUFFLE;true;8;8;3;2;3;0;1433257306;14400000;96;17.0515999780037;30.0799999237061;0
optimal;36.6899995803833;1;79mb;8;SHUFFLE;true;8;8;3;2;3;0;1433257306;14400000;96;21.6695999843068;30.0899991989136;0
optimal;40.039999961853;1;84mb;8;SHUFFLE;true;8;8;3;2;3;0;23174244;28800000;96;32.5465999776497;33.0199995040894;0
optimal;40.039999961853;1;84mb;8;SHUFFLE;true;8;8;3;2;3;0;23174244;28800000;96;50.2882999717258;33.039999961853;0
optimal;36.6899995803833;1;79mb;8;SHUFFLE;true;8;8;3;2;3;0;1433257306;14400000;96;17.298299993854;30.0899991989136;0
optimal;39.6299991607666;1;83mb;8;SHUFFLE;true;8;8;3;2;3;0;23174244;28800000;96;19.5718000177294;33.0199995040894;0
optimal;40.039999961853;1;84mb;8;SHUFFLE;true;8;8;3;2;3;0;23174244;28800000;96;39.0464999945834;33.039999961853;0
optimal;40.039999961853;1;84mb;8;SHUFFLE;true;8;8;3;2;3;0;23174244;28800000;96;21.8828999786638;33.039999961853;0
optimal;36.6899995803833;1;79mb;8;SHUFFLE;true;8;8;3;2;3;0;1433257306;14400000;96;16.8242000509053;30.0699996948242;0
optimal;40.039999961853;1;84mb;8;SHUFFLE;true;8;8;3;2;3;0;23174244;28800000;96;22.5765000213869;33.039999961853;0
optimal;39.6299991607666;1;83mb;8;SHUFFLE;true;8;8;3;2;3;0;23174244;28800000;96;56.6069000051357;33.039999961853;0
optimal;40.039999961853;1;84mb;8;SHUFFLE;true;8;8;3;2;3;0;23174244;28800000;96;32.6736000133678;33.039999961853;0
optimal;40.039999961853;1;84mb;8;SHUFFLE;true;8;8;3;2;3;0;23174244;28800000;96;35.8411999768578;33.039999961853;0
optimal;40.039999961853;1;84mb;8;SHUFFLE;true;8;8;3;2;3;0;23174244;28800000;96;35.9131000004709;33.039999961853;0
optimal;40.039999961853;1;84mb;8;SHUFFLE;true;8;8;3;2;3;0;23174244;28800000;96;22.6173000410199;33.039999961853;0
optimal;40.039999961853;1;84mb;8;SHUFFLE;true;8;8;3;2;3;0;23174244;28800000;96;23.0763999861665;33.0199995040894;0
optimal;36.6899995803833;1;79mb;8;SHUFFLE;true;8;8;3;2;3;0;1433257306;14400000;96;34.6100000315346;30.0899991989136;0
optimal;40.039999961853;1;84mb;8;SHUFFLE;true;8;8;3;2;3;0;23174244;28800000;96;23.1794000137597;33.039999961853;0
optimal;36.6899995803833;1;79mb;8;SHUFFLE;true;8;8;3;2;3;0;1433257306;14400000;96;37.0011000195518;30.0799999237061;0
optimal;40.039999961853;1;84mb;8;SHUFFLE;true;8;8;3;2;3;0;23174244;28800000;96;33.9327999972738;33.039999961853;0
optimal;40.039999961853;2;99mb;8;SHUFFLE;true;8;8;3;2;3;0;23174244;28800000;96;99.2910999921151;54.8999996185303;0
optimal;36.6899995803833;1;79mb;8;SHUFFLE;true;8;8;3;2;3;0;1433257306;14400000;96;32.1638999739662;30.0799999237061;0
optimal;40.039999961853;1;84mb;8;SHUFFLE;true;8;8;3;2;3;0;23174244;28800000;96;21.7027000035159;33.039999961853;0
network_congestion;46.2199993133545;2;92mb;8;SHUFFLE;false;8;8;3;2;3;0;1433257306;14400000;96;666.288999957033;57.9399995803833;0
optimal;36.6899995803833;1;79mb;8;SHUFFLE;true;8;8;3;2;3;0;1433257306;14400000;96;17.182599985972;30.0899991989136;0
optimal;39.6299991607666;1;83mb;8;SHUFFLE;true;8;8;3;2;3;0;23174244;28800000;96;33.4140000049956;33.039999961853;0
optimal;36.6899995803833;1;79mb;8;SHUFFLE;true;8;8;3;2;3;0;1433257306;14400000;96;27.1500999806449;29.9199991226196;0
optimal;40.039999961853;1;84mb;8;SHUFFLE;true;8;8;3;2;3;0;23174244;28800000;96;30.1455000299029;33.0199995040894;0
optimal;39.6299991607666;1;83mb;8;SHUFFLE;true;8;8;3;2;3;0;23174244;28800000;96;19.109400047455;33.039999961853;0
optimal;36.6899995803833;1;79mb;8;SHUFFLE;true;8;8;3;2;3;0;1433257306;14400000;96;19.4748999783769;30.0799999237061;0
optimal;40.039999961853;1;84mb;8;SHUFFLE;true;8;8;3;2;3;0;23174244;28800000;96;35.4154999949969;33.039999961853;0
optimal;36.6899995803833;1;79mb;8;SHUFFLE;true;8;8;3;2;3;0;1433257306;14400000;96;21.9768999959342;30.0899991989136;0
optimal;39.6299991607666;1;83mb;8;SHUFFLE;true;8;8;3;2;3;0;23174244;28800000;96;37.3312000301667;33.039999961853;0
optimal;36.6899995803833;1;79mb;8;SHUFFLE;true;8;8;3;2;3;0;1433257306;14400000;96;18.9320999779738;30.0799999237061;0
optimal;36.6899995803833;1;79mb;8;SHUFFLE;true;8;8;3;2;3;0;1433257306;14400000;96;35.1058999658562;30.0799999237061;0
optimal;36.6899995803833;1;79mb;8;SHUFFLE;true;8;8;3;2;3;0;1433257306;14400000;96;23.7543999683112;30.0899991989136;0
optimal;36.6899995803833;1;79mb;8;SHUFFLE;true;8;8;3;2;3;0;1433257306;14400000;96;20.4613999812864;30.0799999237061;0
optimal;36.6899995803833;1;79mb;8;SHUFFLE;true;8;8;3;2;3;0;1433257306;14400000;96;57.289500022307;30.0899991989136;0
optimal;36.6899995803833;1;79mb;8;SHUFFLE;true;8;8;3;2;3;0;1433257306;14400000;96;33.4545000223443;30.0899991989136;0
optimal;36.6899995803833;1;79mb;8;SHUFFLE;true;8;8;3;2;3;0;1433257306;14400000;96;27.7818000176921;30.0899991989136;0
optimal;36.6899995803833;1;79mb;8;SHUFFLE;true;8;8;3;2;3;0;1433257306;14400000;96;27.4606000166386;30.039999961853;0
optimal;36.6899995803833;1;79mb;8;SHUFFLE;true;8;8;3;2;3;0;1433257306;14400000;96;59.1297000064515;30.0799999237061;0
optimal;37.2599992752075;1;80mb;8;SHUFFLE;true;8;8;3;2;3;0;23174144;28800000;86;30.3519000299275;30.0899991989136;0
optimal;37.6899995803833;1;80mb;8;SHUFFLE;true;8;8;3;2;3;0;23174144;28800000;86;28.805099951569;30.0899991989136;0
optimal;37.25;1;80mb;8;SHUFFLE;true;8;8;3;2;3;0;1433257206;14400000;86;22.3062000004575;30.0799999237061;0
optimal;37.25;1;80mb;8;SHUFFLE;true;8;8;3;2;3;0;1433257206;14400000;86;30.9192999848165;30.0799999237061;0
optimal;37.25;1;80mb;8;SHUFFLE;true;8;8;3;2;3;0;1433257206;14400000;86;41.538399993442;29.8599996566772;0
optimal;37.25;1;80mb;8;SHUFFLE;true;8;8;3;2;3;0;1433257206;14400000;86;18.56699999189;30.0799999237061;0
optimal;37.25;1;80mb;8;SHUFFLE;true;8;8;3;2;3;0;1433257206;14400000;86;17.9871000000276;30.0699996948242;0
optimal;37.6899995803833;1;80mb;8;SHUFFLE;true;8;8;3;2;3;0;23174144;28800000;86;37.9150999942794;30.0899991989136;0
optimal;37.25;1;80mb;8;SHUFFLE;true;8;8;3;2;3;0;1433257206;14400000;86;62.6342999748886;29.9099998474121;0
optimal;37.25;1;80mb;8;SHUFFLE;true;8;8;3;2;3;0;1433257206;14400000;86;19.7596999933012;30.0799999237061;0
optimal;37.25;1;80mb;8;SHUFFLE;true;8;8;3;2;3;0;1433257206;14400000;86;17.0294999843463;29.8899993896484;0
optimal;37.25;1;80mb;8;SHUFFLE;true;8;8;3;2;3;0;1433257206;14400000;86;17.8423000033945;30.0799999237061;0
optimal;37.25;1;80mb;8;SHUFFLE;true;8;8;3;2;3;0;1433257206;14400000;86;16.7133000213653;30.0799999237061;0
optimal;37.6899995803833;1;80mb;8;SHUFFLE;true;8;8;3;2;3;0;23174144;28800000;86;21.3804999948479;30.0899991989136;0
optimal;37.6899995803833;1;80mb;8;SHUFFLE;true;8;8;3;2;3;0;23174144;28800000;86;20.0937000336125;30.0899991989136;0
optimal;37.25;1;80mb;8;SHUFFLE;true;8;8;3;2;3;0;1433257206;14400000;86;25.9582999860868;30.0799999237061;0
optimal;37.6899995803833;1;80mb;8;SHUFFLE;true;8;8;3;2;3;0;23174144;28800000;86;21.2468999670818;30.0799999237061;0
optimal;37.25;1;80mb;8;SHUFFLE;true;8;8;3;2;3;0;1433257206;14400000;86;35.8470000210218;30.0799999237061;0
optimal;37.25;1;80mb;8;SHUFFLE;true;8;8;3;2;3;0;1433257206;14400000;86;20.5659999628551;30.0799999237061;0
optimal;37.6899995803833;1;80mb;8;SHUFFLE;true;8;8;3;2;3;0;23174144;28800000;86;20.3388999798335;30.0199995040894;0
optimal;37.2599992752075;2;96mb;8;SHUFFLE;true;8;8;3;2;3;0;23174144;28800000;86;205.828899983317;54.0799999237061;0
optimal;37.25;1;80mb;8;SHUFFLE;true;8;8;3;2;3;0;1433257206;14400000;86;19.9144000071101;30.0799999237061;0
optimal;37.6899995803833;1;80mb;8;SHUFFLE;true;8;8;3;2;3;0;23174144;28800000;86;21.2271999916993;30.0899991989136;0
optimal;37.25;1;80mb;8;SHUFFLE;true;8;8;3;2;3;0;1433257206;14400000;86;33.5699999704957;30.0799999237061;0
optimal;37.6899995803833;1;80mb;8;SHUFFLE;true;8;8;3;2;3;0;23174144;28800000;86;31.2884000013582;30.0899991989136;0
optimal;37.6899995803833;1;80mb;8;SHUFFLE;true;8;8;3;2;3;0;23174144;28800000;86;19.3836999824271;30.0899991989136;0
optimal;37.25;1;80mb;8;SHUFFLE;true;8;8;3;2;3;0;1433257206;14400000;86;47.0998999662697;29.8399991989136;0
optimal;37.6899995803833;1;80mb;8;SHUFFLE;true;8;8;3;2;3;0;23174144;28800000;86;20.1855000341311;30.0899991989136;0
optimal;37.6899995803833;1;80mb;8;SHUFFLE;true;8;8;3;2;3;0;23174144;28800000;86;32.4429999454878;30.0899991989136;0
optimal;37.25;1;80mb;8;SHUFFLE;true;8;8;3;2;3;0;1433257206;14400000;86;20.0494999880902;30.0799999237061;0
optimal;37.25;1;80mb;8;SHUFFLE;true;8;8;3;2;3;0;1433257206;14400000;86;23.9012999809347;30.0799999237061;0
optimal;37.25;1;80mb;8;SHUFFLE;true;8;8;3;2;3;0;1433257206;14400000;86;28.4046999877319;30.0799999237061;0
optimal;37.25;1;80mb;8;SHUFFLE;true;8;8;3;2;3;0;1433257206;14400000;86;17.7955999970436;30.0799999237061;0
optimal;37.6899995803833;1;80mb;8;SHUFFLE;true;8;8;3;2;3;0;23174144;28800000;86;21.6381999780424;30.0899991989136;0
optimal;37.25;1;80mb;8;SHUFFLE;true;8;8;3;2;3;0;1433257206;14400000;86;17.155300010927;30.0799999237061;0
optimal;37.6899995803833;1;80mb;8;SHUFFLE;true;8;8;3;2;3;0;23174144;28800000;86;23.1768999947235;30.0899991989136;0
optimal;37.25;1;80mb;8;SHUFFLE;true;8;8;3;2;3;0;1433257206;14400000;86;33.7123000063002;30.0799999237061;0
optimal;37.6899995803833;1;80mb;8;SHUFFLE;true;8;8;3;2;3;0;23174144;28800000;86;40.0864999974146;30.25;0
optimal;37.6899995803833;1;80mb;8;SHUFFLE;true;8;8;3;2;3;0;23174144;28800000;86;30.7302000001073;30.0899991989136;0
optimal;37.25;1;80mb;8;SHUFFLE;true;8;8;3;2;3;0;1433257206;14400000;86;17.9966999567114;30.0799999237061;0
optimal;37.6899995803833;1;80mb;8;SHUFFLE;true;8;8;3;2;3;0;23174144;28800000;86;21.7202000203542;30.0899991989136;0
optimal;37.25;1;80mb;8;SHUFFLE;true;8;8;3;2;3;0;1433257206;14400000;86;19.8702000197954;30.0799999237061;0
network_congestion;45.8199996948242;2;91mb;8;SHUFFLE;false;8;8;3;2;3;0;1433257206;14400000;86;622.516200004611;57.9799995422363;0
network_congestion;224.16999912262;4;323mb;8;SHUFFLE;false;20;5;6;24;6;0;8515487328;1440000;144;3342.08439994836;260.319999694824;0
network_congestion;213.629999160767;4;309mb;8;SHUFFLE;false;12;3;4;16;4;0;968;2880000;96;3638.70110001881;255.329999923706;0
network_congestion;317.439999580383;4;515mb;8;BROADCAST;false;20;5;6;24;6;0;1632;2880000;144;5448.04859999567;380.989999771118;0
network_congestion;326.069999694824;4;568mb;8;BROADCAST;false;20;5;6;24;6;0;1632;2880000;144;6351.72360000433;380.219999313354;0
network_congestion;147.549999237061;2;223mb;8;SHUFFLE;false;12;3;4;16;4;0;5676991432;1440000;96;1426.1960000149;175.209999084473;0
network_congestion;151.619999885559;4;229mb;8;SHUFFLE;false;12;3;4;16;4;0;5676991432;1440000;96;2032.03719999874;175.509999275208;0
network_congestion;319.039999961853;4;515mb;8;BROADCAST;false;20;5;6;24;6;0;1632;2880000;144;5955.89779998409;380.309999465942;0
network_congestion;224.329999923706;4;323mb;8;SHUFFLE;false;20;5;6;24;6;0;8515487328;1440000;144;2831.49919996504;260.859999656677;0
network_congestion;150.659999847412;4;227mb;8;SHUFFLE;false;12;3;4;16;4;0;5676991432;1440000;96;2024.3696999969;175.099999427795;0
network_congestion;151.819999694824;4;229mb;8;SHUFFLE;false;12;3;4;16;4;0;5676991432;1440000;96;1929.25350001315;174.799999237061;0
network_congestion;266.609999656677;4;378mb;8;SHUFFLE;false;16;4;5;20;5;0;1288;2880000;120;4543.33229997428;317.559999465942;0
network_congestion;321.619999885559;4;562mb;8;BROADCAST;false;20;5;6;24;6;0;1632;2880000;144;5743.14049998065;381.709999084473;0
network_congestion;148.539999961853;2;225mb;8;SHUFFLE;false;12;3;4;16;4;0;5676991432;1440000;96;1720.2769999858;175.099999427795;0
network_congestion;223.119999885559;4;322mb;8;SHUFFLE;false;20;5;6;24;6;0;8515487328;1440000;144;3134.42209997447;261.279999732971;0
network_congestion;221.369999885559;4;319mb;8;SHUFFLE;false;20;5;6;24;6;0;8515487328;1440000;144;2834.28020001156;260.729999542236;0
network_congestion;223.379999160767;4;322mb;8;SHUFFLE;false;20;5;6;24;6;0;8515487328;1440000;144;2820.94549998874;261.789999961853;0
network_congestion;152.729999542236;4;230mb;8;SHUFFLE;false;12;3;4;16;4;0;5676991432;1440000;96;2125.50460000057;175.64999961853;0
network_congestion;271.299999237061;4;384mb;8;SHUFFLE;false;16;4;5;20;5;0;1288;2880000;120;5241.47369997809;318.439999580383;0
network_congestion;214.91999912262;4;311mb;8;SHUFFLE;false;12;3;4;16;4;0;968;2880000;96;4434.27219998557;254.639999389648;0
network_congestion;222.089999198914;4;320mb;8;SHUFFLE;false;20;5;6;24;6;0;8515487328;1440000;144;2530.25920002256;260.869999885559;0
network_congestion;222.629999160767;4;321mb;8;SHUFFLE;false;20;5;6;24;6;0;8515487328;1440000;144;2933.18390002241;260.869999885559;0
network_congestion;224.069999694824;4;323mb;8;SHUFFLE;false;20;5;6;24;6;0;8515487328;1440000;144;3030.73380002752;260.319999694824;0
network_congestion;222.889999389648;4;321mb;8;SHUFFLE;false;20;5;6;24;6;0;8515487328;1440000;144;2835.94520000042;262.909999847412;0
network_congestion;150.809999465942;4;228mb;8;SHUFFLE;false;12;3;4;16;4;0;5676991432;1440000;96;2032.03229996143;175.509999275208;0
network_congestion;184.969999313354;4;272mb;8;SHUFFLE;false;16;4;5;20;5;0;7096239368;1440000;120;2228.01309998613;217.549999237061;0
network_congestion;324.389999389648;4;566mb;8;BROADCAST;false;20;5;6;24;6;0;1632;2880000;144;5648.37469998747;382.5;0
network_congestion;223.979999542236;4;323mb;8;SHUFFLE;false;20;5;6;24;6;0;8515487328;1440000;144;2929.90190000273;261.41999912262;0
network_congestion;223.949999809265;4;323mb;8;SHUFFLE;false;20;5;6;24;6;0;8515487328;1440000;144;2832.78350002365;261.279999732971;0
network_congestion;324.009999275208;4;566mb;8;BROADCAST;false;20;5;6;24;6;0;1632;2880000;144;6251.74289999995;380.309999465942;0
network_congestion;320.909999847412;4;561mb;8;BROADCAST;false;20;5;6;24;6;0;1632;2880000;144;6039.75710005034;380.619999885559;0
network_congestion;317.009999275208;4;515mb;8;BROADCAST;false;20;5;6;24;6;0;1632;2880000;144;4869.36740000965;381.939999580383;0
network_congestion;318.739999771118;4;515mb;8;BROADCAST;false;20;5;6;24;6;0;1632;2880000;144;5047.94359998778;381.539999961853;0
network_congestion;222.009999275208;4;320mb;8;SHUFFLE;false;20;5;6;24;6;0;8515487328;1440000;144;2635.35900000716;261.819999694824;0
network_congestion;226.029999732971;4;325mb;8;SHUFFLE;false;20;5;6;24;6;0;8515487328;1440000;144;2832.41610002005;261.409999847412;0
network_congestion;223.119999885559;4;322mb;8;SHUFFLE;false;20;5;6;24;6;0;8515487328;1440000;144;3035.37759999745;261.819999694824;0
network_congestion;264.889999389648;4;470mb;8;BROADCAST;false;16;4;5;20;5;0;1288;2880000;120;2754.63760003913;319.199999809265;0
network_congestion;148.939999580383;2;225mb;8;SHUFFLE;false;12;3;4;16;4;0;5676991432;1440000;96;1717.74300001562;175.509999275208;0
network_congestion;318.299999237061;4;515mb;8;BROADCAST;false;20;5;6;24;6;0;1632;2880000;144;5741.84199998854;381.39999961853;0
network_congestion;186.829999923706;4;274mb;8;SHUFFLE;false;16;4;5;20;5;0;7096239368;1440000;120;2733.33040002035;218.099999427795;0
network_congestion;222.869999885559;4;321mb;8;SHUFFLE;false;20;5;6;24;6;0;8515487328;1440000;144;2942.37210002029;263.019999504089;0
network_congestion;220.879999160767;4;319mb;8;SHUFFLE;false;20;5;6;24;6;0;8515487328;1440000;144;2526.27979998942;261.559999465942;0
network_congestion;150.489999771118;2;227mb;8;SHUFFLE;false;12;3;4;16;4;0;5676991432;1440000;96;1723.59860001598;175.209999084473;0
network_congestion;324.079999923706;4;566mb;8;BROADCAST;false;20;5;6;24;6;0;1632;2880000;144;6541.45640000934;381.939999580383;0
network_congestion;213.41999912262;4;309mb;8;SHUFFLE;false;12;3;4;16;4;0;968;2880000;96;4134.39369999105;255.189999580383;0
network_congestion;186.229999542236;4;274mb;8;SHUFFLE;false;16;4;5;20;5;0;7096239368;1440000;120;2790.04749999149;216.859999656677;0
network_congestion;221.91999912262;4;320mb;8;SHUFFLE;false;20;5;6;24;6;0;8515487328;1440000;144;2718.99979998125;261.789999961853;0
network_congestion;222.91999912262;4;321mb;8;SHUFFLE;false;20;5;6;24;6;0;8515487328;1440000;144;2629.31509996997;251.719999313354;0
network_congestion;260.559999465942;2;542mb;8;BROADCAST;false;124;103;32;16;32;0;18897752;28800000;92;882.873399998061;445.589999198914;0
network_congestion;243.409999847412;2;530mb;8;BROADCAST;false;124;103;32;16;32;0;11372794632;14400000;92;880.308499967214;419.339999198914;0
network_congestion;258.719999313354;2;542mb;8;BROADCAST;false;124;103;32;16;32;0;18897752;28800000;92;879.482899967115;440.519999504089;0
network_congestion;260.559999465942;2;542mb;8;BROADCAST;false;124;103;32;16;32;0;18897752;28800000;92;820.595700002741;447.029999732971;0
network_congestion;243.389999389648;2;530mb;8;BROADCAST;false;124;103;32;16;32;0;11372794632;14400000;92;883.115400036331;416.429999351501;0
network_congestion;262.709999084473;2;542mb;8;BROADCAST;false;124;103;32;16;32;0;18897752;28800000;92;832.339999964461;444.849999427795;0
network_congestion;352.109999656677;4;664mb;8;BROADCAST;false;124;103;32;16;32;0;11372794632;14400000;92;3058.73940000311;527.869999885559;0
network_congestion;3880.95999908447;4;7932mb;8;SHUFFLE;false;12;12;4;3;4;0;23213092;144690000;1208;77097.0615000115;5754.87999916077;0
network_congestion;1054.71999931335;4;2191mb;8;SHUFFLE;false;12;12;4;3;4;0;1433285778;71990000;1208;20069.0990000148;1576.95999908447;0
network_congestion;3686.39999961853;4;7537mb;8;SHUFFLE;false;12;12;4;3;4;0;23213092;144690000;1208;69128.3427000162;5273.5999994278;0
network_congestion;1495.03999996185;4;3085mb;8;SHUFFLE;false;12;12;4;3;4;0;1433285778;71990000;1208;33091.5842999821;2140.15999984741;0
network_congestion;2498.55999946594;4;5125mb;8;SHUFFLE;false;12;12;4;3;4;0;23213092;144690000;1208;38088.4848000132;3665.91999912262;0
network_congestion;2191.35999965668;4;4500mb;8;SHUFFLE;false;12;12;4;3;4;0;1433285778;71990000;1208;58586.6267000092;3041.27999973297;0
optimal;75.4599990844727;2;153mb;8;SHUFFLE;true;12;12;4;2;4;0;1433282196;14400000;169;29.9603000166826;102.069999694824;0
optimal;76.7699995040894;2;153mb;8;SHUFFLE;true;12;12;4;2;4;0;1433282196;14400000;169;34.2718999600038;102.069999694824;0
optimal;96.289999961853;2;157mb;8;SHUFFLE;true;12;12;4;2;4;0;23209640;28800000;169;30.6921000010334;121.299999237061;0
optimal;76.4599990844727;2;153mb;8;SHUFFLE;true;12;12;4;2;4;0;1433282196;14400000;169;42.6899999729358;102.069999694824;0
optimal;76.7199993133545;2;153mb;8;SHUFFLE;true;12;12;4;2;4;0;1433282196;14400000;169;30.374700028915;102.079999923706;0
optimal;76.7199993133545;2;153mb;8;SHUFFLE;true;12;12;4;2;4;0;1433282196;14400000;169;28.8687999709509;102.069999694824;0
optimal;77.5799999237061;2;153mb;8;SHUFFLE;true;12;12;4;2;4;0;1433282196;14400000;169;55.4389000171795;102.069999694824;0
optimal;96.0499992370605;2;156mb;8;SHUFFLE;true;12;12;4;2;4;0;23209640;28800000;169;40.6423999811523;121.349999427795;0
optimal;76.6399993896484;2;153mb;8;SHUFFLE;true;12;12;4;2;4;0;1433282196;14400000;169;42.4702999880537;102.069999694824;0
optimal;76.7699995040894;2;153mb;8;SHUFFLE;true;12;12;4;2;4;0;1433282196;14400000;169;31.5010999911465;102.079999923706;0
optimal;76.8099994659424;2;153mb;8;SHUFFLE;true;12;12;4;2;4;0;1433282196;14400000;169;52.2176999947987;102.069999694824;0
optimal;94.9599990844727;2;155mb;8;SHUFFLE;true;12;12;4;2;4;0;23209640;28800000;169;40.4140999889933;121.299999237061;0
optimal;94.4899997711182;2;154mb;8;SHUFFLE;true;12;12;4;2;4;0;23209640;28800000;169;42.5246999948286;121.299999237061;0
network_congestion;77.9099998474121;2;153mb;8;SHUFFLE;true;12;12;4;2;4;0;1433282196;14400000;169;665.769200015347;105.25;0
optimal;95.2199993133545;2;155mb;8;SHUFFLE;true;12;12;4;2;4;0;23209640;28800000;169;56.5538000082597;121.539999961853;0
optimal;76.6799993515015;2;153mb;8;SHUFFLE;true;12;12;4;2;4;0;1433282196;14400000;169;28.6678999545984;102.069999694824;0
optimal;76.6799993515015;2;153mb;8;SHUFFLE;true;12;12;4;2;4;0;1433282196;14400000;169;32.9043000238016;102.069999694824;0
optimal;76.8099994659424;2;153mb;8;SHUFFLE;true;12;12;4;2;4;0;1433282196;14400000;169;101.874200045131;102.069999694824;0
optimal;95.2999992370605;2;155mb;8;SHUFFLE;true;12;12;4;2;4;0;23209640;28800000;169;46.4728999650106;121.299999237061;0
optimal;76.6399993896484;2;153mb;8;SHUFFLE;true;12;12;4;2;4;0;1433282196;14400000;169;87.1653000358492;102.069999694824;0
optimal;94.4899997711182;2;154mb;8;SHUFFLE;true;12;12;4;2;4;0;23209640;28800000;169;41.9609000091441;121.299999237061;0
optimal;76.7199993133545;2;153mb;8;SHUFFLE;true;12;12;4;2;4;0;1433282196;14400000;169;44.9152999790385;102.069999694824;0
optimal;95.25;2;155mb;8;SHUFFLE;true;12;12;4;2;4;0;23209640;28800000;169;96.4417000068352;121.309999465942;0
optimal;75.4599990844727;2;153mb;8;SHUFFLE;true;12;12;4;2;4;0;1433282196;14400000;169;34.4631000189111;102.16999912262;0
optimal;75.4599990844727;2;153mb;8;SHUFFLE;true;12;12;4;2;4;0;1433282196;14400000;169;112.490099971183;102.069999694824;0
optimal;77.4499998092651;2;153mb;8;SHUFFLE;true;12;12;4;2;4;0;1433282196;14400000;169;45.5889999866486;102.069999694824;0
optimal;76.6799993515015;2;153mb;8;SHUFFLE;true;12;12;4;2;4;0;1433282196;14400000;169;28.7304999656044;102.069999694824;0
optimal;76.7699995040894;2;153mb;8;SHUFFLE;true;12;12;4;2;4;0;1433282196;14400000;169;30.3248999989592;102.069999694824;0
optimal;95.2599992752075;2;155mb;8;SHUFFLE;true;12;12;4;2;4;0;23209640;28800000;169;68.4507000260055;121.299999237061;0
optimal;95.2199993133545;2;155mb;8;SHUFFLE;true;12;12;4;2;4;0;23209640;28800000;169;43.7959999544546;121.299999237061;0
optimal;77.8499994277954;2;153mb;8;SHUFFLE;true;12;12;4;2;4;0;1433282196;14400000;169;60.8524999697693;102.069999694824;0
optimal;56.9599990844727;2;125mb;8;SHUFFLE;true;12;12;4;2;4;0;23208788;28800000;142;46.7759000021033;82.3399991989136;0
optimal;55.2599992752075;2;125mb;8;SHUFFLE;true;12;12;4;2;4;0;1433281344;14400000;142;34.2026999569498;78.2299995422363;0
optimal;57.0999994277954;2;125mb;8;SHUFFLE;true;12;12;4;2;4;0;23208788;28800000;142;53.0609999550506;81.8899993896484;0
network_congestion;64.0099992752075;2;115mb;8;BROADCAST;true;12;12;4;2;4;0;1433281344;14400000;142;619.047600019258;80.6999998092651;0
optimal;55.2599992752075;2;125mb;8;SHUFFLE;true;12;12;4;2;4;0;1433281344;14400000;142;116.901399975177;78.2299995422363;0
optimal;55.2799997329712;2;125mb;8;SHUFFLE;true;12;12;4;2;4;0;1433281344;14400000;142;33.0724000232294;78.2299995422363;0
codegen_heavy;56.9699993133545;2;125mb;8;BROADCAST;false;12;12;4;2;4;0;23208788;28800000;142;625.66630000947;95.3999996185303;0
optimal;55.2599992752075;2;125mb;8;SHUFFLE;true;12;12;4;2;4;0;1433281344;14400000;142;29.9625999759883;78.2299995422363;0
optimal;56.9699993133545;2;125mb;8;SHUFFLE;true;12;12;4;2;4;0;23208788;28800000;142;45.5694000120275;82.2999992370605;0
optimal;55.2799997329712;2;125mb;8;SHUFFLE;true;12;12;4;2;4;0;1433281344;14400000;142;28.9561999961734;78.25;0
optimal;56.9699993133545;2;125mb;8;SHUFFLE;true;12;12;4;2;4;0;23208788;28800000;142;44.307200005278;82.0599994659424;0
codegen_heavy;56.9699993133545;2;125mb;8;BROADCAST;false;12;12;4;2;4;0;23208788;28800000;142;719.760000007227;95.0099992752075;0
optimal;56.9699993133545;2;125mb;8;SHUFFLE;true;12;12;4;2;4;0;23208788;28800000;142;219.305899983738;81.8899993896484;0
network_congestion;81.3899993896484;2;137mb;8;SHUFFLE;false;12;12;4;2;4;0;23208788;28800000;142;1525.16359998845;95.1099996566772;0
optimal;55.2599992752075;2;125mb;8;SHUFFLE;true;12;12;4;2;4;0;1433281344;14400000;142;32.5667000142857;78.2299995422363;0
network_congestion;64.0599994659424;2;115mb;8;BROADCAST;true;12;12;4;2;4;0;1433281344;14400000;142;669.496099988464;81.2999992370605;0
network_congestion;56.9699993133545;2;125mb;8;BROADCAST;false;12;12;4;2;4;0;23208788;28800000;142;619.068900006823;95.0099992752075;0
optimal;55.3099994659424;2;125mb;8;SHUFFLE;true;12;12;4;2;4;0;1433281344;14400000;142;42.1857999754138;78.2299995422363;0
optimal;55.25;2;125mb;8;SHUFFLE;true;12;12;4;2;4;0;1433281344;14400000;142;28.6899000057019;78.2299995422363;0
network_congestion;56.9699993133545;2;125mb;8;BROADCAST;false;12;12;4;2;4;0;23208788;28800000;142;624.088399985339;95.0699996948242;0
codegen_heavy;55.2799997329712;2;125mb;8;BROADCAST;false;12;12;4;2;4;0;1433281344;14400000;142;617.890299996361;89.0699996948242;0
optimal;57.0699996948242;2;125mb;8;SHUFFLE;true;12;12;4;2;4;0;23208788;28800000;142;59.4744000118226;81.8899993896484;0
network_congestion;57.2199993133545;2;125mb;8;BROADCAST;false;12;12;4;2;4;0;23208788;28800000;142;718.657999997959;95.0699996948242;0
optimal;55.25;2;125mb;8;SHUFFLE;true;12;12;4;2;4;0;1433281344;14400000;142;30.1060000201687;78.2299995422363;0
network_congestion;64.0099992752075;2;115mb;8;BROADCAST;true;12;12;4;2;4;0;1433281344;14400000;142;570.420200005174;80.6999998092651;0
network_congestion;55.2799997329712;2;125mb;8;BROADCAST;false;12;12;4;2;4;0;1433281344;14400000;142;621.995699999388;89.9499998092651;0
optimal;55.2599992752075;2;125mb;8;SHUFFLE;true;12;12;4;2;4;0;1433281344;14400000;142;31.4062999677844;78.2299995422363;0
optimal;55.2799997329712;2;125mb;8;SHUFFLE;true;12;12;4;2;4;0;1433281344;14400000;142;117.359400028363;78.2299995422363;0
optimal;57.1199998855591;2;125mb;8;SHUFFLE;true;12;12;4;2;4;0;23208788;28800000;142;42.038900020998;81.9099998474121;0
network_congestion;56.9699993133545;2;125mb;8;BROADCAST;false;12;12;4;2;4;0;23208788;28800000;142;620.491700014099;95.4699993133545;0
optimal;55.25;2;125mb;8;SHUFFLE;true;12;12;4;2;4;0;1433281344;14400000;142;29.1633000015281;78.2299995422363;0
optimal;55.2599992752075;2;125mb;8;SHUFFLE;true;12;12;4;2;4;0;1433281344;14400000;142;30.4556000046432;78.2299995422363;0
codegen_heavy;57.1499996185303;2;125mb;8;BROADCAST;false;12;12;4;2;4;0;23208788;28800000;142;620.582900010049;95.0099992752075;0
optimal;57.0099992752075;2;125mb;8;SHUFFLE;true;12;12;4;2;4;0;23208788;28800000;142;58.8067999924533;82.1299991607666;0
network_congestion;57.0099992752075;2;125mb;8;BROADCAST;false;12;12;4;2;4;0;23208788;28800000;142;669.661800027825;95.0099992752075;0
optimal;55.289999961853;2;125mb;8;SHUFFLE;true;12;12;4;2;4;0;1433281344;14400000;142;31.2378999660723;78.2299995422363;0
optimal;55.289999961853;2;125mb;8;SHUFFLE;true;12;12;4;2;4;0;1433281344;14400000;142;81.6010000417009;78.2299995422363;0
network_congestion;57;2;125mb;8;BROADCAST;false;12;12;4;2;4;0;23208788;28800000;142;623.927099979483;95.4499998092651;0
optimal;55.289999961853;2;125mb;8;SHUFFLE;true;12;12;4;2;4;0;1433281344;14400000;142;33.1637999624945;78.2299995422363;0
optimal;55.289999961853;2;125mb;8;SHUFFLE;true;12;12;4;2;4;0;1433281344;14400000;142;35.8697000192478;78.2299995422363;0
network_congestion;57.0099992752075;2;125mb;8;BROADCAST;false;12;12;4;2;4;0;23208788;28800000;142;667.879999964498;95.0099992752075;0
optimal;55.289999961853;2;125mb;8;SHUFFLE;true;12;12;4;2;4;0;1433281344;14400000;142;32.0890999864787;78.2299995422363;0
optimal;54.7099990844727;2;125mb;8;SHUFFLE;true;12;12;4;2;4;0;1433281344;14400000;142;47.5411000079475;78.2299995422363;0
network_congestion;55.3299999237061;2;125mb;8;BROADCAST;false;12;12;4;2;4;0;1433281344;14400000;142;664.807599969208;89.5099992752075;0
optimal;55.2999992370605;2;125mb;8;SHUFFLE;true;12;12;4;2;4;0;1433281344;14400000;142;45.6872999784537;78.2299995422363;0
network_congestion;57.1599998474121;2;125mb;8;BROADCAST;false;12;12;4;2;4;0;23208788;28800000;142;766.941500012763;95.4499998092651;0
network_congestion;56.8399991989136;2;125mb;8;BROADCAST;false;12;12;4;2;4;0;23208788;28800000;142;620.189200039022;95.4499998092651;0
optimal;55.2999992370605;2;125mb;8;SHUFFLE;true;12;12;4;2;4;0;1433281344;14400000;142;33.0917999963276;78.2299995422363;0
network_congestion;64.039999961853;2;115mb;8;BROADCAST;true;12;12;4;2;4;0;1433281344;14400000;142;614.936500031035;81.2999992370605;0
optimal;55.7399997711182;2;125mb;8;SHUFFLE;true;12;12;4;2;4;0;23208788;28800000;142;43.7916999799199;81.9899997711182;0
optimal;54.5999994277954;2;125mb;8;SHUFFLE;true;12;12;4;2;4;0;1433281344;14400000;142;33.4781000274234;78.2299995422363;0
optimal;55.289999961853;2;125mb;8;SHUFFLE;true;12;12;4;2;4;0;1433281344;14400000;142;33.4977000020444;78.2299995422363;0
optimal;57;2;125mb;8;SHUFFLE;true;12;12;4;2;4;0;23208788;28800000;142;43.6967000132427;82.0999994277954;0
optimal;55.289999961853;2;125mb;8;SHUFFLE;true;12;12;4;2;4;0;1433281344;14400000;142;48.7177000031807;78.2999992370605;0
optimal;55.289999961853;2;125mb;8;SHUFFLE;true;12;12;4;2;4;0;1433281344;14400000;142;29.3420000234619;78.2599992752075;0
codegen_heavy;57.3599996566772;2;125mb;8;BROADCAST;false;12;12;4;2;4;0;23208788;28800000;142;820.05580002442;95.0099992752075;0
optimal;55.289999961853;2;125mb;8;SHUFFLE;true;12;12;4;2;4;0;1433281344;14400000;142;42.7096000057645;78.2299995422363;0
network_congestion;64.0099992752075;2;115mb;8;BROADCAST;true;12;12;4;2;4;0;1433281344;14400000;142;566.933699999936;80.6999998092651;0
optimal;57.1399993896484;2;125mb;8;SHUFFLE;true;12;12;4;2;4;0;23208788;28800000;142;44.7608000249602;82.3599996566772;0
optimal;55.4299993515015;2;125mb;8;SHUFFLE;true;12;12;4;2;4;0;1433281344;14400000;142;29.9005000269972;78.2299995422363;0
network_congestion;55.289999961853;2;125mb;8;BROADCAST;false;12;12;4;2;4;0;1433281344;14400000;142;570.983999990858;89.5899991989136;0
network_congestion;64.0099992752075;2;115mb;8;BROADCAST;true;12;12;4;2;4;0;1433281344;14400000;142;620.648700045422;80.6999998092651;0
optimal;55.4299993515015;2;125mb;8;SHUFFLE;true;12;12;4;2;4;0;1433281344;14400000;142;42.2306999680586;78.2299995422363;0
network_congestion;64.0099992752075;2;115mb;8;BROADCAST;true;12;12;4;2;4;0;1433281344;14400000;142;585.528300027363;80.6999998092651;0
optimal;55.289999961853;2;125mb;8;SHUFFLE;true;12;12;4;2;4;0;1433281344;14400000;142;49.9871000065468;78.2299995422363;0
optimal;55.2999992370605;2;125mb;8;SHUFFLE;true;12;12;4;2;4;0;1433281344;14400000;142;28.7646999931894;78.2299995422363;0
optimal;57.0099992752075;2;125mb;8;SHUFFLE;true;12;12;4;2;4;0;23208788;28800000;142;42.1223000157624;81.9299993515015;0
network_congestion;94.6699991226196;4;214mb;8;BROADCAST;false;12;12;4;2;4;0;1443623878;133110000;115;4993.31460002577;164.699999809265;0
network_congestion;74.7099990844727;4;129mb;8;SHUFFLE;false;12;12;4;2;4;0;540044466;49330000;116;2928.33620001329;96.2999992370605;0
network_congestion;94.4499998092651;4;214mb;8;BROADCAST;false;12;12;4;2;4;0;1443623878;133110000;115;5045.26529996656;163.339999198914;0
network_congestion;74.8399991989136;4;129mb;8;SHUFFLE;false;12;12;4;2;4;0;540044466;49330000;116;2833.58380000573;95.4799995422363;0
network_congestion;74.8799991607666;4;129mb;8;SHUFFLE;false;12;12;4;2;4;0;540044466;49330000;116;2826.98000001255;95.6499996185303;0
network_congestion;74.9699993133545;4;129mb;8;SHUFFLE;false;12;12;4;2;4;0;540044466;49330000;116;2936.15490000229;96.0999994277954;0
network_congestion;94.4499998092651;4;214mb;8;BROADCAST;false;12;12;4;2;4;0;1443623878;133110000;115;5134.67060000403;163.769999504089;0
network_congestion;75.1199998855591;4;129mb;8;SHUFFLE;false;12;12;4;2;4;0;540044466;49330000;116;2728.2613000134;96.9699993133545;0
network_congestion;94.4499998092651;4;214mb;8;BROADCAST;false;12;12;4;2;4;0;1443623878;133110000;115;4738.95879997872;164.299999237061;0
network_congestion;74.9599990844727;4;129mb;8;SHUFFLE;false;12;12;4;2;4;0;540044466;49330000;116;2828.00739997765;96.75;0
network_congestion;74.9099998474121;4;129mb;8;SHUFFLE;false;12;12;4;2;4;0;540044466;49330000;116;2729.39059999771;96.8899993896484;0
network_congestion;74.9599990844727;4;129mb;8;SHUFFLE;false;12;12;4;2;4;0;540044466;49330000;116;2829.11440002499;96.2399997711182;0
network_congestion;74.3499994277954;4;128mb;8;SHUFFLE;false;12;12;4;2;4;0;540044466;49330000;116;2825.70390001638;96.3199996948242;0
network_congestion;94.4499998092651;4;214mb;8;BROADCAST;false;12;12;4;2;4;0;1443623878;133110000;115;5048.53470000671;164.029999732971;0
network_congestion;94.4499998092651;4;214mb;8;BROADCAST;false;12;12;4;2;4;0;1443623878;133110000;115;4934.9742999766;165.069999694824;0
network_congestion;94.4499998092651;4;214mb;8;BROADCAST;false;12;12;4;2;4;0;1443623878;133110000;115;4737.95530002099;164.509999275208;0
network_congestion;74.9099998474121;4;129mb;8;SHUFFLE;false;12;12;4;2;4;0;540044466;49330000;116;2931.84199999087;96.8199996948242;0
network_congestion;94.4499998092651;4;214mb;8;BROADCAST;false;12;12;4;2;4;0;1443623878;133110000;115;5152.30610000435;164.629999160767;0
network_congestion;74.3299999237061;4;128mb;8;SHUFFLE;false;12;12;4;2;4;0;540044466;49330000;116;2829.85989999725;90.8399991989136;0
network_congestion;94.4499998092651;4;214mb;8;BROADCAST;false;12;12;4;2;4;0;1443623878;133110000;115;5134.97339998139;164.799999237061;0
network_congestion;94.4499998092651;4;214mb;8;BROADCAST;false;12;12;4;2;4;0;1443623878;133110000;115;4941.24489999376;164.029999732971;0
network_congestion;94.4499998092651;4;214mb;8;BROADCAST;false;12;12;4;2;4;0;1443623878;133110000;115;4743.15479997313;164.309999465942;0
network_congestion;94.4499998092651;4;214mb;8;BROADCAST;false;12;12;4;2;4;0;1443623878;133110000;115;4938.87000001268;164.449999809265;0
network_congestion;94.4499998092651;4;214mb;8;BROADCAST;false;12;12;4;2;4;0;1443623878;133110000;115;4836.87210001517;165.659999847412;0
network_congestion;74.9599990844727;4;129mb;8;SHUFFLE;false;12;12;4;2;4;0;540044466;49330000;116;2928.54569997871;96.2999992370605;0
network_congestion;74.1399993896484;4;128mb;8;SHUFFLE;false;12;12;4;2;4;0;540044466;49330000;116;3029.24340002937;96.3099994659424;0
network_congestion;74.2799997329712;4;128mb;8;SHUFFLE;false;12;12;4;2;4;0;540044466;49330000;116;2826.96229999419;95.4799995422363;0
network_congestion;74.6499996185303;4;129mb;8;SHUFFLE;false;12;12;4;2;4;0;540044386;49330000;116;2726.3932999922;96.4899997711182;0
optimal;4.25;1;37mb;8;SHUFFLE;false;0;0;1;2;1;0;62718;7200;28;19.2240999895148;4.25;0
optimal;4.25999927520752;1;37mb;8;SHUFFLE;false;0;0;1;2;1;0;62718;7200;28;15.8134999801405;4.25999927520752;0
optimal;4.23999977111816;1;37mb;8;SHUFFLE;false;0;0;1;2;1;0;62718;7200;28;20.7209000363946;4.23999977111816;0
optimal;4.25999927520752;1;37mb;8;SHUFFLE;false;0;0;1;2;1;0;62718;7200;28;14.612999977544;4.26999950408936;0
optimal;4.25;1;37mb;8;SHUFFLE;false;0;0;1;2;1;0;62718;7200;28;20.0145000126213;4.25;0
optimal;4.25999927520752;1;37mb;8;SHUFFLE;false;0;0;1;2;1;0;62718;7200;28;30.4235999938101;4.25;0
optimal;4.25;1;37mb;8;SHUFFLE;false;0;0;1;2;1;0;62718;7200;28;15.7444000360556;4.25999927520752;0
optimal;4.25999927520752;1;37mb;8;SHUFFLE;false;0;0;1;2;1;0;62718;7200;28;15.2904999558814;4.25;0
optimal;4.23999977111816;1;37mb;8;SHUFFLE;false;0;0;1;2;1;0;62718;7200;28;36.613899981603;4.23999977111816;0
optimal;4.25;1;37mb;8;SHUFFLE;false;0;0;1;2;1;0;62718;7200;28;19.9192999862134;4.25999927520752;0
optimal;4.25;1;37mb;8;SHUFFLE;false;0;0;1;2;1;0;62718;7200;28;18.9938999828883;4.25999927520752;0
optimal;4.25;1;37mb;8;SHUFFLE;false;0;0;1;2;1;0;62718;7200;28;15.14460000908;4.25;0
optimal;4.25999927520752;1;37mb;8;SHUFFLE;false;0;0;1;2;1;0;62718;7200;28;22.0121000311337;4.25999927520752;0
optimal;4.25999927520752;1;37mb;8;SHUFFLE;false;0;0;1;2;1;0;62718;7200;28;16.8365000281483;4.25999927520752;0
optimal;16.8999996185303;1;53mb;8;SHUFFLE;true;5;4;2;2;2;0;15665750;1920000;55;262.463699968066;15.0599994659424;0
optimal;12.9399995803833;1;48mb;8;SHUFFLE;true;5;4;2;0;2;0;15665617;1920000;55;29.981300001964;12.9899997711182;0
optimal;16.8399991989136;1;53mb;8;SHUFFLE;true;5;4;2;2;2;0;15665660;1920000;40;263.080800010357;15.0099992752075;0
optimal;11.8199996948242;1;47mb;8;SHUFFLE;true;5;4;2;0;2;0;15665572;1920000;40;31.9315000087954;10.9799995422363;0
optimal;34.2399997711182;1;76mb;8;SHUFFLE;true;5;0;2;2;2;0;15665700;1930000;44;262.034599960316;15.3199996948242;0
optimal;28.3199996948242;1;68mb;8;SHUFFLE;true;5;0;2;0;2;0;15665600;1920000;44;15.644799976144;11.1999998092651;0
optimal;12.9399995803833;1;48mb;8;SHUFFLE;true;5;4;2;0;2;0;15665624;1920000;57;34.2145999893546;13.0099992752075;0
optimal;27.25;1;67mb;8;SHUFFLE;true;5;0;2;0;2;0;15665620;1920000;49;18.5153000056744;11.25;0
optimal;34.2399997711182;1;76mb;8;SHUFFLE;true;5;0;2;2;2;0;15665700;1930000;44;310.439200024121;15.6299991607666;0
optimal;16.8499994277954;1;53mb;8;SHUFFLE;true;5;4;2;2;2;0;15665684;1920000;44;262.322900001891;15.0299997329712;0
optimal;11.789999961853;1;47mb;8;SHUFFLE;true;5;4;2;0;2;0;15665584;1920000;44;30.3528999793343;10.9899997711182;0
optimal;0.129794120788574;1;36mb;8;SHUFFLE;false;0;0;1;0;1;0;62626;120;20;19.2171999951825;0.0809659957885742;0
optimal;0.150301933288574;1;36mb;8;SHUFFLE;false;0;0;1;0;1;0;62626;128;20;20.6857000011951;0.0809659957885742;0
optimal;0.137606620788574;1;36mb;8;SHUFFLE;false;0;0;1;0;1;0;62626;167;20;15.009300026577;0.0809659957885742;0
optimal;0.101473808288574;1;36mb;8;SHUFFLE;false;0;0;1;0;1;0;62626;185;20;24.304399965331;0.0731534957885742;0
optimal;0.129794120788574;1;36mb;8;SHUFFLE;false;0;0;1;0;1;0;62626;200;20;17.3637999687344;0.0809659957885742;0
optimal;0.137606620788574;1;36mb;8;SHUFFLE;false;0;0;1;0;1;0;62626;213;20;14.4957000156865;0.0809659957885742;0
optimal;0.150301933288574;1;36mb;8;SHUFFLE;false;0;0;1;0;1;0;62626;218;20;14.8486000252888;0.0809659957885742;0
optimal;0.129794120788574;1;36mb;8;SHUFFLE;false;0;0;1;0;1;0;62626;340;20;15.1735999970697;0.0809659957885742;0
optimal;0.150301933288574;1;36mb;8;SHUFFLE;false;0;0;1;0;1;0;62626;453;20;15.7968000276014;0.0809659957885742;0
optimal;0.150301933288574;1;36mb;8;SHUFFLE;false;0;0;1;0;1;0;62626;481;20;15.734100015834;0.0809659957885742;0
optimal;0.0996770858764648;1;36mb;8;SHUFFLE;false;0;0;1;0;1;0;62606;62;20;14.3845999846235;0.0635442733764648;0
optimal;0.132880210876465;1;36mb;8;SHUFFLE;false;0;0;1;0;1;0;62606;97;20;20.4036999493837;0.0635442733764648;0
optimal;7.28999996185303;1;41mb;8;SHUFFLE;false;3;3;2;2;2;0;64472;7200;36;33.1399000133388;8.11999988555908;0
optimal;9.03999996185303;1;43mb;8;SHUFFLE;false;3;0;2;2;2;0;64500;7200;36;27.6220999658108;9.05999946594238;0
optimal;13.8899993896484;1;50mb;8;SHUFFLE;true;10;0;3;0;3;0;15667406;1920000;52;29.4493000255898;10.6499996185303;0
optimal;2.13999938964844;1;34mb;8;SHUFFLE;false;3;0;2;0;2;0;64392;7200;36;15.6840000418015;2.1899995803833;0
optimal;2.34999942779541;1;35mb;8;SHUFFLE;false;3;0;2;0;2;0;64392;7200;36;19.5876999641769;2.1899995803833;0
optimal;9.03999996185303;1;43mb;8;SHUFFLE;false;3;0;2;2;2;0;64524;7200;44;32.8974000294693;9.05999946594238;0
optimal;32.2599992752075;2;73mb;8;SHUFFLE;true;10;4;3;2;3;0;15667667;1930000;81;415.232700004708;22.2199993133545;0
optimal;18.039999961853;1;55mb;8;SHUFFLE;true;10;8;3;0;3;0;15667418;1920000;68;44.2243000143208;16.9699993133545;0
optimal;2.40999984741211;1;35mb;8;SHUFFLE;false;3;0;2;0;2;0;64424;7200;44;19.9652000446804;2.17999935150146;0
optimal;5.06999969482422;1;38mb;8;SHUFFLE;false;3;0;2;0;2;0;64424;7200;44;39.1098000109196;5.06999969482422;0
optimal;13.4799995422363;1;49mb;8;SHUFFLE;true;10;4;3;0;3;0;15667402;1920000;56;45.776900020428;10.4599990844727;0
optimal;3.28999996185303;1;36mb;8;SHUFFLE;false;3;3;2;0;2;0;64380;7200;40;22.8951000026427;4.10999965667725;0
optimal;5.04999923706055;1;38mb;8;SHUFFLE;false;3;0;2;0;2;0;64408;7200;40;16.8208000250161;5.06999969482422;0
optimal;4.55999946594238;1;37mb;8;SHUFFLE;false;0;0;1;2;1;0;62658;7200;16;16.3366999477148;4.55999946594238;0
optimal;4.55999946594238;1;37mb;8;SHUFFLE;false;0;0;1;2;1;0;62658;7200;16;15.6864000018686;4.55999946594238;0
optimal;4.55999946594238;1;37mb;8;SHUFFLE;false;0;0;1;2;1;0;62658;7200;16;19.2337000044063;4.55999946594238;0
optimal;4.55999946594238;1;37mb;8;SHUFFLE;false;0;0;1;2;1;0;62658;7200;16;21.3624000316486;4.55999946594238;0
optimal;4.55999946594238;1;37mb;8;SHUFFLE;false;0;0;1;2;1;0;62658;7200;16;15.4813000117429;4.57999992370605;0
optimal;4.55999946594238;1;37mb;8;SHUFFLE;false;0;0;1;2;1;0;62658;7200;16;17.1697000041604;4.55999946594238;0
optimal;4.57999992370605;1;37mb;8;SHUFFLE;false;0;0;1;2;1;0;62658;7200;16;15.9872999647632;4.55999946594238;0
optimal;4.55999946594238;1;37mb;8;SHUFFLE;false;0;0;1;2;1;0;62658;7200;16;27.5177999865264;4.55999946594238;0
optimal;4.55999946594238;1;37mb;8;SHUFFLE;false;0;0;1;2;1;0;62658;7200;16;16.2175000295974;4.55999946594238;0
optimal;4.55999946594238;1;37mb;8;SHUFFLE;false;0;0;1;2;1;0;62658;7200;16;19.4412000128068;4.55999946594238;0
optimal;4.54999923706055;1;37mb;8;SHUFFLE;false;0;0;1;2;1;0;62658;7200;16;33.2937000202946;4.54999923706055;0
optimal;4.55999946594238;1;37mb;8;SHUFFLE;false;0;0;1;2;1;0;62658;7200;16;16.082699992694;4.55999946594238;0
optimal;4.54999923706055;1;37mb;8;SHUFFLE;false;0;0;1;2;1;0;62658;7200;16;31.7492000176571;4.54999923706055;0
optimal;4.55999946594238;1;37mb;8;SHUFFLE;false;0;0;1;2;1;0;62658;7200;16;16.7342000058852;4.55999946594238;0
optimal;4.57999992370605;1;37mb;8;SHUFFLE;false;0;0;1;2;1;0;62658;7200;16;17.2271000337787;4.55999946594238;0
optimal;4.55999946594238;1;37mb;8;SHUFFLE;false;0;0;1;2;1;0;62658;7200;16;38.0921000032686;4.55999946594238;0
optimal;4.55999946594238;1;37mb;8;SHUFFLE;false;0;0;1;2;1;0;62658;7200;16;32.790900033433;4.55999946594238;0
optimal;24.8299999237061;1;64mb;8;SHUFFLE;true;5;0;2;0;2;0;15665544;1920000;35;19.0656000049785;11.1699991226196;0
optimal;28.2199993133545;1;68mb;8;SHUFFLE;true;5;0;2;0;2;0;15665500;1920000;24;18.7534000142477;11.0799999237061;0
optimal;11.7199993133545;1;47mb;8;SHUFFLE;true;5;4;2;0;2;0;15665484;1920000;24;16.0895999870263;10.9899997711182;0
optimal;24.1099996566772;1;63mb;8;SHUFFLE;true;5;0;2;0;2;0;15665556;1920000;38;29.6977999969386;11.1699991226196;0
optimal;31.7099990844727;1;73mb;8;SHUFFLE;true;5;0;2;2;2;0;15665607;1930000;29;312.247699999716;15.2799997329712;0
optimal;39.8599996566772;1;83mb;8;SHUFFLE;true;5;0;2;2;2;0;15665572;1930000;24;312.105200020596;21.2099990844727;0
optimal;39.8599996566772;1;83mb;8;SHUFFLE;true;5;0;2;2;2;0;15665572;1930000;24;312.367999984417;21.25;0
optimal;18.6799993515015;1;56mb;8;SHUFFLE;true;5;0;2;2;2;0;15665572;1920000;24;109.854000038467;17.289999961853;0
optimal;12.8199996948242;1;48mb;8;SHUFFLE;true;5;4;2;0;2;0;15665484;1920000;24;29.9712999840267;12.9899997711182;0
optimal;29.539999961853;1;70mb;8;SHUFFLE;true;5;0;2;0;2;0;15665500;1920000;24;26.3929000357166;11.1599998474121;0
optimal;0.186015129089355;1;36mb;8;SHUFFLE;false;0;0;1;0;1;0;62602;115;8;18.4884999762289;0.128397941589355;0
optimal;0.186015129089355;1;36mb;8;SHUFFLE;false;0;0;1;0;1;0;62602;120;8;20.3228000318632;0.128397941589355;0
optimal;0.169413566589355;1;36mb;8;SHUFFLE;false;0;0;1;0;1;0;62602;125;8;19.7559000225738;0.128397941589355;0
optimal;0.186015129089355;1;36mb;8;SHUFFLE;false;0;0;1;0;1;0;62602;133;8;17.3827999969944;0.128397941589355;0
optimal;0.152812004089355;1;36mb;8;SHUFFLE;false;0;0;1;0;1;0;62602;170;8;18.2001999928616;0.128397941589355;0
optimal;0.186015129089355;1;36mb;8;SHUFFLE;false;0;0;1;0;1;0;62602;183;8;15.2055999496952;0.128397941589355;0
optimal;0.186015129089355;1;36mb;8;SHUFFLE;false;0;0;1;0;1;0;62602;224;8;14.8453000001609;0.128397941589355;0
optimal;0.178202629089355;1;36mb;8;SHUFFLE;false;0;0;1;0;1;0;62602;244;8;20.3221999690868;0.120585441589355;0
optimal;0.186015129089355;1;36mb;8;SHUFFLE;false;0;0;1;0;1;0;62602;284;8;23.5984000028111;0.128397941589355;0
optimal;0.186015129089355;1;36mb;8;SHUFFLE;false;0;0;1;0;1;0;62602;297;8;14.7729000309482;0.128397941589355;0
optimal;0.186015129089355;1;36mb;8;SHUFFLE;false;0;0;1;0;1;0;62602;311;8;16.0256999661215;0.128397941589355;0
optimal;0.178202629089355;1;36mb;8;SHUFFLE;false;0;0;1;0;1;0;62602;357;8;15.2935999794863;0.120585441589355;0
optimal;0.186015129089355;1;36mb;8;SHUFFLE;false;0;0;1;0;1;0;62602;419;8;32.0862000226043;0.128397941589355;0
optimal;0.186015129089355;1;36mb;8;SHUFFLE;false;0;0;1;0;1;0;62602;437;8;15.1641999837011;0.128397941589355;0
optimal;0.186015129089355;1;36mb;8;SHUFFLE;false;0;0;1;0;1;0;62602;453;8;15.6276999623515;0.128397941589355;0
optimal;0.186015129089355;1;36mb;8;SHUFFLE;false;0;0;1;0;1;0;62602;466;8;16.8905000318773;0.128397941589355;0
optimal;0.164316177368164;1;36mb;8;SHUFFLE;false;0;0;1;0;1;0;62594;51;8;22.0169000094756;0.106698989868164;0
optimal;0.164316177368164;1;36mb;8;SHUFFLE;false;0;0;1;0;1;0;62594;65;8;15.1030999841169;0.106698989868164;0
optimal;7.27999973297119;1;41mb;8;SHUFFLE;false;3;3;2;2;2;0;64400;7200;24;34.250000026077;8.15999984741211;0
optimal;9.03999996185303;1;43mb;8;SHUFFLE;false;3;0;2;2;2;0;64416;7200;24;29.9437000066973;9.04999923706055;0
optimal;5.05999946594238;1;38mb;8;SHUFFLE;false;3;0;2;0;2;0;64344;7200;24;15.9413000219502;5.06999969482422;0
optimal;6.32999992370605;1;40mb;8;SHUFFLE;false;3;0;2;2;2;0;64440;7220;32;26.5388999832794;6.3799991607666;0
optimal;7.27999973297119;1;41mb;8;SHUFFLE;false;3;3;2;2;2;0;64424;7200;32;26.155200030189;8.15999984741211;0
optimal;6.27999973297119;1;40mb;8;SHUFFLE;false;3;3;2;2;2;0;64424;7200;32;17.8807000047527;6.15999984741211;0
optimal;6.38999938964844;1;40mb;8;SHUFFLE;false;3;0;2;2;2;0;64440;7220;32;15.4995999764651;6.3799991607666;0
optimal;6.38999938964844;1;40mb;8;SHUFFLE;false;3;0;2;2;2;0;64440;7220;32;17.8568999981508;6.3799991607666;0
optimal;6.34999942779541;1;40mb;8;SHUFFLE;false;3;0;2;2;2;0;64440;7220;32;15.9117000293918;6.3799991607666;0
optimal;9.03999996185303;1;43mb;8;SHUFFLE;false;3;0;2;2;2;0;64440;7200;32;39.0620999969542;9.04999923706055;0
optimal;6.35999965667725;1;40mb;8;SHUFFLE;false;3;0;2;2;2;0;64412;7220;28;15.551200020127;6.38999938964844;0
optimal;6.29999923706055;1;40mb;8;SHUFFLE;false;3;0;2;2;2;0;64412;7220;28;27.2232000133954;6.36999988555908;0
optimal;9.02999973297119;1;43mb;8;SHUFFLE;false;3;0;2;2;2;0;64412;7200;28;26.1537000187673;9.04999923706055;0
optimal;2.36999988555908;1;35mb;8;SHUFFLE;false;3;0;2;0;2;0;64360;7200;28;21.984999999404;2.31999969482422;0
optimal;2.31999969482422;1;35mb;8;SHUFFLE;false;3;0;2;0;2;0;64360;7200;28;15.5522999702953;2.23999977111816;0
optimal;4.23999977111816;1;37mb;8;SHUFFLE;false;0;0;1;2;1;0;62658;7200;16;15.2449000161141;4.25;0
optimal;4.23999977111816;1;37mb;8;SHUFFLE;false;0;0;1;2;1;0;62658;7200;16;16.1894999910146;4.23999977111816;0
optimal;4.25;1;37mb;8;SHUFFLE;false;0;0;1;2;1;0;62658;7200;16;22.7282000123523;4.25;0
optimal;4.25;1;37mb;8;SHUFFLE;false;0;0;1;2;1;0;62658;7200;16;16.6403999901377;4.25;0
optimal;4.22999954223633;1;37mb;8;SHUFFLE;false;0;0;1;2;1;0;62658;7200;16;18.8117000507191;4.22999954223633;0
optimal;4.23999977111816;1;37mb;8;SHUFFLE;false;0;0;1;2;1;0;62658;7200;16;15.2144999592565;4.25;0
optimal;4.23999977111816;1;37mb;8;SHUFFLE;false;0;0;1;2;1;0;62658;7200;16;56.3999000005424;4.23999977111816;0
optimal;4.22999954223633;1;37mb;8;SHUFFLE;false;0;0;1;2;1;0;62658;7200;16;20.7420000224374;4.22999954223633;0
optimal;4.25;1;37mb;8;SHUFFLE;false;0;0;1;2;1;0;62658;7200;16;15.1615000213496;4.25;0
optimal;4.25;1;37mb;8;SHUFFLE;false;0;0;1;2;1;0;62658;7200;16;14.918899978511;4.25;0
optimal;4.25;1;37mb;8;SHUFFLE;false;0;0;1;2;1;0;62658;7200;16;15.5955000082031;4.25;0
optimal;4.25;1;37mb;8;SHUFFLE;false;0;0;1;2;1;0;62658;7200;16;16.4996000239626;4.25;0
optimal;4.23999977111816;1;37mb;8;SHUFFLE;false;0;0;1;2;1;0;62658;7200;16;20.0932999723591;4.23999977111816;0
optimal;4.25;1;37mb;8;SHUFFLE;false;0;0;1;2;1;0;62658;7200;16;15.8848999999464;4.25;0
optimal;4.1899995803833;1;37mb;8;SHUFFLE;false;0;0;1;2;1;0;62658;7200;16;17.3920000088401;4.23999977111816;0
optimal;4.25;1;37mb;8;SHUFFLE;false;0;0;1;2;1;0;62658;7200;16;16.0011999541894;4.23999977111816;0
optimal;4.23999977111816;1;37mb;8;SHUFFLE;false;0;0;1;2;1;0;62658;7200;16;20.2197000035085;4.25;0
optimal;4.23999977111816;1;37mb;8;SHUFFLE;false;0;0;1;2;1;0;62658;7200;16;20.0430999975652;4.23999977111816;0
optimal;4.25;1;37mb;8;SHUFFLE;false;0;0;1;2;1;0;62658;7200;16;15.591100032907;4.25;0
optimal;4.1899995803833;1;37mb;8;SHUFFLE;false;0;0;1;2;1;0;62658;7200;16;15.7197999651544;4.25;0
optimal;4.23999977111816;1;37mb;8;SHUFFLE;false;0;0;1;2;1;0;62658;7200;16;15.9925000043586;4.25;0
optimal;4.23999977111816;1;37mb;8;SHUFFLE;false;0;0;1;2;1;0;62658;7200;16;18.3596000424586;4.23999977111816;0
optimal;4.25;1;37mb;8;SHUFFLE;false;0;0;1;2;1;0;62658;7200;16;15.8604999887757;4.23999977111816;0
optimal;8.92999935150146;1;43mb;8;SHUFFLE;true;5;4;2;0;2;0;15665500;1920000;24;30.5949000176042;8.97999954223633;0
optimal;8.92999935150146;1;43mb;8;SHUFFLE;true;5;4;2;0;2;0;15665500;1920000;24;22.5252999807708;8.97999954223633;0
optimal;17.7599992752075;1;55mb;8;SHUFFLE;true;5;4;2;2;2;0;15665564;1920000;28;107.698099978734;17.1799993515015;0
optimal;23.5899991989136;1;62mb;8;SHUFFLE;true;5;0;2;0;2;0;15665524;1920000;28;18.8904000096954;11.25;0
optimal;12.9299993515015;1;48mb;8;SHUFFLE;true;5;4;2;0;2;0;15665512;1920000;28;29.4649000279605;12.9799995422363;0
optimal;28.3199996948242;1;68mb;8;SHUFFLE;true;5;0;2;0;2;0;15665540;1920000;32;18.9943999866955;11.2399997711182;0
optimal;28.8099994659424;1;69mb;8;SHUFFLE;true;5;0;2;2;2;0;15665702;1930000;46;310.198999999557;15.3199996948242;0
optimal;12.9299993515015;1;48mb;8;SHUFFLE;true;5;4;2;0;2;0;15665566;1920000;46;31.7623000009917;13.0099992752075;0
optimal;16.8399991989136;1;53mb;8;SHUFFLE;true;5;4;2;2;2;0;15665618;1920000;37;263.004100008402;15.0999994277954;0
optimal;16.8399991989136;1;53mb;8;SHUFFLE;true;5;4;2;2;2;0;15665618;1920000;37;266.320800001267;15.0999994277954;0
optimal;31.8199996948242;1;73mb;8;SHUFFLE;true;5;0;2;2;2;0;15665639;1930000;37;320.089599990752;15.6699991226196;0
optimal;0.118456840515137;1;36mb;8;SHUFFLE;false;0;0;1;0;1;0;62602;118;8;14.4970000255853;0.0774412155151367;0
optimal;0.118456840515137;1;36mb;8;SHUFFLE;false;0;0;1;0;1;0;62602;123;8;14.3350000143982;0.0774412155151367;0
optimal;0.118456840515137;1;36mb;8;SHUFFLE;false;0;0;1;0;1;0;62602;165;8;55.8374000247568;0.0774412155151367;0
optimal;0.126269340515137;1;36mb;8;SHUFFLE;false;0;0;1;0;1;0;62602;241;8;16.1576999817044;0.0774412155151367;0
optimal;0.126269340515137;1;36mb;8;SHUFFLE;false;0;0;1;0;1;0;62602;283;8;15.3158000321127;0.0774412155151367;0
optimal;0.135058403015137;1;36mb;8;SHUFFLE;false;0;0;1;0;1;0;62602;302;8;15.2135999524035;0.0774412155151367;0
optimal;0.118456840515137;1;36mb;8;SHUFFLE;false;0;0;1;0;1;0;62602;320;8;15.1263999869116;0.0774412155151367;0
optimal;0.118456840515137;1;36mb;8;SHUFFLE;false;0;0;1;0;1;0;62602;351;8;15.7181000104174;0.0774412155151367;0
optimal;0.135058403015137;1;36mb;8;SHUFFLE;false;0;0;1;0;1;0;62602;359;8;20.7410000148229;0.0774412155151367;0
optimal;0.118456840515137;1;36mb;8;SHUFFLE;false;0;0;1;0;1;0;62602;371;8;15.7231999910437;0.0774412155151367;0
optimal;0.118456840515137;1;36mb;8;SHUFFLE;false;0;0;1;0;1;0;62602;406;8;18.3895999798551;0.0774412155151367;0
optimal;0.118456840515137;1;36mb;8;SHUFFLE;false;0;0;1;0;1;0;62602;410;8;41.3027000031434;0.0774412155151367;0
optimal;0.135058403015137;1;36mb;8;SHUFFLE;false;0;0;1;0;1;0;62602;456;8;15.8045000280254;0.0774412155151367;0
optimal;0.110644340515137;1;36mb;8;SHUFFLE;false;0;0;1;0;1;0;62602;457;8;28.3970999880694;0.0696287155151367;0
optimal;0.118456840515137;1;36mb;8;SHUFFLE;false;0;0;1;0;1;0;62602;467;8;15.744199976325;0.0774412155151367;0
optimal;0.135058403015137;1;36mb;8;SHUFFLE;false;0;0;1;0;1;0;62602;477;8;15.5943999998271;0.0774412155151367;0
optimal;0.118456840515137;1;36mb;8;SHUFFLE;false;0;0;1;0;1;0;62602;485;8;15.5952000059187;0.0774412155151367;0
optimal;0.126269340515137;1;36mb;8;SHUFFLE;false;0;0;1;0;1;0;62602;487;8;15.1808999944478;0.0774412155151367;0
optimal;0.0801553726196289;1;36mb;8;SHUFFLE;false;0;0;1;0;1;0;62594;52;8;17.2708000172861;0.0557413101196289;0
optimal;0.0967569351196289;1;36mb;8;SHUFFLE;false;0;0;1;0;1;0;62594;93;8;20.9261999698356;0.0557413101196289;0
optimal;36.7699995040894;1;79mb;8;SHUFFLE;true;10;0;3;2;3;0;15667434;1930000;48;368.143600004259;17.6399993896484;0
optimal;2.25999927520752;1;34mb;8;SHUFFLE;false;3;0;2;0;2;0;64344;7200;24;19.1496000043117;2.14999961853027;0
optimal;5.05999946594238;1;38mb;8;SHUFFLE;false;3;0;2;0;2;0;64344;7200;24;15.6541999895126;5.06999969482422;0
optimal;25.2399997711182;1;64mb;8;SHUFFLE;true;10;0;3;0;3;0;15667486;1930000;70;17.4108000355773;13.3299999237061;0
optimal;31.6099996566772;1;73mb;8;SHUFFLE;true;10;4;3;0;3;0;15667394;1920000;56;51.8128999974579;15.8499994277954;0
optimal;3.21999931335449;1;36mb;8;SHUFFLE;false;3;3;2;0;2;0;64360;7200;32;15.8009000006132;4.10999965667725;0
optimal;2.27999973297119;1;34mb;8;SHUFFLE;false;3;0;2;0;2;0;64376;7200;32;16.3848000229336;2.29999923706055;0
optimal;2.38999938964844;1;35mb;8;SHUFFLE;false;3;0;2;0;2;0;64376;7200;32;20.3573000035249;2.29999923706055;0
optimal;22.7199993133545;1;61mb;8;SHUFFLE;true;10;0;3;2;3;0;15667481;1920000;57;111.860900011379;18.6099996566772;0
optimal;4.25;1;37mb;8;SHUFFLE;false;0;0;1;2;1;0;62658;7200;16;15.7948000123724;4.25;0
optimal;4.23999977111816;1;37mb;8;SHUFFLE;false;0;0;1;2;1;0;62658;7200;16;20.036900008563;4.25;0
optimal;4.25;1;37mb;8;SHUFFLE;false;0;0;1;2;1;0;62658;7200;16;18.1623999960721;4.25;0
optimal;4.25;1;37mb;8;SHUFFLE;false;0;0;1;2;1;0;62658;7200;16;15.4359000152908;4.23999977111816;0
optimal;4.23999977111816;1;37mb;8;SHUFFLE;false;0;0;1;2;1;0;62658;7200;16;15.9314000047743;4.23999977111816;0
optimal;4.23999977111816;1;37mb;8;SHUFFLE;false;0;0;1;2;1;0;62658;7200;16;15.9487000200897;4.25;0
optimal;4.23999977111816;1;37mb;8;SHUFFLE;false;0;0;1;2;1;0;62658;7200;16;18.8336999854073;4.25;0
optimal;4.23999977111816;1;37mb;8;SHUFFLE;false;0;0;1;2;1;0;62658;7200;16;16.9833999825642;4.25;0
optimal;4.23999977111816;1;37mb;8;SHUFFLE;false;0;0;1;2;1;0;62658;7200;16;22.9082999867387;4.25;0
optimal;4.25;1;37mb;8;SHUFFLE;false;0;0;1;2;1;0;62658;7200;16;15.3863000450656;4.25;0
optimal;4.22999954223633;1;37mb;8;SHUFFLE;false;0;0;1;2;1;0;62658;7200;16;22.6582000032067;4.22999954223633;0
optimal;4.23999977111816;1;37mb;8;SHUFFLE;false;0;0;1;2;1;0;62658;7200;16;18.1326000019908;4.25;0
optimal;4.22999954223633;1;37mb;8;SHUFFLE;false;0;0;1;2;1;0;62658;7200;16;15.7142999814823;4.22999954223633;0
optimal;4.25;1;37mb;8;SHUFFLE;false;0;0;1;2;1;0;62658;7200;16;18.9805999980308;4.23999977111816;0
optimal;4.23999977111816;1;37mb;8;SHUFFLE;false;0;0;1;2;1;0;62658;7200;16;19.2518999683671;4.25;0
optimal;4.23999977111816;1;37mb;8;SHUFFLE;false;0;0;1;2;1;0;62658;7200;16;15.2747999527492;4.23999977111816;0
optimal;4.25;1;37mb;8;SHUFFLE;false;0;0;1;2;1;0;62658;7200;16;24.8979000025429;4.25;0
optimal;4.25;1;37mb;8;SHUFFLE;false;0;0;1;2;1;0;62658;7200;16;15.5398999922909;4.11999988555908;0
optimal;4.22999954223633;1;37mb;8;SHUFFLE;false;0;0;1;2;1;0;62658;7200;16;30.597300035879;4.22999954223633;0
optimal;12.9299993515015;1;48mb;8;SHUFFLE;true;5;4;2;0;2;0;15665557;1920000;43;37.3307999689132;12.9899997711182;0
optimal;17.7599992752075;1;55mb;8;SHUFFLE;true;5;4;2;2;2;0;15665564;1920000;28;115.916700044181;17.1799993515015;0
optimal;11.8599996566772;1;47mb;8;SHUFFLE;true;5;4;2;0;2;0;15665524;1920000;32;30.7284999871626;10.9899997711182;0
optimal;28.3199996948242;1;68mb;8;SHUFFLE;true;5;0;2;0;2;0;15665540;1920000;32;20.0776000274345;11.3199996948242;0
optimal;12.9299993515015;1;48mb;8;SHUFFLE;true;5;4;2;0;2;0;15665524;1920000;32;31.8208000389859;12.9899997711182;0
optimal;29.6399993896484;1;70mb;8;SHUFFLE;true;5;0;2;0;2;0;15665540;1920000;32;21.9830999849364;11.1499996185303;0
optimal;12.9299993515015;1;48mb;8;SHUFFLE;true;5;4;2;0;2;0;15665566;1920000;46;27.3584999958985;13.0099992752075;0
optimal;16.8399991989136;1;53mb;8;SHUFFLE;true;5;4;2;2;2;0;15665618;1920000;37;271.522299968638;15.0999994277954;0
optimal;0.126893997192383;1;36mb;8;SHUFFLE;false;0;0;1;0;1;0;62602;111;8;17.2769000055268;0.0780658721923828;0
optimal;0.135683059692383;1;36mb;8;SHUFFLE;false;0;0;1;0;1;0;62602;127;8;15.4372000251897;0.0780658721923828;0
optimal;0.135683059692383;1;36mb;8;SHUFFLE;false;0;0;1;0;1;0;62602;171;8;14.697500038892;0.0780658721923828;0
optimal;0.135683059692383;1;36mb;8;SHUFFLE;false;0;0;1;0;1;0;62602;209;8;14.917400025297;0.0780658721923828;0
optimal;0.127870559692383;1;36mb;8;SHUFFLE;false;0;0;1;0;1;0;62602;215;8;18.7439000001177;0.0702533721923828;0
optimal;0.135683059692383;1;36mb;8;SHUFFLE;false;0;0;1;0;1;0;62602;240;8;18.5296999989077;0.0780658721923828;0
optimal;0.127870559692383;1;36mb;8;SHUFFLE;false;0;0;1;0;1;0;62602;241;8;15.477099979762;0.0702533721923828;0
optimal;0.135683059692383;1;36mb;8;SHUFFLE;false;0;0;1;0;1;0;62602;248;8;19.4136000354774;0.0780658721923828;0
optimal;0.168886184692383;1;36mb;8;SHUFFLE;false;0;0;1;0;1;0;62602;255;8;15.4747000196949;0.0780658721923828;0
optimal;0.135683059692383;1;36mb;8;SHUFFLE;false;0;0;1;0;1;0;62602;288;8;16.3484999793582;0.0780658721923828;0
optimal;0.185487747192383;1;36mb;8;SHUFFLE;false;0;0;1;0;1;0;62602;328;8;15.6096999999136;0.0780658721923828;0
optimal;0.135683059692383;1;36mb;8;SHUFFLE;false;0;0;1;0;1;0;62602;330;8;20.2685000258498;0.0780658721923828;0
optimal;0.161073684692383;1;36mb;8;SHUFFLE;false;0;0;1;0;1;0;62602;343;8;17.9471999872476;0.0702533721923828;0
optimal;0.127870559692383;1;36mb;8;SHUFFLE;false;0;0;1;0;1;0;62602;346;8;44.906799972523;0.0702533721923828;0
optimal;0.135683059692383;1;36mb;8;SHUFFLE;false;0;0;1;0;1;0;62602;356;8;23.2968999771401;0.0780658721923828;0
optimal;0.119081497192383;1;36mb;8;SHUFFLE;false;0;0;1;0;1;0;62602;412;8;15.9155000001192;0.0780658721923828;0
optimal;0.135683059692383;1;36mb;8;SHUFFLE;false;0;0;1;0;1;0;62602;425;8;15.7432000269182;0.0780658721923828;0
optimal;0.135683059692383;1;36mb;8;SHUFFLE;false;0;0;1;0;1;0;62602;441;8;15.9135999856517;0.0780658721923828;0
optimal;0.135683059692383;1;36mb;8;SHUFFLE;false;0;0;1;0;1;0;62602;475;8;14.7664000396617;0.0780658721923828;0
optimal;0.135683059692383;1;36mb;8;SHUFFLE;false;0;0;1;0;1;0;62602;478;8;15.2039999957196;0.0780658721923828;0
optimal;0.113984107971191;1;36mb;8;SHUFFLE;false;0;0;1;0;1;0;62594;83;8;21.0375000024214;0.0563669204711914;0
optimal;6.25;1;40mb;8;SHUFFLE;false;3;0;2;2;2;0;64392;7220;24;19.0440000151284;6.25;0
optimal;6.17999935150146;1;40mb;8;SHUFFLE;false;3;3;2;2;2;0;64384;7200;24;26.7003999906592;6.08999919891357;0
optimal;9.04999923706055;1;43mb;8;SHUFFLE;false;3;0;2;2;2;0;64392;7200;24;122.321499977261;9.05999946594238;0
optimal;18.5499992370605;1;56mb;8;SHUFFLE;true;10;4;3;0;3;0;15667282;1920000;40;41.308999992907;16.2799997329712;0
optimal;17.8099994659424;1;55mb;8;SHUFFLE;true;10;0;3;0;3;0;15667336;1920000;45;40.5077000032179;15.3399991989136;0
optimal;9.04999923706055;1;43mb;8;SHUFFLE;false;3;0;2;2;2;0;64416;7200;24;35.190699971281;9.05999946594238;0
optimal;6.23999977111816;1;40mb;8;SHUFFLE;false;3;0;2;2;2;0;64388;7220;20;18.0224000359885;6.23999977111816;0
optimal;7.17999935150146;1;41mb;8;SHUFFLE;false;3;3;2;2;2;0;64380;7200;20;19.2133999662474;8.08999919891357;0
optimal;28;1;68mb;8;SHUFFLE;true;10;8;3;2;3;0;15667346;1920000;44;218.828600016423;27.0099992752075;0
optimal;2.32999992370605;1;35mb;8;SHUFFLE;false;3;0;2;0;2;0;64328;7200;20;19.1263000015169;2.25999927520752;0
optimal;3.1899995803833;1;36mb;8;SHUFFLE;false;3;3;2;0;2;0;64320;7200;20;19.3116000154987;4.10999965667725;0
optimal;2.23999977111816;1;34mb;8;SHUFFLE;false;3;0;2;0;2;0;64328;7200;20;22.5529000163078;2.14999961853027;0
optimal;4.25999927520752;1;37mb;8;SHUFFLE;false;0;0;1;2;1;0;62638;7200;12;100.654099951498;4.25;0
optimal;4.23999977111816;1;37mb;8;SHUFFLE;false;0;0;1;2;1;0;62638;7200;12;19.3098000017926;4.23999977111816;0
optimal;4.25;1;37mb;8;SHUFFLE;false;0;0;1;2;1;0;62638;7200;12;18.7560000340454;4.25;0
optimal;4.25;1;37mb;8;SHUFFLE;false;0;0;1;2;1;0;62638;7200;12;16.7536999797449;4.25;0
optimal;4.25;1;37mb;8;SHUFFLE;false;0;0;1;2;1;0;62638;7200;12;15.2895000064746;4.25;0
optimal;4.25;1;37mb;8;SHUFFLE;false;0;0;1;2;1;0;62638;7200;12;15.6982999760658;4.25;0
optimal;4.25;1;37mb;8;SHUFFLE;false;0;0;1;2;1;0;62638;7200;12;18.3050999767147;4.25;0
optimal;4.25;1;37mb;8;SHUFFLE;false;0;0;1;2;1;0;62638;7200;12;15.7813999685459;4.25;0
optimal;4.25;1;37mb;8;SHUFFLE;false;0;0;1;2;1;0;62638;7200;12;15.8282000338659;4.25;0
optimal;4.25;1;37mb;8;SHUFFLE;false;0;0;1;2;1;0;62638;7200;12;15.4108999995515;4.25;0
optimal;4.25;1;37mb;8;SHUFFLE;false;0;0;1;2;1;0;62638;7200;12;15.5377000337467;4.25;0
optimal;4.25;1;37mb;8;SHUFFLE;false;0;0;1;2;1;0;62638;7200;12;17.3854999593459;4.25;0
optimal;4.25;1;37mb;8;SHUFFLE;false;0;0;1;2;1;0;62638;7200;12;15.3853999800049;4.25;0
optimal;4.23999977111816;1;37mb;8;SHUFFLE;false;0;0;1;2;1;0;62638;7200;12;15.2773999725468;4.23999977111816;0
optimal;4.23999977111816;1;37mb;8;SHUFFLE;false;0;0;1;2;1;0;62638;7200;12;19.2818000214174;4.23999977111816;0
optimal;4.23999977111816;1;37mb;8;SHUFFLE;false;0;0;1;2;1;0;62638;7200;12;18.4798999689519;4.23999977111816;0
optimal;4.23999977111816;1;37mb;8;SHUFFLE;false;0;0;1;2;1;0;62638;7200;12;20.7948999595828;4.23999977111816;0
optimal;4.25;1;37mb;8;SHUFFLE;false;0;0;1;2;1;0;62638;7200;12;15.4068999690935;4.25;0
optimal;4.15999984741211;1;37mb;8;SHUFFLE;false;0;0;1;2;1;0;62638;7200;12;16.0531000001356;4.25999927520752;0
optimal;24.8299999237061;1;64mb;8;SHUFFLE;true;5;0;2;0;2;0;15665564;1920000;39;20.0476999743842;11.1099996566772;0
optimal;8.86999988555908;1;43mb;8;SHUFFLE;true;5;4;2;0;2;0;15665480;1920000;20;26.9712000153959;8.97999954223633;0
optimal;7.71999931335449;1;42mb;8;SHUFFLE;true;5;4;2;0;2;0;15665480;1920000;20;33.3475999650545;6.97999954223633;0
optimal;22;1;60mb;8;SHUFFLE;true;5;0;2;0;2;0;15665488;1920000;20;50.9424999472685;7.61999988555908;0
optimal;13.7799997329712;1;49mb;8;SHUFFLE;true;5;0;2;0;2;0;15665504;1920000;24;26.1768000200391;13.039999961853;0
optimal;34.0499992370605;1;76mb;8;SHUFFLE;true;5;0;2;2;2;0;15665572;1930000;28;309.215100016445;15.2299995422363;0
optimal;16.7699995040894;1;53mb;8;SHUFFLE;true;5;4;2;2;2;0;15665640;1920000;42;262.643499998376;15.0799999237061;0
optimal;17.6499996185303;1;54mb;8;SHUFFLE;true;5;4;2;2;2;0;15665556;1920000;28;109.71549997339;17.25;0
optimal;11.9599990844727;1;47mb;8;SHUFFLE;true;5;4;2;0;2;0;15665504;1920000;28;29.7146999510005;10.9899997711182;0
optimal;0.117792129516602;1;36mb;8;SHUFFLE;false;0;0;1;0;1;0;62594;109;4;20.7553000072949;0.0767765045166016;0
optimal;0.130487442016602;1;36mb;8;SHUFFLE;false;0;0;1;0;1;0;62594;112;4;16.0413000266999;0.0874900817871094;0
optimal;0.130487442016602;1;36mb;8;SHUFFLE;false;0;0;1;0;1;0;62594;129;4;15.3789999894798;0.0874900817871094;0
optimal;0.130487442016602;1;36mb;8;SHUFFLE;false;0;0;1;0;1;0;62594;143;4;15.6675999751315;0.0874900817871094;0
optimal;0.117792129516602;1;36mb;8;SHUFFLE;false;0;0;1;0;1;0;62594;151;4;15.6131999683566;0.0874900817871094;0
optimal;0.117792129516602;1;36mb;8;SHUFFLE;false;0;0;1;0;1;0;62594;187;4;16.1042000399902;0.0874900817871094;0
optimal;0.176385879516602;1;36mb;8;SHUFFLE;false;0;0;1;0;1;0;62594;188;4;17.3598999972455;0.0874900817871094;0
optimal;0.122674942016602;1;36mb;8;SHUFFLE;false;0;0;1;0;1;0;62594;197;4;15.7315999967977;0.0767765045166016;0
optimal;0.130487442016602;1;36mb;8;SHUFFLE;false;0;0;1;0;1;0;62594;216;4;15.1519000064582;0.0874900817871094;0
optimal;0.130487442016602;1;36mb;8;SHUFFLE;false;0;0;1;0;1;0;62594;286;4;14.8142999969423;0.0874900817871094;0
optimal;0.122674942016602;1;36mb;8;SHUFFLE;false;0;0;1;0;1;0;62594;356;4;19.5425999700092;0.0767765045166016;0
optimal;0.122674942016602;1;36mb;8;SHUFFLE;false;0;0;1;0;1;0;62594;420;4;34.9433000083081;0.0767765045166016;0
optimal;0.130487442016602;1;36mb;8;SHUFFLE;false;0;0;1;0;1;0;62594;447;4;21.7027000035159;0.0874900817871094;0
optimal;0.130487442016602;1;36mb;8;SHUFFLE;false;0;0;1;0;1;0;62594;455;4;17.9400000488386;0.0874900817871094;0
optimal;0.155878067016602;1;36mb;8;SHUFFLE;false;0;0;1;0;1;0;62594;471;4;17.546700022649;0.0874900817871094;0
optimal;0.0976753234863281;1;36mb;8;SHUFFLE;false;0;0;1;0;1;0;62590;58;4;18.8121999963187;0.0517768859863281;0
optimal;6.20999908447266;1;40mb;8;SHUFFLE;false;3;3;2;2;2;0;64376;7200;20;41.2609999766573;6.08999919891357;0
optimal;23.6699991226196;1;62mb;8;SHUFFLE;true;10;4;3;2;3;0;15667366;1920000;44;165.580399974715;21.2399997711182;0
optimal;5.05999946594238;1;38mb;8;SHUFFLE;false;3;0;2;0;2;0;64328;7200;20;20.1159000280313;5.07999992370605;0
optimal;7.20999908447266;1;41mb;8;SHUFFLE;false;3;3;2;2;2;0;64400;7200;28;34.1775999986567;8.08999919891357;0
optimal;6.22999954223633;1;40mb;8;SHUFFLE;false;3;0;2;2;2;0;64412;7220;28;15.3576000011526;6.1899995803833;0
optimal;9.03999996185303;1;43mb;8;SHUFFLE;false;3;0;2;2;2;0;64412;7200;28;45.4950000275858;9.04999923706055;0
optimal;3.19999980926514;1;36mb;8;SHUFFLE;false;3;3;2;0;2;0;64348;7200;28;17.8393999813125;4.10999965667725;0
optimal;2.25;1;34mb;8;SHUFFLE;false;3;0;2;0;2;0;64360;7200;28;19.2413000040688;2.14999961853027;0
optimal;3.20999908447266;1;36mb;8;SHUFFLE;false;3;3;2;0;2;0;64348;7200;28;22.8503000107594;4.10999965667725;0
optimal;3.20999908447266;1;36mb;8;SHUFFLE;false;3;3;2;0;2;0;64348;7200;28;16.0197999794036;4.10999965667725;0
optimal;5.06999969482422;1;38mb;8;SHUFFLE;false;3;0;2;0;2;0;64360;7200;28;33.9691000408493;5.06999969482422;0
optimal;9.02999973297119;1;43mb;8;SHUFFLE;false;3;0;2;2;2;0;64384;7200;24;31.744499981869;9.04999923706055;0
optimal;5.07999992370605;1;38mb;8;SHUFFLE;false;3;0;2;0;2;0;64344;7200;24;16.5338000515476;5.07999992370605;0
optimal;112.259999275208;1;177mb;8;SHUFFLE;true;20;12;6;2;6;0;90192848;28800000;209;173.303800052963;69.8499994277954;0
optimal;114.279999732971;1;180mb;8;SHUFFLE;true;20;12;6;2;6;0;90192848;28800000;209;162.276300019585;69.8199996948242;0
optimal;77.8299999237061;1;133mb;8;SHUFFLE;true;20;12;6;2;6;0;1470548760;14400000;209;118.67690004874;59.1099996566772;0
optimal;79.3399991989136;2;135mb;8;BROADCAST;true;20;12;6;2;6;0;1470548760;14400000;209;116.646800015587;100.449999809265;0
optimal;79.3299999237061;1;135mb;8;SHUFFLE;true;20;12;6;2;6;0;1470548760;14400000;209;115.729499957524;59.0799999237061;0
optimal;116.279999732971;1;183mb;8;SHUFFLE;true;20;12;6;2;6;0;90192848;28800000;209;174.943300022278;70.2199993133545;0
optimal;114.289999961853;1;180mb;8;SHUFFLE;true;20;12;6;2;6;0;90192848;28800000;209;222.164499980863;69.8699998855591;0
optimal;116.539999961853;2;183mb;8;SHUFFLE;true;20;12;6;2;6;0;90192848;28800000;209;164.061899995431;104.439999580383;0
optimal;79.3299999237061;1;135mb;8;SHUFFLE;true;20;12;6;2;6;0;1470548760;14400000;209;111.828699999023;59.0799999237061;0
optimal;112.359999656677;2;178mb;8;BROADCAST;true;20;12;6;2;6;0;90192848;28800000;209;337.075299990829;104.479999542236;0
optimal;79.3299999237061;1;135mb;8;SHUFFLE;true;20;12;6;2;6;0;1470548760;14400000;209;129.100300022401;59.0999994277954;0
optimal;113.759999275208;1;179mb;8;SHUFFLE;true;20;12;6;2;6;0;90192848;28800000;209;172.452099970542;69.5999994277954;0
optimal;78.5799999237061;1;134mb;8;SHUFFLE;true;20;12;6;2;6;0;1470548760;14400000;209;113.983899995219;59.0799999237061;0
optimal;116.259999275208;1;183mb;8;SHUFFLE;true;20;12;6;2;6;0;90192848;28800000;209;164.668300014455;70.3399991989136;0
optimal;79.3299999237061;1;135mb;8;SHUFFLE;true;20;12;6;2;6;0;1470548760;14400000;209;167.766399972606;59.0799999237061;0
optimal;79.3399991989136;1;135mb;8;SHUFFLE;true;20;12;6;2;6;0;1470548760;14400000;209;112.343200016767;59.0799999237061;0
optimal;79.3299999237061;1;135mb;8;SHUFFLE;true;20;12;6;2;6;0;1470548760;14400000;209;111.776000005193;59.0799999237061;0
optimal;112.759999275208;1;178mb;8;SHUFFLE;true;20;12;6;2;6;0;90192848;28800000;209;163.382099999581;70.3099994659424;0
optimal;83.539999961853;1;140mb;8;SHUFFLE;true;20;12;6;2;6;0;1470548760;14400000;209;111.217400000896;59.0699996948242;0
optimal;113.259999275208;1;179mb;8;SHUFFLE;true;20;12;6;2;6;0;90192848;28800000;209;163.247100019362;70.3399991989136;0
optimal;79.3299999237061;1;135mb;8;SHUFFLE;true;20;12;6;2;6;0;1470548760;14400000;209;109.902900003362;59.0999994277954;0
optimal;79.3499994277954;1;135mb;8;SHUFFLE;true;20;12;6;2;6;0;1470548760;14400000;209;112.087799992878;59.0799999237061;0
network_congestion;83.539999961853;2;140mb;8;SHUFFLE;false;20;12;6;2;6;0;1470548760;14400000;209;873.027499997988;106.769999504089;0
optimal;113.259999275208;2;179mb;8;SHUFFLE;true;20;12;6;2;6;0;90192848;28800000;209;163.688800006639;104.449999809265;0
optimal;79.0799999237061;1;134mb;8;SHUFFLE;true;20;12;6;2;6;0;1470548760;14400000;209;113.417499989737;59.0799999237061;0
optimal;112.759999275208;2;178mb;8;SHUFFLE;true;20;12;6;2;6;0;90192848;28800000;209;167.380600003526;104.459999084473;0
optimal;111.779999732971;1;177mb;8;SHUFFLE;true;20;12;6;2;6;0;90192848;28800000;209;164.155000005849;70.3499994277954;0
optimal;38.4899997711182;1;82mb;8;SHUFFLE;true;8;8;3;2;3;0;23174204;28800000;96;23.8946999888867;31.0699996948242;0
optimal;37.0999994277954;1;80mb;8;SHUFFLE;true;8;8;3;2;3;0;1433257266;14400000;96;45.4968000412919;29.9499998092651;0
optimal;38.4899997711182;1;82mb;8;SHUFFLE;true;8;8;3;2;3;0;23174204;28800000;96;25.9327000239864;31.0699996948242;0
optimal;38.4899997711182;1;82mb;8;SHUFFLE;true;8;8;3;2;3;0;23174204;28800000;96;21.9725999631919;31.0699996948242;0
optimal;37.0999994277954;1;80mb;8;SHUFFLE;true;8;8;3;2;3;0;1433257266;14400000;96;33.0665000365116;30.0599994659424;0
optimal;38.0999994277954;1;81mb;8;SHUFFLE;true;8;8;3;2;3;0;23174204;28800000;96;27.9468999942765;31.0699996948242;0
optimal;38.4899997711182;1;82mb;8;SHUFFLE;true;8;8;3;2;3;0;23174204;28800000;96;43.7723000068218;31.0699996948242;0
optimal;37.0999994277954;1;80mb;8;SHUFFLE;true;8;8;3;2;3;0;1433257266;14400000;96;18.202300008852;30.0599994659424;0
optimal;37.0999994277954;1;80mb;8;SHUFFLE;true;8;8;3;2;3;0;1433257266;14400000;96;22.1125999814831;30.0599994659424;0
optimal;38.4899997711182;1;82mb;8;SHUFFLE;true;8;8;3;2;3;0;23174204;28800000;96;21.6850999859162;31.0699996948242;0
optimal;38.4899997711182;1;82mb;8;SHUFFLE;true;8;8;3;2;3;0;23174204;28800000;96;24.3556000059471;31.0699996948242;0
optimal;37.0999994277954;1;80mb;8;SHUFFLE;true;8;8;3;2;3;0;1433257266;14400000;96;30.772700032685;30.0599994659424;0
optimal;37.0999994277954;1;80mb;8;SHUFFLE;true;8;8;3;2;3;0;1433257266;14400000;96;146.848400007002;29.8899993896484;0
optimal;38.4899997711182;1;82mb;8;SHUFFLE;true;8;8;3;2;3;0;23174204;28800000;96;31.0096999746747;31.0699996948242;0
optimal;38.0999994277954;1;81mb;8;SHUFFLE;true;8;8;3;2;3;0;23174204;28800000;96;38.1014000158757;31.0699996948242;0
optimal;37.0999994277954;1;80mb;8;SHUFFLE;true;8;8;3;2;3;0;1433257266;14400000;96;49.9113000114448;30.0599994659424;0
optimal;37.0999994277954;1;80mb;8;SHUFFLE;true;8;8;3;2;3;0;1433257266;14400000;96;21.4839999680407;30.0599994659424;0
optimal;38.4899997711182;1;82mb;8;SHUFFLE;true;8;8;3;2;3;0;23174204;28800000;96;30.5083999992348;31.0699996948242;0
optimal;37.0999994277954;1;80mb;8;SHUFFLE;true;8;8;3;2;3;0;1433257266;14400000;96;24.0790999960154;30.0599994659424;0
optimal;37.0999994277954;1;80mb;8;SHUFFLE;true;8;8;3;2;3;0;1433257266;14400000;96;36.3549999892712;30.0599994659424;0
optimal;38.0999994277954;1;81mb;8;SHUFFLE;true;8;8;3;2;3;0;23174204;28800000;96;20.5896000261419;31.0699996948242;0
optimal;37.0999994277954;1;80mb;8;SHUFFLE;true;8;8;3;2;3;0;1433257266;14400000;96;20.5716000054963;30.0599994659424;0
network_congestion;45.8299999237061;2;91mb;8;SHUFFLE;false;8;8;3;2;3;0;1433257266;14400000;96;666.754000005312;57.8299999237061;0
optimal;38.4899997711182;1;82mb;8;SHUFFLE;true;8;8;3;2;3;0;23174204;28800000;96;46.0571000003256;31.0699996948242;0
optimal;37.0999994277954;1;80mb;8;SHUFFLE;true;8;8;3;2;3;0;1433257266;14400000;96;17.6184000447392;30.0599994659424;0
optimal;38.4899997711182;1;82mb;8;SHUFFLE;true;8;8;3;2;3;0;23174204;28800000;96;49.274199991487;30.8899993896484;0
optimal;37.0999994277954;1;80mb;8;SHUFFLE;true;8;8;3;2;3;0;1433257266;14400000;96;33.9490000042133;30.0599994659424;0
optimal;37.0999994277954;1;80mb;8;SHUFFLE;true;8;8;3;2;3;0;1433257266;14400000;96;17.9600000265054;30.0599994659424;0
optimal;37.0999994277954;1;80mb;8;SHUFFLE;true;8;8;3;2;3;0;1433257266;14400000;96;64.6512999664992;29.8599996566772;0
optimal;37.0999994277954;1;80mb;8;SHUFFLE;true;8;8;3;2;3;0;1433257266;14400000;96;20.8627000101842;30.0599994659424;0
optimal;38.4899997711182;1;82mb;8;SHUFFLE;true;8;8;3;2;3;0;23174204;28800000;96;24.3112999596633;31.0699996948242;0
optimal;37.0999994277954;1;80mb;8;SHUFFLE;true;8;8;3;2;3;0;1433257266;14400000;96;18.3091000071727;30.0599994659424;0
network_congestion;38.4899997711182;2;96mb;8;BROADCAST;false;8;8;3;2;3;0;23174204;28800000;96;11649.0371000255;59.5899991989136;0
optimal;37.0999994277954;1;80mb;8;SHUFFLE;true;8;8;3;2;3;0;1433257266;14400000;96;18.3409000164829;30.0599994659424;0
optimal;37.0999994277954;1;80mb;8;SHUFFLE;true;8;8;3;2;3;0;1433257266;14400000;96;39.4159000134096;30.0599994659424;0
optimal;38.0999994277954;1;81mb;8;SHUFFLE;true;8;8;3;2;3;0;23174204;28800000;96;37.8074999898672;31.0699996948242;0
optimal;38.4899997711182;1;82mb;8;SHUFFLE;true;8;8;3;2;3;0;23174204;28800000;96;24.6355999843217;31.0699996948242;0
optimal;37.0999994277954;1;80mb;8;SHUFFLE;true;8;8;3;2;3;0;1433257266;14400000;96;17.7723999950103;30.0599994659424;0
optimal;37.0999994277954;1;80mb;8;SHUFFLE;true;8;8;3;2;3;0;1433257266;14400000;96;16.74869999988;30.0599994659424;0
optimal;38.4899997711182;1;82mb;8;SHUFFLE;true;8;8;3;2;3;0;23174204;28800000;96;29.8284000018612;31.0699996948242;0
optimal;38.4899997711182;1;82mb;8;SHUFFLE;true;8;8;3;2;3;0;23174204;28800000;96;29.6625000191852;31.0699996948242;0
optimal;37.0999994277954;1;80mb;8;SHUFFLE;true;8;8;3;2;3;0;1433257266;14400000;96;25.2974000177346;30.0599994659424;0
optimal;38.4899997711182;1;82mb;8;SHUFFLE;true;8;8;3;2;3;0;23174204;28800000;96;23.4178999671713;31.0699996948242;0
optimal;37.0999994277954;1;80mb;8;SHUFFLE;true;8;8;3;2;3;0;1433257266;14400000;96;19.7932999581099;30.0599994659424;0
optimal;38.0999994277954;1;81mb;8;SHUFFLE;true;8;8;3;2;3;0;23174204;28800000;96;55.8585000107996;31.0699996948242;0
codegen_heavy;133.209999084473;2;320mb;8;BROADCAST;false;20;20;8;2;8;0;3028456528;14400000;111;472.58989996044;234.359999656677;0
network_congestion;133.239999771118;2;320mb;8;BROADCAST;false;20;20;8;2;8;0;3028456528;14400000;111;521.088999987114;234.359999656677;0
optimal;132.959999084473;2;322mb;8;SHUFFLE;true;20;20;8;2;8;0;1078461684;28800000;111;43.2913000113331;229.039999961853;0
optimal;133.089999198914;2;320mb;8;SHUFFLE;true;20;20;8;2;8;0;3028456528;14400000;111;40.0082999840379;224.029999732971;0
codegen_heavy;131.229999542236;2;322mb;8;BROADCAST;false;20;20;8;2;8;0;1078461684;28800000;111;473.273899988271;248.619999885559;0
codegen_heavy;132.959999084473;2;322mb;8;BROADCAST;false;20;20;8;2;8;0;1078461684;28800000;111;470.627599977888;248.199999809265;0
optimal;132.959999084473;2;322mb;8;SHUFFLE;true;20;20;8;2;8;0;1078461684;28800000;111;69.96390002314;229.109999656677;0
network_congestion;132.079999923706;2;322mb;8;BROADCAST;false;20;20;8;2;8;0;1078461684;28800000;111;528.109700011555;246.539999961853;0
optimal;131.229999542236;2;322mb;8;SHUFFLE;true;20;20;8;2;8;0;1078461684;28800000;111;60.2761000045575;229.039999961853;0
codegen_heavy;132.64999961853;2;320mb;8;BROADCAST;false;20;20;8;2;8;0;3028456528;14400000;111;471.115400025155;234.769999504089;0
optimal;132.219999313354;2;322mb;8;SHUFFLE;true;20;20;8;2;8;0;1078461684;28800000;111;49.6034999960102;229.039999961853;0
optimal;133.189999580383;2;320mb;8;SHUFFLE;true;20;20;8;2;8;0;3028456528;14400000;111;40.3847999987192;224.039999961853;0
network_congestion;133.189999580383;2;320mb;8;BROADCAST;false;20;20;8;2;8;0;3028456528;14400000;111;570.504700008314;234.359999656677;0
network_congestion;128.559999465942;4;351mb;8;BROADCAST;false;20;20;8;2;8;0;3028456528;14400000;111;1617.71409999346;255.609999656677;0
optimal;133.209999084473;2;320mb;8;SHUFFLE;true;20;20;8;2;8;0;3028456528;14400000;111;40.1066000340506;224.099999427795;0
codegen_heavy;133.189999580383;2;320mb;8;BROADCAST;false;20;20;8;2;8;0;3028456528;14400000;111;469.887100043707;234.769999504089;0
network_congestion;131.229999542236;2;322mb;8;BROADCAST;false;20;20;8;2;8;0;1078461684;28800000;111;516.919499961659;248.199999809265;0
optimal;133.309999465942;2;320mb;8;SHUFFLE;true;20;20;8;2;8;0;3028456528;14400000;111;47.6237999973819;224.099999427795;0
optimal;132.959999084473;2;322mb;8;SHUFFLE;true;20;20;8;2;8;0;1078461684;28800000;111;45.4723999719135;229.109999656677;0
optimal;131.229999542236;2;322mb;8;SHUFFLE;true;20;20;8;2;8;0;1078461684;28800000;111;43.0046999827027;229.039999961853;0
optimal;132.959999084473;2;322mb;8;SHUFFLE;true;20;20;8;2;8;0;1078461684;28800000;111;49.6010999777354;229.109999656677;0
optimal;133.189999580383;2;320mb;8;SHUFFLE;true;20;20;8;2;8;0;3028456528;14400000;111;39.8191999993287;224.239999771118;0
optimal;133.229999542236;2;320mb;8;SHUFFLE;true;20;20;8;2;8;0;3028456528;14400000;111;47.1182999899611;224.239999771118;0
network_congestion;131.229999542236;2;322mb;8;BROADCAST;false;20;20;8;2;8;0;1078461684;28800000;111;568.90100002056;249.929999351501;0
optimal;133.279999732971;2;320mb;8;SHUFFLE;true;20;20;8;2;8;0;3028456528;14400000;111;41.3102000020444;224.029999732971;0
network_congestion;133.25;2;320mb;8;BROADCAST;false;20;20;8;2;8;0;3028456528;14400000;111;519.818300032057;234.359999656677;0
network_congestion;132.959999084473;2;322mb;8;BROADCAST;false;20;20;8;2;8;0;1078461684;28800000;111;632.348700019065;248.619999885559;0
optimal;132.959999084473;2;322mb;8;SHUFFLE;true;20;20;8;2;8;0;1078461684;28800000;111;44.6787999826483;229.039999961853;0
codegen_heavy;133.189999580383;2;320mb;8;BROADCAST;false;20;20;8;2;8;0;3028456528;14400000;111;466.726100014057;233.519999504089;0
optimal;133.209999084473;2;320mb;8;SHUFFLE;true;20;20;8;2;8;0;3028456528;14400000;111;45.3159000026062;224.099999427795;0
optimal;77.7299995422363;1;133mb;8;SHUFFLE;true;16;16;5;2;5;0;1096736940;7200000;194;161.882499989588;71.0499992370605;0
optimal;85.6499996185303;2;184mb;8;SHUFFLE;true;16;16;5;2;5;0;38840124;14400000;194;220.829900004901;130.289999961853;0
optimal;77.8599996566772;2;133mb;8;SHUFFLE;true;16;16;5;2;5;0;1096736940;7200000;194;166.774199984502;85.3199996948242;0
optimal;77.6599998474121;2;132mb;8;SHUFFLE;true;16;16;5;2;5;0;1096736940;7200000;194;160.077099979389;85.2999992370605;0
optimal;77.5299997329712;1;132mb;8;SHUFFLE;true;16;16;5;2;5;0;1096736940;7200000;194;161.174800014123;71.0499992370605;0
optimal;85.7399997711182;2;184mb;8;SHUFFLE;true;16;16;5;2;5;0;38840124;14400000;194;214.073200011626;130.289999961853;0
optimal;77.6199998855591;1;132mb;8;SHUFFLE;true;16;16;5;2;5;0;1096736940;7200000;194;160.58189998148;71.0499992370605;0
optimal;85.6499996185303;2;184mb;8;SHUFFLE;true;16;16;5;2;5;0;38840124;14400000;194;167.521600029431;130.219999313354;0
optimal;77.5899991989136;2;132mb;8;SHUFFLE;true;16;16;5;2;5;0;1096736940;7200000;194;220.004300004803;85.4899997711182;0
optimal;85.7099990844727;2;184mb;8;SHUFFLE;true;16;16;5;2;5;0;38840124;14400000;194;213.481299986597;130.219999313354;0
optimal;85.8799991607666;2;184mb;8;SHUFFLE;true;16;16;5;2;5;0;38840124;14400000;194;217.603099998087;130.289999961853;0
optimal;77.6199998855591;2;132mb;8;SHUFFLE;true;16;16;5;2;5;0;1096736940;7200000;194;162.000500014983;85.3699998855591;0
optimal;77.5299997329712;2;132mb;8;SHUFFLE;true;16;16;5;2;5;0;1096736940;7200000;194;217.440800042823;85.3699998855591;0
network_congestion;77.7399997711182;2;133mb;8;SHUFFLE;false;16;16;5;2;5;0;1096736940;7200000;194;873.283400025684;96.1199998855591;0
optimal;78.0099992752075;2;133mb;8;SHUFFLE;true;16;16;5;2;5;0;1096736940;7200000;194;164.330200001132;85.2999992370605;0
optimal;77.5299997329712;2;132mb;8;SHUFFLE;true;16;16;5;2;5;0;1096736940;7200000;194;213.413399993442;85.3099994659424;0
optimal;85.6499996185303;2;184mb;8;SHUFFLE;true;16;16;5;2;5;0;38840124;14400000;194;213.208700006362;130.289999961853;0
optimal;77.8699998855591;2;133mb;8;SHUFFLE;true;16;16;5;2;5;0;1096736940;7200000;194;163.653699972201;85.3699998855591;0
optimal;77.6199998855591;2;132mb;8;SHUFFLE;true;16;16;5;2;5;0;1096736940;7200000;194;215.144200017676;85.3799991607666;0
optimal;77.8699998855591;2;133mb;8;SHUFFLE;true;16;16;5;2;5;0;1096736940;7200000;194;213.588399987202;85.4499998092651;0
optimal;77.5299997329712;2;132mb;8;SHUFFLE;true;16;16;5;2;5;0;1096736940;7200000;194;163.640699989628;85.3699998855591;0
optimal;85.7099990844727;2;184mb;8;SHUFFLE;true;16;16;5;2;5;0;38840124;14400000;194;219.452799996361;130.359999656677;0
optimal;77.5299997329712;2;132mb;8;SHUFFLE;true;16;16;5;2;5;0;1096736940;7200000;194;167.170299973805;85.3099994659424;0
optimal;85.8499994277954;2;184mb;8;SHUFFLE;true;16;16;5;2;5;0;38840124;14400000;194;164.212899981067;130.289999961853;0
optimal;85.6499996185303;2;184mb;8;SHUFFLE;true;16;16;5;2;5;0;38840124;14400000;194;213.380100030918;130.219999313354;0
optimal;85.6499996185303;2;184mb;8;SHUFFLE;true;16;16;5;2;5;0;38840124;14400000;194;214.098599972203;130.289999961853;0
optimal;85.6499996185303;2;184mb;8;SHUFFLE;true;16;16;5;2;5;0;38840124;14400000;194;167.667600035202;130.359999656677;0
optimal;77.8299999237061;2;133mb;8;SHUFFLE;true;16;16;5;2;5;0;1096736940;7200000;194;164.01190002216;85.3099994659424;0
optimal;77.5299997329712;2;132mb;8;SHUFFLE;true;16;16;5;2;5;0;1096736940;7200000;194;226.794400019571;85.4499998092651;0
optimal;77.7399997711182;2;175mb;8;SHUFFLE;true;16;16;5;2;5;0;1448911676;14400000;194;163.641999999527;122.539999961853;0
optimal;77.5899991989136;2;175mb;8;SHUFFLE;true;16;16;5;2;5;0;1448911676;14400000;194;160.232499998529;122.469999313354;0
optimal;85.7099990844727;2;184mb;8;SHUFFLE;true;16;16;5;2;5;0;38840124;28800000;194;222.993000003044;130.289999961853;0
codegen_heavy;85.6499996185303;2;184mb;8;BROADCAST;false;16;16;5;2;5;0;38840124;28800000;194;361.372200015467;142.579999923706;0
optimal;85.6499996185303;2;184mb;8;SHUFFLE;true;16;16;5;2;5;0;38840124;28800000;194;165.88009998668;130.289999961853;0
network_congestion;86.2699995040894;2;184mb;8;BROADCAST;false;16;16;5;2;5;0;38840124;28800000;194;1104.61219999706;142.939999580383;0
optimal;85.8499994277954;2;184mb;8;SHUFFLE;true;16;16;5;2;5;0;38840124;28800000;194;164.130299992394;130.439999580383;0
optimal;85.6499996185303;2;184mb;8;SHUFFLE;true;16;16;5;2;5;0;38840124;28800000;194;222.117199969944;130.289999961853;0
optimal;77.7599992752075;2;175mb;8;SHUFFLE;true;16;16;5;2;5;0;1448911676;14400000;194;232.788400026038;122.539999961853;0
optimal;85.7099990844727;2;184mb;8;SHUFFLE;true;16;16;5;2;5;0;38840124;28800000;194;212.364500039257;130.289999961853;0
optimal;77.5899991989136;2;175mb;8;SHUFFLE;true;16;16;5;2;5;0;1448911676;14400000;194;159.373400034383;122.479999542236;0
optimal;77.8699998855591;1;133mb;8;SHUFFLE;true;16;16;5;2;5;0;1448911676;14400000;194;161.441500007641;71.0499992370605;0
optimal;77.7999992370605;2;175mb;8;SHUFFLE;true;16;16;5;2;5;0;1448911676;14400000;194;161.687699961476;122.549999237061;0
optimal;85.8499994277954;2;184mb;8;SHUFFLE;true;16;16;5;2;5;0;38840124;28800000;194;161.963000020478;130.289999961853;0
optimal;85.6999998092651;2;184mb;8;SHUFFLE;true;16;16;5;2;5;0;38840124;28800000;194;219.063700002152;130.289999961853;0
optimal;77.6199998855591;1;132mb;8;SHUFFLE;true;16;16;5;2;5;0;1448911676;14400000;194;192.241899960209;71.0499992370605;0
optimal;77.6199998855591;1;132mb;8;SHUFFLE;true;16;16;5;2;5;0;1448911676;14400000;194;166.613199980929;71.0499992370605;0
optimal;85.6499996185303;2;184mb;8;SHUFFLE;true;16;16;5;2;5;0;38840124;28800000;194;217.265699990094;130.219999313354;0
optimal;85.7099990844727;2;184mb;8;SHUFFLE;true;16;16;5;2;5;0;38840124;28800000;194;166.140899993479;130.289999961853;0
network_congestion;96.0299997329712;2;156mb;8;SHUFFLE;false;16;16;5;2;5;0;1448911676;14400000;194;1235.59719999321;133.009999275208;0
optimal;78.1799993515015;2;175mb;8;SHUFFLE;true;16;16;5;2;5;0;1448911676;14400000;194;166.242800012697;122.469999313354;0
optimal;85.6499996185303;2;184mb;8;SHUFFLE;true;16;16;5;2;5;0;38840124;28800000;194;162.807099986821;130.289999961853;0
optimal;77.5899991989136;2;175mb;8;SHUFFLE;true;16;16;5;2;5;0;1448911676;14400000;194;159.569999959785;122.539999961853;0
optimal;85.7099990844727;2;184mb;8;SHUFFLE;true;16;16;5;2;5;0;38840124;28800000;194;216.457700007595;130.289999961853;0
optimal;85.7399997711182;2;184mb;8;SHUFFLE;true;16;16;5;2;5;0;38840124;28800000;194;215.470900002401;130.289999961853;0
optimal;77.7599992752075;2;175mb;8;SHUFFLE;true;16;16;5;2;5;0;1448911676;14400000;194;160.453999997117;122.469999313354;0
optimal;85.8499994277954;1;143mb;8;SHUFFLE;true;16;16;5;2;5;0;38840124;28800000;194;166.322700039018;77.9799995422363;0
optimal;77.6199998855591;1;132mb;8;SHUFFLE;true;16;16;5;2;5;0;1448911676;14400000;194;165.956500044558;71.0499992370605;0
optimal;85.7099990844727;1;143mb;8;SHUFFLE;true;16;16;5;2;5;0;38840124;28800000;194;171.383400040213;77.9799995422363;0
optimal;77.6199998855591;2;175mb;8;SHUFFLE;true;16;16;5;2;5;0;1448911676;14400000;194;164.555600029416;122.609999656677;0
optimal;77.5899991989136;2;175mb;8;SHUFFLE;true;16;16;5;2;5;0;1448911676;14400000;194;166.282899968792;122.549999237061;0
optimal;77.8999996185303;1;133mb;8;SHUFFLE;true;16;16;5;2;5;0;1448911676;14400000;194;163.080400030594;71.0499992370605;0
optimal;77.7299995422363;2;175mb;8;SHUFFLE;true;16;16;5;2;5;0;1448911676;14400000;194;163.109499961138;122.679999351501;0
network_congestion;468.969999313354;4;801mb;8;BROADCAST;false;24;20;7;3;7;0;1149558249;7200000;641;1331.17670001229;565.109999656677;0
optimal;137.659999847412;2;210mb;8;SHUFFLE;true;8;8;3;2;3;0;1081084346;7200000;222;313.883700000588;133.479999542236;0
network_congestion;153.009999275208;2;323mb;8;SHUFFLE;true;8;8;3;2;3;0;23176020;14400000;222;516.76840003347;248.879999160767;0
optimal;137.889999389648;2;211mb;8;SHUFFLE;true;8;8;3;2;3;0;1081084346;7200000;222;355.816000024788;133.479999542236;0
optimal;137.889999389648;2;211mb;8;SHUFFLE;true;8;8;3;2;3;0;1081084346;7200000;222;312.752099998761;133.489999771118;0
optimal;137.889999389648;2;211mb;8;SHUFFLE;true;8;8;3;2;3;0;1081084346;7200000;222;314.818700018805;133.479999542236;0
network_congestion;153.009999275208;2;323mb;8;SHUFFLE;true;8;8;3;2;3;0;23176020;14400000;222;569.669299991801;248.889999389648;0
network_congestion;153.009999275208;2;323mb;8;SHUFFLE;true;8;8;3;2;3;0;23176020;14400000;222;517.458199989051;248.889999389648;0
optimal;137.929999351501;2;211mb;8;SHUFFLE;true;8;8;3;2;3;0;1081084346;7200000;222;364.503099990543;133.479999542236;0
network_congestion;153.299999237061;2;323mb;8;SHUFFLE;true;8;8;3;2;3;0;23176020;14400000;222;565.912900026888;249.139999389648;0
optimal;137.889999389648;2;211mb;8;SHUFFLE;true;8;8;3;2;3;0;1081084346;7200000;222;312.05469998531;133.479999542236;0
optimal;137.889999389648;2;211mb;8;SHUFFLE;true;8;8;3;2;3;0;1081084346;7200000;222;315.974899975117;133.479999542236;0
optimal;137.949999809265;2;211mb;8;SHUFFLE;true;8;8;3;2;3;0;1081084346;7200000;222;334.499299991876;133.489999771118;0
optimal;137.889999389648;2;211mb;8;SHUFFLE;true;8;8;3;2;3;0;1081084346;7200000;222;313.938700011931;133.479999542236;0
optimal;137.949999809265;2;211mb;8;SHUFFLE;true;8;8;3;2;3;0;1081084346;7200000;222;314.236200007144;133.489999771118;0
optimal;137.889999389648;2;211mb;8;SHUFFLE;true;8;8;3;2;3;0;1081084346;7200000;222;363.824400003068;133.479999542236;0
network_congestion;153.819999694824;2;323mb;8;SHUFFLE;true;8;8;3;2;3;0;23176020;14400000;222;564.895000017714;248.879999160767;0
optimal;137.519999504089;2;210mb;8;SHUFFLE;true;8;8;3;2;3;0;1081084346;7200000;222;370.695500052534;133.479999542236;0
network_congestion;153.009999275208;2;323mb;8;SHUFFLE;true;8;8;3;2;3;0;23176020;14400000;222;522.882899967954;249.39999961853;0
optimal;137.889999389648;2;211mb;8;SHUFFLE;true;8;8;3;2;3;0;1081084346;7200000;222;372.760099999141;133.479999542236;0
network_congestion;153.009999275208;2;323mb;8;SHUFFLE;true;8;8;3;2;3;0;23176020;14400000;222;566.204099974129;248.879999160767;0
optimal;137.949999809265;2;211mb;8;SHUFFLE;true;8;8;3;2;3;0;1081084346;7200000;222;317.315299995244;133.479999542236;0
network_congestion;153.009999275208;2;323mb;8;SHUFFLE;true;8;8;3;2;3;0;23176020;14400000;222;515.935899980832;248.879999160767;0
optimal;137.889999389648;2;211mb;8;SHUFFLE;true;8;8;3;2;3;0;1081084346;7200000;222;314.168700017035;133.479999542236;0
optimal;137.889999389648;2;211mb;8;SHUFFLE;true;8;8;3;2;3;0;1081084346;7200000;222;365.083699987736;133.479999542236;0
codegen_heavy;153.329999923706;2;323mb;8;BROADCAST;false;8;8;3;2;3;0;23176020;14400000;222;836.165299988352;258.179999351501;0
optimal;137.889999389648;2;211mb;8;SHUFFLE;true;8;8;3;2;3;0;1081084346;7200000;222;363.775299978442;133.479999542236;0
optimal;137.889999389648;2;211mb;8;SHUFFLE;true;8;8;3;2;3;0;1081084346;7200000;222;366.431700007524;133.479999542236;0
network_congestion;153.009999275208;2;323mb;8;SHUFFLE;true;8;8;3;2;3;0;23176020;14400000;222;517.921099963132;248.889999389648;0
optimal;151.989999771118;2;323mb;8;SHUFFLE;true;8;8;3;2;3;0;23176020;14400000;222;466.737300041132;248.879999160767;0
network_congestion;155.159999847412;2;323mb;8;SHUFFLE;true;8;8;3;2;3;0;23176020;14400000;222;521.251500002109;249.39999961853;0
optimal;137.949999809265;2;211mb;8;SHUFFLE;true;8;8;3;2;3;0;1081084346;7200000;222;313.249400001951;133.479999542236;0
optimal;137.889999389648;2;211mb;8;SHUFFLE;true;8;8;3;2;3;0;1081084346;7200000;222;364.134300034493;133.479999542236;0
optimal;137.949999809265;2;211mb;8;SHUFFLE;true;8;8;3;2;3;0;1081084346;7200000;222;313.875599997118;133.479999542236;0
optimal;153.329999923706;2;323mb;8;SHUFFLE;true;8;8;3;2;3;0;23176020;14400000;222;464.713499997742;248.889999389648;0
network_congestion;153.009999275208;2;323mb;8;SHUFFLE;true;8;8;3;2;3;0;23176020;14400000;222;624.954500002787;248.879999160767;0
optimal;137.929999351501;2;211mb;8;SHUFFLE;true;8;8;3;2;3;0;1081084346;7200000;222;320.141700038221;133.489999771118;0
network_congestion;138.349999427795;2;312mb;8;SHUFFLE;true;8;8;3;2;3;0;1433259082;14400000;222;563.298700028099;221.339999198914;0
network_congestion;138.579999923706;2;312mb;8;SHUFFLE;true;8;8;3;2;3;0;1433259082;14400000;222;512.905700015835;221.329999923706;0
network_congestion;165.209999084473;2;323mb;8;BROADCAST;false;8;8;3;2;3;0;23176020;28800000;222;1328.4158000024;258.619999885559;0
network_congestion;164;2;323mb;8;BROADCAST;false;8;8;3;2;3;0;23176020;28800000;222;1420.20809999667;258.619999885559;0
network_congestion;138.579999923706;2;312mb;8;SHUFFLE;true;8;8;3;2;3;0;1433259082;14400000;222;517.65890000388;221.359999656677;0
network_congestion;138.629999160767;2;312mb;8;SHUFFLE;true;8;8;3;2;3;0;1433259082;14400000;222;516.500799974892;221.359999656677;0
network_congestion;165.199999809265;2;323mb;8;BROADCAST;false;8;8;3;2;3;0;23176020;28800000;222;1328.43490003143;258.869999885559;0
network_congestion;138.579999923706;2;312mb;8;SHUFFLE;true;8;8;3;2;3;0;1433259082;14400000;222;512.466099986341;221.339999198914;0
network_congestion;164.939999580383;2;323mb;8;BROADCAST;false;8;8;3;2;3;0;23176020;28800000;222;1324.16369998828;258.869999885559;0
network_congestion;165.099999427795;2;323mb;8;BROADCAST;false;8;8;3;2;3;0;23176020;28800000;222;1319.47710004169;258.609999656677;0
network_congestion;138.619999885559;2;312mb;8;SHUFFLE;true;8;8;3;2;3;0;1433259082;14400000;222;568.635000032373;221.339999198914;0
network_congestion;165.329999923706;2;323mb;8;BROADCAST;false;8;8;3;2;3;0;23176020;28800000;222;1425.26029999135;258.869999885559;0
network_congestion;138.579999923706;2;312mb;8;SHUFFLE;true;8;8;3;2;3;0;1433259082;14400000;222;570.780700014438;221.339999198914;0
network_congestion;138.619999885559;2;312mb;8;SHUFFLE;true;8;8;3;2;3;0;1433259082;14400000;222;566.896600008477;221.359999656677;0
network_congestion;162.069999694824;2;323mb;8;BROADCAST;false;8;8;3;2;3;0;23176020;28800000;222;1329.73110000603;258.609999656677;0
network_congestion;138.619999885559;2;312mb;8;SHUFFLE;true;8;8;3;2;3;0;1433259082;14400000;222;569.771800015587;221.369999885559;0
network_congestion;138.619999885559;2;312mb;8;SHUFFLE;true;8;8;3;2;3;0;1433259082;14400000;222;517.549799988046;221.339999198914;0
network_congestion;138.579999923706;2;312mb;8;SHUFFLE;true;8;8;3;2;3;0;1433259082;14400000;222;516.656599997077;221.359999656677;0
network_congestion;165.069999694824;2;323mb;8;BROADCAST;false;8;8;3;2;3;0;23176020;28800000;222;1322.01050000731;259.909999847412;0
network_congestion;138.579999923706;2;312mb;8;SHUFFLE;true;8;8;3;2;3;0;1433259082;14400000;222;585.251200012863;221.359999656677;0
network_congestion;138.619999885559;2;312mb;8;SHUFFLE;true;8;8;3;2;3;0;1433259082;14400000;222;793.549099995289;221.329999923706;0
network_congestion;138.619999885559;2;312mb;8;SHUFFLE;true;8;8;3;2;3;0;1433259082;14400000;222;515.223699971102;221.369999885559;0
network_congestion;138.619999885559;2;312mb;8;SHUFFLE;true;8;8;3;2;3;0;1433259082;14400000;222;617.797399987467;221.369999885559;0
network_congestion;138.579999923706;2;312mb;8;SHUFFLE;true;8;8;3;2;3;0;1433259082;14400000;222;512.423599953763;221.369999885559;0
network_congestion;165.199999809265;2;323mb;8;BROADCAST;false;8;8;3;2;3;0;23176020;28800000;222;1320.67840005038;258.869999885559;0
network_congestion;138.579999923706;2;312mb;8;SHUFFLE;true;8;8;3;2;3;0;1433259082;14400000;222;513.259700033814;221.359999656677;0
network_congestion;152.839999198914;2;323mb;8;BROADCAST;false;8;8;3;2;3;0;23176020;28800000;222;1423.68270002771;258.869999885559;0
network_congestion;138.629999160767;2;312mb;8;SHUFFLE;true;8;8;3;2;3;0;1433259082;14400000;222;515.117200033274;221.359999656677;0
network_congestion;138.449999809265;2;312mb;8;SHUFFLE;true;8;8;3;2;3;0;1433259082;14400000;222;565.769799984992;221.329999923706;0
network_congestion;138.619999885559;2;312mb;8;SHUFFLE;true;8;8;3;2;3;0;1433259082;14400000;222;512.447100016288;221.359999656677;0
network_congestion;138.619999885559;2;312mb;8;SHUFFLE;true;8;8;3;2;3;0;1433259082;14400000;222;516.103799978737;221.359999656677;0
network_congestion;138.579999923706;2;312mb;8;SHUFFLE;true;8;8;3;2;3;0;1433259082;14400000;222;515.761399990879;221.359999656677;0
network_congestion;165.279999732971;2;323mb;8;BROADCAST;false;8;8;3;2;3;0;23176020;28800000;222;1420.88579997653;258.609999656677;0
network_congestion;138.579999923706;2;312mb;8;SHUFFLE;true;8;8;3;2;3;0;1433259082;14400000;222;530.184199975338;221.369999885559;0
network_congestion;165.349999427795;2;323mb;8;BROADCAST;false;8;8;3;2;3;0;23176020;28800000;222;1223.84839999722;258.869999885559;0
network_congestion;165.329999923706;2;323mb;8;BROADCAST;false;8;8;3;2;3;0;23176020;28800000;222;1429.26649999572;258.869999885559;0
network_congestion;163.729999542236;2;323mb;8;BROADCAST;false;8;8;3;2;3;0;23176020;28800000;222;1321.20110001415;258.609999656677;0
network_congestion;138.629999160767;2;312mb;8;SHUFFLE;true;8;8;3;2;3;0;1433259082;14400000;222;518.190200033132;221.369999885559;0
network_congestion;138.579999923706;2;312mb;8;SHUFFLE;true;8;8;3;2;3;0;1433259082;14400000;222;513.108300045133;221.369999885559;0
network_congestion;138.579999923706;2;312mb;8;SHUFFLE;true;8;8;3;2;3;0;1433259082;14400000;222;568.779299966991;221.369999885559;0
network_congestion;165;2;323mb;8;BROADCAST;false;8;8;3;2;3;0;23176020;28800000;222;1322.07850000123;258.609999656677;0
optimal;137.659999847412;2;210mb;8;SHUFFLE;true;8;8;3;2;3;0;532616184;3600000;222;263.200400047936;133.479999542236;0
optimal;152.25;2;229mb;8;SHUFFLE;true;8;8;3;2;3;0;1068941836;7200000;222;418.296799995005;148.64999961853;0
optimal;137.889999389648;2;211mb;8;SHUFFLE;true;8;8;3;2;3;0;532616184;3600000;222;339.729800005443;134.019999504089;0
optimal;137.889999389648;2;211mb;8;SHUFFLE;true;8;8;3;2;3;0;532616184;3600000;222;275.167100015096;133.479999542236;0
optimal;149.989999771118;2;226mb;8;BROADCAST;true;8;8;3;2;3;0;1068941836;7200000;222;416.244299965911;148.909999847412;0
optimal;137.889999389648;2;211mb;8;SHUFFLE;true;8;8;3;2;3;0;532616184;3600000;222;265.094399976078;133.479999542236;0
optimal;152.159999847412;2;229mb;8;SHUFFLE;true;8;8;3;2;3;0;1068941836;7200000;222;381.477500020992;148.64999961853;0
optimal;137.889999389648;2;211mb;8;SHUFFLE;true;8;8;3;2;3;0;532616184;3600000;222;262.531200016383;133.479999542236;0
optimal;137.889999389648;2;211mb;8;SHUFFLE;true;8;8;3;2;3;0;532616184;3600000;222;262.11399998283;133.479999542236;0
optimal;137.889999389648;2;211mb;8;SHUFFLE;true;8;8;3;2;3;0;532616184;3600000;222;261.661900032777;134.019999504089;0
optimal;151.91999912262;2;229mb;8;SHUFFLE;true;8;8;3;2;3;0;1068941836;7200000;222;368.467599968426;148.64999961853;0
optimal;152.229999542236;2;229mb;8;SHUFFLE;true;8;8;3;2;3;0;1068941836;7200000;222;368.121700012125;149.16999912262;0
optimal;137.759999275208;2;211mb;8;SHUFFLE;true;8;8;3;2;3;0;532616184;3600000;222;322.360299993306;133.489999771118;0
optimal;137.889999389648;2;211mb;8;SHUFFLE;true;8;8;3;2;3;0;532616184;3600000;222;316.565099987201;133.739999771118;0
optimal;137.779999732971;2;211mb;8;SHUFFLE;true;8;8;3;2;3;0;532616184;3600000;222;314.162299968302;133.479999542236;0
optimal;137.889999389648;2;211mb;8;SHUFFLE;true;8;8;3;2;3;0;532616184;3600000;222;265.64519997919;134.019999504089;0
optimal;152.299999237061;2;229mb;8;SHUFFLE;true;8;8;3;2;3;0;1068941836;7200000;222;362.302699999418;148.64999961853;0
optimal;151.969999313354;2;229mb;8;SHUFFLE;true;8;8;3;2;3;0;1068941836;7200000;222;423.817699949723;148.64999961853;0
optimal;137.819999694824;2;211mb;8;SHUFFLE;true;8;8;3;2;3;0;532616184;3600000;222;421.065300004557;133.479999542236;0
optimal;137.889999389648;2;211mb;8;SHUFFLE;true;8;8;3;2;3;0;532616184;3600000;222;267.597099998966;134.019999504089;0
optimal;137.889999389648;2;211mb;8;SHUFFLE;true;8;8;3;2;3;0;532616184;3600000;222;313.685400004033;133.479999542236;0
optimal;137.889999389648;2;211mb;8;SHUFFLE;true;8;8;3;2;3;0;532616184;3600000;222;263.624200015329;133.479999542236;0
optimal;152.309999465942;2;230mb;8;SHUFFLE;true;8;8;3;2;3;0;1068941836;7200000;222;363.580500008538;148.64999961853;0
optimal;137.889999389648;2;211mb;8;SHUFFLE;true;8;8;3;2;3;0;532616184;3600000;222;264.746000000741;133.479999542236;0
optimal;152.179999351501;2;229mb;8;SHUFFLE;true;8;8;3;2;3;0;1068941836;7200000;222;472.93680004077;148.659999847412;0
optimal;137.889999389648;2;211mb;8;SHUFFLE;true;8;8;3;2;3;0;532616184;3600000;222;263.278600003105;133.489999771118;0
optimal;152.159999847412;2;229mb;8;SHUFFLE;true;8;8;3;2;3;0;1068941836;7200000;222;365.990700025577;148.659999847412;0
optimal;151.659999847412;2;229mb;8;SHUFFLE;true;8;8;3;2;3;0;1068941836;7200000;222;417.552899976727;148.659999847412;0
optimal;152.299999237061;2;229mb;8;SHUFFLE;true;8;8;3;2;3;0;1068941836;7200000;222;367.486800008919;148.64999961853;0
optimal;152.39999961853;2;230mb;8;SHUFFLE;true;8;8;3;2;3;0;1068941836;7200000;222;417.438399977982;148.64999961853;0
optimal;137.889999389648;2;211mb;8;SHUFFLE;true;8;8;3;2;3;0;532616184;3600000;222;338.733899989165;133.489999771118;0
optimal;152.309999465942;2;230mb;8;SHUFFLE;true;8;8;3;2;3;0;1068941836;7200000;222;374.482399958652;148.64999961853;0
optimal;137.889999389648;2;211mb;8;SHUFFLE;true;8;8;3;2;3;0;532616184;3600000;222;317.094300000463;133.479999542236;0
optimal;152.229999542236;2;229mb;8;SHUFFLE;true;8;8;3;2;3;0;1068941836;7200000;222;477.558900020085;148.64999961853;0
optimal;137.889999389648;2;211mb;8;SHUFFLE;true;8;8;3;2;3;0;532616184;3600000;222;265.881400031503;133.479999542236;0
optimal;137.889999389648;2;211mb;8;SHUFFLE;true;8;8;3;2;3;0;532616184;3600000;222;265.046999964397;134;0
optimal;151.659999847412;2;229mb;8;SHUFFLE;true;8;8;3;2;3;0;1068941836;7200000;222;418.663099990226;148.659999847412;0
optimal;120.389999389648;1;188mb;8;SHUFFLE;true;12;12;4;2;4;0;1443618740;14400000;200;33.4311000187881;113.579999923706;0
optimal;118.489999771118;1;186mb;8;SHUFFLE;true;12;12;4;2;4;0;1607112710;7200000;200;32.2368999477476;110.739999771118;0
network_congestion;127.439999580383;4;427mb;8;SHUFFLE;false;12;12;4;2;4;0;1443618740;14400000;200;4928.73109999346;312.049999237061;0
optimal;120.389999389648;1;188mb;8;SHUFFLE;true;12;12;4;2;4;0;1443618740;14400000;200;42.1065000118688;113.579999923706;0
optimal;116.609999656677;1;183mb;8;SHUFFLE;true;12;12;4;2;4;0;1607112710;7200000;200;30.1429000101052;110.16999912262;0
optimal;120.389999389648;1;188mb;8;SHUFFLE;true;12;12;4;2;4;0;1443618740;14400000;200;33.5527000133879;113.579999923706;0
optimal;116.609999656677;1;183mb;8;SHUFFLE;true;12;12;4;2;4;0;1607112710;7200000;200;29.2405000072904;110.16999912262;0
optimal;118.489999771118;1;186mb;8;SHUFFLE;true;12;12;4;2;4;0;1607112710;7200000;200;33.3053999929689;110.16999912262;0
optimal;118.489999771118;1;186mb;8;SHUFFLE;true;12;12;4;2;4;0;1607112710;7200000;200;39.4238000153564;110.16999912262;0
network_congestion;119.14999961853;4;186mb;8;SHUFFLE;false;12;12;4;2;4;0;1607112710;7200000;200;3329.52410000144;144.949999809265;0
optimal;118.599999427795;2;263mb;8;SHUFFLE;true;12;12;4;2;4;0;1443618740;14400000;200;61.1656000255607;210.709999084473;0
optimal;118.489999771118;1;186mb;8;SHUFFLE;true;12;12;4;2;4;0;1607112710;7200000;200;30.5921999970451;110.689999580383;0
optimal;116.609999656677;1;183mb;8;SHUFFLE;true;12;12;4;2;4;0;1607112710;7200000;200;33.0832999898121;110.16999912262;0
optimal;118.489999771118;1;186mb;8;SHUFFLE;true;12;12;4;2;4;0;1443618740;14400000;200;33.3135999972001;114.079999923706;0
optimal;118.489999771118;1;186mb;8;SHUFFLE;true;12;12;4;2;4;0;1607112710;7200000;200;70.8965000230819;110.16999912262;0
optimal;116.609999656677;1;183mb;8;SHUFFLE;true;12;12;4;2;4;0;1607112710;7200000;200;28.5118000465445;110.689999580383;0
optimal;118.489999771118;1;186mb;8;SHUFFLE;true;12;12;4;2;4;0;1607112710;7200000;200;46.2256000027992;110.099999427795;0
optimal;118.489999771118;1;186mb;8;SHUFFLE;true;12;12;4;2;4;0;1607112710;7200000;200;28.2956999726593;110.16999912262;0
optimal;118.489999771118;1;186mb;8;SHUFFLE;true;12;12;4;2;4;0;1607112710;7200000;200;35.2701999945566;110.16999912262;0
optimal;117.929999351501;1;185mb;8;SHUFFLE;true;12;12;4;2;4;0;1607112710;7200000;200;31.9255000213161;110.16999912262;0
optimal;120.389999389648;1;188mb;8;SHUFFLE;true;12;12;4;2;4;0;1443618740;14400000;200;29.9065000144765;113.579999923706;0
optimal;120.389999389648;1;188mb;8;SHUFFLE;true;12;12;4;2;4;0;1443618740;14400000;200;38.9117000158876;113.579999923706;0
optimal;116.609999656677;1;183mb;8;SHUFFLE;true;12;12;4;2;4;0;1607112710;7200000;200;28.9650000049733;110.16999912262;0
optimal;118.489999771118;1;186mb;8;SHUFFLE;true;12;12;4;2;4;0;1607112710;7200000;200;35.3484000079334;110.16999912262;0
optimal;116.609999656677;1;183mb;8;SHUFFLE;true;12;12;4;2;4;0;1607112710;7200000;200;70.1051999931224;110.16999912262;0
optimal;120.389999389648;1;188mb;8;SHUFFLE;true;12;12;4;2;4;0;1443618740;28800000;200;34.9493999965489;113.579999923706;0
optimal;120.349999427795;1;188mb;8;SHUFFLE;true;12;12;4;2;4;0;1959287382;14400000;200;17.8787999902852;112.019999504089;0
optimal;118.469999313354;1;186mb;8;SHUFFLE;true;12;12;4;2;4;0;1959287382;14400000;200;57.2494000080042;112.019999504089;0
optimal;120.349999427795;1;188mb;8;SHUFFLE;true;12;12;4;2;4;0;1959287382;14400000;200;32.765100011602;112.019999504089;0
codegen_heavy;120.389999389648;2;263mb;8;BROADCAST;false;12;12;4;2;4;0;1443618740;28800000;200;419.608899974264;220.269999504089;0
optimal;120.389999389648;1;188mb;8;SHUFFLE;true;12;12;4;2;4;0;1443618740;28800000;200;35.0754999672063;114.129999160767;0
optimal;120.349999427795;1;188mb;8;SHUFFLE;true;12;12;4;2;4;0;1959287382;14400000;200;30.3609999828041;112.459999084473;0
optimal;120.389999389648;1;188mb;8;SHUFFLE;true;12;12;4;2;4;0;1443618740;28800000;200;34.7560999798588;113.579999923706;0
optimal;120.389999389648;1;188mb;8;SHUFFLE;true;12;12;4;2;4;0;1443618740;28800000;200;31.9824999896809;113.579999923706;0
optimal;118.469999313354;1;186mb;8;SHUFFLE;true;12;12;4;2;4;0;1959287382;14400000;200;41.157600004226;112.819999694824;0
optimal;120.349999427795;1;188mb;8;SHUFFLE;true;12;12;4;2;4;0;1959287382;14400000;200;33.4440000005998;112.019999504089;0
optimal;120.389999389648;1;188mb;8;SHUFFLE;true;12;12;4;2;4;0;1443618740;28800000;200;45.0477999984287;113.579999923706;0
optimal;120.349999427795;1;188mb;8;SHUFFLE;true;12;12;4;2;4;0;1959287382;14400000;200;33.4739999962039;112.019999504089;0
optimal;120.389999389648;1;188mb;8;SHUFFLE;true;12;12;4;2;4;0;1443618740;28800000;200;35.0808000075631;113.579999923706;0
optimal;120.389999389648;1;188mb;8;SHUFFLE;true;12;12;4;2;4;0;1443618740;28800000;200;30.7283000438474;113.579999923706;0
optimal;120.349999427795;1;188mb;8;SHUFFLE;true;12;12;4;2;4;0;1959287382;14400000;200;34.7112999879755;112.019999504089;0
network_congestion;121.589999198914;4;190mb;8;SHUFFLE;false;12;12;4;2;4;0;1959287382;14400000;200;3329.31709999684;151.569999694824;0
optimal;120.349999427795;1;188mb;8;SHUFFLE;true;12;12;4;2;4;0;1959287382;14400000;200;17.3139999969862;112.019999504089;0
optimal;118.489999771118;1;186mb;8;SHUFFLE;true;12;12;4;2;4;0;1443618740;28800000;200;35.8351999893785;113.549999237061;0
optimal;120.389999389648;1;188mb;8;SHUFFLE;true;12;12;4;2;4;0;1443618740;28800000;200;33.1635000184178;114.079999923706;0
optimal;120.349999427795;1;188mb;8;SHUFFLE;true;12;12;4;2;4;0;1959287382;14400000;200;18.048900004942;112.589999198914;0
optimal;118.469999313354;1;186mb;8;SHUFFLE;true;12;12;4;2;4;0;1959287382;14400000;200;32.5756999664009;112.019999504089;0
optimal;118.469999313354;1;186mb;8;SHUFFLE;true;12;12;4;2;4;0;1959287382;14400000;200;27.9127000248991;112.019999504089;0
optimal;118.469999313354;1;186mb;8;SHUFFLE;true;12;12;4;2;4;0;1959287382;14400000;200;27.713900024537;112.819999694824;0
optimal;120.389999389648;1;188mb;8;SHUFFLE;true;12;12;4;2;4;0;1443618740;28800000;200;38.9382000430487;113.41999912262;0
optimal;119.509999275208;1;187mb;8;SHUFFLE;true;12;12;4;2;4;0;1443618740;28800000;200;39.3471000134014;114.41999912262;0
optimal;118.469999313354;1;186mb;8;SHUFFLE;true;12;12;4;2;4;0;1959287382;14400000;200;28.4690000116825;112.019999504089;0
optimal;120.389999389648;1;188mb;8;SHUFFLE;true;12;12;4;2;4;0;1443618740;28800000;200;38.3982000057586;114.079999923706;0
optimal;120.349999427795;1;188mb;8;SHUFFLE;true;12;12;4;2;4;0;1959287382;14400000;200;41.7194999754429;111.939999580383;0
optimal;120.389999389648;1;188mb;8;SHUFFLE;true;12;12;4;2;4;0;1443618740;28800000;200;36.9112999760546;114.359999656677;0
optimal;120.389999389648;1;188mb;8;SHUFFLE;true;12;12;4;2;4;0;1443618740;28800000;200;36.7933999514207;113.579999923706;0
network_congestion;164.719999313354;2;335mb;8;BROADCAST;false;28;20;8;2;8;0;2686353610;14400000;368;1522.59770000819;248.299999237061;0
network_congestion;164.75;2;335mb;8;BROADCAST;false;28;20;8;2;8;0;2686353610;14400000;368;1520.56119998451;247.289999961853;0
optimal;138.679999351501;2;283mb;8;SHUFFLE;true;28;24;8;2;8;0;2686353460;14400000;380;37.8953999606892;197.989999771118;0
optimal;138.679999351501;1;212mb;8;SHUFFLE;true;28;24;8;2;8;0;2686353460;14400000;380;31.4561999985017;126.129999160767;0
optimal;138.679999351501;1;212mb;8;SHUFFLE;true;28;24;8;2;8;0;2686353460;14400000;380;35.8956000418402;126.129999160767;0
optimal;138.679999351501;1;212mb;8;SHUFFLE;true;28;24;8;2;8;0;2686353460;14400000;380;31.1159000266343;126.109999656677;0
optimal;138.679999351501;1;212mb;8;SHUFFLE;true;28;24;8;2;8;0;2686353460;14400000;380;74.9410000280477;126.129999160767;0
optimal;172.059999465942;2;354mb;8;SHUFFLE;true;28;24;8;2;8;0;391282768;28800000;380;32.1554999682121;247.699999809265;0
optimal;138.679999351501;1;212mb;8;SHUFFLE;true;28;24;8;2;8;0;2686353460;14400000;380;29.3798000202514;126.109999656677;0
optimal;138.679999351501;1;212mb;8;SHUFFLE;true;28;24;8;2;8;0;2686353460;14400000;380;58.0388999660499;126.139999389648;0
optimal;201.359999656677;2;354mb;8;SHUFFLE;true;28;24;8;2;8;0;391282768;28800000;380;60.8070000307634;247.089999198914;0
network_congestion;132.029999732971;2;283mb;8;BROADCAST;false;28;24;8;2;8;0;2686353460;14400000;380;1425.24909996428;206.979999542236;0
optimal;213.91999912262;2;388mb;8;SHUFFLE;true;28;20;8;2;8;0;391282776;28800000;384;223.583900020458;284.559999465942;0
optimal;162.029999732971;1;242mb;8;SHUFFLE;true;28;20;8;2;8;0;2686353520;14400000;384;116.493400011677;141.119999885559;0
optimal;162.099999427795;2;305mb;8;SHUFFLE;true;28;20;8;2;8;0;2686353520;14400000;384;113.272399990819;214.859999656677;0
optimal;214.029999732971;2;388mb;8;SHUFFLE;true;28;20;8;2;8;0;391282776;28800000;384;120.751799957361;284.5;0
optimal;162.069999694824;1;242mb;8;SHUFFLE;true;28;20;8;2;8;0;2686353520;14400000;384;120.787199994083;141.119999885559;0
optimal;162.029999732971;1;242mb;8;SHUFFLE;true;28;20;8;2;8;0;2686353520;14400000;384;116.127399960533;141.119999885559;0
optimal;213.719999313354;2;388mb;8;SHUFFLE;true;28;20;8;2;8;0;391282776;28800000;384;116.805199999362;284.5;0
optimal;162.099999427795;2;305mb;8;SHUFFLE;true;28;20;8;2;8;0;2686353520;14400000;384;119.000400009099;214.859999656677;0
optimal;213.349999427795;2;388mb;8;SHUFFLE;true;28;20;8;2;8;0;391282776;28800000;384;121.141600015108;284.5;0
optimal;162.029999732971;1;242mb;8;SHUFFLE;true;28;20;8;2;8;0;2686353520;14400000;384;113.379699992947;141.369999885559;0
network_congestion;204.769999504089;2;388mb;8;BROADCAST;false;28;20;8;2;8;0;391282776;28800000;384;546.619099972304;306.689999580383;0
optimal;214.619999885559;2;388mb;8;SHUFFLE;true;28;20;8;2;8;0;391282776;28800000;384;117.440399946645;284.509999275208;0
optimal;162.099999427795;1;242mb;8;SHUFFLE;true;28;20;8;2;8;0;2686353520;14400000;384;113.476799975615;141.119999885559;0
optimal;162.069999694824;1;242mb;8;SHUFFLE;true;28;20;8;2;8;0;2686353520;14400000;384;63.9165999600664;141.119999885559;0
optimal;162.069999694824;1;242mb;8;SHUFFLE;true;28;20;8;2;8;0;2686353520;14400000;384;64.4790999940597;141.119999885559;0
optimal;162.099999427795;1;242mb;8;SHUFFLE;true;28;20;8;2;8;0;2686353520;14400000;384;65.5369000160135;141.119999885559;0
network_congestion;155.969999313354;2;305mb;8;BROADCAST;false;28;20;8;2;8;0;2686353520;14400000;384;1728.71230001329;228.859999656677;0
optimal;2.19999980926514;1;42mb;8;SHUFFLE;false;0;0;1;1;1;0;1686;20;16;15.1859999750741;2.17999935150146;0
optimal;2.19999980926514;1;42mb;8;SHUFFLE;false;0;0;1;1;1;0;1686;20;16;21.1911000078544;2.17999935150146;0
optimal;2.19999980926514;1;42mb;8;SHUFFLE;false;0;0;1;1;1;0;1686;20;16;14.6386999986134;2.17999935150146;0
optimal;2.19999980926514;1;42mb;8;SHUFFLE;false;0;0;1;1;1;0;1686;20;16;15.923400002066;2.17999935150146;0
optimal;2.19999980926514;1;42mb;8;SHUFFLE;false;0;0;1;1;1;0;1686;20;16;17.7789999870583;2.17999935150146;0
optimal;2.19999980926514;1;42mb;8;SHUFFLE;false;0;0;1;1;1;0;1686;20;16;17.8942999918945;2.17999935150146;0
optimal;2.19999980926514;1;42mb;8;SHUFFLE;false;0;0;1;1;1;0;1686;20;16;15.3206000104547;2.17999935150146;0
optimal;2.19999980926514;1;42mb;8;SHUFFLE;false;0;0;1;1;1;0;1686;20;16;15.2480999822728;2.17999935150146;0
optimal;2.19999980926514;1;42mb;8;SHUFFLE;false;0;0;1;1;1;0;1686;20;16;15.3619999764487;2.17999935150146;0
optimal;2.19999980926514;1;42mb;8;SHUFFLE;false;0;0;1;1;1;0;1686;20;16;37.3191999970004;2.17999935150146;0
optimal;2.19999980926514;1;42mb;8;SHUFFLE;false;0;0;1;1;1;0;1686;20;16;19.7935000178404;2.17999935150146;0
optimal;2.19999980926514;1;42mb;8;SHUFFLE;false;0;0;1;1;1;0;1686;20;16;36.0574999940582;2.17999935150146;0
optimal;2.19999980926514;1;42mb;8;SHUFFLE;false;0;0;1;1;1;0;1686;20;16;14.7004000027664;2.17999935150146;0
optimal;2.19999980926514;1;42mb;8;SHUFFLE;false;0;0;1;1;1;0;1686;20;16;14.5036999601871;2.17999935150146;0
optimal;2.19999980926514;1;42mb;8;SHUFFLE;false;0;0;1;1;1;0;1686;20;16;28.3354999846779;2.17999935150146;0
optimal;2.19999980926514;1;42mb;8;SHUFFLE;false;0;0;1;1;1;0;1686;20;16;15.5382999801077;2.17999935150146;0
optimal;2.19999980926514;1;42mb;8;SHUFFLE;false;0;0;1;1;1;0;1686;20;16;18.5917999478988;2.17999935150146;0
optimal;2.19999980926514;1;42mb;8;SHUFFLE;false;0;0;1;1;1;0;1686;20;16;21.0960999829695;2.17999935150146;0
optimal;2.19999980926514;1;42mb;8;SHUFFLE;false;0;0;1;1;1;0;1686;20;16;15.5491000041366;2.17999935150146;0
optimal;2.19999980926514;1;42mb;8;SHUFFLE;false;0;0;1;1;1;0;1686;20;16;14.5806999644265;2.17999935150146;0
optimal;2.19999980926514;1;42mb;8;SHUFFLE;false;0;0;1;1;1;0;1686;20;16;16.6625999845564;2.17999935150146;0
optimal;2.19999980926514;1;42mb;8;SHUFFLE;false;0;0;1;1;1;0;1686;20;16;16.3728999905288;2.17999935150146;0
optimal;2.19999980926514;1;42mb;8;SHUFFLE;false;0;0;1;1;1;0;1686;20;16;21.0120000410825;2.17999935150146;0
optimal;2.19999980926514;1;42mb;8;SHUFFLE;false;0;0;1;1;1;0;1686;20;16;15.8143999869935;2.17999935150146;0
optimal;0.0734567642211914;1;36mb;8;SHUFFLE;false;0;0;1;0;1;0;1678;20;8;15.2236999711022;0.0539255142211914;0
optimal;0.0734567642211914;1;36mb;8;SHUFFLE;false;0;0;1;0;1;0;1678;20;8;15.5489000026137;0.0539255142211914;0
optimal;0.0734567642211914;1;36mb;8;SHUFFLE;false;0;0;1;0;1;0;1678;20;8;14.7293999907561;0.0539255142211914;0
optimal;0.0734567642211914;1;36mb;8;SHUFFLE;false;0;0;1;0;1;0;1678;20;8;15.5837000347674;0.0539255142211914;0
optimal;0.0656442642211914;1;36mb;8;SHUFFLE;false;0;0;1;0;1;0;1678;20;8;15.1756000122987;0.0539255142211914;0
optimal;0.0656442642211914;1;36mb;8;SHUFFLE;false;0;0;1;0;1;0;1678;20;8;18.1804000167176;0.0461130142211914;0
optimal;0.0734567642211914;1;36mb;8;SHUFFLE;false;0;0;1;0;1;0;1678;20;8;14.8959000362083;0.0539255142211914;0
optimal;0.0734567642211914;1;36mb;8;SHUFFLE;false;0;0;1;0;1;0;1678;20;8;15.0490999803878;0.0539255142211914;0
optimal;0.0734567642211914;1;36mb;8;SHUFFLE;false;0;0;1;0;1;0;1678;20;8;23.1686999904923;0.0539255142211914;0
optimal;0.0734567642211914;1;36mb;8;SHUFFLE;false;0;0;1;0;1;0;1678;20;8;16.0071999998763;0.0539255142211914;0
optimal;0.0656442642211914;1;36mb;8;SHUFFLE;false;0;0;1;0;1;0;1678;20;8;20.4065999714658;0.0461130142211914;0
optimal;0.0734567642211914;1;36mb;8;SHUFFLE;false;0;0;1;0;1;0;1678;20;8;15.3602999635041;0.0539255142211914;0
optimal;0.0656442642211914;1;36mb;8;SHUFFLE;false;0;0;1;0;1;0;1678;20;8;20.0936999754049;0.0461130142211914;0
optimal;0.0734567642211914;1;36mb;8;SHUFFLE;false;0;0;1;0;1;0;1678;20;8;21.5175999910571;0.0539255142211914;0
optimal;0.0734567642211914;1;36mb;8;SHUFFLE;false;0;0;1;0;1;0;1678;20;8;14.5024000084959;0.0539255142211914;0
optimal;0.0734567642211914;1;36mb;8;SHUFFLE;false;0;0;1;0;1;0;1678;20;8;15.0309999589808;0.0539255142211914;0
optimal;0.0734567642211914;1;36mb;8;SHUFFLE;false;0;0;1;0;1;0;1678;20;8;15.7585999695584;0.0539255142211914;0
optimal;0.0734567642211914;1;36mb;8;SHUFFLE;false;0;0;1;0;1;0;1678;20;8;15.6204999657348;0.0539255142211914;0
optimal;0.0734567642211914;1;36mb;8;SHUFFLE;false;0;0;1;0;1;0;1678;20;8;14.6403999533504;0.0539255142211914;0
optimal;0.0656442642211914;1;36mb;8;SHUFFLE;false;0;0;1;0;1;0;1678;20;8;17.5969999982044;0.0461130142211914;0
optimal;0.0734567642211914;1;36mb;8;SHUFFLE;false;0;0;1;0;1;0;1678;20;8;15.3506000060588;0.0539255142211914;0
optimal;0.0734567642211914;1;36mb;8;SHUFFLE;false;0;0;1;0;1;0;1678;20;8;21.4435000088997;0.0539255142211914;0
optimal;0.0734567642211914;1;36mb;8;SHUFFLE;false;0;0;1;0;1;0;1678;20;8;15.4461999773048;0.0539255142211914;0
optimal;0.0734567642211914;1;36mb;8;SHUFFLE;false;0;0;1;0;1;0;1678;20;8;16.3890999974683;0.0539255142211914;0
optimal;0.0734567642211914;1;36mb;8;SHUFFLE;false;0;0;1;0;1;0;1678;20;8;107.175499957521;0.0539255142211914;0
optimal;0.0734567642211914;1;36mb;8;SHUFFLE;false;0;0;1;0;1;0;1678;20;8;14.7854999522679;0.0539255142211914;0
optimal;0.0734567642211914;1;36mb;8;SHUFFLE;false;0;0;1;0;1;0;1678;20;8;14.410300005693;0.0539255142211914;0
optimal;0.0734567642211914;1;36mb;8;SHUFFLE;false;0;0;1;0;1;0;1678;20;8;14.3585999612696;0.0539255142211914;0
optimal;0.0734567642211914;1;36mb;8;SHUFFLE;false;0;0;1;0;1;0;1678;20;8;17.8718999959528;0.0539255142211914;0
optimal;0.0734567642211914;1;36mb;8;SHUFFLE;false;0;0;1;0;1;0;1678;20;8;52.224799990654;0.0539255142211914;0
optimal;0.0734567642211914;1;36mb;8;SHUFFLE;false;0;0;1;0;1;0;1678;20;8;14.7324000135995;0.0539255142211914;0
optimal;0.0656442642211914;1;36mb;8;SHUFFLE;false;0;0;1;0;1;0;1678;20;8;21.2888999958523;0.0461130142211914;0
optimal;0.0734567642211914;1;36mb;8;SHUFFLE;false;0;0;1;0;1;0;1678;20;8;15.686700004153;0.0539255142211914;0
optimal;0.0656442642211914;1;36mb;8;SHUFFLE;false;0;0;1;0;1;0;1678;20;8;19.8272000416182;0.0461130142211914;0
optimal;0.0734567642211914;1;36mb;8;SHUFFLE;false;0;0;1;0;1;0;1678;20;8;25.012300000526;0.0539255142211914;0
optimal;0.0734567642211914;1;36mb;8;SHUFFLE;false;0;0;1;0;1;0;1678;20;8;14.8458000039682;0.0539255142211914;0
optimal;0.0734567642211914;1;36mb;8;SHUFFLE;false;0;0;1;0;1;0;1678;20;8;16.3363000028767;0.0539255142211914;0
optimal;0.0517578125;1;36mb;8;SHUFFLE;false;0;0;1;0;1;0;1670;20;8;15.4290999635123;0.0322265625;0
optimal;0.0517578125;1;36mb;8;SHUFFLE;false;0;0;1;0;1;0;1670;20;8;23.9817000110634;0.0322265625;0
optimal;0.0517578125;1;36mb;8;SHUFFLE;false;0;0;1;0;1;0;1670;20;8;15.7542999950238;0.0322265625;0
optimal;4.28999996185303;1;37mb;8;SHUFFLE;false;3;0;2;0;2;0;64392;7200;36;31.8936000112444;4.14999961853027;0
optimal;7.27999973297119;1;41mb;8;SHUFFLE;false;3;3;2;2;2;0;64400;7200;24;46.7208999907598;8.14999961853027;0
optimal;7.27999973297119;1;41mb;8;SHUFFLE;false;3;3;2;2;2;0;64400;7200;24;35.0751000223681;8.14999961853027;0
optimal;3.22999954223633;1;36mb;8;SHUFFLE;false;3;3;2;0;2;0;64328;7200;24;74.5712000061758;4.08999919891357;0
optimal;2.22999954223633;1;34mb;8;SHUFFLE;false;3;3;2;0;2;0;64328;7200;24;54.4946000445634;2.08999919891357;0
optimal;2.31999969482422;1;35mb;8;SHUFFLE;false;3;0;2;0;2;0;64344;7200;24;16.9644000125118;2.1299991607666;0
optimal;6.22999954223633;1;40mb;8;SHUFFLE;false;3;0;2;2;2;0;64392;7220;24;21.2337999837473;6.23999977111816;0
optimal;6.19999980926514;1;40mb;8;SHUFFLE;false;3;3;2;2;2;0;64376;7200;20;26.7520999768749;6.07999992370605;0
optimal;8.21999931335449;1;42mb;8;SHUFFLE;false;3;0;2;2;2;0;64388;7200;20;44.675599958282;8.13999938964844;0
optimal;3.19999980926514;1;36mb;8;SHUFFLE;false;3;3;2;0;2;0;64316;7200;20;18.3627000078559;4.08999919891357;0
optimal;2.19999980926514;1;42mb;8;SHUFFLE;false;0;0;1;1;1;0;1686;20;16;14.7194000310265;2.17999935150146;0
optimal;2.19999980926514;1;42mb;8;SHUFFLE;false;0;0;1;1;1;0;1686;20;16;15.8727000234649;2.17999935150146;0
optimal;2.19999980926514;1;42mb;8;SHUFFLE;false;0;0;1;1;1;0;1686;20;16;15.317200042773;2.17999935150146;0
optimal;2.19999980926514;1;42mb;8;SHUFFLE;false;0;0;1;1;1;0;1686;20;16;74.2271000053734;2.17999935150146;0
optimal;2.19999980926514;1;42mb;8;SHUFFLE;false;0;0;1;1;1;0;1686;20;16;15.482900023926;2.17999935150146;0
optimal;2.19999980926514;1;42mb;8;SHUFFLE;false;0;0;1;1;1;0;1686;20;16;16.4361000061035;2.17999935150146;0
optimal;2.19999980926514;1;42mb;8;SHUFFLE;false;0;0;1;1;1;0;1686;20;16;16.4682000176981;2.17999935150146;0
optimal;2.19999980926514;1;42mb;8;SHUFFLE;false;0;0;1;1;1;0;1686;20;16;15.2613000245765;2.17999935150146;0
optimal;2.19999980926514;1;42mb;8;SHUFFLE;false;0;0;1;1;1;0;1686;20;16;17.6245999755338;2.17999935150146;0
optimal;2.19999980926514;1;42mb;8;SHUFFLE;false;0;0;1;1;1;0;1686;20;16;18.242200021632;2.17999935150146;0
optimal;2.19999980926514;1;42mb;8;SHUFFLE;false;0;0;1;1;1;0;1686;20;16;21.4826000155881;2.17999935150146;0
optimal;2.19999980926514;1;42mb;8;SHUFFLE;false;0;0;1;1;1;0;1686;20;16;19.3425000179559;2.17999935150146;0
optimal;2.19999980926514;1;42mb;8;SHUFFLE;false;0;0;1;1;1;0;1686;20;16;16.5057000122033;2.17999935150146;0
optimal;2.19999980926514;1;42mb;8;SHUFFLE;false;0;0;1;1;1;0;1686;20;16;16.4456000202335;2.17999935150146;0
optimal;2.19999980926514;1;42mb;8;SHUFFLE;false;0;0;1;1;1;0;1686;20;16;20.831800007727;2.17999935150146;0
optimal;2.19999980926514;1;42mb;8;SHUFFLE;false;0;0;1;1;1;0;1686;20;16;22.0675999880768;2.17999935150146;0
optimal;2.19999980926514;1;42mb;8;SHUFFLE;false;0;0;1;1;1;0;1686;20;16;15.0925999623723;2.17999935150146;0
optimal;2.19999980926514;1;42mb;8;SHUFFLE;false;0;0;1;1;1;0;1686;20;16;16.97240001522;2.17999935150146;0
optimal;2.19999980926514;1;42mb;8;SHUFFLE;false;0;0;1;1;1;0;1686;20;16;17.9323999909684;2.17999935150146;0
optimal;2.19999980926514;1;42mb;8;SHUFFLE;false;0;0;1;1;1;0;1686;20;16;18.0818999651819;2.17999935150146;0
optimal;2.19999980926514;1;42mb;8;SHUFFLE;false;0;0;1;1;1;0;1686;20;16;19.1417000023648;2.17999935150146;0
optimal;2.19999980926514;1;42mb;8;SHUFFLE;false;0;0;1;1;1;0;1686;20;16;17.9350000107661;2.17999935150146;0
optimal;2.1899995803833;1;42mb;8;SHUFFLE;false;0;0;1;1;1;0;1686;20;16;23.8146000192501;2.17999935150146;0
optimal;2.19999980926514;1;42mb;8;SHUFFLE;false;0;0;1;1;1;0;1686;20;16;15.2849999722093;2.17999935150146;0
optimal;2.19999980926514;1;42mb;8;SHUFFLE;false;0;0;1;1;1;0;1686;20;16;22.0260000205599;2.17999935150146;0
optimal;2.19999980926514;1;42mb;8;SHUFFLE;false;0;0;1;1;1;0;1686;20;16;19.8743000510149;2.17999935150146;0
optimal;2.19999980926514;1;42mb;8;SHUFFLE;false;0;0;1;1;1;0;1686;20;16;15.0030000368133;2.17999935150146;0
optimal;2.19999980926514;1;42mb;8;SHUFFLE;false;0;0;1;1;1;0;1686;20;16;63.4820999694057;2.17999935150146;0
optimal;2.19999980926514;1;42mb;8;SHUFFLE;false;0;0;1;1;1;0;1686;20;16;20.5982000334188;2.17999935150146;0
optimal;2.19999980926514;1;42mb;8;SHUFFLE;false;0;0;1;1;1;0;1686;20;16;21.1217000032775;2.17999935150146;0
optimal;2.19999980926514;1;42mb;8;SHUFFLE;false;0;0;1;1;1;0;1686;20;16;15.3613000293262;2.17999935150146;0
optimal;2.19999980926514;1;42mb;8;SHUFFLE;false;0;0;1;1;1;0;1686;20;16;15.6135000288486;2.17999935150146;0
optimal;2.19999980926514;1;42mb;8;SHUFFLE;false;0;0;1;1;1;0;1686;20;16;15.3840000275522;2.17999935150146;0
optimal;2.19999980926514;1;42mb;8;SHUFFLE;false;0;0;1;1;1;0;1686;20;16;14.9762000073679;2.17999935150146;0
optimal;0.0734567642211914;1;36mb;8;SHUFFLE;false;0;0;1;0;1;0;1678;20;8;18.1702999980189;0.0539255142211914;0
optimal;0.0656442642211914;1;36mb;8;SHUFFLE;false;0;0;1;0;1;0;1678;20;8;16.6310000349768;0.0461130142211914;0
optimal;0.0734567642211914;1;36mb;8;SHUFFLE;false;0;0;1;0;1;0;1678;20;8;19.4240999990143;0.0539255142211914;0
optimal;0.0734567642211914;1;36mb;8;SHUFFLE;false;0;0;1;0;1;0;1678;20;8;24.062899989076;0.0539255142211914;0
optimal;0.0734567642211914;1;36mb;8;SHUFFLE;false;0;0;1;0;1;0;1678;20;8;35.4435999761336;0.0539255142211914;0
optimal;0.0734567642211914;1;36mb;8;SHUFFLE;false;0;0;1;0;1;0;1678;20;8;15.8768999972381;0.0539255142211914;0
optimal;0.0734567642211914;1;36mb;8;SHUFFLE;false;0;0;1;0;1;0;1678;20;8;15.9755000495352;0.0539255142211914;0
optimal;0.0734567642211914;1;36mb;8;SHUFFLE;false;0;0;1;0;1;0;1678;20;8;14.8150000022724;0.0539255142211914;0
optimal;0.0734567642211914;1;36mb;8;SHUFFLE;false;0;0;1;0;1;0;1678;20;8;19.57720000064;0.0539255142211914;0
optimal;0.0734567642211914;1;36mb;8;SHUFFLE;false;0;0;1;0;1;0;1678;20;8;29.1334000066854;0.0539255142211914;0
optimal;0.0734567642211914;1;36mb;8;SHUFFLE;false;0;0;1;0;1;0;1678;20;8;15.9066999913193;0.0539255142211914;0
optimal;0.0734567642211914;1;36mb;8;SHUFFLE;false;0;0;1;0;1;0;1678;20;8;15.2232000255026;0.0539255142211914;0
optimal;0.0734567642211914;1;36mb;8;SHUFFLE;false;0;0;1;0;1;0;1678;20;8;14.7741999826394;0.0539255142211914;0
optimal;0.0734567642211914;1;36mb;8;SHUFFLE;false;0;0;1;0;1;0;1678;20;8;15.1401000330225;0.0539255142211914;0
optimal;0.0734567642211914;1;36mb;8;SHUFFLE;false;0;0;1;0;1;0;1678;20;8;15.6404000008479;0.0539255142211914;0
optimal;0.0734567642211914;1;36mb;8;SHUFFLE;false;0;0;1;0;1;0;1678;20;8;16.7801999486983;0.0539255142211914;0
optimal;0.0734567642211914;1;36mb;8;SHUFFLE;false;0;0;1;0;1;0;1678;20;8;19.4299999857321;0.0539255142211914;0
optimal;0.0734567642211914;1;36mb;8;SHUFFLE;false;0;0;1;0;1;0;1678;20;8;19.7263000300154;0.0539255142211914;0
optimal;0.0734567642211914;1;36mb;8;SHUFFLE;false;0;0;1;0;1;0;1678;20;8;22.4246999714524;0.0539255142211914;0
optimal;0.0734567642211914;1;36mb;8;SHUFFLE;false;0;0;1;0;1;0;1678;20;8;20.2245999826118;0.0539255142211914;0
optimal;0.0656442642211914;1;36mb;8;SHUFFLE;false;0;0;1;0;1;0;1678;20;8;14.7946000215597;0.0539255142211914;0
optimal;0.0734567642211914;1;36mb;8;SHUFFLE;false;0;0;1;0;1;0;1678;20;8;15.6811000197195;0.0539255142211914;0
optimal;0.0656442642211914;1;36mb;8;SHUFFLE;false;0;0;1;0;1;0;1678;20;8;30.6907999911346;0.0461130142211914;0
optimal;0.0734567642211914;1;36mb;8;SHUFFLE;false;0;0;1;0;1;0;1678;20;8;16.0929000121541;0.0539255142211914;0
optimal;0.0734567642211914;1;36mb;8;SHUFFLE;false;0;0;1;0;1;0;1678;20;8;15.80880000256;0.0539255142211914;0
optimal;0.0734567642211914;1;36mb;8;SHUFFLE;false;0;0;1;0;1;0;1678;20;8;18.3801000239328;0.0539255142211914;0
optimal;0.0517578125;1;36mb;8;SHUFFLE;false;0;0;1;0;1;0;1670;20;8;19.6114999707788;0.0322265625;0
optimal;6.34999942779541;1;40mb;8;SHUFFLE;false;3;0;2;2;2;0;64524;7220;44;45.0404000002891;6.35999965667725;0
optimal;6.31999969482422;1;40mb;8;SHUFFLE;false;3;0;2;2;2;0;64524;7220;44;28.8598000188358;6.35999965667725;0
optimal;7.27999973297119;1;41mb;8;SHUFFLE;false;3;3;2;2;2;0;64496;7200;44;32.3661000002176;8.10999965667725;0
optimal;8.33999919891357;1;42mb;8;SHUFFLE;false;3;0;2;2;2;0;64524;7200;44;35.7094999635592;8.28999996185303;0
optimal;4.28999996185303;1;37mb;8;SHUFFLE;false;3;0;2;0;2;0;64424;7200;44;32.6499000075273;4.1299991607666;0
optimal;6.34999942779541;1;40mb;8;SHUFFLE;false;3;0;2;2;2;0;64440;7220;32;16.2137000006624;6.36999988555908;0
optimal;8.30999946594238;1;42mb;8;SHUFFLE;false;3;0;2;2;2;0;64440;7200;32;35.3016000008211;8.32999992370605;0
optimal;6.34999942779541;1;40mb;8;SHUFFLE;false;3;0;2;2;2;0;64440;7220;32;17.5026999786496;6.35999965667725;0
optimal;2.30999946594238;1;35mb;8;SHUFFLE;false;3;0;2;0;2;0;64376;7200;32;17.2250000177883;2.36999988555908;0
optimal;7.16999912261963;1;41mb;8;SHUFFLE;false;3;3;2;2;2;0;64408;7200;24;27.8496000100859;8.08999919891357;0
optimal;6.16999912261963;1;40mb;8;SHUFFLE;false;3;3;2;2;2;0;64408;7200;24;33.2056999905035;6.06999969482422;0
optimal;7.16999912261963;1;41mb;8;SHUFFLE;false;3;3;2;2;2;0;64408;7200;24;26.8678999855183;8.08999919891357;0
optimal;8.20999908447266;1;42mb;8;SHUFFLE;false;3;0;2;2;2;0;64416;7200;24;32.4537999695167;8.1899995803833;0
optimal;3.14999961853027;1;36mb;8;SHUFFLE;false;3;3;2;0;2;0;64336;7200;24;28.5726999863982;4.09999942779541;0
optimal;2.25999927520752;1;34mb;8;SHUFFLE;false;3;0;2;0;2;0;64360;7200;28;21.0532000055537;2.1299991607666;0
optimal;4.21999931335449;1;37mb;8;SHUFFLE;false;3;0;2;0;2;0;64360;7200;28;26.828900037799;4.10999965667725;0
optimal;4.21999931335449;1;37mb;8;SHUFFLE;false;3;0;2;0;2;0;64360;7200;28;35.428800038062;4.10999965667725;0
optimal;2.1899995803833;1;42mb;8;SHUFFLE;false;0;0;1;1;1;0;1678;20;12;18.3718000189401;2.16999912261963;0
optimal;2.1899995803833;1;42mb;8;SHUFFLE;false;0;0;1;1;1;0;1678;20;12;14.7814999800175;2.16999912261963;0
optimal;2.1899995803833;1;42mb;8;SHUFFLE;false;0;0;1;1;1;0;1678;20;12;28.045299986843;2.16999912261963;0
optimal;2.1899995803833;1;42mb;8;SHUFFLE;false;0;0;1;1;1;0;1678;20;12;42.3890000092797;2.16999912261963;0
optimal;2.1899995803833;1;42mb;8;SHUFFLE;false;0;0;1;1;1;0;1678;20;12;15.3592999558896;2.16999912261963;0
optimal;2.1899995803833;1;42mb;8;SHUFFLE;false;0;0;1;1;1;0;1678;20;12;15.7078999909572;2.16999912261963;0
optimal;2.1899995803833;1;42mb;8;SHUFFLE;false;0;0;1;1;1;0;1678;20;12;20.0573999900371;2.16999912261963;0
optimal;2.1899995803833;1;42mb;8;SHUFFLE;false;0;0;1;1;1;0;1678;20;12;16.8902999721467;2.16999912261963;0
optimal;2.1899995803833;1;42mb;8;SHUFFLE;false;0;0;1;1;1;0;1678;20;12;15.4522000229917;2.16999912261963;0
optimal;2.1899995803833;1;42mb;8;SHUFFLE;false;0;0;1;1;1;0;1678;20;12;18.7104000360705;2.16999912261963;0
optimal;2.1899995803833;1;42mb;8;SHUFFLE;false;0;0;1;1;1;0;1678;20;12;15.2847999706864;2.16999912261963;0
optimal;2.1899995803833;1;42mb;8;SHUFFLE;false;0;0;1;1;1;0;1678;20;12;18.8025999814272;2.16999912261963;0
optimal;2.1899995803833;1;42mb;8;SHUFFLE;false;0;0;1;1;1;0;1678;20;12;15.160700015258;2.16999912261963;0
optimal;2.1899995803833;1;42mb;8;SHUFFLE;false;0;0;1;1;1;0;1678;20;12;14.3878000089899;2.16999912261963;0
optimal;2.1899995803833;1;42mb;8;SHUFFLE;false;0;0;1;1;1;0;1678;20;12;17.4817999941297;2.16999912261963;0
optimal;2.1899995803833;1;42mb;8;SHUFFLE;false;0;0;1;1;1;0;1678;20;12;16.1575999809429;2.16999912261963;0
optimal;2.1899995803833;1;42mb;8;SHUFFLE;false;0;0;1;1;1;0;1678;20;12;15.2271999977529;2.16999912261963;0
optimal;2.1899995803833;1;42mb;8;SHUFFLE;false;0;0;1;1;1;0;1678;20;12;15.5677000293508;2.16999912261963;0
optimal;2.1899995803833;1;42mb;8;SHUFFLE;false;0;0;1;1;1;0;1678;20;12;16.9170000008307;2.16999912261963;0
optimal;2.1899995803833;1;42mb;8;SHUFFLE;false;0;0;1;1;1;0;1678;20;12;19.4027000106871;2.16999912261963;0
optimal;2.1899995803833;1;42mb;8;SHUFFLE;false;0;0;1;1;1;0;1678;20;12;17.6363000064157;2.16999912261963;0
optimal;2.1899995803833;1;42mb;8;SHUFFLE;false;0;0;1;1;1;0;1678;20;12;17.9196000099182;2.16999912261963;0
optimal;2.1899995803833;1;42mb;8;SHUFFLE;false;0;0;1;1;1;0;1678;20;12;15.2625999762677;2.16999912261963;0
optimal;18.5699996948242;1;56mb;8;SHUFFLE;true;10;4;3;0;3;0;15667454;1920000;69;28.1349000288174;16.4199991226196;0
optimal;0.0728416442871094;1;36mb;8;SHUFFLE;false;0;0;1;0;1;0;1670;20;4;24.2235999903642;0.0533103942871094;0
optimal;0.0806541442871094;1;36mb;8;SHUFFLE;false;0;0;1;0;1;0;1670;20;4;14.9925999576226;0.0640525817871094;0
optimal;0.0806541442871094;1;36mb;8;SHUFFLE;false;0;0;1;0;1;0;1670;20;4;14.3053000210784;0.0640525817871094;0
optimal;0.0806541442871094;1;36mb;8;SHUFFLE;false;0;0;1;0;1;0;1670;20;4;14.7585999802686;0.0640525817871094;0
optimal;0.0806541442871094;1;36mb;8;SHUFFLE;false;0;0;1;0;1;0;1670;20;4;16.978100000415;0.0640525817871094;0
optimal;0.0806541442871094;1;36mb;8;SHUFFLE;false;0;0;1;0;1;0;1670;20;4;15.3518000151962;0.0640525817871094;0
optimal;0.0806541442871094;1;36mb;8;SHUFFLE;false;0;0;1;0;1;0;1670;20;4;16.8821000261232;0.0640525817871094;0
optimal;0.0806541442871094;1;36mb;8;SHUFFLE;false;0;0;1;0;1;0;1670;20;4;14.285999990534;0.0640525817871094;0
optimal;0.0728416442871094;1;36mb;8;SHUFFLE;false;0;0;1;0;1;0;1670;20;4;18.1658000219613;0.0533103942871094;0
optimal;0.0806541442871094;1;36mb;8;SHUFFLE;false;0;0;1;0;1;0;1670;20;4;14.7672999883071;0.0640525817871094;0
optimal;0.0806541442871094;1;36mb;8;SHUFFLE;false;0;0;1;0;1;0;1670;20;4;54.2197999893688;0.0565128326416016;0
optimal;0.0728416442871094;1;36mb;8;SHUFFLE;false;0;0;1;0;1;0;1670;20;4;17.2227000002749;0.0533103942871094;0
optimal;0.0806541442871094;1;36mb;8;SHUFFLE;false;0;0;1;0;1;0;1670;20;4;18.8929999712855;0.0640525817871094;0
optimal;0.0806541442871094;1;36mb;8;SHUFFLE;false;0;0;1;0;1;0;1670;20;4;18.3288999833167;0.0640525817871094;0
optimal;0.0728416442871094;1;36mb;8;SHUFFLE;false;0;0;1;0;1;0;1670;20;4;21.3827000115998;0.0533103942871094;0
optimal;0.0806541442871094;1;36mb;8;SHUFFLE;false;0;0;1;0;1;0;1670;20;4;15.3097999864258;0.0640525817871094;0
optimal;0.0806541442871094;1;36mb;8;SHUFFLE;false;0;0;1;0;1;0;1670;20;4;15.4007999808528;0.0640525817871094;0
optimal;0.0478515625;1;36mb;8;SHUFFLE;false;0;0;1;0;1;0;1666;20;4;15.081099991221;0.0283203125;0
optimal;0.0478515625;1;36mb;8;SHUFFLE;false;0;0;1;0;1;0;1666;20;4;19.6617000037804;0.0283203125;0
optimal;0.0478515625;1;36mb;8;SHUFFLE;false;0;0;1;0;1;0;1666;20;4;17.6694000256248;0.0283203125;0
optimal;0.0400390625;1;36mb;8;SHUFFLE;false;0;0;1;0;1;0;1666;20;4;14.8671999922954;0.0283203125;0
optimal;0.0478515625;1;36mb;8;SHUFFLE;false;0;0;1;0;1;0;1666;20;4;16.5321999811567;0.0283203125;0
optimal;0.0478515625;1;36mb;8;SHUFFLE;false;0;0;1;0;1;0;1666;20;4;15.6933999969624;0.0283203125;0
optimal;6.26999950408936;1;40mb;8;SHUFFLE;false;3;3;2;2;2;0;64468;7200;40;16.4070000173524;6.10999965667725;0
optimal;8.32999992370605;1;42mb;8;SHUFFLE;false;3;0;2;2;2;0;64496;7200;40;42.6332000060938;8.27999973297119;0
optimal;3.26999950408936;1;36mb;8;SHUFFLE;false;3;3;2;0;2;0;64380;7200;40;25.7043999736197;4.08999919891357;0
optimal;3.26999950408936;1;36mb;8;SHUFFLE;false;3;3;2;0;2;0;64380;7200;40;21.7844000435434;4.08999919891357;0
optimal;4.27999973297119;1;37mb;8;SHUFFLE;false;3;0;2;0;2;0;64360;7200;28;17.6684999605641;4.17999935150146;0
optimal;8.29999923706055;1;42mb;8;SHUFFLE;false;3;0;2;2;2;0;64412;7200;28;28.9543000399135;8.22999954223633;0
optimal;2.10999965667725;1;34mb;8;SHUFFLE;false;3;3;2;0;2;0;64344;7200;28;24.8118999879807;2.09999942779541;0
optimal;3.20999908447266;1;36mb;8;SHUFFLE;false;3;3;2;0;2;0;64344;7200;28;15.7520999782719;4.09999942779541;0
optimal;4.25999927520752;1;37mb;8;SHUFFLE;false;3;0;2;0;2;0;64360;7200;28;31.1748999520205;4.1299991607666;0
optimal;6.16999912261963;1;40mb;8;SHUFFLE;false;3;3;2;2;2;0;64380;7200;20;115.150699974038;6.07999992370605;0
optimal;2.19999980926514;1;34mb;8;SHUFFLE;false;3;3;2;0;2;0;64332;7200;24;18.7719999812543;2.09999942779541;0
optimal;3.19999980926514;1;36mb;8;SHUFFLE;false;3;3;2;0;2;0;64332;7200;24;22.6529999636114;4.09999942779541;0
optimal;130.319999694824;1;201mb;8;SHUFFLE;true;5;4;2;0;2;0;1651444412;133110000;32;361.863699974492;118.539999961853;0
network_congestion;8.98999977111816;4;43mb;8;SHUFFLE;false;0;0;1;2;1;0;526028708;49330000;16;1114.34309999458;8.98999977111816;0
network_congestion;8.98999977111816;2;43mb;8;SHUFFLE;false;0;0;1;2;1;0;526028708;49330000;16;1329.30400001351;8.98999977111816;0
network_congestion;8.98999977111816;2;43mb;8;SHUFFLE;false;0;0;1;2;1;0;526028708;49330000;16;1114.08820003271;8.98999977111816;0
network_congestion;8.98999977111816;2;43mb;8;SHUFFLE;false;0;0;1;2;1;0;526028708;49330000;16;1127.04280001344;8.98999977111816;0
network_congestion;8.98999977111816;2;43mb;8;SHUFFLE;false;0;0;1;2;1;0;526028708;49330000;16;1124.97210002039;8.98999977111816;0
network_congestion;8.98999977111816;2;43mb;8;SHUFFLE;false;0;0;1;2;1;0;526028708;49330000;16;1222.4816000089;8.98999977111816;0
network_congestion;8.98999977111816;2;43mb;8;SHUFFLE;false;0;0;1;2;1;0;526028708;49330000;16;1117.1839000308;8.98999977111816;0
network_congestion;8.98999977111816;2;43mb;8;SHUFFLE;false;0;0;1;2;1;0;526028708;49330000;16;1120.52830000175;8.98999977111816;0
network_congestion;8.98999977111816;2;43mb;8;SHUFFLE;false;0;0;1;2;1;0;526028708;49330000;16;1114.87560003297;8.98999977111816;0
network_congestion;8.98999977111816;2;43mb;8;SHUFFLE;false;0;0;1;2;1;0;526028708;49330000;16;1016.4669000078;8.98999977111816;0
network_congestion;8.98999977111816;2;43mb;8;SHUFFLE;false;0;0;1;2;1;0;526028708;49330000;16;1214.96120002121;8.98999977111816;0
network_congestion;8.98999977111816;2;43mb;8;SHUFFLE;false;0;0;1;2;1;0;526028708;49330000;16;1011.97630004026;8.98999977111816;0
network_congestion;12.9099998474121;2;48mb;8;SHUFFLE;false;0;0;1;2;1;0;1420443064;133110000;16;1618.6144000385;17.0299997329712;0
network_congestion;8.98999977111816;2;43mb;8;SHUFFLE;false;0;0;1;2;1;0;526028708;49330000;16;1114.24429999897;8.98999977111816;0
network_congestion;8.98999977111816;2;43mb;8;SHUFFLE;false;0;0;1;2;1;0;526028708;49330000;16;1121.50649999967;8.98999977111816;0
network_congestion;8.98999977111816;2;43mb;8;SHUFFLE;false;0;0;1;2;1;0;526028708;49330000;16;1139.6483000135;8.98999977111816;0
network_congestion;8.98999977111816;2;43mb;8;SHUFFLE;false;0;0;1;2;1;0;526028708;49330000;16;1111.58750002505;8.98999977111816;0
network_congestion;8.98999977111816;2;43mb;8;SHUFFLE;false;0;0;1;2;1;0;526028708;49330000;16;1220.68519995082;8.98999977111816;0
network_congestion;8.98999977111816;2;43mb;8;SHUFFLE;false;0;0;1;2;1;0;526028708;49330000;16;1116.48929998046;8.98999977111816;0
network_congestion;8.98999977111816;2;43mb;8;SHUFFLE;false;0;0;1;2;1;0;526028708;49330000;16;1113.95969998557;8.98999977111816;0
network_congestion;12.9099998474121;4;48mb;8;SHUFFLE;false;0;0;1;2;1;0;1420443064;133110000;16;1722.43219998199;17.039999961853;0
network_congestion;8.98999977111816;2;43mb;8;SHUFFLE;false;0;0;1;2;1;0;526028708;49330000;16;1117.25519999163;8.98999977111816;0
network_congestion;8.98999977111816;2;43mb;8;SHUFFLE;false;0;0;1;2;1;0;526028708;49330000;16;1119.8629999999;8.98999977111816;0
network_congestion;8.98999977111816;2;43mb;8;SHUFFLE;false;0;0;1;2;1;0;526028708;49330000;16;1158.62339996966;8.98999977111816;0
network_congestion;8.98999977111816;2;43mb;8;SHUFFLE;false;0;0;1;2;1;0;526028708;49330000;16;1131.54749997193;8.98999977111816;0
network_congestion;8.98999977111816;2;43mb;8;SHUFFLE;false;0;0;1;2;1;0;526028708;49330000;16;1120.1061999891;8.98999977111816;0
network_congestion;8.98999977111816;2;43mb;8;SHUFFLE;false;0;0;1;2;1;0;526028708;49330000;16;1134.72969998838;8.98999977111816;0
network_congestion;8.98999977111816;2;43mb;8;SHUFFLE;false;0;0;1;2;1;0;526028708;49330000;16;1118.39070002316;8.98999977111816;0
network_congestion;8.98999977111816;2;43mb;8;SHUFFLE;false;0;0;1;2;1;0;526028708;49330000;16;1118.04149998352;8.98999977111816;0
optimal;4.17999935150146;1;37mb;8;SHUFFLE;false;0;0;1;0;1;0;526028652;132;8;16.0076000029221;4.17999935150146;0
optimal;4.17999935150146;1;37mb;8;SHUFFLE;false;0;0;1;0;1;0;526028652;133;8;19.0306000295095;4.17999935150146;0
optimal;4.17999935150146;1;37mb;8;SHUFFLE;false;0;0;1;0;1;0;526028652;141;8;15.2317999745719;4.17999935150146;0
optimal;4.17999935150146;1;37mb;8;SHUFFLE;false;0;0;1;0;1;0;526028652;144;8;16.9592999736778;4.17999935150146;0
optimal;4.17999935150146;1;37mb;8;SHUFFLE;false;0;0;1;0;1;0;526028652;152;8;16.2697999621741;4.17999935150146;0
optimal;4.17999935150146;1;37mb;8;SHUFFLE;false;0;0;1;0;1;0;526028652;164;8;16.1267000366934;4.17999935150146;0
optimal;4.17999935150146;1;37mb;8;SHUFFLE;false;0;0;1;0;1;0;526028652;165;8;14.7837999975309;4.17999935150146;0
optimal;4.17999935150146;1;37mb;8;SHUFFLE;false;0;0;1;0;1;0;526028652;199;8;17.8654000046663;4.17999935150146;0
optimal;4.17999935150146;1;37mb;8;SHUFFLE;false;0;0;1;0;1;0;526028652;203;8;15.6889000209048;4.17999935150146;0
optimal;4.17999935150146;1;37mb;8;SHUFFLE;false;0;0;1;0;1;0;526028652;220;8;15.8626000047661;4.17999935150146;0
optimal;4.17999935150146;1;37mb;8;SHUFFLE;false;0;0;1;0;1;0;526028652;248;8;40.3143999865279;4.17999935150146;0
optimal;4.17999935150146;1;37mb;8;SHUFFLE;false;0;0;1;0;1;0;526028652;258;8;18.2254000101238;4.17999935150146;0
optimal;4.17999935150146;1;37mb;8;SHUFFLE;false;0;0;1;0;1;0;526028652;273;8;15.9021000145003;4.17999935150146;0
optimal;8.90999984741211;1;43mb;8;SHUFFLE;false;0;0;1;0;1;0;1420443008;279;8;18.2884000241756;4.46999931335449;0
optimal;4.17999935150146;1;37mb;8;SHUFFLE;false;0;0;1;0;1;0;526028652;310;8;33.6942000431009;4.17999935150146;0
optimal;4.17999935150146;1;37mb;8;SHUFFLE;false;0;0;1;0;1;0;526028652;323;8;18.2815999723971;4.17999935150146;0
optimal;4.17999935150146;1;37mb;8;SHUFFLE;false;0;0;1;0;1;0;526028652;326;8;17.4652000423521;4.17999935150146;0
optimal;4.17999935150146;1;37mb;8;SHUFFLE;false;0;0;1;0;1;0;526028652;334;8;18.8292000093497;4.17999935150146;0
optimal;4.17999935150146;1;37mb;8;SHUFFLE;false;0;0;1;0;1;0;526028652;364;8;16.3090000278316;4.17999935150146;0
optimal;4.20999908447266;1;37mb;8;SHUFFLE;false;0;0;1;0;1;0;526028652;382;8;17.0537999947555;4.17999935150146;0
optimal;8.90999984741211;1;43mb;8;SHUFFLE;false;0;0;1;0;1;0;1420443008;405;8;31.4010999863967;4.46999931335449;0
optimal;8.90999984741211;1;43mb;8;SHUFFLE;false;0;0;1;0;1;0;1420443008;407;8;28.3243000158109;4.46999931335449;0
optimal;4.17999935150146;1;37mb;8;SHUFFLE;false;0;0;1;0;1;0;526028652;426;8;17.5402000313625;4.17999935150146;0
optimal;4.17999935150146;1;37mb;8;SHUFFLE;false;0;0;1;0;1;0;526028652;440;8;14.9818999925628;4.17999935150146;0
optimal;4.17999935150146;1;37mb;8;SHUFFLE;false;0;0;1;0;1;0;526028652;451;8;20.4307999811135;4.17999935150146;0
optimal;4.17999935150146;1;37mb;8;SHUFFLE;false;0;0;1;0;1;0;526028652;452;8;15.7333000097424;4.17999935150146;0
optimal;4.17999935150146;1;37mb;8;SHUFFLE;false;0;0;1;0;1;0;526028652;462;8;19.7379000019282;4.17999935150146;0
optimal;4.17999935150146;1;37mb;8;SHUFFLE;false;0;0;1;0;1;0;526028652;468;8;15.204299998004;4.17999935150146;0
optimal;4.17999935150146;1;37mb;8;SHUFFLE;false;0;0;1;0;1;0;526028652;492;8;18.2267999625765;4.17999935150146;0
optimal;4.16999912261963;1;37mb;8;SHUFFLE;false;0;0;1;0;1;0;526028644;67;8;20.2806000015698;4.16999912261963;0
optimal;4.16999912261963;1;37mb;8;SHUFFLE;false;0;0;1;0;1;0;526028644;85;8;14.6572000230663;4.16999912261963;0
network_congestion;280.039999961853;2;396mb;8;SHUFFLE;false;5;4;2;0;2;0;1781258100;133110000;28;816.703099990264;280.069999694824;0
network_congestion;17.5699996948242;4;54mb;8;SHUFFLE;false;5;4;2;2;2;0;526034712;49330000;38;2122.79039999703;24.5999994277954;0
optimal;69.0599994659424;1;121mb;8;SHUFFLE;true;5;0;2;0;2;0;1535849390;133110000;28;163.514200015925;51.8899993896484;0
network_congestion;1044.47999954224;4;1389mb;8;SHUFFLE;false;5;4;2;0;2;0;1420443100;133110000;28;1946.47330004955;1044.47999954224;0
network_congestion;10.7199993133545;2;45mb;8;SHUFFLE;false;0;0;1;2;1;0;526028708;49330000;16;1816.84750004206;10.0299997329712;0
network_congestion;10.7199993133545;2;45mb;8;SHUFFLE;false;0;0;1;2;1;0;526028708;49330000;16;1817.49809999019;10.0299997329712;0
network_congestion;10.7199993133545;2;45mb;8;SHUFFLE;false;0;0;1;2;1;0;526028708;49330000;16;1816.40640000114;10.0299997329712;0
network_congestion;10.7199993133545;2;45mb;8;SHUFFLE;false;0;0;1;2;1;0;526028708;49330000;16;1819.28650004556;10.0299997329712;0
network_congestion;10.7199993133545;2;45mb;8;SHUFFLE;false;0;0;1;2;1;0;526028708;49330000;16;1717.82840002561;10.0299997329712;0
network_congestion;10.7199993133545;2;45mb;8;SHUFFLE;false;0;0;1;2;1;0;526028708;49330000;16;1817.3369000433;10.0299997329712;0
network_congestion;10.7199993133545;4;45mb;8;SHUFFLE;false;0;0;1;2;1;0;526028708;49330000;16;1922.86010005046;10.0299997329712;0
network_congestion;10.7199993133545;2;45mb;8;SHUFFLE;false;0;0;1;2;1;0;526028708;49330000;16;1716.43040003255;10.0299997329712;0
network_congestion;10.7199993133545;2;45mb;8;SHUFFLE;false;0;0;1;2;1;0;526028708;49330000;16;1817.54419999197;10.0299997329712;0
network_congestion;10.7199993133545;4;45mb;8;SHUFFLE;false;0;0;1;2;1;0;526028708;49330000;16;1825.89929999085;10.0299997329712;0
network_congestion;10.7199993133545;4;45mb;8;SHUFFLE;false;0;0;1;2;1;0;526028708;49330000;16;2021.43409999553;10.0299997329712;0
network_congestion;10.7199993133545;2;45mb;8;SHUFFLE;false;0;0;1;2;1;0;526028708;49330000;16;1819.03110002168;10.0299997329712;0
network_congestion;10.7199993133545;4;45mb;8;SHUFFLE;false;0;0;1;2;1;0;526028708;49330000;16;1936.49320001714;10.0299997329712;0
network_congestion;10.7199993133545;2;45mb;8;SHUFFLE;false;0;0;1;2;1;0;526028708;49330000;16;1817.15920002898;10.0299997329712;0
network_congestion;10.7199993133545;2;45mb;8;SHUFFLE;false;0;0;1;2;1;0;526028708;49330000;16;1818.03439999931;10.0299997329712;0
network_congestion;10.7199993133545;2;45mb;8;SHUFFLE;false;0;0;1;2;1;0;526028708;49330000;16;1920.54289998487;10.0299997329712;0
network_congestion;10.7199993133545;2;45mb;8;SHUFFLE;false;0;0;1;2;1;0;526028708;49330000;16;1818.18529998418;10.0299997329712;0
network_congestion;10.7199993133545;4;45mb;8;SHUFFLE;false;0;0;1;2;1;0;526028708;49330000;16;1821.06220000423;10.0299997329712;0
network_congestion;10.7199993133545;4;45mb;8;SHUFFLE;false;0;0;1;2;1;0;526028708;49330000;16;1923.01790002966;10.0299997329712;0
network_congestion;10.7199993133545;4;45mb;8;SHUFFLE;false;0;0;1;2;1;0;526028708;49330000;16;1819.93439997314;10.0299997329712;0
optimal;5.02999973297119;1;38mb;8;SHUFFLE;false;0;0;1;0;1;0;526028652;102;8;22.8952000034042;4.96999931335449;0
optimal;5.02999973297119;1;38mb;8;SHUFFLE;false;0;0;1;0;1;0;526028652;170;8;34.1450999840163;4.96999931335449;0
optimal;5.03999996185303;1;38mb;8;SHUFFLE;false;0;0;1;0;1;0;526028652;176;8;20.0864000362344;4.96999931335449;0
optimal;10.0099992752075;1;45mb;8;SHUFFLE;false;0;0;1;0;1;0;1420443008;193;8;30.3988999803551;4.97999954223633;0
optimal;5.02999973297119;1;38mb;8;SHUFFLE;false;0;0;1;0;1;0;526028652;228;8;20.4770000418648;4.96999931335449;0
optimal;5.14999961853027;1;38mb;8;SHUFFLE;false;0;0;1;0;1;0;526028652;231;8;14.5548000000417;4.96999931335449;0
optimal;5.02999973297119;1;38mb;8;SHUFFLE;false;0;0;1;0;1;0;526028652;273;8;16.0346999764442;4.96999931335449;0
optimal;5.02999973297119;1;38mb;8;SHUFFLE;false;0;0;1;0;1;0;526028652;283;8;14.7005000035278;4.96999931335449;0
optimal;5.03999996185303;1;38mb;8;SHUFFLE;false;0;0;1;0;1;0;526028652;331;8;28.7469999748282;4.96999931335449;0
optimal;5.1299991607666;1;38mb;8;SHUFFLE;false;0;0;1;0;1;0;526028652;340;8;24.7953000362031;4.96999931335449;0
optimal;5.06999969482422;1;38mb;8;SHUFFLE;false;0;0;1;0;1;0;526028652;356;8;19.2216000286862;4.96999931335449;0
optimal;5.02999973297119;1;38mb;8;SHUFFLE;false;0;0;1;0;1;0;526028652;365;8;14.6185000194237;4.96999931335449;0
optimal;5.04999923706055;1;38mb;8;SHUFFLE;false;0;0;1;0;1;0;526028652;374;8;18.6884999857284;4.96999931335449;0
optimal;5.02999973297119;1;38mb;8;SHUFFLE;false;0;0;1;0;1;0;526028652;403;8;15.5374000314623;4.96999931335449;0
optimal;5.07999992370605;1;38mb;8;SHUFFLE;false;0;0;1;0;1;0;526028652;427;8;20.2716999920085;4.96999931335449;0
optimal;5.05999946594238;1;38mb;8;SHUFFLE;false;0;0;1;0;1;0;526028652;439;8;53.1781999743544;4.96999931335449;0
optimal;10.0099992752075;1;45mb;8;SHUFFLE;false;0;0;1;0;1;0;1420443008;457;8;20.8658000337891;4.97999954223633;0
optimal;10.3799991607666;1;45mb;8;SHUFFLE;false;0;0;1;0;1;0;1420443008;464;8;27.7885000105016;4.97999954223633;0
optimal;10.25;1;45mb;8;SHUFFLE;false;0;0;1;0;1;0;1420443008;474;8;21.0751999984495;4.97999954223633;0
optimal;5.01999950408936;1;38mb;8;SHUFFLE;false;0;0;1;0;1;0;526028644;63;8;15.5188000062481;4.95999908447266;0
optimal;8.00999927520752;1;42mb;8;SHUFFLE;false;0;0;1;0;1;0;1420443000;64;8;19.0690999734215;4.95999908447266;0
optimal;5.01999950408936;1;38mb;8;SHUFFLE;false;0;0;1;0;1;0;526028644;75;8;19.2954000085592;4.95999908447266;0
optimal;5.01999950408936;1;38mb;8;SHUFFLE;false;0;0;1;0;1;0;526028644;87;8;19.7930000140332;4.95999908447266;0
optimal;18.2099990844727;1;55mb;8;SHUFFLE;true;5;4;2;0;2;0;1439988597;133110000;33;50.6874999846332;15.039999961853;0
network_congestion;160.469999313354;1;240mb;8;SHUFFLE;false;5;0;2;0;2;0;1781258104;133110000;24;512.792599969544;145.189999580383;0
network_congestion;1064.95999908447;4;1770mb;8;BROADCAST;false;5;0;2;0;2;0;1420443084;133110000;20;1517.78699998977;1019.68999958038;0
network_congestion;2201.5999994278;4;2894mb;8;SHUFFLE;false;5;4;2;0;2;0;1420443096;133110000;24;4545.73250003159;2211.83999919891;0
network_congestion;53.3299999237061;4;126mb;8;BROADCAST;false;5;0;2;2;2;0;1420449660;133110000;46;12562.0509999571;91.9799995422363;0
network_congestion;62.0899991989136;4;112mb;8;SHUFFLE;false;5;4;2;2;2;0;526034720;49330000;39;3732.32549999375;66.9099998474121;0
optimal;29.4599990844727;1;70mb;8;BROADCAST;true;5;0;2;0;2;0;1420449524;133110000;40;39.2355000367388;12.289999961853;0
optimal;12.5699996948242;1;48mb;8;SHUFFLE;true;5;4;2;0;2;0;526034645;49330000;41;26.5183000010438;12.9699993133545;0
optimal;22.1399993896484;1;60mb;8;SHUFFLE;true;5;0;2;0;2;0;526034576;49330000;24;16.5023000445217;11.0299997329712;0
optimal;28.0299997329712;1;68mb;8;SHUFFLE;true;5;0;2;0;2;0;526034616;49330000;32;28.6559999804012;11.3799991607666;0
network_congestion;8.98999977111816;2;43mb;8;SHUFFLE;false;0;0;1;2;1;0;526028688;49330000;12;1425.54819997167;8.98999977111816;0
network_congestion;8.98999977111816;2;43mb;8;SHUFFLE;false;0;0;1;2;1;0;526028688;49330000;12;1313.94010002259;8.98999977111816;0
network_congestion;8.98999977111816;2;43mb;8;SHUFFLE;false;0;0;1;2;1;0;526028688;49330000;12;1421.00830003619;8.98999977111816;0
network_congestion;8.98999977111816;2;43mb;8;SHUFFLE;false;0;0;1;2;1;0;526028688;49330000;12;1315.15340000624;8.98999977111816;0
network_congestion;8.98999977111816;2;43mb;8;SHUFFLE;false;0;0;1;2;1;0;526028688;49330000;12;1526.73320000758;8.98999977111816;0
network_congestion;8.98999977111816;2;43mb;8;SHUFFLE;false;0;0;1;2;1;0;526028688;49330000;12;1418.70940005174;8.98999977111816;0
network_congestion;8.98999977111816;2;43mb;8;SHUFFLE;false;0;0;1;2;1;0;526028688;49330000;12;1457.83059997484;8.98999977111816;0
network_congestion;8.98999977111816;2;43mb;8;SHUFFLE;false;0;0;1;2;1;0;526028688;49330000;12;1520.60240000719;8.98999977111816;0
network_congestion;8.98999977111816;2;43mb;8;SHUFFLE;false;0;0;1;2;1;0;526028688;49330000;12;1421.72759998357;8.98999977111816;0
network_congestion;8.98999977111816;2;43mb;8;SHUFFLE;false;0;0;1;2;1;0;526028688;49330000;12;1417.87270002533;8.98999977111816;0
network_congestion;8.98999977111816;2;43mb;8;SHUFFLE;false;0;0;1;2;1;0;526028688;49330000;12;1319.69969999045;8.98999977111816;0
network_congestion;8.98999977111816;2;43mb;8;SHUFFLE;false;0;0;1;2;1;0;526028688;49330000;12;1442.85429996671;8.98999977111816;0
network_congestion;8.98999977111816;2;43mb;8;SHUFFLE;false;0;0;1;2;1;0;526028688;49330000;12;1418.56620000908;8.98999977111816;0
network_congestion;8.98999977111816;2;43mb;8;SHUFFLE;false;0;0;1;2;1;0;526028688;49330000;12;1416.49739997229;8.98999977111816;0
network_congestion;8.98999977111816;2;43mb;8;SHUFFLE;false;0;0;1;2;1;0;526028688;49330000;12;1315.79069996951;8.98999977111816;0
optimal;4.22999954223633;1;37mb;8;SHUFFLE;false;0;0;1;0;1;0;526028644;102;4;15.0496999849565;4.19999980926514;0
optimal;4.25999927520752;1;37mb;8;SHUFFLE;false;0;0;1;0;1;0;526028644;126;4;22.018100018613;4.19999980926514;0
optimal;4.22999954223633;1;37mb;8;SHUFFLE;false;0;0;1;0;1;0;526028644;153;4;18.3577999705449;4.19999980926514;0
optimal;4.22999954223633;1;37mb;8;SHUFFLE;false;0;0;1;0;1;0;526028644;173;4;17.4474000232294;4.19999980926514;0
optimal;4.23999977111816;1;37mb;8;SHUFFLE;false;0;0;1;0;1;0;526028644;197;4;29.5910999993794;4.19999980926514;0
optimal;4.22999954223633;1;37mb;8;SHUFFLE;false;0;0;1;0;1;0;526028644;226;4;15.593699994497;4.19999980926514;0
optimal;8.91999912261963;1;43mb;8;SHUFFLE;false;0;0;1;0;1;0;1420443000;255;4;23.2406999566592;4.47999954223633;0
optimal;4.22999954223633;1;37mb;8;SHUFFLE;false;0;0;1;0;1;0;526028644;258;4;14.844199991785;4.19999980926514;0
optimal;4.22999954223633;1;37mb;8;SHUFFLE;false;0;0;1;0;1;0;526028644;259;4;15.1246999739669;4.19999980926514;0
optimal;4.22999954223633;1;37mb;8;SHUFFLE;false;0;0;1;0;1;0;526028644;278;4;55.8058999595232;4.19999980926514;0
optimal;4.22999954223633;1;37mb;8;SHUFFLE;false;0;0;1;0;1;0;526028644;286;4;15.2000000234693;4.19999980926514;0
optimal;4.22999954223633;1;37mb;8;SHUFFLE;false;0;0;1;0;1;0;526028644;312;4;20.7447999855503;4.19999980926514;0
optimal;4.22999954223633;1;37mb;8;SHUFFLE;false;0;0;1;0;1;0;526028644;342;4;19.7059999918565;4.19999980926514;0
optimal;4.22999954223633;1;37mb;8;SHUFFLE;false;0;0;1;0;1;0;526028644;349;4;15.3726999997161;4.19999980926514;0
optimal;8.91999912261963;1;43mb;8;SHUFFLE;false;0;0;1;0;1;0;1420443000;369;4;28.5227000131272;4.47999954223633;0
optimal;4.22999954223633;1;37mb;8;SHUFFLE;false;0;0;1;0;1;0;526028644;382;4;15.7111000153236;4.19999980926514;0
optimal;4.25;1;37mb;8;SHUFFLE;false;0;0;1;0;1;0;526028644;390;4;19.0639999927953;4.19999980926514;0
optimal;4.22999954223633;1;37mb;8;SHUFFLE;false;0;0;1;0;1;0;526028644;393;4;19.2795000039041;4.19999980926514;0
optimal;4.25;1;37mb;8;SHUFFLE;false;0;0;1;0;1;0;526028644;398;4;55.9140999685042;4.19999980926514;0
optimal;4.22999954223633;1;37mb;8;SHUFFLE;false;0;0;1;0;1;0;526028644;411;4;16.0887000383809;4.19999980926514;0
optimal;4.22999954223633;1;37mb;8;SHUFFLE;false;0;0;1;0;1;0;526028644;477;4;15.7247000024654;4.19999980926514;0
optimal;4.22999954223633;1;37mb;8;SHUFFLE;false;0;0;1;0;1;0;526028644;498;4;14.958799991291;4.19999980926514;0
optimal;4.20999908447266;1;37mb;8;SHUFFLE;false;0;0;1;0;1;0;526028640;58;4;15.3501000022516;4.17999935150146;0
optimal;4.20999908447266;1;37mb;8;SHUFFLE;false;0;0;1;0;1;0;526028640;68;4;16.8515999685042;4.17999935150146;0
network_congestion;29.6699991226196;4;70mb;8;SHUFFLE;false;5;0;2;2;2;0;1439988692;133630000;36;6537.9227999947;58.4899997711182;0
network_congestion;17.5699996948242;4;54mb;8;SHUFFLE;false;5;4;2;2;2;0;526034776;49330000;45;2319.73799999105;24.5899991989136;0
optimal;11.4299993515015;1;46mb;8;SHUFFLE;true;5;4;2;0;2;0;526034673;49330000;45;47.1990999649279;10.1899995803833;0
optimal;19.8899993896484;1;57mb;8;SHUFFLE;true;5;4;2;0;2;0;1420449496;133110000;36;34.080300014466;12.4599990844727;0
optimal;149.009999275208;1;225mb;8;SHUFFLE;true;5;4;2;0;2;0;1651444392;133110000;28;410.541499964893;139.049999237061;0
network_congestion;8.98999977111816;2;43mb;8;SHUFFLE;false;0;0;1;2;1;0;526028708;49330000;16;1117.00839997502;8.98999977111816;0
network_congestion;8.98999977111816;2;43mb;8;SHUFFLE;false;0;0;1;2;1;0;526028708;49330000;16;1114.72369998228;8.98999977111816;0
network_congestion;12.9099998474121;4;48mb;8;SHUFFLE;false;0;0;1;2;1;0;1420443064;133110000;16;1826.83400000678;17.0299997329712;0
network_congestion;8.98999977111816;2;43mb;8;SHUFFLE;false;0;0;1;2;1;0;526028708;49330000;16;1018.1419000146;8.98999977111816;0
network_congestion;12.9099998474121;4;48mb;8;SHUFFLE;false;0;0;1;2;1;0;1420443064;133110000;16;1620.79389998689;17.039999961853;0
network_congestion;8.98999977111816;2;43mb;8;SHUFFLE;false;0;0;1;2;1;0;526028708;49330000;16;1120.45640003635;8.98999977111816;0
network_congestion;8.98999977111816;2;43mb;8;SHUFFLE;false;0;0;1;2;1;0;526028708;49330000;16;1126.21960003162;8.98999977111816;0
network_congestion;12.9099998474121;4;48mb;8;SHUFFLE;false;0;0;1;2;1;0;1420443064;133110000;16;1616.89339997247;17.039999961853;0
network_congestion;8.98999977111816;2;43mb;8;SHUFFLE;false;0;0;1;2;1;0;526028708;49330000;16;1114.84930000734;8.98999977111816;0
network_congestion;8.98999977111816;2;43mb;8;SHUFFLE;false;0;0;1;2;1;0;526028708;49330000;16;1013.19859997602;8.98999977111816;0
network_congestion;8.98999977111816;2;43mb;8;SHUFFLE;false;0;0;1;2;1;0;526028708;49330000;16;1117.35239997506;8.98999977111816;0
network_congestion;8.98999977111816;2;43mb;8;SHUFFLE;false;0;0;1;2;1;0;526028708;49330000;16;1218.93120004097;8.98999977111816;0
network_congestion;8.98999977111816;2;43mb;8;SHUFFLE;false;0;0;1;2;1;0;526028708;49330000;16;1314.95780003024;8.98999977111816;0
network_congestion;8.98999977111816;2;43mb;8;SHUFFLE;false;0;0;1;2;1;0;526028708;49330000;16;1217.72840002086;8.98999977111816;0
network_congestion;8.98999977111816;2;43mb;8;SHUFFLE;false;0;0;1;2;1;0;526028708;49330000;16;1220.6135999877;8.98999977111816;0
network_congestion;8.98999977111816;2;43mb;8;SHUFFLE;false;0;0;1;2;1;0;526028708;49330000;16;1012.4599999981;8.98999977111816;0
network_congestion;12.9099998474121;4;48mb;8;SHUFFLE;false;0;0;1;2;1;0;1420443064;133110000;16;1621.31690001115;17.039999961853;0
network_congestion;8.98999977111816;2;43mb;8;SHUFFLE;false;0;0;1;2;1;0;526028708;49330000;16;1218.70630001649;8.98999977111816;0
network_congestion;8.98999977111816;2;43mb;8;SHUFFLE;false;0;0;1;2;1;0;526028708;49330000;16;1217.34259999357;8.98999977111816;0
network_congestion;12.9099998474121;2;48mb;8;SHUFFLE;false;0;0;1;2;1;0;1420443064;133110000;16;1726.47650004365;17.039999961853;0
network_congestion;8.98999977111816;2;43mb;8;SHUFFLE;false;0;0;1;2;1;0;526028708;49330000;16;1120.74369995389;8.98999977111816;0
network_congestion;8.98999977111816;2;43mb;8;SHUFFLE;false;0;0;1;2;1;0;526028708;49330000;16;1114.11530000623;8.98999977111816;0
network_congestion;12.9099998474121;2;48mb;8;SHUFFLE;false;0;0;1;2;1;0;1420443064;133110000;16;1622.3020000034;17.039999961853;0
network_congestion;8.98999977111816;2;43mb;8;SHUFFLE;false;0;0;1;2;1;0;526028708;49330000;16;1216.63030004129;8.98999977111816;0
network_congestion;8.98999977111816;2;43mb;8;SHUFFLE;false;0;0;1;2;1;0;526028708;49330000;16;1118.22709999979;8.98999977111816;0
network_congestion;8.98999977111816;4;43mb;8;SHUFFLE;false;0;0;1;2;1;0;526028708;49330000;16;1117.53430002136;8.98999977111816;0
network_congestion;8.98999977111816;2;43mb;8;SHUFFLE;false;0;0;1;2;1;0;526028708;49330000;16;1116.16209999193;8.98999977111816;0
optimal;4.17999935150146;1;37mb;8;SHUFFLE;false;0;0;1;0;1;0;526028652;106;8;15.6544999917969;4.17999935150146;0
optimal;4.17999935150146;1;37mb;8;SHUFFLE;false;0;0;1;0;1;0;526028652;115;8;17.4444000003859;4.17999935150146;0
optimal;4.17999935150146;1;37mb;8;SHUFFLE;false;0;0;1;0;1;0;526028652;116;8;21.4482999872416;4.17999935150146;0
optimal;4.17999935150146;1;37mb;8;SHUFFLE;false;0;0;1;0;1;0;526028652;138;8;16.2134999991395;4.17999935150146;0
optimal;8.90999984741211;1;43mb;8;SHUFFLE;false;0;0;1;0;1;0;1420443008;141;8;16.9202000251971;4.46999931335449;0
optimal;4.17999935150146;1;37mb;8;SHUFFLE;false;0;0;1;0;1;0;526028652;144;8;95.3693999908864;4.17999935150146;0
optimal;4.17999935150146;1;37mb;8;SHUFFLE;false;0;0;1;0;1;0;526028652;180;8;15.7596999779344;4.17999935150146;0
optimal;4.17999935150146;1;37mb;8;SHUFFLE;false;0;0;1;0;1;0;526028652;183;8;15.3077999711968;4.17999935150146;0
optimal;8.90999984741211;1;43mb;8;SHUFFLE;false;0;0;1;0;1;0;1420443008;197;8;16.1969999899156;4.46999931335449;0
optimal;4.17999935150146;1;37mb;8;SHUFFLE;false;0;0;1;0;1;0;526028652;223;8;15.6100000021979;4.17999935150146;0
optimal;4.17999935150146;1;37mb;8;SHUFFLE;false;0;0;1;0;1;0;526028652;245;8;17.622500017751;4.17999935150146;0
optimal;4.17999935150146;1;37mb;8;SHUFFLE;false;0;0;1;0;1;0;526028652;292;8;20.2343999990262;4.17999935150146;0
optimal;4.17999935150146;1;37mb;8;SHUFFLE;false;0;0;1;0;1;0;526028652;356;8;15.293299977202;4.17999935150146;0
optimal;4.17999935150146;1;37mb;8;SHUFFLE;false;0;0;1;0;1;0;526028652;381;8;15.0826000026427;4.17999935150146;0
optimal;4.17999935150146;1;37mb;8;SHUFFLE;false;0;0;1;0;1;0;526028652;400;8;17.5142000080086;4.17999935150146;0
optimal;4.16999912261963;1;37mb;8;SHUFFLE;false;0;0;1;0;1;0;526028644;59;8;31.2297000200488;4.16999912261963;0
optimal;33.5699996948242;1;75mb;8;BROADCAST;true;5;0;2;0;2;0;1439988592;133110000;32;49.1379000013694;14.8199996948242;0
optimal;24.9899997711182;1;64mb;8;SHUFFLE;true;5;4;2;0;2;0;1439988556;133110000;28;51.601400016807;15.0499992370605;0
network_congestion;165.699999809265;2;247mb;8;SHUFFLE;false;5;0;2;0;2;0;1781258116;133110000;28;527.080399973784;162.739999771118;0
network_congestion;15.8899993896484;4;66mb;8;BROADCAST;false;5;4;2;2;2;0;1420449620;133110000;37;2329.15490004234;28.6599998474121;0
optimal;8.57999992370605;1;43mb;8;SHUFFLE;true;5;4;2;0;2;0;526034646;49330000;38;30.7368999929167;8.16999912261963;0
network_congestion;14.7799997329712;4;51mb;8;SHUFFLE;false;5;0;2;2;2;0;526034712;49330000;31;7298.71699999785;19.8399991989136;0
optimal;11.8999996185303;1;47mb;8;SHUFFLE;true;5;4;2;0;2;0;1420449539;133110000;43;33.8150999741629;8.45999908447266;0
optimal;19.6299991607666;1;57mb;8;SHUFFLE;true;5;0;2;0;2;0;526034544;49330000;16;22.0474000088871;6.21999931335449;0
network_congestion;364.41999912262;4;505mb;8;SHUFFLE;false;8;8;3;3;3;0;540039709;135080000;426;19090.1122000068;396.679999351501;0
network_congestion;395.069999694824;4;1058mb;8;BROADCAST;false;8;8;3;3;3;0;1443618543;335790000;429;23081.9570999593;765.679999351501;0
network_congestion;364.41999912262;4;505mb;8;SHUFFLE;false;8;8;3;3;3;0;540039709;135080000;426;18563.1361000123;396.739999771118;0
network_congestion;364.41999912262;4;505mb;8;SHUFFLE;false;8;8;3;3;3;0;540039709;135080000;426;18076.3027000357;397.66999912262;0
network_congestion;364.41999912262;4;505mb;8;SHUFFLE;false;8;8;3;3;3;0;540039709;135080000;426;18090.7078000018;396.679999351501;0
network_congestion;364.41999912262;4;505mb;8;SHUFFLE;false;8;8;3;3;3;0;540039709;135080000;426;18606.3208999694;397.509999275208;0
network_congestion;381.66999912262;2;1004mb;8;BROADCAST;false;8;8;3;3;3;0;1443618543;335790000;429;577.525199973024;728.339999198914;0
network_congestion;395.539999961853;4;1058mb;8;BROADCAST;false;8;8;3;3;3;0;1443618543;335790000;429;23562.4537999975;765.279999732971;0
optimal;364.279999732971;2;505mb;8;BROADCAST;true;8;8;3;3;3;0;540039709;135080000;426;65.0746999890544;355.879999160767;0
network_congestion;395.569999694824;4;1058mb;8;BROADCAST;false;8;8;3;3;3;0;1443618543;335790000;429;36862.673900032;764.269999504089;0
network_congestion;364.41999912262;4;505mb;8;SHUFFLE;false;8;8;3;3;3;0;540039709;135080000;426;18578.4903999884;398.339999198914;0
network_congestion;364.41999912262;4;505mb;8;SHUFFLE;false;8;8;3;3;3;0;540039709;135080000;426;5243.2307000272;397.239999771118;0
network_congestion;364.41999912262;4;505mb;8;SHUFFLE;false;8;8;3;3;3;0;540039709;135080000;426;18587.3934000265;398.339999198914;0
network_congestion;364.41999912262;2;505mb;8;SHUFFLE;false;8;8;3;3;3;0;540039709;135080000;426;518.684300011955;377.599999427795;0
network_congestion;361.449999809265;4;501mb;8;SHUFFLE;false;8;8;3;3;3;0;540039709;135080000;426;5636.84469996952;394.539999961853;0
network_congestion;381.609999656677;2;1004mb;8;BROADCAST;false;8;8;3;3;3;0;1443618543;335790000;429;614.018800028134;727.809999465942;0
network_congestion;364.41999912262;4;505mb;8;SHUFFLE;false;8;8;3;3;3;0;540039709;135080000;426;7503.52080003358;397.509999275208;0
network_congestion;364.279999732971;2;505mb;8;SHUFFLE;false;8;8;3;3;3;0;540039709;135080000;426;521.028299990576;376.129999160767;0
network_congestion;381.66999912262;2;1004mb;8;BROADCAST;false;8;8;3;3;3;0;1443618543;335790000;429;669.020799978171;728.519999504089;0
network_congestion;364.279999732971;4;505mb;8;SHUFFLE;false;8;8;3;3;3;0;540039709;135080000;426;2935.10309996782;396.679999351501;0
network_congestion;381.609999656677;2;1004mb;8;BROADCAST;false;8;8;3;3;3;0;1443618543;335790000;429;567.121600033715;726.209999084473;0
optimal;364.41999912262;2;505mb;8;BROADCAST;true;8;8;3;3;3;0;540039709;135080000;426;40.1113000116311;355.879999160767;0
network_congestion;381.609999656677;2;1004mb;8;BROADCAST;false;8;8;3;3;3;0;1443618543;335790000;429;570.552700024564;726.739999771118;0
network_congestion;364.41999912262;2;505mb;8;SHUFFLE;false;8;8;3;3;3;0;540039709;135080000;426;520.538100041449;376.099999427795;0
network_congestion;364.41999912262;4;505mb;8;SHUFFLE;false;8;8;3;3;3;0;540039709;135080000;426;2727.6494000107;398.339999198914;0
network_congestion;381.66999912262;4;1058mb;8;BROADCAST;false;8;8;3;3;3;0;1443618543;335790000;429;4240.73269998189;766.269999504089;0
network_congestion;364.41999912262;2;505mb;8;SHUFFLE;false;8;8;3;3;3;0;540039709;135080000;426;517.540999979246;376.629999160767;0
network_congestion;381.609999656677;2;1004mb;8;BROADCAST;false;8;8;3;3;3;0;1443618543;335790000;429;620.497900003102;727.139999389648;0
network_congestion;381.609999656677;4;1058mb;8;BROADCAST;false;8;8;3;3;3;0;1443618543;335790000;429;4431.2232999946;766.269999504089;0
network_congestion;381.66999912262;2;1004mb;8;BROADCAST;false;8;8;3;3;3;0;1443618543;335790000;429;583.786599978339;728.379999160767;0
network_congestion;381.609999656677;2;1004mb;8;BROADCAST;false;8;8;3;3;3;0;1443618543;335790000;429;568.518100015353;728.389999389648;0
network_congestion;364.41999912262;2;505mb;8;SHUFFLE;false;8;8;3;3;3;0;540039709;135080000;426;516.420600004494;377.059999465942;0
network_congestion;364.41999912262;4;505mb;8;SHUFFLE;false;8;8;3;3;3;0;540039709;135080000;426;2827.91160000488;397.66999912262;0
network_congestion;379.699999809265;2;1004mb;8;BROADCAST;false;8;8;3;3;3;0;1443618543;335790000;429;573.606299993116;724.879999160767;0
network_congestion;380.279999732971;4;1058mb;8;BROADCAST;false;8;8;3;3;3;0;1443618543;335790000;429;4538.33660000237;766.389999389648;0
codegen_heavy;364.41999912262;2;505mb;8;SHUFFLE;false;8;8;3;3;3;0;540039709;135080000;426;631.806300021708;377.459999084473;0
network_congestion;364.41999912262;2;505mb;8;SHUFFLE;false;8;8;3;3;3;0;540039709;135080000;426;511.999000038486;377.459999084473;0
network_congestion;364.279999732971;4;505mb;8;SHUFFLE;false;8;8;3;3;3;0;540039709;135080000;426;6168.1099999696;396.679999351501;0
network_congestion;364.279999732971;4;505mb;8;SHUFFLE;false;8;8;3;3;3;0;540039709;135080000;426;17863.7751999777;396.679999351501;0
network_congestion;395.39999961853;4;1058mb;8;BROADCAST;false;8;8;3;3;3;0;1443618543;335790000;429;23564.2874999903;763.559999465942;0
network_congestion;395.16999912262;4;1058mb;8;BROADCAST;false;8;8;3;3;3;0;1443618543;335790000;429;22571.2920000078;766.129999160767;0
optimal;5.25999927520752;1;38mb;8;SHUFFLE;true;0;0;1;2;1;0;10381074;54000;36;26.7852999968454;4.32999992370605;0
optimal;5.25999927520752;1;38mb;8;SHUFFLE;true;0;0;1;2;1;0;10381074;54000;36;27.462900034152;4.32999992370605;0
optimal;5.25999927520752;1;38mb;8;SHUFFLE;true;0;0;1;2;1;0;10381074;54000;36;29.6660999883898;4.32999992370605;0
optimal;0.338027000427246;1;36mb;8;SHUFFLE;false;0;0;1;0;1;0;10380958;137;28;15.8196000265889;0.248183250427246;0
optimal;0.489394187927246;1;37mb;8;SHUFFLE;false;0;0;1;0;1;0;19545512;226;28;17.3506999853998;0.440566062927246;0
optimal;0.932753562927246;1;33mb;8;SHUFFLE;false;0;0;1;0;1;0;10380958;276;28;19.7278000414371;0.248183250427246;0
optimal;0.307899475097656;1;36mb;8;SHUFFLE;false;0;0;1;0;1;0;10380930;66;28;15.390699962154;0.238563537597656;0
optimal;5.10999965667725;1;38mb;8;SHUFFLE;true;0;0;1;2;1;0;10380974;54000;16;34.897200006526;4.31999969482422;0
optimal;5.10999965667725;1;38mb;8;SHUFFLE;true;0;0;1;2;1;0;10380974;54000;16;27.2693000151776;4.31999969482422;0
optimal;5.10999965667725;1;38mb;8;SHUFFLE;true;0;0;1;2;1;0;10380974;54000;16;28.2024000189267;4.31999969482422;0
optimal;5.10999965667725;1;38mb;8;SHUFFLE;true;0;0;1;2;1;0;10380974;54000;16;16.4209000067785;4.31999969482422;0
optimal;5.10999965667725;1;38mb;8;SHUFFLE;true;0;0;1;2;1;0;10380974;54000;16;15.7899999758229;4.31999969482422;0
optimal;0.467626571655273;1;37mb;8;SHUFFLE;false;0;0;1;0;1;0;19545472;153;8;23.7872999859974;0.426610946655273;0
optimal;0.275341033935547;1;36mb;8;SHUFFLE;false;0;0;1;0;1;0;10380918;162;8;18.2844999944791;0.234325408935547;0
optimal;0.275341033935547;1;36mb;8;SHUFFLE;false;0;0;1;0;1;0;10380918;480;8;16.5730000007898;0.234325408935547;0
optimal;0.291942596435547;1;36mb;8;SHUFFLE;false;0;0;1;0;1;0;10380918;483;8;18.0004999856465;0.234325408935547;0
optimal;11.1399993896484;1;46mb;8;SHUFFLE;true;5;4;2;0;2;0;67507450;359430;32;49.5030999882147;10.9399995803833;0
network_congestion;23.2399997711182;4;62mb;8;SHUFFLE;false;5;0;2;2;2;0;536409906;49330000;52;8558.23670001701;27.3399991989136;0
optimal;5.26999950408936;1;38mb;8;SHUFFLE;true;0;0;1;2;1;0;19545578;102000;26;31.9691000040621;4.29999923706055;0
optimal;5.26999950408936;1;38mb;8;SHUFFLE;true;0;0;1;2;1;0;19545578;102000;26;34.4853000133298;4.29999923706055;0
optimal;5.25999927520752;1;38mb;8;SHUFFLE;true;0;0;1;2;1;0;10381024;54000;26;28.7196999997832;4.28999996185303;0
optimal;5.25999927520752;1;38mb;8;SHUFFLE;true;0;0;1;2;1;0;10381024;54000;26;15.7155999913812;4.28999996185303;0
optimal;5.25999927520752;1;38mb;8;SHUFFLE;true;0;0;1;2;1;0;10381024;54000;26;33.7274000048637;4.28999996185303;0
optimal;5.25999927520752;1;38mb;8;SHUFFLE;true;0;0;1;2;1;0;10381024;54000;26;32.6789999962784;4.28999996185303;0
optimal;5.25999927520752;1;38mb;8;SHUFFLE;true;0;0;1;2;1;0;10381024;54000;26;30.0419999985024;4.28999996185303;0
optimal;5.26999950408936;1;38mb;8;SHUFFLE;true;0;0;1;2;1;0;19545578;102000;26;29.2196999653243;4.29999923706055;0
optimal;0.315135955810547;1;36mb;8;SHUFFLE;false;0;0;1;0;1;0;19545492;223;18;40.5916000017896;0.225292205810547;0
optimal;0.240575790405273;1;36mb;8;SHUFFLE;false;0;0;1;0;1;0;10380938;232;18;14.7072999970987;0.191747665405273;0
optimal;0.240575790405273;1;36mb;8;SHUFFLE;false;0;0;1;0;1;0;10380938;338;18;19.2660999600776;0.191747665405273;0
optimal;0.261083602905273;1;36mb;8;SHUFFLE;false;0;0;1;0;1;0;10380938;342;18;15.1158000226133;0.191747665405273;0
optimal;0.240575790405273;1;36mb;8;SHUFFLE;false;0;0;1;0;1;0;10380938;383;18;15.7266000169329;0.191747665405273;0
optimal;0.261425018310547;1;36mb;8;SHUFFLE;false;0;0;1;0;1;0;19545492;463;18;25.4922999884002;0.225292205810547;0
network_congestion;184.739999771118;2;272mb;8;SHUFFLE;false;5;4;2;2;2;0;1077453950;7200000;28;1316.90289999824;177.489999771118;0
optimal;5.10999965667725;1;38mb;8;SHUFFLE;true;0;0;1;2;1;0;10380974;54000;16;15.2472999761812;4.23999977111816;0
optimal;5.10999965667725;1;38mb;8;SHUFFLE;true;0;0;1;2;1;0;10380974;54000;16;16.0460000042804;4.23999977111816;0
optimal;5.10999965667725;1;38mb;8;SHUFFLE;true;0;0;1;2;1;0;10380974;54000;16;21.7903999728151;4.23999977111816;0
optimal;0.229658126831055;1;36mb;8;SHUFFLE;false;0;0;1;0;1;0;10380918;120;8;19.6557999588549;0.188642501831055;0
optimal;0.279462814331055;1;36mb;8;SHUFFLE;false;0;0;1;0;1;0;10380918;257;8;15.0061000022106;0.188642501831055;0
optimal;0.229658126831055;1;36mb;8;SHUFFLE;false;0;0;1;0;1;0;10380918;280;8;19.171699997969;0.188642501831055;0
optimal;0.237470626831055;1;36mb;8;SHUFFLE;false;0;0;1;0;1;0;10380918;339;8;46.178599994164;0.188642501831055;0
optimal;0.229658126831055;1;36mb;8;SHUFFLE;false;0;0;1;0;1;0;10380918;412;8;15.34929999616;0.188642501831055;0
optimal;0.257538795471191;1;36mb;8;SHUFFLE;false;0;0;1;0;1;0;19545464;87;8;19.4616999942809;0.199921607971191;0
network_congestion;216.429999351501;2;313mb;8;SHUFFLE;false;5;0;2;2;2;0;1077454086;7250000;44;1622.56650003837;215.909999847412;0
optimal;5.26999950408936;1;38mb;8;SHUFFLE;true;0;0;1;2;1;0;19545588;102000;28;33.3123999880627;4.32999992370605;0
optimal;5.25999927520752;1;38mb;8;SHUFFLE;true;0;0;1;2;1;0;10381034;54000;28;30.1394999842159;4.32999992370605;0
optimal;0.261054039001465;1;36mb;8;SHUFFLE;false;0;0;1;0;1;0;10380942;202;20;38.5345999966376;0.212225914001465;0
optimal;0.261054039001465;1;36mb;8;SHUFFLE;false;0;0;1;0;1;0;10380942;469;20;15.9106999635696;0.212225914001465;0
optimal;5.10999965667725;1;38mb;8;SHUFFLE;true;0;0;1;2;1;0;10380974;54000;16;15.2248999802396;4.23999977111816;0
optimal;5.10999965667725;1;38mb;8;SHUFFLE;true;0;0;1;2;1;0;10380974;54000;16;21.2892999988981;4.23999977111816;0
optimal;5.10999965667725;1;38mb;8;SHUFFLE;true;0;0;1;2;1;0;10380974;54000;16;15.7373999827541;4.23999977111816;0
optimal;0.269101142883301;1;36mb;8;SHUFFLE;false;0;0;1;0;1;0;10380918;117;8;15.7924999948591;0.194882392883301;0
optimal;0.274785041809082;1;36mb;8;SHUFFLE;false;0;0;1;0;1;0;19545472;123;8;21.2302000145428;0.233769416809082;0
optimal;0.286288261413574;1;36mb;8;SHUFFLE;false;0;0;1;0;1;0;19545464;86;8;18.1183000095189;0.212069511413574;0
optimal;11.7799997329712;1;47mb;8;SHUFFLE;true;5;0;2;2;2;0;19608126;102000;37;28.7955999956466;10.0299997329712;0
optimal;5.26999950408936;1;38mb;8;SHUFFLE;true;0;0;1;2;1;0;19545573;102000;25;29.2986999847926;4.32999992370605;0
optimal;5.25999927520752;1;38mb;8;SHUFFLE;true;0;0;1;2;1;0;10381019;54000;25;30.0643999944441;4.32999992370605;0
optimal;5.25999927520752;1;38mb;8;SHUFFLE;true;0;0;1;2;1;0;10381019;54000;25;26.6610999824479;4.32999992370605;0
optimal;0.332216262817383;1;36mb;8;SHUFFLE;false;0;0;1;0;1;0;19545490;119;17;15.9243999514729;0.262880325317383;0
optimal;0.281708717346191;1;36mb;8;SHUFFLE;false;0;0;1;0;1;0;10380936;237;17;18.7914000125602;0.212372779846191;0
optimal;0.261200904846191;1;36mb;8;SHUFFLE;false;0;0;1;0;1;0;10380936;249;17;16.3047999958508;0.212372779846191;0
optimal;0.311708450317383;1;36mb;8;SHUFFLE;false;0;0;1;0;1;0;19545490;317;17;18.9449999597855;0.262880325317383;0
optimal;0.261200904846191;1;36mb;8;SHUFFLE;false;0;0;1;0;1;0;10380936;439;17;25.5312000517733;0.212372779846191;0
optimal;0.238896369934082;1;36mb;8;SHUFFLE;false;0;0;1;0;1;0;10380919;88;17;14.6166000049561;0.202763557434082;0
optimal;32.1499996185303;1;73mb;8;SHUFFLE;true;5;0;2;0;2;0;536409727;49330000;41;43.3176000369713;15.5;0
optimal;23.5499992370605;1;62mb;8;SHUFFLE;true;5;4;2;0;2;0;1429628679;14400000;37;35.9161000233144;15.289999961853;0
optimal;5.25999927520752;1;38mb;8;SHUFFLE;true;0;0;1;2;1;0;10381029;54000;27;15.650600020308;4.15999984741211;0
optimal;5.25999927520752;1;38mb;8;SHUFFLE;true;0;0;1;2;1;0;10381029;54000;27;15.7551000011154;4.15999984741211;0
optimal;0.236190795898438;1;36mb;8;SHUFFLE;false;0;0;1;0;1;0;10380940;108;19;15.9827999887057;0.166854858398438;0
optimal;0.215682983398438;1;36mb;8;SHUFFLE;false;0;0;1;0;1;0;10380940;173;19;16.0819999873638;0.166854858398438;0
optimal;0.215682983398438;1;36mb;8;SHUFFLE;false;0;0;1;0;1;0;10380940;195;19;15.1727999909781;0.166854858398438;0
optimal;23.9299993515015;1;63mb;8;SHUFFLE;true;5;0;2;0;2;0;1429628701;14400000;39;37.3470000340603;13.6499996185303;0
network_congestion;255.129999160767;2;363mb;8;SHUFFLE;false;5;0;2;2;2;0;1077453930;7200000;24;965.404100017622;255.729999542236;0
optimal;5.11999988555908;1;38mb;8;SHUFFLE;true;0;0;1;2;1;0;10380954;54000;12;26.372899999842;4.54999923706055;0
optimal;5.11999988555908;1;38mb;8;SHUFFLE;true;0;0;1;2;1;0;10380954;54000;12;16.4031999884173;4.54999923706055;0
optimal;5.11999988555908;1;38mb;8;SHUFFLE;true;0;0;1;2;1;0;10380954;54000;12;26.2560000410303;4.54999923706055;0
optimal;0.306640625;1;36mb;8;SHUFFLE;false;0;0;1;0;1;0;10380910;456;4;26.9951999653131;0.2734375;0
network_congestion;114.129999160767;4;180mb;8;SHUFFLE;false;5;4;2;2;2;0;536409698;49330000;28;4131.94219995057;118.889999389648;0
optimal;15.2099990844727;1;51mb;8;SHUFFLE;true;5;4;2;0;2;0;536409646;49330000;28;37.5360999605618;14.0299997329712;0
optimal;44.6299991607666;1;90mb;8;SHUFFLE;true;5;0;2;2;2;0;67507498;413430;28;108.343500003684;35.9099998474121;0
network_congestion;168.209999084473;2;250mb;8;SHUFFLE;false;5;0;2;2;2;0;250547120;1450000;52;613.981299975421;169.199999809265;0
optimal;9.50999927520752;1;44mb;8;SHUFFLE;true;0;0;1;2;1;0;10381094;54000;40;26.0530000086874;9.32999992370605;0
optimal;9.50999927520752;1;44mb;8;SHUFFLE;true;0;0;1;2;1;0;10381094;54000;40;26.4852999825962;9.32999992370605;0
optimal;9.50999927520752;1;44mb;8;SHUFFLE;true;0;0;1;2;1;0;10381094;54000;40;25.6434999755584;9.32999992370605;0
optimal;16.2799997329712;1;53mb;8;SHUFFLE;true;0;0;1;2;1;0;19545648;102000;40;57.2010000469163;15.4399995803833;0
optimal;9.50999927520752;1;44mb;8;SHUFFLE;true;0;0;1;2;1;0;10381094;54000;40;44.5804000482894;9.32999992370605;0
optimal;4.40999984741211;1;37mb;8;SHUFFLE;false;0;0;1;0;1;0;19545520;212;32;20.353999978397;4.3799991607666;0
optimal;2.31999969482422;1;35mb;8;SHUFFLE;false;0;0;1;0;1;0;10380966;222;32;21.772800013423;2.26999950408936;0
optimal;4.54999923706055;1;37mb;8;SHUFFLE;false;0;0;1;0;1;0;19545520;407;32;20.5707999994047;4.3799991607666;0
optimal;16.3499994277954;1;53mb;8;SHUFFLE;true;5;4;2;0;2;0;67507570;359430;56;37.5932999886572;12.6499996185303;0
network_congestion;355.529999732971;2;494mb;8;SHUFFLE;false;5;4;2;2;2;0;528985980;3600000;52;1023.82900001248;357.14999961853;0
network_congestion;152.599999427795;2;230mb;8;SHUFFLE;false;5;4;2;2;2;0;125033224;720290;136;513.621299993247;153.599999427795;0
network_congestion;184.25;2;271mb;8;SHUFFLE;false;5;0;2;2;2;0;250547788;1540000;136;715.0038999971;184.259999275208;0
optimal;28.6299991607666;1;69mb;8;SHUFFLE;true;0;0;1;2;1;0;10381494;54000;120;47.2006000345573;28.4499998092651;0
optimal;55.0899991989136;1;103mb;8;SHUFFLE;true;0;0;1;2;1;0;19546048;102000;120;116.087400005199;54.25;0
optimal;55.0899991989136;1;103mb;8;SHUFFLE;true;0;0;1;2;1;0;19546048;102000;120;112.942299980205;54.25;0
optimal;28.6299991607666;1;69mb;8;SHUFFLE;true;0;0;1;2;1;0;10381494;54000;120;45.5203999881633;28.4499998092651;0
optimal;55.0899991989136;1;103mb;8;SHUFFLE;true;0;0;1;2;1;0;19546048;102000;120;110.66020000726;54.25;0
optimal;28.6299991607666;1;69mb;8;SHUFFLE;true;0;0;1;2;1;0;10381494;54000;120;46.7794999713078;28.4499998092651;0
optimal;18.2599992752075;1;55mb;8;SHUFFLE;false;0;0;1;0;1;0;19545680;124;112;76.9313999917358;18.2099990844727;0
optimal;9.41999912261963;1;44mb;8;SHUFFLE;false;0;0;1;0;1;0;10381126;177;112;25.8937999606133;9.38999938964844;0
optimal;9.4399995803833;1;44mb;8;SHUFFLE;false;0;0;1;0;1;0;10381126;198;112;35.4930999455974;9.38999938964844;0
optimal;18.2099990844727;1;55mb;8;SHUFFLE;false;0;0;1;0;1;0;19545680;418;112;39.484300010372;18.25;0
optimal;6.35999965667725;1;40mb;8;SHUFFLE;true;0;0;1;2;1;0;10381074;54000;36;41.3778999936767;5.61999988555908;0
optimal;6.38999938964844;1;40mb;8;SHUFFLE;true;0;0;1;2;1;0;10381074;54000;36;29.0448000305332;5.61999988555908;0
optimal;10.7599992752075;1;45mb;8;SHUFFLE;true;0;0;1;2;1;0;19545628;102000;36;41.0321000381373;10.0499992370605;0
optimal;6.40999984741211;1;40mb;8;SHUFFLE;true;0;0;1;2;1;0;10381074;54000;36;27.6211000164039;5.61999988555908;0
optimal;6.40999984741211;1;40mb;8;SHUFFLE;true;0;0;1;2;1;0;10381074;54000;36;25.7281999802217;5.61999988555908;0
optimal;1.60999965667725;1;34mb;8;SHUFFLE;false;0;0;1;0;1;0;10380958;200;28;14.7525999927893;1.55999946594238;0
optimal;3.03999996185303;1;35mb;8;SHUFFLE;false;0;0;1;0;1;0;19545512;248;28;43.8123000203632;2.98999977111816;0
optimal;1.60999965667725;1;34mb;8;SHUFFLE;false;0;0;1;0;1;0;10380958;283;28;20.6762999878265;1.55999946594238;0
optimal;1.60999965667725;1;34mb;8;SHUFFLE;false;0;0;1;0;1;0;10380958;372;28;14.909700024873;1.55999946594238;0
optimal;1.61999988555908;1;34mb;8;SHUFFLE;false;0;0;1;0;1;0;10380958;415;28;78.6574000376277;1.55999946594238;0
optimal;1.61999988555908;1;34mb;8;SHUFFLE;false;0;0;1;0;1;0;10380930;54;28;16.0241000121459;1.54999923706055;0
optimal;1.59999942779541;1;34mb;8;SHUFFLE;false;0;0;1;0;1;0;10380930;78;28;20.3391999821179;1.54999923706055;0
optimal;15.2699995040894;1;51mb;8;SHUFFLE;true;5;4;2;0;2;0;536409742;49330000;44;36.6990000475198;11.6299991607666;0
network_congestion;84.9499998092651;2;215mb;8;BROADCAST;false;5;4;2;2;2;0;1429628854;14400000;44;715.909900027327;156;0
optimal;92.6899995803833;1;152mb;8;SHUFFLE;true;10;4;3;0;3;0;365953438;1540000;76;212.695599999279;75.3699998855591;0
optimal;9.97999954223633;1;44mb;8;SHUFFLE;true;0;0;1;2;1;0;19545528;102000;16;40.1053999667056;10.0499992370605;0
optimal;6.03999996185303;1;39mb;8;SHUFFLE;true;0;0;1;2;1;0;10380974;54000;16;25.6430999725126;6.09999942779541;0
optimal;1.8799991607666;1;34mb;8;SHUFFLE;false;0;0;1;0;1;0;19545472;212;8;20.9604999981821;1.81999969482422;0
optimal;1.11999988555908;1;33mb;8;SHUFFLE;false;0;0;1;0;1;0;10380918;424;8;17.3344999784604;0.946386337280273;0
optimal;1.00999927520752;1;33mb;8;SHUFFLE;false;0;0;1;0;1;0;10380918;488;8;49.1917000035755;0.946386337280273;0
optimal;1.00999927520752;1;33mb;8;SHUFFLE;false;0;0;1;0;1;0;10380910;69;8;16.8332999455743;0.932499885559082;0
optimal;15.3499994277954;1;51mb;8;SHUFFLE;true;5;0;2;0;2;0;528985724;3600000;24;53.228999953717;14.2999992370605;0
optimal;70.5;1;123mb;8;SHUFFLE;true;5;0;2;2;2;0;125032380;720290;28;211.45450003678;69.0699996948242;0
optimal;52.3799991607666;1;100mb;8;SHUFFLE;true;5;4;2;2;2;0;125032368;720290;28;264.771699963603;51.5199995040894;0
optimal;5.10999965667725;1;38mb;8;SHUFFLE;true;0;0;1;2;1;0;10380974;54000;16;27.5956999976188;4.31999969482422;0
optimal;5.10999965667725;1;38mb;8;SHUFFLE;true;0;0;1;2;1;0;10380974;54000;16;15.633600007277;4.31999969482422;0
optimal;5.10999965667725;1;38mb;8;SHUFFLE;true;0;0;1;2;1;0;10380974;54000;16;29.4874999672174;4.31999969482422;0
optimal;5.10999965667725;1;38mb;8;SHUFFLE;true;0;0;1;2;1;0;10380974;54000;16;27.0792999654077;4.31999969482422;0
optimal;0.266074180603027;1;36mb;8;SHUFFLE;false;0;0;1;0;1;0;10380918;103;8;15.3638999909163;0.208456993103027;0
optimal;0.249472618103027;1;36mb;8;SHUFFLE;false;0;0;1;0;1;0;10380918;368;8;15.3437000117265;0.208456993103027;0
optimal;0.249472618103027;1;36mb;8;SHUFFLE;false;0;0;1;0;1;0;10380918;444;8;14.5567000145093;0.208456993103027;0
optimal;22.5799999237061;1;61mb;8;SHUFFLE;true;5;4;2;0;2;0;1429628634;14400000;28;57.4074999894947;14.3299999237061;0
optimal;5.38999938964844;1;39mb;8;SHUFFLE;true;0;0;1;2;1;0;19545603;102000;31;30.5972999776714;4.4399995803833;0
optimal;5.25999927520752;1;38mb;8;SHUFFLE;true;0;0;1;2;1;0;10381049;54000;31;129.798399982974;4.32999992370605;0
optimal;5.25999927520752;1;38mb;8;SHUFFLE;true;0;0;1;2;1;0;10381049;54000;31;26.3557000434957;4.32999992370605;0
optimal;0.48192310333252;1;37mb;8;SHUFFLE;false;0;0;1;0;1;0;19545502;176;23;19.8669999954291;0.44579029083252;0
optimal;0.343017578125;1;36mb;8;SHUFFLE;false;0;0;1;0;1;0;10380948;275;23;18.3157999999821;0.253173828125;0
optimal;0.302001953125;1;36mb;8;SHUFFLE;false;0;0;1;0;1;0;10380948;391;23;15.7902999781072;0.253173828125;0
optimal;0.289306640625;1;36mb;8;SHUFFLE;false;0;0;1;0;1;0;10380948;419;23;14.8619000101462;0.253173828125;0
optimal;25.5499992370605;1;65mb;8;SHUFFLE;true;5;0;2;0;2;0;1077453910;7200000;28;50.8948999922723;13.6599998474121;0
optimal;5.10999965667725;1;38mb;8;SHUFFLE;true;0;0;1;2;1;0;10380974;54000;16;31.5965000190772;4.31999969482422;0
optimal;5.10999965667725;1;38mb;8;SHUFFLE;true;0;0;1;2;1;0;10380974;54000;16;25.3432999597862;4.31999969482422;0
optimal;5.10999965667725;1;38mb;8;SHUFFLE;true;0;0;1;2;1;0;10380974;54000;16;25.700300000608;4.31999969482422;0
optimal;5.10999965667725;1;38mb;8;SHUFFLE;true;0;0;1;2;1;0;10380974;54000;16;14.8794000269845;4.31999969482422;0
optimal;0.29213809967041;1;36mb;8;SHUFFLE;false;0;0;1;0;1;0;10380918;358;8;16.6083999793045;0.23452091217041;0
optimal;0.27553653717041;1;36mb;8;SHUFFLE;false;0;0;1;0;1;0;10380918;499;8;29.8121999949217;0.23452091217041;0
network_congestion;155.579999923706;4;234mb;8;SHUFFLE;false;5;0;2;2;2;0;536409838;49380000;43;8786.49249998853;152.91999912262;0
optimal;22.3699998855591;1;61mb;8;SHUFFLE;true;5;0;2;0;2;0;67507541;359430;47;38.2316999603063;7.71999931335449;0
optimal;31.5099992752075;1;72mb;8;SHUFFLE;true;5;0;2;0;2;0;125032443;720290;51;37.6498000114225;19.3799991607666;0
optimal;13.1199998855591;1;49mb;8;SHUFFLE;true;0;0;1;2;1;0;10381089;54000;39;25.5837999866344;13.0099992752075;0
optimal;13.1199998855591;1;49mb;8;SHUFFLE;true;0;0;1;2;1;0;10381089;54000;39;36.3486999995075;13.0099992752075;0
optimal;13.1199998855591;1;49mb;8;SHUFFLE;true;0;0;1;2;1;0;10381089;54000;39;27.3051999974996;13.0099992752075;0
optimal;13.1199998855591;1;49mb;8;SHUFFLE;true;0;0;1;2;1;0;10381089;54000;39;30.2666000206955;13.0099992752075;0
optimal;13.1199998855591;1;49mb;8;SHUFFLE;true;0;0;1;2;1;0;10381089;54000;39;35.4889000300318;13.0099992752075;0
optimal;13.1199998855591;1;49mb;8;SHUFFLE;true;0;0;1;2;1;0;10381089;54000;39;28.824099979829;13.0099992752075;0
optimal;13.1199998855591;1;49mb;8;SHUFFLE;true;0;0;1;2;1;0;10381089;54000;39;38.3926999638788;13.0099992752075;0
optimal;13.1199998855591;1;49mb;8;SHUFFLE;true;0;0;1;2;1;0;10381089;54000;39;52.7238000067882;13.0799999237061;0
optimal;4.41999912261963;1;37mb;8;SHUFFLE;false;0;0;1;0;1;0;19545520;325;32;18.1482000043616;4.35999965667725;0
optimal;31.3599996566772;1;72mb;8;SHUFFLE;true;5;0;2;2;2;0;125032376;774290;28;160.429999988992;15.0199995040894;0
network_congestion;95.8899993896484;2;156mb;8;SHUFFLE;false;5;4;2;2;2;0;1077453942;7200000;28;714.140700001735;94.7599992752075;0
network_congestion;58.4899997711182;2;108mb;8;SHUFFLE;false;5;0;2;2;2;0;1077453958;7250000;28;776.032600027975;57.4899997711182;0
optimal;5.10999965667725;1;38mb;8;SHUFFLE;true;0;0;1;2;1;0;10380954;54000;12;16.291200008709;4.21999931335449;0
optimal;5.10999965667725;1;38mb;8;SHUFFLE;true;0;0;1;2;1;0;10380954;54000;12;18.7704000272788;4.21999931335449;0
optimal;5.10999965667725;1;38mb;8;SHUFFLE;true;0;0;1;2;1;0;10380954;54000;12;16.2509999936447;4.21999931335449;0
optimal;5.10999965667725;1;38mb;8;SHUFFLE;true;0;0;1;2;1;0;10380954;54000;12;15.2175999828614;4.21999931335449;0
optimal;5.10999965667725;1;38mb;8;SHUFFLE;true;0;0;1;2;1;0;10380954;54000;12;14.8308000061661;4.21999931335449;0
optimal;5.10999965667725;1;38mb;8;SHUFFLE;true;0;0;1;2;1;0;10380954;54000;12;15.9217999898829;4.21999931335449;0
optimal;5.10999965667725;1;38mb;8;SHUFFLE;true;0;0;1;2;1;0;10380954;54000;12;30.9509999933653;4.21999931335449;0
optimal;0.213027000427246;1;36mb;8;SHUFFLE;false;0;0;1;0;1;0;10380910;189;4;16.5766999707557;0.179823875427246;0
optimal;0.200331687927246;1;36mb;8;SHUFFLE;false;0;0;1;0;1;0;10380910;291;4;15.2980999555439;0.179823875427246;0
optimal;0.188026428222656;1;36mb;8;SHUFFLE;false;0;0;1;0;1;0;10380906;67;4;19.1600000252947;0.154823303222656;0
optimal;14.5899991989136;1;50mb;8;SHUFFLE;true;5;4;2;0;2;0;536409646;49330000;28;37.3765000258572;14.0299997329712;0
network_congestion;27.1699991226196;2;67mb;8;SHUFFLE;false;5;4;2;2;2;0;1429628678;14400000;28;613.527400011662;33.7399997711182;0
network_congestion;21.2599992752075;1;59mb;8;BROADCAST;true;5;4;2;2;2;0;528985764;3600000;20;565.955300000496;21.0999994277954;0
network_congestion;23.4199991226196;2;62mb;8;SHUFFLE;false;5;4;2;2;2;0;528985756;3600000;24;569.83280001441;24.4699993133545;0
network_congestion;124.879999160767;2;194mb;8;SHUFFLE;false;5;0;2;2;2;0;528985768;3650000;24;869.377499970142;123.209999084473;0
optimal;13.9599990844727;1;50mb;8;SHUFFLE;true;5;4;2;0;2;0;125032308;720290;28;40.5268999747932;12.9699993133545;0
optimal;5.13999938964844;1;38mb;8;SHUFFLE;true;0;0;1;2;1;0;19545508;102000;12;26.62409999175;4.25;0
optimal;5.10999965667725;1;38mb;8;SHUFFLE;true;0;0;1;2;1;0;10380954;54000;12;19.5776000036858;4.22999954223633;0
optimal;5.10999965667725;1;38mb;8;SHUFFLE;true;0;0;1;2;1;0;10380954;54000;12;21.4505000039935;4.22999954223633;0
optimal;0.217255592346191;1;36mb;8;SHUFFLE;false;0;0;1;0;1;0;10380910;130;4;30.3958000149578;0.188935279846191;0
optimal;0.249618530273438;1;36mb;8;SHUFFLE;false;0;0;1;0;1;0;19545464;163;4;17.0711999526247;0.216415405273438;0
optimal;0.249618530273438;1;36mb;8;SHUFFLE;false;0;0;1;0;1;0;19545464;271;4;16.2961999885738;0.216415405273438;0
optimal;0.399872779846191;1;36mb;8;SHUFFLE;false;0;0;1;0;1;0;10380910;318;4;15.0053999968804;0.188935279846191;0
optimal;0.234833717346191;1;36mb;8;SHUFFLE;false;0;0;1;0;1;0;10380910;334;4;32.9687000485137;0.188935279846191;0
optimal;0.222138404846191;1;36mb;8;SHUFFLE;false;0;0;1;0;1;0;10380910;407;4;15.8917999942787;0.188935279846191;0
optimal;0.234833717346191;1;36mb;8;SHUFFLE;false;0;0;1;0;1;0;10380910;498;4;20.4536999808624;0.188935279846191;0
optimal;0.216806411743164;1;36mb;8;SHUFFLE;false;0;0;1;0;1;0;19545460;50;4;21.3154999655671;0.183603286743164;0
optimal;12.0999994277954;1;47mb;8;SHUFFLE;true;5;4;2;0;2;0;125032368;720290;40;39.7021999815479;11.2099990844727;0
optimal;5.25999927520752;1;38mb;8;SHUFFLE;true;0;0;1;2;1;0;10381014;54000;24;17.9763000342064;4.22999954223633;0
optimal;5.25999927520752;1;38mb;8;SHUFFLE;true;0;0;1;2;1;0;10381014;54000;24;21.5119000058621;4.22999954223633;0
optimal;5.25999927520752;1;38mb;8;SHUFFLE;true;0;0;1;2;1;0;10381014;54000;24;15.4615000355989;4.22999954223633;0
optimal;0.234442710876465;1;36mb;8;SHUFFLE;false;0;0;1;0;1;0;10380934;125;16;15.1300999568775;0.185614585876465;0
optimal;0.234442710876465;1;36mb;8;SHUFFLE;false;0;0;1;0;1;0;10380934;170;16;15.0888999924064;0.185614585876465;0
optimal;0.234442710876465;1;36mb;8;SHUFFLE;false;0;0;1;0;1;0;10380934;254;16;15.841200016439;0.185614585876465;0
optimal;0.234442710876465;1;36mb;8;SHUFFLE;false;0;0;1;0;1;0;10380934;331;16;20.8880999707617;0.185614585876465;0
optimal;0.234442710876465;1;36mb;8;SHUFFLE;false;0;0;1;0;1;0;10380934;332;16;19.2506000166759;0.185614585876465;0
optimal;12.1199998855591;1;47mb;8;SHUFFLE;true;5;4;2;0;2;0;125032356;720290;36;31.8589999806136;11.5;0
optimal;5.25999927520752;1;38mb;8;SHUFFLE;true;0;0;1;2;1;0;10381014;54000;24;29.3850000016391;4.29999923706055;0
optimal;5.25999927520752;1;38mb;8;SHUFFLE;true;0;0;1;2;1;0;10381014;54000;24;19.5206999778748;4.29999923706055;0
optimal;5.25999927520752;1;38mb;8;SHUFFLE;true;0;0;1;2;1;0;10381014;54000;24;16.6297999676317;4.29999923706055;0
optimal;5.25999927520752;1;38mb;8;SHUFFLE;true;0;0;1;2;1;0;10381014;54000;24;31.8919999990612;4.29999923706055;0
optimal;5.25999927520752;1;38mb;8;SHUFFLE;true;0;0;1;2;1;0;10381014;54000;24;26.9637000164948;4.29999923706055;0
optimal;0.247577667236328;1;36mb;8;SHUFFLE;false;0;0;1;0;1;0;10380934;197;16;25.7428999757394;0.198749542236328;0
optimal;0.247577667236328;1;36mb;8;SHUFFLE;false;0;0;1;0;1;0;10380934;416;16;18.2025000103749;0.198749542236328;0
optimal;0.247577667236328;1;36mb;8;SHUFFLE;false;0;0;1;0;1;0;10380934;431;16;15.2320000343025;0.198749542236328;0
optimal;0.247577667236328;1;36mb;8;SHUFFLE;false;0;0;1;0;1;0;10380934;456;16;20.2134000137448;0.198749542236328;0
optimal;0.247577667236328;1;36mb;8;SHUFFLE;false;0;0;1;0;1;0;10380934;470;16;15.6329000019468;0.198749542236328;0
optimal;0.269110679626465;1;36mb;8;SHUFFLE;false;0;0;1;0;1;0;19545472;70;16;20.1421999954619;0.220282554626465;0
optimal;0.258476257324219;1;36mb;8;SHUFFLE;false;0;0;1;0;1;0;10380918;79;16;16.3564999820665;0.189140319824219;0
network_congestion;21.1099996566772;4;59mb;8;SHUFFLE;false;5;4;2;2;2;0;536409794;49330000;40;3529.10420001717;31.3099994659424;0
optimal;5.11999988555908;1;38mb;8;SHUFFLE;true;0;0;1;2;1;0;10380954;54000;12;18.3016000082716;4.55999946594238;0
optimal;5.26999950408936;1;38mb;8;SHUFFLE;true;0;0;1;2;1;0;19545508;102000;12;30.3630999987945;4.56999969482422;0
optimal;5.26999950408936;1;38mb;8;SHUFFLE;true;0;0;1;2;1;0;19545508;102000;12;31.4521999680437;4.54999923706055;0
optimal;0.294150352478027;1;36mb;8;SHUFFLE;false;0;0;1;0;1;0;10380910;344;4;18.6780999647453;0.260947227478027;0
optimal;2.66999912261963;1;35mb;8;SHUFFLE;false;3;0;2;0;2;0;1489492;12000;37;36.6004999959841;2.52999973297119;0
optimal;10.9499998092651;1;46mb;8;SHUFFLE;false;3;3;2;2;2;0;1444359;14760;116;26.3664999511093;11.9599990844727;0
optimal;4.29999923706055;1;37mb;8;SHUFFLE;false;3;3;2;0;2;0;1444043;11720;116;21.6205000178888;3.98999977111816;0
optimal;2.6299991607666;1;35mb;8;SHUFFLE;false;3;0;2;0;2;0;1489492;12000;37;24.3281000293791;2.4399995803833;0
optimal;3.26999950408936;1;41mb;8;SHUFFLE;false;5;4;2;0;2;0;1443863;11720;49;17.752899962943;4.26999950408936;0
optimal;12.5999994277954;1;48mb;8;SHUFFLE;true;5;4;2;0;2;0;231063855;1440000;33;78.6769000114873;13.4799995422363;0
optimal;4.08999919891357;1;37mb;8;SHUFFLE;false;0;0;1;2;1;0;62519;500;21;19.6560000185855;4.21999931335449;0
optimal;4.21999931335449;1;37mb;8;SHUFFLE;false;0;0;1;2;1;0;62519;500;21;32.5900000170805;4.21999931335449;0
optimal;4.08999919891357;1;37mb;8;SHUFFLE;false;0;0;1;2;1;0;51009;388;21;17.875500023365;4.06999969482422;0
optimal;4.21999931335449;1;37mb;8;SHUFFLE;false;0;0;1;2;1;0;51009;388;21;16.4755000150762;4.06999969482422;0
optimal;4.08999919891357;1;37mb;8;SHUFFLE;false;0;0;1;2;1;0;51009;388;21;19.3691999884322;4.21999931335449;0
optimal;0.0965232849121094;1;36mb;8;SHUFFLE;false;0;0;1;0;1;0;50938;257;13;19.9947999790311;0.0731048583984375;0
optimal;0.0965232849121094;1;36mb;8;SHUFFLE;false;0;0;1;0;1;0;50938;279;13;24.9035999877378;0.0731048583984375;0
optimal;0.0869140625;1;36mb;8;SHUFFLE;false;0;0;1;0;1;0;50925;95;13;15.5961000127718;0.0634860992431641;0
optimal;21.1499996185303;1;59mb;8;SHUFFLE;true;5;4;2;0;2;0;1420505555;133110000;33;47.2364000161178;13.1699991226196;0
network_congestion;26.5299997329712;2;66mb;8;SHUFFLE;false;5;0;2;2;2;0;1419298748;14700000;33;821.885299985297;56.9799995422363;0
optimal;52.6599998474121;1;100mb;8;SHUFFLE;true;10;4;3;2;3;0;232491115;1440000;61;190.416999976151;48.5799999237061;0
optimal;5.09999942779541;1;38mb;8;SHUFFLE;false;3;3;2;0;2;0;1489713;12000;116;38.0189000279643;6.09999942779541;0
optimal;2.69999980926514;1;35mb;8;SHUFFLE;false;3;0;2;0;2;0;1489492;12000;37;17.9212999646552;2.6299991607666;0
optimal;28.1699991226196;1;68mb;8;SHUFFLE;true;5;4;2;0;2;0;62575;14400000;37;31.387299997732;12.4099998474121;0
optimal;4.08999919891357;1;37mb;8;SHUFFLE;false;0;0;1;2;1;0;51009;388;21;15.7314000534825;4.21999931335449;0
optimal;4.08999919891357;1;37mb;8;SHUFFLE;false;0;0;1;2;1;0;62519;500;21;20.3320999862626;4.06999969482422;0
optimal;4.08999919891357;1;37mb;8;SHUFFLE;false;0;0;1;2;1;0;51009;388;21;15.8853999455459;4.06999969482422;0
optimal;4.08999919891357;1;37mb;8;SHUFFLE;false;0;0;1;2;1;0;51009;388;21;26.0965999914333;4.06999969482422;0
optimal;4.08999919891357;1;37mb;8;SHUFFLE;false;0;0;1;2;1;0;51009;388;21;16.0281000426039;4.06999969482422;0
optimal;4.08999919891357;1;37mb;8;SHUFFLE;false;0;0;1;2;1;0;51009;388;21;15.2057000086643;4.06999969482422;0
optimal;0.0965232849121094;1;36mb;8;SHUFFLE;false;0;0;1;0;1;0;50938;106;13;15.030000009574;0.0731048583984375;0
optimal;0.0965232849121094;1;36mb;8;SHUFFLE;false;0;0;1;0;1;0;50938;117;13;16.0745999892242;0.0731048583984375;0
optimal;0.0965232849121094;1;36mb;8;SHUFFLE;false;0;0;1;0;1;0;62448;339;13;17.7452000207268;0.0731048583984375;0
optimal;0.0965232849121094;1;36mb;8;SHUFFLE;false;0;0;1;0;1;0;50938;375;13;16.3407999789342;0.0731048583984375;0
optimal;0.0965232849121094;1;36mb;8;SHUFFLE;false;0;0;1;0;1;0;50938;388;13;18.0074000381865;0.0731048583984375;0
optimal;0.0965232849121094;1;36mb;8;SHUFFLE;false;0;0;1;0;1;0;62448;438;13;16.9222999829799;0.0731048583984375;0
optimal;0.0869140625;1;36mb;8;SHUFFLE;false;0;0;1;0;1;0;50925;53;13;16.2799000390805;0.0634860992431641;0
optimal;21.0299997329712;1;59mb;8;SHUFFLE;true;5;4;2;0;2;0;1420505567;133110000;37;34.3318000086583;13.0099992752075;0
optimal;13.3499994277954;1;49mb;8;SHUFFLE;true;5;0;2;2;2;0;19608196;102500;47;28.9032000000589;8.21999931335449;0
optimal;14.2099990844727;1;50mb;8;SHUFFLE;false;3;3;2;2;2;0;1490302;16219;155;56.2379999901168;14.1699991226196;0
optimal;9.25;1;44mb;8;SHUFFLE;false;3;3;2;2;2;0;1489828;16219;76;44.8954999446869;10.2599992752075;0
optimal;6.40999984741211;1;40mb;8;SHUFFLE;false;3;3;2;2;2;0;1444142;14760;68;27.3572999867611;6.23999977111816;0
optimal;12.6699991226196;1;48mb;8;SHUFFLE;true;5;4;2;0;2;0;1067124140;7200000;76;26.5678999712691;12.3699998855591;0
optimal;34.289999961853;1;76mb;8;SHUFFLE;true;5;0;2;0;2;0;62770;14400000;72;30.8144000009634;11.5699996948242;0
optimal;4.32999992370605;1;37mb;8;SHUFFLE;false;0;0;1;2;1;0;51204;388;60;19.0154000301845;4.32999992370605;0
optimal;4.32999992370605;1;37mb;8;SHUFFLE;false;0;0;1;2;1;0;51204;388;60;16.0628000157885;4.32999992370605;0
optimal;4.32999992370605;1;37mb;8;SHUFFLE;false;0;0;1;2;1;0;51204;388;60;15.71430003969;4.32999992370605;0
optimal;4.32999992370605;1;37mb;8;SHUFFLE;false;0;0;1;2;1;0;51204;388;60;27.5289000128396;4.32999992370605;0
optimal;4.32999992370605;1;37mb;8;SHUFFLE;false;0;0;1;2;1;0;62714;500;60;29.5149000012316;4.32999992370605;0
optimal;0.104990005493164;1;36mb;8;SHUFFLE;false;0;0;1;0;1;0;51016;114;52;18.1896000285633;0.0815525054931641;0
optimal;0.104990005493164;1;36mb;8;SHUFFLE;false;0;0;1;0;1;0;51016;167;52;23.2027000165544;0.0815525054931641;0
network_congestion;47.5499992370605;4;93mb;8;SHUFFLE;false;5;0;2;2;2;0;526080108;49330000;76;7960.52500000224;46.1099996566772;0
network_congestion;16.5899991989136;4;53mb;8;SHUFFLE;false;5;4;2;2;2;0;526080092;49330000;76;2735.85520003689;22.4699993133545;0
optimal;27.5499992370605;1;67mb;8;SHUFFLE;true;5;4;2;0;2;0;62758;28800000;72;30.4030999541283;10.539999961853;0
optimal;21.1199998855591;1;59mb;8;SHUFFLE;true;5;4;2;0;2;0;1419298876;14400000;76;29.0411999449134;13.039999961853;0
optimal;90.9099998474121;1;150mb;8;SHUFFLE;true;5;0;2;2;2;0;57177892;359810;76;119.974600034766;80.8399991989136;0
optimal;7.38999938964844;1;41mb;8;SHUFFLE;false;3;3;2;2;2;0;1489555;16670;37;28.4283999935724;8.39999961853027;0
optimal;4.22999954223633;1;37mb;8;SHUFFLE;false;0;0;1;2;1;0;51009;388;21;19.7166000143625;4.22999954223633;0
optimal;4.22999954223633;1;37mb;8;SHUFFLE;false;0;0;1;2;1;0;51009;388;21;15.9526000497863;4.22999954223633;0
optimal;4.22999954223633;1;37mb;8;SHUFFLE;false;0;0;1;2;1;0;62519;500;21;16.6378999711014;4.22999954223633;0
optimal;4.22999954223633;1;37mb;8;SHUFFLE;false;0;0;1;2;1;0;51009;388;21;33.9250999968499;4.22999954223633;0
optimal;4.22999954223633;1;37mb;8;SHUFFLE;false;0;0;1;2;1;0;51009;388;21;20.1988000189885;4.22999954223633;0
optimal;4.22999954223633;1;37mb;8;SHUFFLE;false;0;0;1;2;1;0;51009;388;21;17.6050000009127;4.22999954223633;0
optimal;4.22999954223633;1;37mb;8;SHUFFLE;false;0;0;1;2;1;0;51009;388;21;16.9462999911048;4.22999954223633;0
optimal;4.22999954223633;1;37mb;8;SHUFFLE;false;0;0;1;2;1;0;51009;388;21;15.7704000012018;4.22999954223633;0
optimal;4.22999954223633;1;37mb;8;SHUFFLE;false;0;0;1;2;1;0;51009;388;21;14.7026000195183;4.22999954223633;0
optimal;4.22999954223633;1;37mb;8;SHUFFLE;false;0;0;1;2;1;0;51009;388;21;79.3024000013247;4.22999954223633;0
optimal;4.22999954223633;1;37mb;8;SHUFFLE;false;0;0;1;2;1;0;51009;388;21;19.2440000246279;4.22999954223633;0
optimal;4.22999954223633;1;37mb;8;SHUFFLE;false;0;0;1;2;1;0;51009;388;21;15.5345000093803;4.22999954223633;0
optimal;0.0965232849121094;1;36mb;8;SHUFFLE;false;0;0;1;0;1;0;50938;177;13;18.9356000046246;0.0731143951416016;0
optimal;0.0965232849121094;1;36mb;8;SHUFFLE;false;0;0;1;0;1;0;62448;212;13;19.373299961444;0.0731143951416016;0
optimal;0.0965232849121094;1;36mb;8;SHUFFLE;false;0;0;1;0;1;0;50938;328;13;15.6617999891751;0.0731143951416016;0
optimal;0.0965232849121094;1;36mb;8;SHUFFLE;false;0;0;1;0;1;0;50938;333;13;21.4546999777667;0.0731143951416016;0
optimal;12.9599990844727;1;48mb;8;SHUFFLE;true;5;4;2;0;2;0;1420505543;133110000;29;109.085500007495;9;0
optimal;11.3299999237061;1;46mb;8;SHUFFLE;true;5;0;2;2;2;0;10432062;54000;37;26.5520000248216;9;0
network_congestion;2529.27999973297;4;3320mb;8;SHUFFLE;false;10;0;3;2;3;0;346470427;117030000;53;22077.2512999829;2529.27999973297;0
optimal;7.25;1;41mb;8;SHUFFLE;false;3;3;2;2;2;0;1443885;14760;37;50.2244000090286;8.25999927520752;0
optimal;6.6299991607666;1;40mb;8;SHUFFLE;false;3;3;2;2;2;0;1443885;15620;37;42.0074000139721;6.46999931335449;0
optimal;4.08999919891357;1;37mb;8;SHUFFLE;false;0;0;1;2;1;0;51009;388;21;16.257899987977;4.06999969482422;0
optimal;0.0965232849121094;1;36mb;8;SHUFFLE;false;0;0;1;0;1;0;50938;157;13;18.8151000184007;0.0731048583984375;0
optimal;0.0965232849121094;1;36mb;8;SHUFFLE;false;0;0;1;0;1;0;62448;255;13;31.9347999757156;0.0731048583984375;0
optimal;0.0965232849121094;1;36mb;8;SHUFFLE;false;0;0;1;0;1;0;50938;310;13;20.2195999445394;0.0731048583984375;0
optimal;0.0965232849121094;1;36mb;8;SHUFFLE;false;0;0;1;0;1;0;62448;417;13;16.9144000392407;0.0731048583984375;0
optimal;0.0965232849121094;1;36mb;8;SHUFFLE;false;0;0;1;0;1;0;50938;388;13;18.2482000091113;0.0731048583984375;0
optimal;24.1699991226196;1;63mb;8;SHUFFLE;true;5;0;2;2;2;0;57177580;359810;37;119.925000006333;9.34999942779541;0
optimal;7.67999935150146;1;41mb;8;SHUFFLE;false;3;3;2;2;2;0;1489675;16219;57;29.863599978853;8.6899995803833;0
network_congestion;83.75;4;231mb;8;BROADCAST;false;10;4;3;2;3;0;1421932791;133110000;53;3226.93490004167;166.209999084473;0
optimal;2.6299991607666;1;35mb;8;SHUFFLE;false;3;0;2;0;2;0;1489492;12000;37;17.2160000074655;2.54999923706055;0
optimal;2.54999923706055;1;35mb;8;SHUFFLE;false;3;0;2;0;2;0;1443822;11720;37;28.5808999906294;2.44999980926514;0
optimal;2.54999923706055;1;35mb;8;SHUFFLE;false;3;0;2;0;2;0;1443822;11720;37;27.6293000206351;2.29999923706055;0
optimal;2.46999931335449;1;35mb;8;SHUFFLE;false;3;3;2;0;2;0;1443782;11720;29;16.1170000210404;2.28999996185303;0
optimal;12.9499998092651;1;48mb;8;SHUFFLE;true;5;4;2;0;2;0;114702363;720290;37;30.3318999940529;13.9299993515015;0
network_congestion;66.3899993896484;2;118mb;8;SHUFFLE;false;5;0;2;2;2;0;1067124012;7200000;33;720.599899999797;65.5699996948242;0
optimal;4.08999919891357;1;37mb;8;SHUFFLE;false;0;0;1;2;1;0;51009;388;21;16.5790999890305;4.06999969482422;0
optimal;4.08999919891357;1;37mb;8;SHUFFLE;false;0;0;1;2;1;0;62519;500;21;20.461400039494;4.06999969482422;0
optimal;4.08999919891357;1;37mb;8;SHUFFLE;false;0;0;1;2;1;0;51009;388;21;15.6339000095613;4.06999969482422;0
optimal;0.0965232849121094;1;36mb;8;SHUFFLE;false;0;0;1;0;1;0;50938;193;13;16.7668999638408;0.0731048583984375;0
optimal;0.0965232849121094;1;36mb;8;SHUFFLE;false;0;0;1;0;1;0;62448;212;13;17.9448000271805;0.0731048583984375;0
optimal;0.0965232849121094;1;36mb;8;SHUFFLE;false;0;0;1;0;1;0;50938;317;13;16.1653999821283;0.0731048583984375;0
optimal;0.0965232849121094;1;36mb;8;SHUFFLE;false;0;0;1;0;1;0;50938;351;13;19.5101000135764;0.0731048583984375;0
optimal;0.0965232849121094;1;36mb;8;SHUFFLE;false;0;0;1;0;1;0;50938;388;13;16.1795999738388;0.0731048583984375;0
optimal;22.1499996185303;1;60mb;8;SHUFFLE;true;5;0;2;0;2;0;1420505583;133110000;37;52.9783999663778;13.1199998855591;0
network_congestion;25.1699991226196;4;75mb;8;BROADCAST;false;5;4;2;2;2;0;1420505646;133110000;37;3325.96859999467;36.6799993515015;0
optimal;15.9499998092651;1;52mb;8;SHUFFLE;true;5;0;2;0;2;0;57177485;359430;33;30.0136000150815;7.46999931335449;0
optimal;19.0799999237061;1;56mb;8;SHUFFLE;true;5;0;2;2;2;0;1045828458;7200000;33;362.116700038314;17.7699995040894;0
optimal;3.11999988555908;1;36mb;8;SHUFFLE;false;3;0;2;0;2;0;1443902;11720;57;16.4542000275105;2.88999938964844;0
optimal;7.30999946594238;1;41mb;8;SHUFFLE;false;3;3;2;2;2;0;1489555;16219;37;32.315100019332;8.31999969482422;0
optimal;6.52999973297119;1;40mb;8;SHUFFLE;false;3;0;2;2;2;0;1489547;16219;29;29.0161999873817;6.39999961853027;0
optimal;2.72999954223633;1;35mb;8;SHUFFLE;false;3;0;2;0;2;0;1489540;12000;49;18.7230000155978;2.6299991607666;0
optimal;4.14999961853027;1;37mb;8;SHUFFLE;false;0;0;1;2;1;0;62519;500;21;18.5197999817319;4.06999969482422;0
optimal;4.08999919891357;1;37mb;8;SHUFFLE;false;0;0;1;2;1;0;62519;500;21;16.6289999615401;4.21999931335449;0
optimal;4.08999919891357;1;37mb;8;SHUFFLE;false;0;0;1;2;1;0;51009;388;21;17.3670999938622;4.21999931335449;0
optimal;4.08999919891357;1;37mb;8;SHUFFLE;false;0;0;1;2;1;0;51009;388;21;16.2149000097997;4.06999969482422;0
optimal;4.08999919891357;1;37mb;8;SHUFFLE;false;0;0;1;2;1;0;51009;388;21;15.8071999903768;4.06999969482422;0
optimal;4.08999919891357;1;37mb;8;SHUFFLE;false;0;0;1;2;1;0;51009;388;21;16.9592999736778;4.06999969482422;0
optimal;0.0965232849121094;1;36mb;8;SHUFFLE;false;0;0;1;0;1;0;50938;174;13;18.676100007724;0.0731048583984375;0
optimal;0.0965232849121094;1;36mb;8;SHUFFLE;false;0;0;1;0;1;0;50938;224;13;19.9083999614231;0.0731048583984375;0
optimal;0.0965232849121094;1;36mb;8;SHUFFLE;false;0;0;1;0;1;0;50938;388;13;19.849400036037;0.0731048583984375;0
network_congestion;26.3099994659424;4;66mb;8;SHUFFLE;false;5;0;2;2;2;0;1420505662;133110000;37;3324.84499999555;34.6499996185303;0
optimal;19.2199993133545;2;65mb;8;SHUFFLE;true;5;0;2;2;2;0;1419298752;14400000;29;364.56509999698;27.4499998092651;0
network_congestion;130.549999237061;4;313mb;8;SHUFFLE;false;5;4;2;2;2;0;62630;28800000;33;1424.80370000703;218.679999351501;0
optimal;18.539999961853;1;56mb;8;SHUFFLE;true;5;0;2;0;2;0;115468849;719220;33;30.1319000427611;11.4699993133545;0
optimal;10.7599992752075;1;45mb;8;SHUFFLE;false;3;0;2;2;2;0;1444454;14760;116;32.4356999481097;10.6699991226196;0
optimal;6.54999923706055;1;40mb;8;SHUFFLE;false;3;0;2;2;2;0;1443877;15620;29;26.2461999664083;6.40999984741211;0
optimal;18.6199998855591;1;56mb;8;SHUFFLE;true;5;4;2;2;2;0;1067124000;7200000;33;312.652799999341;19.6399993896484;0
optimal;4.08999919891357;1;37mb;8;SHUFFLE;false;0;0;1;2;1;0;51009;388;21;17.7882999996655;4.06999969482422;0
optimal;0.0965232849121094;1;36mb;8;SHUFFLE;false;0;0;1;0;1;0;50938;166;13;18.5893999878317;0.0731048583984375;0
optimal;0.0965232849121094;1;36mb;8;SHUFFLE;false;0;0;1;0;1;0;50938;306;13;15.0401999708265;0.0731048583984375;0
optimal;0.0965232849121094;1;36mb;8;SHUFFLE;false;0;0;1;0;1;0;50938;388;13;15.3973999549635;0.0731048583984375;0
optimal;0.0965232849121094;1;36mb;8;SHUFFLE;false;0;0;1;0;1;0;62448;492;13;19.5244000060484;0.0731048583984375;0
optimal;18.7799997329712;1;56mb;8;SHUFFLE;true;5;0;2;2;2;0;360877670;2880000;37;266.759800026193;18.0999994277954;0
optimal;22.7099990844727;1;61mb;8;SHUFFLE;true;5;0;2;0;2;0;1419298681;14400000;33;64.6393999923021;13.4099998474121;0
optimal;28.5499992370605;1;69mb;8;SHUFFLE;true;5;4;2;0;2;0;62563;28800000;33;29.371699958574;12.539999961853;0
optimal;27.3399991989136;1;67mb;8;SHUFFLE;true;5;0;2;0;2;0;518655799;3600000;37;16.2316000205465;10.3399991989136;0
optimal;5.21999931335449;1;38mb;8;SHUFFLE;false;3;0;2;0;2;0;1443790;11720;29;30.1707999897189;5.23999977111816;0
optimal;4.08999919891357;1;37mb;8;SHUFFLE;false;0;0;1;2;1;0;51009;388;21;19.9189999839291;4.20999908447266;0
optimal;4.08999919891357;1;37mb;8;SHUFFLE;false;0;0;1;2;1;0;51009;388;21;20.4912999761291;4.06999969482422;0
optimal;4.08999919891357;1;37mb;8;SHUFFLE;false;0;0;1;2;1;0;62519;500;21;20.7636000122875;4.06999969482422;0
optimal;4.08999919891357;1;37mb;8;SHUFFLE;false;0;0;1;2;1;0;62519;500;21;20.4773999867029;4.06999969482422;0
optimal;4.08999919891357;1;37mb;8;SHUFFLE;false;0;0;1;2;1;0;51009;388;21;36.1428000032902;4.06999969482422;0
optimal;4.08999919891357;1;37mb;8;SHUFFLE;false;0;0;1;2;1;0;51009;388;21;109.393899969291;4.06999969482422;0
optimal;4.08999919891357;1;37mb;8;SHUFFLE;false;0;0;1;2;1;0;51009;388;21;40.5105999670923;4.06999969482422;0
optimal;0.0965232849121094;1;36mb;8;SHUFFLE;false;0;0;1;0;1;0;62448;238;13;20.2304999693297;0.0731048583984375;0
optimal;0.0869140625;1;36mb;8;SHUFFLE;false;0;0;1;0;1;0;50925;65;13;16.7866999981925;0.0634860992431641;0
optimal;0.0869140625;1;36mb;8;SHUFFLE;false;0;0;1;0;1;0;50925;68;13;16.3532000151463;0.0634860992431641;0
optimal;4.36999988555908;1;37mb;8;SHUFFLE;false;3;3;2;0;2;0;1489693;12000;111;31.168700021226;4.07999992370605;0
optimal;2.55999946594238;1;35mb;8;SHUFFLE;false;3;3;2;0;2;0;1489456;12000;32;27.6171999867074;2.29999923706055;0
optimal;6.55999946594238;1;40mb;8;SHUFFLE;false;3;3;2;2;2;0;1443850;15620;32;26.1306000174955;6.31999969482422;0
optimal;12.6599998474121;1;48mb;8;SHUFFLE;true;5;4;2;0;2;0;1067123920;7200000;32;34.1326000052504;12.3799991607666;0
optimal;4.20999908447266;1;37mb;8;SHUFFLE;false;0;0;1;2;1;0;50984;388;16;19.0919999731705;4.20999908447266;0
optimal;4.20999908447266;1;37mb;8;SHUFFLE;false;0;0;1;2;1;0;50984;388;16;15.5163999879733;4.05999946594238;0
optimal;4.07999992370605;1;37mb;8;SHUFFLE;false;0;0;1;2;1;0;50984;388;16;20.7188000204042;4.05999946594238;0
optimal;4.07999992370605;1;37mb;8;SHUFFLE;false;0;0;1;2;1;0;50984;388;16;15.0497000431642;4.05999946594238;0
optimal;0.0890817642211914;1;36mb;8;SHUFFLE;false;0;0;1;0;1;0;50928;183;8;14.606399985496;0.0695600509643555;0
optimal;0.0890817642211914;1;36mb;8;SHUFFLE;false;0;0;1;0;1;0;50928;345;8;15.0841000140645;0.0695600509643555;0
optimal;0.0890817642211914;1;36mb;8;SHUFFLE;false;0;0;1;0;1;0;50928;388;8;19.1302999737673;0.0695600509643555;0
network_congestion;32.5799999237061;4;74mb;8;SHUFFLE;false;5;0;2;2;2;0;1420505598;133110000;24;4831.9037000183;52.1099996566772;0
optimal;21.2399997711182;1;59mb;8;SHUFFLE;true;5;4;2;0;2;0;1419298656;14400000;32;25.8974999887869;13.1399993896484;0
optimal;22.1699991226196;1;60mb;8;SHUFFLE;true;5;0;2;0;2;0;1419298672;14400000;32;51.5041000326164;13.1499996185303;0
optimal;18.9099998474121;1;56mb;8;SHUFFLE;true;5;0;2;2;2;0;115468904;719220;32;111.320800031535;18;0
optimal;28.2099990844727;1;68mb;8;SHUFFLE;true;5;0;2;0;2;0;115468840;719220;32;17.3792000277899;11.9399995803833;0
optimal;18.1399993896484;1;55mb;8;SHUFFLE;true;5;0;2;0;2;0;57177476;359430;32;16.2379000103101;5.13999938964844;0
optimal;28.1299991607666;1;68mb;8;SHUFFLE;true;5;0;2;2;2;0;115468904;719720;32;159.997700015083;11.2799997329712;0
optimal;12.6399993896484;1;48mb;8;SHUFFLE;true;5;4;2;0;2;0;518655746;3600000;28;32.3064999538474;13.4599990844727;0
optimal;7.25;1;41mb;8;SHUFFLE;false;3;3;2;2;2;0;1443885;14760;37;31.8125999765471;8.25999927520752;0
optimal;6.53999996185303;1;40mb;8;SHUFFLE;false;3;0;2;2;2;0;1489547;16670;29;42.9942000191659;6.45999908447266;0
optimal;9.26999950408936;1;44mb;8;SHUFFLE;false;3;0;2;2;2;0;1489547;16219;29;27.2407000302337;9.28999996185303;0
optimal;6.70999908447266;1;40mb;8;SHUFFLE;false;3;0;2;2;2;0;1489655;16670;49;30.5027000140399;6.66999912261963;0
network_congestion;86.5799999237061;2;144mb;8;SHUFFLE;false;5;0;2;2;2;0;62670;14400000;37;822.121900040656;129.389999389648;0
optimal;4.08999919891357;1;37mb;8;SHUFFLE;false;0;0;1;2;1;0;51009;388;21;15.5341000063345;4.06999969482422;0
optimal;4.08999919891357;1;37mb;8;SHUFFLE;false;0;0;1;2;1;0;51009;388;21;20.4534999793395;4.21999931335449;0
optimal;4.08999919891357;1;37mb;8;SHUFFLE;false;0;0;1;2;1;0;51009;388;21;14.8306000046432;4.06999969482422;0
optimal;4.08999919891357;1;37mb;8;SHUFFLE;false;0;0;1;2;1;0;51009;388;21;25.4546000505798;4.06999969482422;0
optimal;4.08999919891357;1;37mb;8;SHUFFLE;false;0;0;1;2;1;0;51009;388;21;21.5721999993548;4.07999992370605;0
optimal;0.0965232849121094;1;36mb;8;SHUFFLE;false;0;0;1;0;1;0;50938;388;13;27.4403999792412;0.0731048583984375;0
optimal;0.0869140625;1;36mb;8;SHUFFLE;false;0;0;1;0;1;0;50925;65;13;14.8587000439875;0.0634860992431641;0
optimal;19.5499992370605;1;57mb;8;SHUFFLE;true;5;4;2;0;2;0;1419298681;14400000;37;29.9563999869861;10.2999992370605;0
optimal;14.0599994659424;1;50mb;8;SHUFFLE;true;5;0;2;0;2;0;115468865;719220;37;44.1370000480674;13.9599990844727;0
optimal;14.0599994659424;1;50mb;8;SHUFFLE;true;5;0;2;0;2;0;518655783;3600000;33;40.662000013981;13.4899997711182;0
optimal;3.67999935150146;1;41mb;8;SHUFFLE;false;5;4;2;0;2;0;1443822;11720;44;33.008600003086;4.66999912261963;0
optimal;5.26999950408936;1;38mb;8;SHUFFLE;false;3;0;2;0;2;0;1489472;12000;32;32.8230999875814;5.28999996185303;0
optimal;2.44999980926514;1;35mb;8;SHUFFLE;false;3;0;2;0;2;0;1489440;12000;24;17.3393999575637;2.40999984741211;0
optimal;4.31999969482422;1;37mb;8;SHUFFLE;false;0;0;1;2;1;0;50984;388;16;16.2436999962665;4.31999969482422;0
optimal;4.31999969482422;1;37mb;8;SHUFFLE;false;0;0;1;2;1;0;62494;500;16;16.3337000412866;4.31999969482422;0
optimal;4.31999969482422;1;37mb;8;SHUFFLE;false;0;0;1;2;1;0;62494;500;16;17.2979999915697;4.31999969482422;0
optimal;4.31999969482422;1;37mb;8;SHUFFLE;false;0;0;1;2;1;0;50984;388;16;15.8939999528229;4.31999969482422;0
optimal;4.31999969482422;1;37mb;8;SHUFFLE;false;0;0;1;2;1;0;50984;388;16;15.1044999947771;4.31999969482422;0
optimal;0.0890817642211914;1;36mb;8;SHUFFLE;false;0;0;1;0;1;0;50928;208;8;16.0175000200979;0.0695505142211914;0
optimal;0.0890817642211914;1;36mb;8;SHUFFLE;false;0;0;1;0;1;0;50928;265;8;15.1538999634795;0.0695505142211914;0
optimal;0.0890817642211914;1;36mb;8;SHUFFLE;false;0;0;1;0;1;0;50928;332;8;19.5641000173055;0.0695505142211914;0
optimal;0.0890817642211914;1;36mb;8;SHUFFLE;false;0;0;1;0;1;0;50928;344;8;20.4293000278994;0.0695505142211914;0
optimal;0.0890817642211914;1;36mb;8;SHUFFLE;false;0;0;1;0;1;0;50928;381;8;14.578900008928;0.0695505142211914;0
optimal;0.0890817642211914;1;36mb;8;SHUFFLE;false;0;0;1;0;1;0;50928;388;8;14.8184999707155;0.0695505142211914;0
optimal;0.0890817642211914;1;36mb;8;SHUFFLE;false;0;0;1;0;1;0;50928;388;8;19.3152999854647;0.0695505142211914;0
optimal;0.0890817642211914;1;36mb;8;SHUFFLE;false;0;0;1;0;1;0;50928;388;8;16.1453000037;0.0695505142211914;0
optimal;0.0751953125;1;36mb;8;SHUFFLE;false;0;0;1;0;1;0;50920;74;8;16.0077000036836;0.0556640625;0
network_congestion;40.8699998855591;4;106mb;8;BROADCAST;false;5;4;2;2;2;0;1420505582;133110000;28;3528.93169998424;59.3399991989136;0
spill;207.099999427795;4;470mb;8;SHUFFLE;false;5;4;2;2;2;0;62614;28800000;32;1728.27129997313;377.949999809265;145227776
network_congestion;300.909999847412;4;423mb;8;SHUFFLE;false;5;0;2;2;2;0;62602;28800000;28;1619.7044000146;281.039999961853;0
optimal;3.67999935150146;1;41mb;8;SHUFFLE;false;5;4;2;0;2;0;1443862;11720;52;15.9777000080794;4.66999912261963;0
optimal;3.32999992370605;1;41mb;8;SHUFFLE;false;5;4;2;0;2;0;1489514;12000;46;46.5650000260212;4.32999992370605;0
optimal;4.59999942779541;1;37mb;8;SHUFFLE;false;3;0;2;0;2;0;1489788;12000;111;17.1606999938376;4.35999965667725;0
optimal;2.58999919891357;1;35mb;8;SHUFFLE;false;3;0;2;0;2;0;1489472;12000;32;18.2813999708742;2.54999923706055;0
optimal;4.31999969482422;1;37mb;8;SHUFFLE;false;0;0;1;2;1;0;62494;500;16;29.8655000515282;4.31999969482422;0
optimal;4.31999969482422;1;37mb;8;SHUFFLE;false;0;0;1;2;1;0;62494;500;16;21.1602000053972;4.31999969482422;0
optimal;4.31999969482422;1;37mb;8;SHUFFLE;false;0;0;1;2;1;0;50984;388;16;28.9964000112377;4.31999969482422;0
optimal;0.0890817642211914;1;36mb;8;SHUFFLE;false;0;0;1;0;1;0;50928;141;8;15.5670000240207;0.0695505142211914;0
optimal;0.0890817642211914;1;36mb;8;SHUFFLE;false;0;0;1;0;1;0;50928;388;8;20.5553999985568;0.0695505142211914;0
optimal;0.0890817642211914;1;36mb;8;SHUFFLE;false;0;0;1;0;1;0;50928;388;8;15.3386000311002;0.0695505142211914;0
optimal;6.01999950408936;1;39mb;8;SHUFFLE;true;5;0;2;0;2;0;10431902;54000;20;33.7796999956481;3.57999992370605;0
network_congestion;91.3999996185303;2;176mb;8;BROADCAST;false;5;4;2;2;2;0;1419298664;14400000;20;669.160599994939;129.559999465942;0
optimal;29.1199998855591;1;69mb;8;SHUFFLE;true;5;4;2;0;2;0;62510;28800000;24;43.4226000215858;13.1299991607666;0
optimal;7.38999938964844;1;41mb;8;SHUFFLE;false;3;3;2;2;2;0;1443990;15620;52;26.8384999944828;8.39999961853027;0
optimal;92.4199991226196;1;152mb;8;SHUFFLE;true;15;8;4;0;4;0;347897442;1960000;88;261.646900034975;80.1999998092651;0
optimal;4.32999992370605;1;37mb;8;SHUFFLE;false;0;0;1;2;1;0;51084;388;36;19.5741999777965;4.32999992370605;0
optimal;4.32999992370605;1;37mb;8;SHUFFLE;false;0;0;1;2;1;0;51084;388;36;22.9124000179581;4.32999992370605;0
optimal;4.32999992370605;1;37mb;8;SHUFFLE;false;0;0;1;2;1;0;51084;388;36;15.937699994538;4.32999992370605;0
optimal;4.32999992370605;1;37mb;8;SHUFFLE;false;0;0;1;2;1;0;51084;388;36;14.4644999527372;4.32999992370605;0
optimal;0.0961227416992188;1;36mb;8;SHUFFLE;false;0;0;1;0;1;0;50968;388;28;17.0780000044033;0.0726852416992188;0
optimal;0.0865030288696289;1;36mb;8;SHUFFLE;false;0;0;1;0;1;0;50940;52;28;15.6256000045687;0.0630655288696289;0
optimal;10.1599998474121;1;45mb;8;SHUFFLE;true;5;4;2;2;2;0;10432166;54000;52;29.1566000087187;9.02999973297119;0
optimal;4.40999984741211;1;37mb;8;SHUFFLE;false;3;0;2;0;2;0;1444150;11720;119;30.5887999711558;4.13999938964844;0
optimal;12.5999994277954;1;48mb;8;SHUFFLE;true;5;4;2;0;2;0;231063870;1440000;36;31.7772999987938;13.4799995422363;0
optimal;36.039999961853;1;78mb;8;SHUFFLE;true;5;0;2;2;2;0;114702482;720680;40;159.918099991046;17.5899991989136;0
optimal;4.25999927520752;1;37mb;8;SHUFFLE;false;0;0;1;2;1;0;51024;388;24;15.8605000469834;4.25999927520752;0
optimal;4.25999927520752;1;37mb;8;SHUFFLE;false;0;0;1;2;1;0;51024;388;24;15.75680001406;4.25999927520752;0
optimal;4.25999927520752;1;37mb;8;SHUFFLE;false;0;0;1;2;1;0;62534;500;24;19.5812999736518;4.25999927520752;0
optimal;0.0965232849121094;1;36mb;8;SHUFFLE;false;0;0;1;0;1;0;62454;226;16;17.0323000056669;0.0732030868530273;0
optimal;0.0965232849121094;1;36mb;8;SHUFFLE;false;0;0;1;0;1;0;50944;231;16;15.3851000359282;0.0732030868530273;0
optimal;0.0965232849121094;1;36mb;8;SHUFFLE;false;0;0;1;0;1;0;50944;252;16;15.1767000206746;0.0732030868530273;0
optimal;0.0965232849121094;1;36mb;8;SHUFFLE;false;0;0;1;0;1;0;50944;358;16;18.5968999867328;0.0732030868530273;0
optimal;0.0965232849121094;1;36mb;8;SHUFFLE;false;0;0;1;0;1;0;50944;375;16;15.7578999642283;0.0732030868530273;0
optimal;0.0965232849121094;1;36mb;8;SHUFFLE;false;0;0;1;0;1;0;62454;428;16;18.9066000166349;0.0732030868530273;0
optimal;0.0869140625;1;36mb;8;SHUFFLE;false;0;0;1;0;1;0;50928;73;16;33.2660999847576;0.0635929107666016;0
optimal;8.6299991607666;1;43mb;8;SHUFFLE;true;5;0;2;0;2;0;19608062;102000;40;18.1127000250854;4.04999923706055;0
optimal;31.3499994277954;1;72mb;8;SHUFFLE;true;5;0;2;0;2;0;1419298712;14400000;40;29.4372999924235;11.1299991607666;0
optimal;22.9599990844727;1;61mb;8;SHUFFLE;true;5;0;2;0;2;0;518655798;3600000;36;22.0389999449253;10.6799993515015;0
optimal;2.5;1;35mb;8;SHUFFLE;false;3;3;2;0;2;0;1443786;11720;32;16.4925999706611;2.23999977111816;0
optimal;4.36999988555908;1;37mb;8;SHUFFLE;false;3;3;2;0;2;0;1444023;11720;111;29.2468999978155;4.05999946594238;0
optimal;6.5;1;40mb;8;SHUFFLE;false;3;0;2;2;2;0;1443842;14760;24;17.280199972447;6.35999965667725;0
optimal;14.0899991989136;1;50mb;8;SHUFFLE;true;5;0;2;0;2;0;1067123880;7200000;20;33.5947999847122;13.0599994659424;0
optimal;4.31999969482422;1;37mb;8;SHUFFLE;false;0;0;1;2;1;0;50984;388;16;74.2126000113785;4.31999969482422;0
optimal;4.31999969482422;1;37mb;8;SHUFFLE;false;0;0;1;2;1;0;50984;388;16;16.5313000325114;4.31999969482422;0
optimal;4.31999969482422;1;37mb;8;SHUFFLE;false;0;0;1;2;1;0;50984;388;16;16.2791999755427;4.31999969482422;0
optimal;4.31999969482422;1;37mb;8;SHUFFLE;false;0;0;1;2;1;0;62494;500;16;30.5182000156492;4.31999969482422;0
optimal;0.0890817642211914;1;36mb;8;SHUFFLE;false;0;0;1;0;1;0;50928;251;8;17.6627000328153;0.0695505142211914;0
optimal;0.0890817642211914;1;36mb;8;SHUFFLE;false;0;0;1;0;1;0;50928;388;8;15.6894000247121;0.0695505142211914;0
optimal;52.2099990844727;1;99mb;8;SHUFFLE;true;10;4;3;0;3;0;19608790;14400000;152;66.7886000010185;37;0
optimal;6.96999931335449;1;41mb;8;SHUFFLE;false;3;3;2;2;2;0;1489717;16670;63;33.7487000506371;6.75;0
optimal;6.6299991607666;1;40mb;8;SHUFFLE;false;3;3;2;2;2;0;1489669;16219;55;27.5598000152968;6.33999919891357;0
optimal;12.6599998474121;1;48mb;8;SHUFFLE;true;5;4;2;0;2;0;1067123975;7200000;43;45.7280999980867;12.3699998855591;0
optimal;4.08999919891357;1;37mb;8;SHUFFLE;false;0;0;1;2;1;0;51039;388;27;23.8438000087626;4.06999969482422;0
optimal;4.08999919891357;1;37mb;8;SHUFFLE;false;0;0;1;2;1;0;51039;388;27;15.9972000401467;4.06999969482422;0
optimal;4.08999919891357;1;37mb;8;SHUFFLE;false;0;0;1;2;1;0;51039;388;27;18.7458000145853;4.20999908447266;0
optimal;4.08999919891357;1;37mb;8;SHUFFLE;false;0;0;1;2;1;0;51039;388;27;18.39010004187;4.06999969482422;0
optimal;4.08999919891357;1;37mb;8;SHUFFLE;false;0;0;1;2;1;0;51039;388;27;17.2117999754846;4.20999908447266;0
optimal;4.08999919891357;1;37mb;8;SHUFFLE;false;0;0;1;2;1;0;62549;500;27;20.3602999681607;4.21999931335449;0
optimal;0.0965232849121094;1;36mb;8;SHUFFLE;false;0;0;1;0;1;0;50950;132;19;18.4211000450887;0.0731048583984375;0
optimal;0.0965232849121094;1;36mb;8;SHUFFLE;false;0;0;1;0;1;0;50950;242;19;16.2187999812886;0.0731048583984375;0
optimal;0.0965232849121094;1;36mb;8;SHUFFLE;false;0;0;1;0;1;0;50950;388;19;15.9762999974191;0.0731048583984375;0
optimal;0.0869140625;1;36mb;8;SHUFFLE;false;0;0;1;0;1;0;62441;93;19;19.7956000338309;0.0634860992431641;0
optimal;12.6599998474121;1;48mb;8;SHUFFLE;true;5;4;2;0;2;0;518655801;3600000;39;27.6186999981292;13.2399997711182;0
optimal;7.20999908447266;1;41mb;8;SHUFFLE;false;3;0;2;2;2;0;1444006;15620;52;26.1787999770604;7.10999965667725;0
optimal;2.6299991607666;1;35mb;8;SHUFFLE;false;3;0;2;0;2;0;1489472;12000;32;19.3968999665231;2.66999912261963;0
optimal;4.07999992370605;1;37mb;8;SHUFFLE;false;0;0;1;2;1;0;50984;388;16;16.8397999950685;4.05999946594238;0
optimal;4.20999908447266;1;37mb;8;SHUFFLE;false;0;0;1;2;1;0;50984;388;16;16.9203999685124;4.05999946594238;0
optimal;4.07999992370605;1;37mb;8;SHUFFLE;false;0;0;1;2;1;0;62494;500;16;21.8848999938928;4.05999946594238;0
optimal;4.07999992370605;1;37mb;8;SHUFFLE;false;0;0;1;2;1;0;50984;388;16;16.2982000038028;4.05999946594238;0
optimal;4.20999908447266;1;37mb;8;SHUFFLE;false;0;0;1;2;1;0;50984;388;16;15.8050000318326;4.05999946594238;0
optimal;0.0890817642211914;1;36mb;8;SHUFFLE;false;0;0;1;0;1;0;62438;105;8;19.2838000366464;0.0695600509643555;0
optimal;0.0890817642211914;1;36mb;8;SHUFFLE;false;0;0;1;0;1;0;50928;388;8;23.5175000270829;0.0695600509643555;0
optimal;0.0890817642211914;1;36mb;8;SHUFFLE;false;0;0;1;0;1;0;50928;388;8;17.0794000150636;0.0695600509643555;0
optimal;0.0890817642211914;1;36mb;8;SHUFFLE;false;0;0;1;0;1;0;50928;388;8;14.8481999640353;0.0695600509643555;0
optimal;0.0890817642211914;1;36mb;8;SHUFFLE;false;0;0;1;0;1;0;50928;388;8;20.3639999963343;0.0695600509643555;0
optimal;0.0890817642211914;1;36mb;8;SHUFFLE;false;0;0;1;0;1;0;62438;493;8;22.6506000035442;0.0695600509643555;0
optimal;10.5699996948242;1;45mb;8;SHUFFLE;true;5;4;2;2;2;0;10432126;54000;52;34.9706999841146;10.4899997711182;0
optimal;8.70999908447266;1;43mb;8;SHUFFLE;true;5;0;2;0;2;0;19608054;102000;40;29.9846000270918;5.35999965667725;0
optimal;23.7799997329712;1;62mb;8;SHUFFLE;true;5;0;2;0;2;0;360877550;2880000;28;20.2280999510549;11.5099992752075;0
optimal;28.1599998474121;1;68mb;8;SHUFFLE;true;5;0;2;0;2;0;360877566;2880000;32;19.8955000378191;11.1599998474121;0
optimal;29.5199995040894;2;70mb;8;SHUFFLE;true;5;0;2;2;2;0;1419298736;14400000;32;463.133199955337;37.8099994659424;0
optimal;19.5299997329712;1;57mb;8;SHUFFLE;true;5;4;2;0;2;0;1419298656;14400000;32;30.0932999816723;12.2799997329712;0
optimal;6.59999942779541;1;40mb;8;SHUFFLE;false;3;0;2;2;2;0;1443866;15620;32;31.8346999702044;6.57999992370605;0
optimal;10.789999961853;1;46mb;8;SHUFFLE;false;3;0;2;2;2;0;1490065;16219;103;28.1631000107154;10.8099994659424;0
optimal;4.38999938964844;1;37mb;8;SHUFFLE;false;3;3;2;0;2;0;1489693;12000;111;25.9114000364207;4.07999992370605;0
optimal;7.32999992370605;1;41mb;8;SHUFFLE;false;3;3;2;2;2;0;1489568;16219;36;35.6580000370741;8.32999992370605;0
optimal;18.6899995803833;1;56mb;8;SHUFFLE;true;5;0;2;2;2;0;1067124000;7200000;32;315.706200024579;17.3999996185303;0
network_congestion;186.369999885559;2;274mb;8;SHUFFLE;false;5;0;2;2;2;0;1067123972;7350000;28;1115.01479998697;185.469999313354;0
optimal;4.31999969482422;1;37mb;8;SHUFFLE;false;0;0;1;2;1;0;50984;388;16;17.1282999799587;4.31999969482422;0
optimal;4.31999969482422;1;37mb;8;SHUFFLE;false;0;0;1;2;1;0;50984;388;16;30.0190999987535;4.31999969482422;0
optimal;4.31999969482422;1;37mb;8;SHUFFLE;false;0;0;1;2;1;0;50984;388;16;15.5713999993168;4.31999969482422;0
optimal;4.31999969482422;1;37mb;8;SHUFFLE;false;0;0;1;2;1;0;50984;388;16;16.689200012479;4.31999969482422;0
optimal;4.31999969482422;1;37mb;8;SHUFFLE;false;0;0;1;2;1;0;50984;388;16;15.3259999933653;4.31999969482422;0
optimal;4.31999969482422;1;37mb;8;SHUFFLE;false;0;0;1;2;1;0;50984;388;16;46.4916999917477;4.31999969482422;0
optimal;4.31999969482422;1;37mb;8;SHUFFLE;false;0;0;1;2;1;0;62494;500;16;21.8891000258736;4.31999969482422;0
optimal;0.0890817642211914;1;36mb;8;SHUFFLE;false;0;0;1;0;1;0;62438;182;8;21.7584000201896;0.0695505142211914;0
optimal;0.0890817642211914;1;36mb;8;SHUFFLE;false;0;0;1;0;1;0;50928;388;8;15.1188999880105;0.0695505142211914;0
optimal;13.5199995040894;1;49mb;8;SHUFFLE;true;5;0;2;0;2;0;360877550;2880000;28;49.8779999907129;13.3499994277954;0
network_congestion;143.75;4;420mb;8;SHUFFLE;false;5;0;2;2;2;0;62602;28800000;28;1521.56319998903;324.469999313354;0
optimal;14.0599994659424;1;50mb;8;SHUFFLE;true;5;0;2;0;2;0;518655774;3600000;32;32.2662999969907;12.3199996948242;0
network_congestion;135.889999389648;2;262mb;8;BROADCAST;false;48;41;13;4;13;0;2941146566;14400000;181;1624.40349999815;206.289999961853;0
optimal;28.1099996566772;1;68mb;8;SHUFFLE;true;5;0;2;0;2;0;231004765;1440000;51;25.2828000229783;11.1299991607666;0
optimal;21.5299997329712;1;59mb;8;SHUFFLE;true;5;0;2;0;2;0;231004765;1440000;51;19.6501999744214;11.1299991607666;0
optimal;7.70999908447266;1;42mb;8;SHUFFLE;true;5;4;2;0;2;0;114654598;720290;52;17.4363999976777;7.05999946594238;0
optimal;151.769999504089;2;229mb;8;BROADCAST;true;5;4;2;2;2;0;231004870;1440000;51;466.658799967263;156.16999912262;0
optimal;24.1299991607666;1;63mb;8;SHUFFLE;true;5;0;2;0;2;0;114654614;720290;52;22.3311999579892;7.1299991607666;0
optimal;10.039999961853;1;45mb;8;SHUFFLE;true;5;0;2;0;2;0;114654614;720290;52;27.3854000261053;9.1299991607666;0
optimal;10.0599994659424;1;45mb;8;SHUFFLE;true;5;0;2;0;2;0;231004765;1440000;51;28.6053000018001;9.03999996185303;0
optimal;10.039999961853;1;45mb;8;SHUFFLE;true;5;0;2;0;2;0;114654598;720290;48;32.4517000117339;8.64999961853027;0
optimal;21.289999961853;1;59mb;8;SHUFFLE;true;5;0;2;0;2;0;231004765;1440000;51;37.683799979277;4.29999923706055;0
optimal;2.20999908447266;1;42mb;8;SHUFFLE;false;0;0;1;1;1;0;3136;39;36;44.8669999605045;2.1899995803833;0
optimal;2.20999908447266;1;42mb;8;SHUFFLE;false;0;0;1;1;1;0;3136;39;36;17.4563000327908;2.1899995803833;0
optimal;2.20999908447266;1;42mb;8;SHUFFLE;false;0;0;1;1;1;0;3296;45;35;17.0088000013493;2.1899995803833;0
optimal;2.20999908447266;1;42mb;8;SHUFFLE;false;0;0;1;1;1;0;3136;39;36;17.3942999681458;2.1899995803833;0
optimal;2.20999908447266;1;42mb;8;SHUFFLE;false;0;0;1;1;1;0;3136;39;36;15.4659999534488;2.1899995803833;0
optimal;2.20999908447266;1;42mb;8;SHUFFLE;false;0;0;1;1;1;0;3296;45;35;20.010199979879;2.1899995803833;0
optimal;2.20999908447266;1;42mb;8;SHUFFLE;false;0;0;1;1;1;0;3136;39;36;17.0391999999993;2.1899995803833;0
optimal;2.20999908447266;1;42mb;8;SHUFFLE;false;0;0;1;1;1;0;3136;39;36;20.8357999799773;2.1899995803833;0
optimal;2.20999908447266;1;42mb;8;SHUFFLE;false;0;0;1;1;1;0;3296;45;35;17.4645000370219;2.1899995803833;0
optimal;2.20999908447266;1;42mb;8;SHUFFLE;false;0;0;1;1;1;0;3136;39;36;19.6574999717996;2.1899995803833;0
optimal;2.20999908447266;1;42mb;8;SHUFFLE;false;0;0;1;1;1;0;3136;39;36;15.098100004252;2.1899995803833;0
optimal;2.20999908447266;1;42mb;8;SHUFFLE;false;0;0;1;1;1;0;3136;39;36;82.4804999865592;2.1899995803833;0
optimal;2.20999908447266;1;42mb;8;SHUFFLE;false;0;0;1;1;1;0;3136;39;36;16.9146000407636;2.1899995803833;0
optimal;2.20999908447266;1;42mb;8;SHUFFLE;false;0;0;1;1;1;0;3296;45;35;19.4942000089213;2.1899995803833;0
optimal;2.20999908447266;1;42mb;8;SHUFFLE;false;0;0;1;1;1;0;3136;39;36;15.2559000416659;2.1899995803833;0
optimal;2.20999908447266;1;42mb;8;SHUFFLE;false;0;0;1;1;1;0;3136;39;36;15.9782999544404;2.1899995803833;0
optimal;2.20999908447266;1;42mb;8;SHUFFLE;false;0;0;1;1;1;0;3136;39;36;16.5172000415623;2.1899995803833;0
optimal;2.20999908447266;1;42mb;8;SHUFFLE;false;0;0;1;1;1;0;3136;39;36;19.0025999909267;2.1899995803833;0
optimal;2.20999908447266;1;42mb;8;SHUFFLE;false;0;0;1;1;1;0;3136;39;36;17.0800000196323;2.1899995803833;0
optimal;2.20999908447266;1;42mb;8;SHUFFLE;false;0;0;1;1;1;0;3296;45;35;19.4954000180587;2.1899995803833;0
optimal;2.20999908447266;1;42mb;8;SHUFFLE;false;0;0;1;1;1;0;3136;39;36;18.9811000018381;2.1899995803833;0
optimal;2.20999908447266;1;42mb;8;SHUFFLE;false;0;0;1;1;1;0;3136;39;36;33.5655999951996;2.1899995803833;0
optimal;2.20999908447266;1;42mb;8;SHUFFLE;false;0;0;1;1;1;0;3296;45;35;18.0201000184752;2.1899995803833;0
optimal;2.20999908447266;1;42mb;8;SHUFFLE;false;0;0;1;1;1;0;3136;39;36;15.9059999859892;2.1899995803833;0
optimal;2.20999908447266;1;42mb;8;SHUFFLE;false;0;0;1;1;1;0;3136;39;36;18.9551999792457;2.1899995803833;0
optimal;2.20999908447266;1;42mb;8;SHUFFLE;false;0;0;1;1;1;0;3136;39;36;15.2812000014819;2.1899995803833;0
optimal;2.20999908447266;1;42mb;8;SHUFFLE;false;0;0;1;1;1;0;3136;39;36;18.3076999965124;2.1899995803833;0
optimal;2.20999908447266;1;42mb;8;SHUFFLE;false;0;0;1;1;1;0;3136;39;36;27.5941999861971;2.1899995803833;0
optimal;2.20999908447266;1;42mb;8;SHUFFLE;false;0;0;1;1;1;0;3296;45;35;20.1748999534175;2.1899995803833;0
optimal;2.20999908447266;1;42mb;8;SHUFFLE;false;0;0;1;1;1;0;3136;39;36;15.83920000121;2.1899995803833;0
optimal;2.20999908447266;1;42mb;8;SHUFFLE;false;0;0;1;1;1;0;3296;45;35;18.3071000501513;2.1899995803833;0
optimal;0.0691795349121094;1;36mb;8;SHUFFLE;false;0;0;1;0;1;0;3128;39;28;14.8554000188597;0.0457420349121094;0
optimal;0.0691795349121094;1;36mb;8;SHUFFLE;false;0;0;1;0;1;0;3128;39;28;19.3863000022247;0.0457420349121094;0
optimal;0.0691795349121094;1;36mb;8;SHUFFLE;false;0;0;1;0;1;0;3128;39;28;17.4752000020817;0.0457420349121094;0
optimal;0.0691795349121094;1;36mb;8;SHUFFLE;false;0;0;1;0;1;0;3128;39;28;18.3109000208788;0.0457420349121094;0
optimal;0.0691795349121094;1;36mb;8;SHUFFLE;false;0;0;1;0;1;0;3128;39;28;14.4575999584049;0.0457420349121094;0
optimal;0.0769920349121094;1;36mb;8;SHUFFLE;false;0;0;1;0;1;0;3288;45;27;18.8789000385441;0.0535545349121094;0
optimal;0.0691795349121094;1;36mb;8;SHUFFLE;false;0;0;1;0;1;0;3128;39;28;14.7367999888957;0.0457420349121094;0
optimal;0.0691795349121094;1;36mb;8;SHUFFLE;false;0;0;1;0;1;0;3128;39;28;64.9567999644205;0.0457420349121094;0
optimal;0.0691795349121094;1;36mb;8;SHUFFLE;false;0;0;1;0;1;0;3128;39;28;15.7814999693073;0.0457420349121094;0
optimal;0.0769920349121094;1;36mb;8;SHUFFLE;false;0;0;1;0;1;0;3288;45;27;20.0148999574594;0.0535545349121094;0
optimal;0.0691795349121094;1;36mb;8;SHUFFLE;false;0;0;1;0;1;0;3128;39;28;38.5323999798857;0.0457420349121094;0
optimal;0.0769920349121094;1;36mb;8;SHUFFLE;false;0;0;1;0;1;0;3288;45;27;23.3256999636069;0.0535545349121094;0
optimal;0.0691795349121094;1;36mb;8;SHUFFLE;false;0;0;1;0;1;0;3128;39;28;15.4044000082649;0.0457420349121094;0
optimal;0.0691795349121094;1;36mb;8;SHUFFLE;false;0;0;1;0;1;0;3128;39;28;23.9667000132613;0.0457420349121094;0
optimal;0.0691795349121094;1;36mb;8;SHUFFLE;false;0;0;1;0;1;0;3128;39;28;21.0369999986142;0.0457420349121094;0
optimal;0.0769920349121094;1;36mb;8;SHUFFLE;false;0;0;1;0;1;0;3288;45;27;17.5778000266291;0.0535545349121094;0
optimal;0.0691795349121094;1;36mb;8;SHUFFLE;false;0;0;1;0;1;0;3128;39;28;16.8812000192702;0.0457420349121094;0
optimal;0.0691795349121094;1;36mb;8;SHUFFLE;false;0;0;1;0;1;0;3128;39;28;20.2969999518245;0.0457420349121094;0
optimal;0.0691795349121094;1;36mb;8;SHUFFLE;false;0;0;1;0;1;0;3128;39;28;18.2085999986157;0.0457420349121094;0
optimal;0.0691795349121094;1;36mb;8;SHUFFLE;false;0;0;1;0;1;0;3128;39;28;18.2869000127539;0.0457420349121094;0
optimal;0.0691795349121094;1;36mb;8;SHUFFLE;false;0;0;1;0;1;0;3128;39;28;15.1076000183821;0.0457420349121094;0
optimal;0.0691795349121094;1;36mb;8;SHUFFLE;false;0;0;1;0;1;0;3128;39;28;31.4320999896154;0.0457420349121094;0
optimal;0.0691795349121094;1;36mb;8;SHUFFLE;false;0;0;1;0;1;0;3128;39;28;18.4397999546491;0.0457420349121094;0
optimal;0.0691795349121094;1;36mb;8;SHUFFLE;false;0;0;1;0;1;0;3128;39;28;44.24169997219;0.0457420349121094;0
optimal;0.0769920349121094;1;36mb;8;SHUFFLE;false;0;0;1;0;1;0;3288;45;27;15.2645999914967;0.0535545349121094;0
optimal;0.0769920349121094;1;36mb;8;SHUFFLE;false;0;0;1;0;1;0;3288;45;27;20.0652999919839;0.0535545349121094;0
optimal;0.0691795349121094;1;36mb;8;SHUFFLE;false;0;0;1;0;1;0;3128;39;28;14.9641000316478;0.0457420349121094;0
optimal;0.0691795349121094;1;36mb;8;SHUFFLE;false;0;0;1;0;1;0;3128;39;28;15.821099979803;0.0457420349121094;0
optimal;0.0595703125;1;36mb;8;SHUFFLE;false;0;0;1;0;1;0;3100;39;28;14.6522999857552;0.0361328125;0
optimal;0.0595703125;1;36mb;8;SHUFFLE;false;0;0;1;0;1;0;3100;39;28;14.4715000060387;0.0361328125;0
optimal;0.0595703125;1;36mb;8;SHUFFLE;false;0;0;1;0;1;0;3100;39;28;17.4000000115484;0.0361328125;0
optimal;0.0595703125;1;36mb;8;SHUFFLE;false;0;0;1;0;1;0;3100;39;28;15.9504000330344;0.0361328125;0
optimal;5.63999938964844;1;39mb;8;SHUFFLE;true;5;4;2;0;2;0;57129720;359430;52;17.1815999783576;5.39999961853027;0
optimal;8.03999996185303;1;42mb;8;SHUFFLE;true;5;0;2;0;2;0;57129720;359430;48;35.5594999855384;6.66999912261963;0
optimal;53.2599992752075;1;101mb;8;SHUFFLE;true;5;4;2;2;2;0;57129844;359430;52;237.096600001678;54.0499992370605;0
optimal;50.0699996948242;1;97mb;8;SHUFFLE;true;5;4;2;2;2;0;57129820;359430;48;163.204900047276;51.5299997329712;0
optimal;6.63999938964844;1;40mb;8;SHUFFLE;true;5;4;2;0;2;0;114654598;720290;52;23.4194999793544;6.32999992370605;0
optimal;94.9699993133545;1;155mb;8;SHUFFLE;true;5;4;2;2;2;0;114654722;720290;52;208.249300019816;98.6899995803833;0
optimal;10.6299991607666;1;45mb;8;SHUFFLE;true;5;4;2;2;2;0;114654706;720290;44;114.002399961464;9.15999984741211;0
optimal;136.809999465942;2;209mb;8;SHUFFLE;true;5;0;2;2;2;0;231004866;1470000;48;421.513399982359;134.049999237061;0
optimal;150.209999084473;1;227mb;8;SHUFFLE;true;5;0;2;2;2;0;231004866;1470000;48;360.741699987557;150.569999694824;0
optimal;5.48999977111816;1;39mb;8;SHUFFLE;true;5;4;2;0;2;0;114654598;720290;52;16.7540999827906;4.27999973297119;0
optimal;94.5699996948242;1;154mb;8;SHUFFLE;true;5;0;2;2;2;0;114654710;739250;48;214.619799982756;91.2199993133545;0
optimal;88.8599996566772;1;147mb;8;SHUFFLE;true;5;4;2;2;2;0;114654698;720290;48;210.204500006512;89.3499994277954;0
optimal;21.2799997329712;1;59mb;8;SHUFFLE;true;5;0;2;0;2;0;231004770;1440000;52;55.5294000077993;4.31999969482422;0
optimal;6.65999984741211;1;40mb;8;SHUFFLE;true;5;4;2;0;2;0;231004754;1440000;52;17.2165000112727;6.22999954223633;0
optimal;2.20999908447266;1;42mb;8;SHUFFLE;false;0;0;1;1;1;0;3136;39;36;15.3063000179827;2.1899995803833;0
optimal;2.20999908447266;1;42mb;8;SHUFFLE;false;0;0;1;1;1;0;3136;39;36;19.3997999886051;2.1899995803833;0
optimal;2.20999908447266;1;42mb;8;SHUFFLE;false;0;0;1;1;1;0;3136;39;36;20.0460000196472;2.1899995803833;0
optimal;2.20999908447266;1;42mb;8;SHUFFLE;false;0;0;1;1;1;0;3136;39;36;14.5574000198394;2.1899995803833;0
optimal;2.20999908447266;1;42mb;8;SHUFFLE;false;0;0;1;1;1;0;3136;39;36;15.3971999534406;2.1899995803833;0
optimal;2.20999908447266;1;42mb;8;SHUFFLE;false;0;0;1;1;1;0;3298;45;36;19.2724999506027;2.1899995803833;0
optimal;2.20999908447266;1;42mb;8;SHUFFLE;false;0;0;1;1;1;0;3136;39;36;16.4683999610133;2.1899995803833;0
optimal;2.20999908447266;1;42mb;8;SHUFFLE;false;0;0;1;1;1;0;3136;39;36;15.9791000187397;2.1899995803833;0
optimal;2.20999908447266;1;42mb;8;SHUFFLE;false;0;0;1;1;1;0;3136;39;36;16.3763000164181;2.1899995803833;0
optimal;2.20999908447266;1;42mb;8;SHUFFLE;false;0;0;1;1;1;0;3136;39;36;19.4975999766029;2.1899995803833;0
optimal;2.20999908447266;1;42mb;8;SHUFFLE;false;0;0;1;1;1;0;3298;45;36;23.3656999771483;2.1899995803833;0
optimal;2.20999908447266;1;42mb;8;SHUFFLE;false;0;0;1;1;1;0;3298;45;36;25.4777999944054;2.1899995803833;0
optimal;2.20999908447266;1;42mb;8;SHUFFLE;false;0;0;1;1;1;0;3136;39;36;15.2764999656938;2.1899995803833;0
optimal;2.20999908447266;1;42mb;8;SHUFFLE;false;0;0;1;1;1;0;3136;39;36;15.5711999977939;2.1899995803833;0
optimal;2.20999908447266;1;42mb;8;SHUFFLE;false;0;0;1;1;1;0;3136;39;36;15.2411999879405;2.1899995803833;0
optimal;2.20999908447266;1;42mb;8;SHUFFLE;false;0;0;1;1;1;0;3136;39;36;19.2989999777637;2.1899995803833;0
optimal;2.20999908447266;1;42mb;8;SHUFFLE;false;0;0;1;1;1;0;3136;39;36;15.2313999715261;2.1899995803833;0
optimal;2.20999908447266;1;42mb;8;SHUFFLE;false;0;0;1;1;1;0;3136;39;36;18.4973999857903;2.1899995803833;0
optimal;2.20999908447266;1;42mb;8;SHUFFLE;false;0;0;1;1;1;0;3136;39;36;15.1937999762595;2.1899995803833;0
optimal;2.20999908447266;1;42mb;8;SHUFFLE;false;0;0;1;1;1;0;3136;39;36;14.8778999573551;2.1899995803833;0
optimal;2.20999908447266;1;42mb;8;SHUFFLE;false;0;0;1;1;1;0;3136;39;36;14.703200024087;2.1899995803833;0
optimal;2.20999908447266;1;42mb;8;SHUFFLE;false;0;0;1;1;1;0;3136;39;36;14.5902999793179;2.1899995803833;0
optimal;2.20999908447266;1;42mb;8;SHUFFLE;false;0;0;1;1;1;0;3136;39;36;15.4460999765433;2.1899995803833;0
optimal;2.20999908447266;1;42mb;8;SHUFFLE;false;0;0;1;1;1;0;3136;39;36;20.5793000059202;2.1899995803833;0
optimal;2.20999908447266;1;42mb;8;SHUFFLE;false;0;0;1;1;1;0;3136;39;36;15.6277000205591;2.1899995803833;0
optimal;2.20999908447266;1;42mb;8;SHUFFLE;false;0;0;1;1;1;0;3136;39;36;23.1619999976829;2.1899995803833;0
optimal;2.20999908447266;1;42mb;8;SHUFFLE;false;0;0;1;1;1;0;3298;45;36;21.0590999922715;2.1899995803833;0
optimal;2.20999908447266;1;42mb;8;SHUFFLE;false;0;0;1;1;1;0;3298;45;36;18.6682000057772;2.1899995803833;0
optimal;2.20999908447266;1;42mb;8;SHUFFLE;false;0;0;1;1;1;0;3136;39;36;18.9643999910913;2.1899995803833;0
optimal;2.20999908447266;1;42mb;8;SHUFFLE;false;0;0;1;1;1;0;3136;39;36;15.3484999900684;2.1899995803833;0
optimal;2.20999908447266;1;42mb;8;SHUFFLE;false;0;0;1;1;1;0;3136;39;36;33.1241000094451;2.1899995803833;0
optimal;2.20999908447266;1;42mb;8;SHUFFLE;false;0;0;1;1;1;0;3136;39;36;17.9138999665156;2.1899995803833;0
optimal;2.20999908447266;1;42mb;8;SHUFFLE;false;0;0;1;1;1;0;3136;39;36;28.4408999723382;2.1899995803833;0
optimal;0.0769920349121094;1;36mb;8;SHUFFLE;false;0;0;1;0;1;0;3290;45;28;18.1263000122271;0.0535545349121094;0
optimal;0.0691795349121094;1;36mb;8;SHUFFLE;false;0;0;1;0;1;0;3128;39;28;15.9828999894671;0.0457420349121094;0
optimal;0.0769920349121094;1;36mb;8;SHUFFLE;false;0;0;1;0;1;0;3290;45;28;21.0250000236556;0.0535545349121094;0
optimal;0.0691795349121094;1;36mb;8;SHUFFLE;false;0;0;1;0;1;0;3128;39;28;15.4424000065774;0.0457420349121094;0
optimal;0.0691795349121094;1;36mb;8;SHUFFLE;false;0;0;1;0;1;0;3128;39;28;64.9953999673016;0.0457420349121094;0
optimal;0.0691795349121094;1;36mb;8;SHUFFLE;false;0;0;1;0;1;0;3128;39;28;16.1980999982916;0.0457420349121094;0
optimal;0.0691795349121094;1;36mb;8;SHUFFLE;false;0;0;1;0;1;0;3128;39;28;16.1896999925375;0.0457420349121094;0
optimal;0.0769920349121094;1;36mb;8;SHUFFLE;false;0;0;1;0;1;0;3290;45;28;19.1010999842547;0.0535545349121094;0
optimal;0.0691795349121094;1;36mb;8;SHUFFLE;false;0;0;1;0;1;0;3128;39;28;14.7281999816187;0.0457420349121094;0
optimal;0.0691795349121094;1;36mb;8;SHUFFLE;false;0;0;1;0;1;0;3128;39;28;15.4178999946453;0.0457420349121094;0
optimal;0.0769920349121094;1;36mb;8;SHUFFLE;false;0;0;1;0;1;0;3290;45;28;19.8938000248745;0.0535545349121094;0
optimal;0.0769920349121094;1;36mb;8;SHUFFLE;false;0;0;1;0;1;0;3290;45;28;18.2539999950677;0.0535545349121094;0
optimal;0.0691795349121094;1;36mb;8;SHUFFLE;false;0;0;1;0;1;0;3128;39;28;20.8151999977417;0.0457420349121094;0
optimal;0.0691795349121094;1;36mb;8;SHUFFLE;false;0;0;1;0;1;0;3128;39;28;16.1327999667265;0.0457420349121094;0
optimal;0.0691795349121094;1;36mb;8;SHUFFLE;false;0;0;1;0;1;0;3128;39;28;15.4313999810256;0.0457420349121094;0
optimal;0.0769920349121094;1;36mb;8;SHUFFLE;false;0;0;1;0;1;0;3290;45;28;21.1139000020921;0.0535545349121094;0
optimal;0.0595703125;1;36mb;8;SHUFFLE;false;0;0;1;0;1;0;3100;39;28;16.1171000218019;0.0361328125;0
optimal;0.0517578125;1;36mb;8;SHUFFLE;false;0;0;1;0;1;0;3100;39;28;14.9389999569394;0.0361328125;0
optimal;0.0595703125;1;36mb;8;SHUFFLE;false;0;0;1;0;1;0;3100;39;28;19.8187000351027;0.0361328125;0
optimal;0.0595703125;1;36mb;8;SHUFFLE;false;0;0;1;0;1;0;3100;39;28;18.6299999477342;0.0361328125;0
optimal;0.0595703125;1;36mb;8;SHUFFLE;false;0;0;1;0;1;0;3262;45;28;17.1919999993406;0.0361328125;0
optimal;6.54999923706055;1;40mb;8;SHUFFLE;true;5;0;2;0;2;0;57129704;359430;44;151.711499958765;4.67999935150146;0
optimal;8.63999938964844;1;43mb;8;SHUFFLE;true;5;4;2;0;2;0;57129720;359430;52;16.3189000450075;9.05999946594238;0
optimal;8.63999938964844;1;43mb;8;SHUFFLE;true;5;4;2;0;2;0;57129720;359430;52;20.7210999797098;9.05999946594238;0
optimal;20.1099996566772;1;58mb;8;SHUFFLE;true;5;0;2;0;2;0;57129736;359430;52;17.9351000115275;7.11999988555908;0
network_congestion;2744.31999969482;4;3599mb;8;SHUFFLE;false;10;4;3;2;3;0;1161175924;50950000;72;17550.0874000136;2703.35999965668;0
optimal;12.7099990844727;1;48mb;8;SHUFFLE;true;5;4;2;0;2;0;231004614;1440000;24;31.1700000311248;13.0999994277954;0
optimal;18.1999998092651;1;55mb;8;SHUFFLE;true;5;0;2;0;2;0;114654458;720290;20;19.0502000041306;6.63999938964844;0
optimal;14.0599994659424;1;50mb;8;SHUFFLE;true;5;0;2;0;2;0;231004614;1440000;20;33.3594999974594;13.0499992370605;0
optimal;62.8999996185303;1;113mb;8;SHUFFLE;true;5;4;2;2;2;0;114654506;720290;20;212.933500006329;62.1899995803833;0
optimal;21.3699998855591;1;59mb;8;SHUFFLE;true;5;4;2;2;2;0;231004686;1440000;24;214.861700020265;21.3799991607666;0
optimal;10.1199998855591;1;45mb;8;SHUFFLE;true;5;0;2;0;2;0;114654474;720290;24;32.8617000486702;9.13999938964844;0
optimal;120.939999580383;1;189mb;8;SHUFFLE;true;5;4;2;2;2;0;231004686;1440000;24;373.501900001429;118.639999389648;0
optimal;10.0599994659424;1;45mb;8;SHUFFLE;true;5;0;2;0;2;0;231004630;1440000;24;28.2496000290848;9.03999996185303;0
optimal;18.9299993515015;1;56mb;8;SHUFFLE;true;5;0;2;0;2;0;114654458;720290;20;18.6720000347123;6.65999984741211;0
optimal;2.19999980926514;1;42mb;8;SHUFFLE;false;0;0;1;1;1;0;3096;39;16;15.4238999821246;2.17999935150146;0
optimal;2.19999980926514;1;42mb;8;SHUFFLE;false;0;0;1;1;1;0;3096;39;16;18.6839999514632;2.17999935150146;0
optimal;2.19999980926514;1;42mb;8;SHUFFLE;false;0;0;1;1;1;0;3096;39;16;14.9671999970451;2.17999935150146;0
optimal;2.19999980926514;1;42mb;8;SHUFFLE;false;0;0;1;1;1;0;3096;39;16;20.5523000331596;2.17999935150146;0
optimal;2.19999980926514;1;42mb;8;SHUFFLE;false;0;0;1;1;1;0;3096;39;16;19.0902999602258;2.17999935150146;0
optimal;2.19999980926514;1;42mb;8;SHUFFLE;false;0;0;1;1;1;0;3096;39;16;17.4510000506416;2.17999935150146;0
optimal;2.19999980926514;1;42mb;8;SHUFFLE;false;0;0;1;1;1;0;3258;45;16;17.5090000266209;2.17999935150146;0
optimal;2.19999980926514;1;42mb;8;SHUFFLE;false;0;0;1;1;1;0;3096;39;16;15.7267000176944;2.17999935150146;0
optimal;2.19999980926514;1;42mb;8;SHUFFLE;false;0;0;1;1;1;0;3096;39;16;18.7455999548547;2.17999935150146;0
optimal;2.19999980926514;1;42mb;8;SHUFFLE;false;0;0;1;1;1;0;3096;39;16;15.6805000151508;2.17999935150146;0
optimal;2.19999980926514;1;42mb;8;SHUFFLE;false;0;0;1;1;1;0;3258;45;16;17.626199987717;2.17999935150146;0
optimal;2.19999980926514;1;42mb;8;SHUFFLE;false;0;0;1;1;1;0;3096;39;16;15.6984000350349;2.17999935150146;0
optimal;2.19999980926514;1;42mb;8;SHUFFLE;false;0;0;1;1;1;0;3096;39;16;18.3533999952488;2.17999935150146;0
optimal;2.19999980926514;1;42mb;8;SHUFFLE;false;0;0;1;1;1;0;3096;39;16;14.3398000509478;2.17999935150146;0
optimal;2.19999980926514;1;42mb;8;SHUFFLE;false;0;0;1;1;1;0;3096;39;16;14.4220999791287;2.17999935150146;0
optimal;2.19999980926514;1;42mb;8;SHUFFLE;false;0;0;1;1;1;0;3096;39;16;15.3887000051327;2.17999935150146;0
optimal;2.19999980926514;1;42mb;8;SHUFFLE;false;0;0;1;1;1;0;3096;39;16;15.8287999802269;2.17999935150146;0
optimal;2.19999980926514;1;42mb;8;SHUFFLE;false;0;0;1;1;1;0;3096;39;16;15.2407999848947;2.17999935150146;0
optimal;2.19999980926514;1;42mb;8;SHUFFLE;false;0;0;1;1;1;0;3096;39;16;65.6063999631442;2.17999935150146;0
optimal;2.19999980926514;1;42mb;8;SHUFFLE;false;0;0;1;1;1;0;3096;39;16;15.9820999833755;2.17999935150146;0
optimal;2.19999980926514;1;42mb;8;SHUFFLE;false;0;0;1;1;1;0;3096;39;16;19.8094000224955;2.17999935150146;0
optimal;2.19999980926514;1;42mb;8;SHUFFLE;false;0;0;1;1;1;0;3096;39;16;47.7699000039138;2.17999935150146;0
optimal;2.19999980926514;1;42mb;8;SHUFFLE;false;0;0;1;1;1;0;3258;45;16;24.0638999966905;2.17999935150146;0
optimal;2.19999980926514;1;42mb;8;SHUFFLE;false;0;0;1;1;1;0;3096;39;16;16.3638000376523;2.17999935150146;0
optimal;2.19999980926514;1;42mb;8;SHUFFLE;false;0;0;1;1;1;0;3096;39;16;18.3058999828063;2.17999935150146;0
optimal;2.19999980926514;1;42mb;8;SHUFFLE;false;0;0;1;1;1;0;3096;39;16;18.8360000029206;2.17999935150146;0
optimal;0.0656442642211914;1;36mb;8;SHUFFLE;false;0;0;1;0;1;0;3088;39;8;18.6749999993481;0.0461130142211914;0
optimal;0.0656442642211914;1;36mb;8;SHUFFLE;false;0;0;1;0;1;0;3088;39;8;18.7211000011303;0.0461130142211914;0
optimal;0.0656442642211914;1;36mb;8;SHUFFLE;false;0;0;1;0;1;0;3088;39;8;20.2632999862544;0.0461130142211914;0
optimal;0.0656442642211914;1;36mb;8;SHUFFLE;false;0;0;1;0;1;0;3088;39;8;16.512000001967;0.0461130142211914;0
optimal;0.0656442642211914;1;36mb;8;SHUFFLE;false;0;0;1;0;1;0;3088;39;8;16.8124999618158;0.0461130142211914;0
optimal;0.0656442642211914;1;36mb;8;SHUFFLE;false;0;0;1;0;1;0;3088;39;8;14.6444999845698;0.0461130142211914;0
optimal;0.0656442642211914;1;36mb;8;SHUFFLE;false;0;0;1;0;1;0;3088;39;8;15.1177999796346;0.0461130142211914;0
optimal;0.0734567642211914;1;36mb;8;SHUFFLE;false;0;0;1;0;1;0;3250;45;8;18.931100028567;0.0539255142211914;0
optimal;0.0734567642211914;1;36mb;8;SHUFFLE;false;0;0;1;0;1;0;3250;45;8;20.1268999953754;0.0539255142211914;0
optimal;0.0656442642211914;1;36mb;8;SHUFFLE;false;0;0;1;0;1;0;3088;39;8;15.8726000227034;0.0461130142211914;0
optimal;0.0734567642211914;1;36mb;8;SHUFFLE;false;0;0;1;0;1;0;3250;45;8;18.7445999472402;0.0539255142211914;0
optimal;0.0656442642211914;1;36mb;8;SHUFFLE;false;0;0;1;0;1;0;3088;39;8;16.609399986919;0.0461130142211914;0
optimal;0.0656442642211914;1;36mb;8;SHUFFLE;false;0;0;1;0;1;0;3088;39;8;15.8020000089891;0.0461130142211914;0
optimal;0.0656442642211914;1;36mb;8;SHUFFLE;false;0;0;1;0;1;0;3088;39;8;15.5208999640308;0.0461130142211914;0
optimal;0.0656442642211914;1;36mb;8;SHUFFLE;false;0;0;1;0;1;0;3088;39;8;17.5233000190929;0.0461130142211914;0
optimal;0.0656442642211914;1;36mb;8;SHUFFLE;false;0;0;1;0;1;0;3088;39;8;30.9034999809228;0.0461130142211914;0
optimal;0.0734567642211914;1;36mb;8;SHUFFLE;false;0;0;1;0;1;0;3250;45;8;20.5244999960996;0.0539255142211914;0
optimal;0.0656442642211914;1;36mb;8;SHUFFLE;false;0;0;1;0;1;0;3088;39;8;15.0581999914721;0.0461130142211914;0
optimal;0.0734567642211914;1;36mb;8;SHUFFLE;false;0;0;1;0;1;0;3250;45;8;19.8775999597274;0.0539255142211914;0
optimal;0.0656442642211914;1;36mb;8;SHUFFLE;false;0;0;1;0;1;0;3088;39;8;15.134500048589;0.0461130142211914;0
optimal;0.0517578125;1;36mb;8;SHUFFLE;false;0;0;1;0;1;0;3080;39;8;24.8824000009336;0.0322265625;0
optimal;0.0517578125;1;36mb;8;SHUFFLE;false;0;0;1;0;1;0;3080;39;8;17.6969000021927;0.0322265625;0
optimal;101.89999961853;2;164mb;8;SHUFFLE;true;10;0;3;0;3;0;1597991204;14400000;40;359.611899999436;109.969999313354;0
optimal;8.6299991607666;1;43mb;8;SHUFFLE;true;5;4;2;0;2;0;57129580;359430;24;16.863500000909;9.05999946594238;0
optimal;10.0999994277954;1;45mb;8;SHUFFLE;true;5;0;2;0;2;0;57129596;359430;24;31.2119000009261;9.11999988555908;0
optimal;4.47999954223633;1;37mb;8;SHUFFLE;true;5;4;2;0;2;0;57129580;359430;24;18.1119999615476;3.25;0
optimal;13.5;1;49mb;8;SHUFFLE;true;5;0;2;0;2;0;57129580;359430;20;19.4026000099257;4.6299991607666;0
optimal;21.0499992370605;1;59mb;8;SHUFFLE;true;5;0;2;0;2;0;231005283;1440000;39;28.4545000176877;10.6399993896484;0
optimal;9.79999923706055;1;44mb;8;SHUFFLE;true;5;0;2;0;2;0;231005283;1440000;39;32.3296000133269;9.03999996185303;0
optimal;2.20999908447266;1;42mb;8;SHUFFLE;false;0;0;1;1;1;0;3854;20;27;15.7304999884218;2.1899995803833;0
optimal;2.20999908447266;1;42mb;8;SHUFFLE;false;0;0;1;1;1;0;3854;20;27;15.6327000004239;2.1899995803833;0
optimal;2.20999908447266;1;42mb;8;SHUFFLE;false;0;0;1;1;1;0;3854;20;27;18.94340000581;2.1899995803833;0
optimal;2.20999908447266;1;42mb;8;SHUFFLE;false;0;0;1;1;1;0;3854;20;27;16.5480999858119;2.1899995803833;0
optimal;2.20999908447266;1;42mb;8;SHUFFLE;false;0;0;1;1;1;0;3854;20;27;15.35189995775;2.1899995803833;0
optimal;2.20999908447266;1;42mb;8;SHUFFLE;false;0;0;1;1;1;0;3854;20;27;18.8690000213683;2.1899995803833;0
optimal;2.20999908447266;1;42mb;8;SHUFFLE;false;0;0;1;1;1;0;3854;20;27;19.2473999923095;2.1899995803833;0
optimal;2.20999908447266;1;42mb;8;SHUFFLE;false;0;0;1;1;1;0;3854;20;27;15.0009000208229;2.1899995803833;0
optimal;2.20999908447266;1;42mb;8;SHUFFLE;false;0;0;1;1;1;0;3854;20;27;14.8814999847673;2.1899995803833;0
optimal;2.20999908447266;1;42mb;8;SHUFFLE;false;0;0;1;1;1;0;3854;20;27;25.3028000006452;2.1899995803833;0
optimal;2.20999908447266;1;42mb;8;SHUFFLE;false;0;0;1;1;1;0;3854;20;27;17.0295999851078;2.1899995803833;0
optimal;2.20999908447266;1;42mb;8;SHUFFLE;false;0;0;1;1;1;0;3854;20;27;22.809199988842;2.1899995803833;0
optimal;2.20999908447266;1;42mb;8;SHUFFLE;false;0;0;1;1;1;0;3854;20;27;14.670499949716;2.1899995803833;0
optimal;2.20999908447266;1;42mb;8;SHUFFLE;false;0;0;1;1;1;0;3854;20;27;21.1048999917693;2.1899995803833;0
optimal;0.0691795349121094;1;36mb;8;SHUFFLE;false;0;0;1;0;1;0;3846;20;19;14.9632000247948;0.0457420349121094;0
optimal;0.0691795349121094;1;36mb;8;SHUFFLE;false;0;0;1;0;1;0;3846;20;19;17.2283000429161;0.0457420349121094;0
optimal;0.0691795349121094;1;36mb;8;SHUFFLE;false;0;0;1;0;1;0;3846;20;19;19.034199998714;0.0457420349121094;0
optimal;0.0691795349121094;1;36mb;8;SHUFFLE;false;0;0;1;0;1;0;3846;20;19;20.1066000154242;0.0457420349121094;0
optimal;0.0691795349121094;1;36mb;8;SHUFFLE;false;0;0;1;0;1;0;3846;20;19;17.9192000068724;0.0457420349121094;0
optimal;0.0691795349121094;1;36mb;8;SHUFFLE;false;0;0;1;0;1;0;3846;20;19;25.6306999945082;0.0457420349121094;0
optimal;0.0691795349121094;1;36mb;8;SHUFFLE;false;0;0;1;0;1;0;3846;20;19;20.6894999719225;0.0457420349121094;0
optimal;0.0691795349121094;1;36mb;8;SHUFFLE;false;0;0;1;0;1;0;3846;20;19;14.9454000056721;0.0457420349121094;0
optimal;0.0691795349121094;2;36mb;8;SHUFFLE;false;0;0;1;0;1;0;3846;20;19;942.660000000615;0.0457420349121094;0
optimal;0.0691795349121094;1;36mb;8;SHUFFLE;false;0;0;1;0;1;0;3846;20;19;19.8261000332423;0.0457420349121094;0
optimal;0.0691795349121094;1;36mb;8;SHUFFLE;false;0;0;1;0;1;0;3846;20;19;14.506200037431;0.0457420349121094;0
optimal;0.0691795349121094;1;36mb;8;SHUFFLE;false;0;0;1;0;1;0;3846;20;19;15.4569000005722;0.0457420349121094;0
optimal;0.0691795349121094;1;36mb;8;SHUFFLE;false;0;0;1;0;1;0;3846;20;19;14.2727000056766;0.0457420349121094;0
optimal;0.0691795349121094;1;36mb;8;SHUFFLE;false;0;0;1;0;1;0;3846;20;19;16.0324999596924;0.0457420349121094;0
optimal;0.0691795349121094;1;36mb;8;SHUFFLE;false;0;0;1;0;1;0;3846;20;19;15.6640000059269;0.0457420349121094;0
optimal;0.0595703125;1;36mb;8;SHUFFLE;false;0;0;1;0;1;0;3827;20;19;18.6764000100084;0.0361328125;0
optimal;0.0595703125;1;36mb;8;SHUFFLE;false;0;0;1;0;1;0;3827;20;19;15.8760999911465;0.0361328125;0
optimal;13.7999992370605;1;49mb;8;SHUFFLE;true;5;0;2;0;2;0;231005268;1440000;36;29.2085999972187;13.039999961853;0
optimal;2.21999931335449;1;42mb;8;SHUFFLE;false;0;0;1;1;1;0;3848;20;24;28.1239000032656;2.1899995803833;0
optimal;2.21999931335449;1;42mb;8;SHUFFLE;false;0;0;1;1;1;0;3848;20;24;21.6292999684811;2.1899995803833;0
optimal;2.21999931335449;1;42mb;8;SHUFFLE;false;0;0;1;1;1;0;3848;20;24;18.202300008852;2.1899995803833;0
optimal;2.21999931335449;1;42mb;8;SHUFFLE;false;0;0;1;1;1;0;3848;20;24;19.1395999863744;2.1899995803833;0
optimal;2.21999931335449;1;42mb;8;SHUFFLE;false;0;0;1;1;1;0;3848;20;24;29.727199987974;2.1899995803833;0
optimal;2.21999931335449;1;42mb;8;SHUFFLE;false;0;0;1;1;1;0;3848;20;24;18.8141000107862;2.1899995803833;0
optimal;2.21999931335449;1;42mb;8;SHUFFLE;false;0;0;1;1;1;0;3848;20;24;15.6939000007696;2.1899995803833;0
optimal;2.21999931335449;1;42mb;8;SHUFFLE;false;0;0;1;1;1;0;3848;20;24;21.2831000098959;2.1899995803833;0
optimal;2.21999931335449;1;42mb;8;SHUFFLE;false;0;0;1;1;1;0;3848;20;24;33.6308999685571;2.1899995803833;0
optimal;2.21999931335449;1;42mb;8;SHUFFLE;false;0;0;1;1;1;0;3848;20;24;21.5616999776103;2.1899995803833;0
optimal;2.21999931335449;1;42mb;8;SHUFFLE;false;0;0;1;1;1;0;3848;20;24;20.0493999873288;2.1899995803833;0
optimal;2.21999931335449;1;42mb;8;SHUFFLE;false;0;0;1;1;1;0;3848;20;24;15.32840001164;2.1899995803833;0
optimal;2.21999931335449;1;42mb;8;SHUFFLE;false;0;0;1;1;1;0;3848;20;24;21.8045999645256;2.1899995803833;0
optimal;2.21999931335449;1;42mb;8;SHUFFLE;false;0;0;1;1;1;0;3848;20;24;15.2858000365086;2.1899995803833;0
optimal;2.21999931335449;1;42mb;8;SHUFFLE;false;0;0;1;1;1;0;3848;20;24;54.5375000219792;2.1899995803833;0
optimal;2.21999931335449;1;42mb;8;SHUFFLE;false;0;0;1;1;1;0;3848;20;24;20.2441000146791;2.1899995803833;0
optimal;2.21999931335449;1;42mb;8;SHUFFLE;false;0;0;1;1;1;0;3848;20;24;15.5155999818817;2.1899995803833;0
optimal;2.21999931335449;1;42mb;8;SHUFFLE;false;0;0;1;1;1;0;3848;20;24;19.5639000157826;2.1899995803833;0
optimal;2.21999931335449;1;42mb;8;SHUFFLE;false;0;0;1;1;1;0;3848;20;24;15.1076000183821;2.1899995803833;0
optimal;2.21999931335449;1;42mb;8;SHUFFLE;false;0;0;1;1;1;0;3848;20;24;18.7779000261799;2.1899995803833;0
optimal;2.21999931335449;1;42mb;8;SHUFFLE;false;0;0;1;1;1;0;3848;20;24;23.8871999899857;2.1899995803833;0
optimal;0.0730857849121094;1;36mb;8;SHUFFLE;false;0;0;1;0;1;0;3840;20;16;14.7414000239223;0.0496969223022461;0
optimal;0.0730857849121094;1;36mb;8;SHUFFLE;false;0;0;1;0;1;0;3840;20;16;16.6403999901377;0.0496969223022461;0
optimal;0.0730857849121094;1;36mb;8;SHUFFLE;false;0;0;1;0;1;0;3840;20;16;15.8511000336148;0.0496969223022461;0
optimal;0.0730857849121094;1;36mb;8;SHUFFLE;false;0;0;1;0;1;0;3840;20;16;14.7804000298493;0.0496969223022461;0
optimal;0.0730857849121094;1;36mb;8;SHUFFLE;false;0;0;1;0;1;0;3840;20;16;15.1008000248112;0.0496969223022461;0
optimal;0.0730857849121094;1;36mb;8;SHUFFLE;false;0;0;1;0;1;0;3840;20;16;16.564300050959;0.0496969223022461;0
optimal;0.0730857849121094;1;36mb;8;SHUFFLE;false;0;0;1;0;1;0;3840;20;16;15.0983000057749;0.0496969223022461;0
optimal;0.0730857849121094;1;36mb;8;SHUFFLE;false;0;0;1;0;1;0;3840;20;16;27.4361000047065;0.0496969223022461;0
optimal;0.0730857849121094;1;36mb;8;SHUFFLE;false;0;0;1;0;1;0;3840;20;16;17.8967000101693;0.0496969223022461;0
optimal;0.0634765625;1;36mb;8;SHUFFLE;false;0;0;1;0;1;0;3824;20;16;37.306499958504;0.0400876998901367;0
optimal;0.0634765625;1;36mb;8;SHUFFLE;false;0;0;1;0;1;0;3824;20;16;15.4906999669038;0.0400876998901367;0
optimal;0.0634765625;1;36mb;8;SHUFFLE;false;0;0;1;0;1;0;3824;20;16;14.4916999852285;0.0400876998901367;0
optimal;0.0634765625;1;36mb;8;SHUFFLE;false;0;0;1;0;1;0;3824;20;16;19.8726000380702;0.0400876998901367;0
optimal;15.539999961853;1;52mb;8;SHUFFLE;true;5;0;2;0;2;0;231005313;1440000;45;24.6932000154629;10.7199993133545;0
optimal;2.20999908447266;1;42mb;8;SHUFFLE;false;0;0;1;1;1;0;3866;20;33;21.5520999627188;2.1899995803833;0
optimal;2.20999908447266;1;42mb;8;SHUFFLE;false;0;0;1;1;1;0;3866;20;33;23.8741000066511;2.1899995803833;0
optimal;2.20999908447266;1;42mb;8;SHUFFLE;false;0;0;1;1;1;0;3866;20;33;18.7964999931864;2.1899995803833;0
optimal;2.20999908447266;1;42mb;8;SHUFFLE;false;0;0;1;1;1;0;3866;20;33;14.5865000085905;2.1899995803833;0
optimal;2.20999908447266;1;42mb;8;SHUFFLE;false;0;0;1;1;1;0;3866;20;33;20.6629000022076;2.1899995803833;0
optimal;2.20999908447266;1;42mb;8;SHUFFLE;false;0;0;1;1;1;0;3866;20;33;15.2577999979258;2.1899995803833;0
optimal;2.20999908447266;1;42mb;8;SHUFFLE;false;0;0;1;1;1;0;3866;20;33;15.275199955795;2.1899995803833;0
optimal;2.20999908447266;1;42mb;8;SHUFFLE;false;0;0;1;1;1;0;3866;20;33;17.8759999689646;2.1899995803833;0
optimal;2.20999908447266;1;42mb;8;SHUFFLE;false;0;0;1;1;1;0;3866;20;33;18.3890000334941;2.1899995803833;0
optimal;2.20999908447266;1;42mb;8;SHUFFLE;false;0;0;1;1;1;0;3866;20;33;16.9950000126846;2.1899995803833;0
optimal;2.20999908447266;2;42mb;8;SHUFFLE;false;0;0;1;1;1;0;3866;20;33;1010.86440001382;2.1899995803833;0
optimal;2.20999908447266;1;42mb;8;SHUFFLE;false;0;0;1;1;1;0;3866;20;33;16.0986999981105;2.1899995803833;0
optimal;2.20999908447266;1;42mb;8;SHUFFLE;false;0;0;1;1;1;0;3866;20;33;50.974799960386;2.1899995803833;0
optimal;2.20999908447266;1;42mb;8;SHUFFLE;false;0;0;1;1;1;0;3866;20;33;14.7055000416003;2.1899995803833;0
optimal;2.20999908447266;1;42mb;8;SHUFFLE;false;0;0;1;1;1;0;3866;20;33;27.1085000131279;2.1899995803833;0
optimal;2.20999908447266;1;42mb;8;SHUFFLE;false;0;0;1;1;1;0;3866;20;33;15.6451999791898;2.1899995803833;0
optimal;2.20999908447266;1;42mb;8;SHUFFLE;false;0;0;1;1;1;0;3866;20;33;18.2745999773033;2.1899995803833;0
optimal;2.20999908447266;1;42mb;8;SHUFFLE;false;0;0;1;1;1;0;3866;20;33;22.6016000378877;2.1899995803833;0
optimal;0.0691795349121094;1;36mb;8;SHUFFLE;false;0;0;1;0;1;0;3858;20;25;24.7358999913558;0.0457420349121094;0
optimal;0.0691795349121094;2;36mb;8;SHUFFLE;false;0;0;1;0;1;0;3858;20;25;2387.02139997622;0.0457420349121094;0
optimal;0.0691795349121094;1;36mb;8;SHUFFLE;false;0;0;1;0;1;0;3858;20;25;18.6545000178739;0.0457420349121094;0
optimal;0.0691795349121094;1;36mb;8;SHUFFLE;false;0;0;1;0;1;0;3858;20;25;16.1254999693483;0.0457420349121094;0
optimal;0.0691795349121094;1;36mb;8;SHUFFLE;false;0;0;1;0;1;0;3858;20;25;15.8083999995142;0.0457420349121094;0
optimal;0.0691795349121094;1;36mb;8;SHUFFLE;false;0;0;1;0;1;0;3858;20;25;14.6239000023343;0.0457420349121094;0
optimal;0.0691795349121094;1;36mb;8;SHUFFLE;false;0;0;1;0;1;0;3858;20;25;29.5556999626569;0.0457420349121094;0
optimal;0.0691795349121094;1;36mb;8;SHUFFLE;false;0;0;1;0;1;0;3858;20;25;14.936999999918;0.0457420349121094;0
optimal;0.0691795349121094;1;36mb;8;SHUFFLE;false;0;0;1;0;1;0;3858;20;25;14.8801999748684;0.0457420349121094;0
optimal;0.0691795349121094;1;36mb;8;SHUFFLE;false;0;0;1;0;1;0;3858;20;25;14.6456000511535;0.0457420349121094;0
optimal;0.0691795349121094;1;36mb;8;SHUFFLE;false;0;0;1;0;1;0;3858;20;25;19.1697999835014;0.0457420349121094;0
optimal;0.0691795349121094;1;36mb;8;SHUFFLE;false;0;0;1;0;1;0;3858;20;25;14.8818999878131;0.0457420349121094;0
optimal;0.0613670349121094;1;36mb;8;SHUFFLE;false;0;0;1;0;1;0;3858;20;25;42.9637999623083;0.0457420349121094;0
optimal;0.0595703125;1;36mb;8;SHUFFLE;false;0;0;1;0;1;0;3833;20;25;28.6091999732889;0.0361328125;0
optimal;135.539999961853;2;208mb;8;SHUFFLE;true;5;0;2;2;2;0;231005440;1440000;48;418.317199975718;130.059999465942;0
optimal;9.78999996185303;1;44mb;8;SHUFFLE;true;5;0;2;0;2;0;231005344;1440000;52;33.6883999989368;9.03999996185303;0
optimal;162.659999847412;1;243mb;8;SHUFFLE;true;5;0;2;2;2;0;231005468;1440000;52;414.756199985277;159.529999732971;0
optimal;2.20999908447266;1;42mb;8;SHUFFLE;false;0;0;1;1;1;0;3872;20;36;22.5989000173286;2.1899995803833;0
optimal;2.20999908447266;1;42mb;8;SHUFFLE;false;0;0;1;1;1;0;3872;20;36;21.3659000000916;2.1899995803833;0
optimal;2.20999908447266;1;42mb;8;SHUFFLE;false;0;0;1;1;1;0;3872;20;36;16.1514999927022;2.1899995803833;0
optimal;2.20999908447266;1;42mb;8;SHUFFLE;false;0;0;1;1;1;0;3872;20;36;15.7151999883354;2.1899995803833;0
optimal;2.20999908447266;1;42mb;8;SHUFFLE;false;0;0;1;1;1;0;3872;20;36;18.3379999944009;2.1899995803833;0
optimal;2.20999908447266;1;42mb;8;SHUFFLE;false;0;0;1;1;1;0;3872;20;36;22.7013999829069;2.1899995803833;0
optimal;2.20999908447266;1;42mb;8;SHUFFLE;false;0;0;1;1;1;0;3872;20;36;17.0226999907754;2.1899995803833;0
optimal;2.20999908447266;1;42mb;8;SHUFFLE;false;0;0;1;1;1;0;3872;20;36;24.4816999766044;2.1899995803833;0
optimal;2.20999908447266;1;42mb;8;SHUFFLE;false;0;0;1;1;1;0;3872;20;36;15.4329999932088;2.1899995803833;0
optimal;2.20999908447266;2;42mb;8;SHUFFLE;false;0;0;1;1;1;0;3872;20;36;5743.35639999481;2.1899995803833;0
optimal;2.20999908447266;1;42mb;8;SHUFFLE;false;0;0;1;1;1;0;3872;20;36;17.5194999901578;2.1899995803833;0
optimal;2.20999908447266;1;42mb;8;SHUFFLE;false;0;0;1;1;1;0;3872;20;36;18.8608000171371;2.1899995803833;0
optimal;2.20999908447266;1;42mb;8;SHUFFLE;false;0;0;1;1;1;0;3872;20;36;30.6555000133812;2.1899995803833;0
optimal;2.20999908447266;1;42mb;8;SHUFFLE;false;0;0;1;1;1;0;3872;20;36;15.3895000112243;2.1899995803833;0
optimal;2.20999908447266;1;42mb;8;SHUFFLE;false;0;0;1;1;1;0;3872;20;36;15.7217000378296;2.1899995803833;0
optimal;2.20999908447266;1;42mb;8;SHUFFLE;false;0;0;1;1;1;0;3872;20;36;16.161400009878;2.1899995803833;0
optimal;0.0691795349121094;1;36mb;8;SHUFFLE;false;0;0;1;0;1;0;3864;20;28;24.4109000195749;0.0457420349121094;0
optimal;0.0691795349121094;1;36mb;8;SHUFFLE;false;0;0;1;0;1;0;3864;20;28;25.0769999693148;0.0457420349121094;0
optimal;0.0691795349121094;1;36mb;8;SHUFFLE;false;0;0;1;0;1;0;3864;20;28;24.353000044357;0.0457420349121094;0
optimal;0.0691795349121094;1;36mb;8;SHUFFLE;false;0;0;1;0;1;0;3864;20;28;20.8057999843732;0.0457420349121094;0
optimal;0.0691795349121094;1;36mb;8;SHUFFLE;false;0;0;1;0;1;0;3864;20;28;14.667899988126;0.0457420349121094;0
optimal;0.0691795349121094;1;36mb;8;SHUFFLE;false;0;0;1;0;1;0;3864;20;28;16.4050000021234;0.0457420349121094;0
optimal;0.0691795349121094;1;36mb;8;SHUFFLE;false;0;0;1;0;1;0;3864;20;28;14.9983000010252;0.0457420349121094;0
optimal;0.0691795349121094;1;36mb;8;SHUFFLE;false;0;0;1;0;1;0;3864;20;28;18.5375999426469;0.0457420349121094;0
optimal;0.0691795349121094;1;36mb;8;SHUFFLE;false;0;0;1;0;1;0;3864;20;28;14.9225000059232;0.0457420349121094;0
optimal;0.0595703125;1;36mb;8;SHUFFLE;false;0;0;1;0;1;0;3836;20;28;15.6852999934927;0.0361328125;0
optimal;13.4199991226196;1;49mb;8;SHUFFLE;true;5;4;2;2;2;0;231005260;1440000;24;216.661899990868;13.3599996566772;0
optimal;111.659999847412;1;177mb;8;SHUFFLE;true;5;0;2;2;2;0;231005276;1440000;24;362.462599994615;116.689999580383;0
optimal;123.959999084473;1;193mb;8;SHUFFLE;true;5;0;2;2;2;0;231005276;1440000;24;362.520600028802;126.209999084473;0
optimal;2.19999980926514;1;42mb;8;SHUFFLE;false;0;0;1;1;1;0;3832;20;16;16.0421999753453;2.17999935150146;0
optimal;2.19999980926514;1;42mb;8;SHUFFLE;false;0;0;1;1;1;0;3832;20;16;15.5967999598943;2.17999935150146;0
optimal;2.19999980926514;1;42mb;8;SHUFFLE;false;0;0;1;1;1;0;3832;20;16;21.8082999926992;2.17999935150146;0
optimal;2.19999980926514;1;42mb;8;SHUFFLE;false;0;0;1;1;1;0;3832;20;16;14.6602999884635;2.17999935150146;0
optimal;2.19999980926514;1;42mb;8;SHUFFLE;false;0;0;1;1;1;0;3832;20;16;27.6576000032946;2.17999935150146;0
optimal;2.19999980926514;1;42mb;8;SHUFFLE;false;0;0;1;1;1;0;3832;20;16;20.586300001014;2.17999935150146;0
optimal;2.19999980926514;1;42mb;8;SHUFFLE;false;0;0;1;1;1;0;3832;20;16;16.0592999891378;2.17999935150146;0
optimal;2.19999980926514;1;42mb;8;SHUFFLE;false;0;0;1;1;1;0;3832;20;16;16.0809999797493;2.17999935150146;0
optimal;2.19999980926514;1;42mb;8;SHUFFLE;false;0;0;1;1;1;0;3832;20;16;16.9262000126764;2.17999935150146;0
optimal;2.19999980926514;1;42mb;8;SHUFFLE;false;0;0;1;1;1;0;3832;20;16;18.1976999738254;2.17999935150146;0
optimal;2.19999980926514;1;42mb;8;SHUFFLE;false;0;0;1;1;1;0;3832;20;16;18.953800026793;2.17999935150146;0
optimal;2.19999980926514;1;42mb;8;SHUFFLE;false;0;0;1;1;1;0;3832;20;16;15.6337000080384;2.17999935150146;0
optimal;2.19999980926514;1;42mb;8;SHUFFLE;false;0;0;1;1;1;0;3832;20;16;15.7363999751396;2.17999935150146;0
optimal;2.19999980926514;1;42mb;8;SHUFFLE;false;0;0;1;1;1;0;3832;20;16;17.0335999573581;2.17999935150146;0
optimal;2.19999980926514;1;42mb;8;SHUFFLE;false;0;0;1;1;1;0;3832;20;16;15.0585999945179;2.17999935150146;0
optimal;2.19999980926514;1;42mb;8;SHUFFLE;false;0;0;1;1;1;0;3832;20;16;18.1406000046991;2.17999935150146;0
optimal;0.0656442642211914;1;36mb;8;SHUFFLE;false;0;0;1;0;1;0;3824;20;8;14.8676999961026;0.0461130142211914;0
optimal;0.0656442642211914;1;36mb;8;SHUFFLE;false;0;0;1;0;1;0;3824;20;8;18.1082999915816;0.0461130142211914;0
optimal;0.0656442642211914;1;36mb;8;SHUFFLE;false;0;0;1;0;1;0;3824;20;8;21.8876000144519;0.0461130142211914;0
optimal;0.0656442642211914;1;36mb;8;SHUFFLE;false;0;0;1;0;1;0;3824;20;8;14.7899999865331;0.0461130142211914;0
optimal;0.0656442642211914;1;36mb;8;SHUFFLE;false;0;0;1;0;1;0;3824;20;8;18.9597999560647;0.0461130142211914;0
optimal;0.0656442642211914;1;36mb;8;SHUFFLE;false;0;0;1;0;1;0;3824;20;8;15.6196999596432;0.0461130142211914;0
optimal;0.0656442642211914;1;36mb;8;SHUFFLE;false;0;0;1;0;1;0;3824;20;8;18.4625000110827;0.0461130142211914;0
optimal;0.0656442642211914;1;36mb;8;SHUFFLE;false;0;0;1;0;1;0;3824;20;8;14.6813999745063;0.0461130142211914;0
optimal;0.0656442642211914;1;36mb;8;SHUFFLE;false;0;0;1;0;1;0;3824;20;8;16.7083999840543;0.0461130142211914;0
optimal;0.0656442642211914;1;36mb;8;SHUFFLE;false;0;0;1;0;1;0;3824;20;8;21.009000018239;0.0461130142211914;0
optimal;0.0656442642211914;1;36mb;8;SHUFFLE;false;0;0;1;0;1;0;3824;20;8;15.7473999424838;0.0461130142211914;0
optimal;0.0656442642211914;1;36mb;8;SHUFFLE;false;0;0;1;0;1;0;3824;20;8;19.5477999513969;0.0461130142211914;0
optimal;0.0656442642211914;1;36mb;8;SHUFFLE;false;0;0;1;0;1;0;3824;20;8;14.9472000193782;0.0461130142211914;0
optimal;0.0656442642211914;1;36mb;8;SHUFFLE;false;0;0;1;0;1;0;3824;20;8;18.2259000139311;0.0461130142211914;0
optimal;0.0656442642211914;1;36mb;8;SHUFFLE;false;0;0;1;0;1;0;3824;20;8;47.9046999826096;0.0461130142211914;0
optimal;0.0517578125;1;36mb;8;SHUFFLE;false;0;0;1;0;1;0;3816;20;8;18.619199981913;0.0322265625;0
optimal;0.0517578125;1;36mb;8;SHUFFLE;false;0;0;1;0;1;0;3816;20;8;19.6404000162147;0.0322265625;0
optimal;9.79999923706055;1;44mb;8;SHUFFLE;true;5;0;2;0;2;0;231005288;1440000;40;33.4557999740355;9.03999996185303;0
optimal;2.20999908447266;1;42mb;8;SHUFFLE;false;0;0;1;1;1;0;3856;20;28;15.4672999633476;2.1899995803833;0
optimal;2.20999908447266;1;42mb;8;SHUFFLE;false;0;0;1;1;1;0;3856;20;28;19.8189999791794;2.1899995803833;0
optimal;2.20999908447266;1;42mb;8;SHUFFLE;false;0;0;1;1;1;0;3856;20;28;19.6358999819495;2.1899995803833;0
optimal;2.20999908447266;1;42mb;8;SHUFFLE;false;0;0;1;1;1;0;3856;20;28;21.850400022231;2.1899995803833;0
optimal;2.20999908447266;1;42mb;8;SHUFFLE;false;0;0;1;1;1;0;3856;20;28;18.9694000291638;2.1899995803833;0
optimal;2.20999908447266;1;42mb;8;SHUFFLE;false;0;0;1;1;1;0;3856;20;28;15.4548000427894;2.1899995803833;0
optimal;2.20999908447266;1;42mb;8;SHUFFLE;false;0;0;1;1;1;0;3856;20;28;23.3858000137843;2.1899995803833;0
optimal;2.20999908447266;1;42mb;8;SHUFFLE;false;0;0;1;1;1;0;3856;20;28;16.4460000232793;2.1899995803833;0
optimal;2.20999908447266;1;42mb;8;SHUFFLE;false;0;0;1;1;1;0;3856;20;28;15.5070999753661;2.1899995803833;0
optimal;2.20999908447266;1;42mb;8;SHUFFLE;false;0;0;1;1;1;0;3856;20;28;16.069500008598;2.1899995803833;0
optimal;2.20999908447266;1;42mb;8;SHUFFLE;false;0;0;1;1;1;0;3856;20;28;20.990300050471;2.1899995803833;0
optimal;2.20999908447266;1;42mb;8;SHUFFLE;false;0;0;1;1;1;0;3856;20;28;17.416599963326;2.1899995803833;0
optimal;0.0691795349121094;1;36mb;8;SHUFFLE;false;0;0;1;0;1;0;3848;20;20;14.9352999869734;0.0457420349121094;0
optimal;0.0691795349121094;1;36mb;8;SHUFFLE;false;0;0;1;0;1;0;3848;20;20;15.1875000447035;0.0457420349121094;0
optimal;0.0691795349121094;1;36mb;8;SHUFFLE;false;0;0;1;0;1;0;3848;20;20;14.9021000252105;0.0457420349121094;0
optimal;0.0691795349121094;1;36mb;8;SHUFFLE;false;0;0;1;0;1;0;3848;20;20;18.043200019747;0.0457420349121094;0
optimal;0.0691795349121094;1;36mb;8;SHUFFLE;false;0;0;1;0;1;0;3848;20;20;14.5266999606974;0.0457420349121094;0
optimal;0.0691795349121094;1;36mb;8;SHUFFLE;false;0;0;1;0;1;0;3848;20;20;21.8808999634348;0.0457420349121094;0
optimal;0.0691795349121094;1;36mb;8;SHUFFLE;false;0;0;1;0;1;0;3848;20;20;20.6219000392593;0.0457420349121094;0
optimal;0.0691795349121094;1;36mb;8;SHUFFLE;false;0;0;1;0;1;0;3848;20;20;15.2922999695875;0.0457420349121094;0
optimal;0.0691795349121094;1;36mb;8;SHUFFLE;false;0;0;1;0;1;0;3848;20;20;25.754300004337;0.0457420349121094;0
optimal;0.0691795349121094;1;36mb;8;SHUFFLE;false;0;0;1;0;1;0;3848;20;20;18.4602999943309;0.0457420349121094;0
optimal;0.0691795349121094;1;36mb;8;SHUFFLE;false;0;0;1;0;1;0;3848;20;20;22.9093999951147;0.0457420349121094;0
optimal;0.0613670349121094;1;36mb;8;SHUFFLE;false;0;0;1;0;1;0;3848;20;20;18.0517999688163;0.0457420349121094;0
optimal;0.0595703125;1;36mb;8;SHUFFLE;false;0;0;1;0;1;0;3828;20;20;21.4081999729387;0.0361328125;0
optimal;0.0595703125;1;36mb;8;SHUFFLE;false;0;0;1;0;1;0;3828;20;20;15.3165000374429;0.0361328125;0
optimal;0.0595703125;1;36mb;8;SHUFFLE;false;0;0;1;0;1;0;3828;20;20;17.2271000337787;0.0361328125;0
network_congestion;152.369999885559;2;230mb;8;SHUFFLE;false;9;8;3;2;3;0;360818762;28800000;103;1722.29140001582;174.849999427795;0
network_congestion;112.959999084473;2;237mb;8;BROADCAST;false;9;8;3;2;3;0;1597991484;14400000;104;922.330600034911;175.039999961853;0
network_congestion;276.809999465942;2;610mb;8;SHUFFLE;false;20;20;6;6;6;0;2856158060;14400000;236;1722.05630003009;430.14999961853;0
network_congestion;319.369999885559;4;697mb;8;SHUFFLE;false;20;20;6;6;6;0;2856158060;14400000;236;2160.30049999245;516.329999923706;0
network_congestion;217.25;2;434mb;8;BROADCAST;false;20;20;6;6;6;0;2856158060;14400000;236;664.683300012257;316.309999465942;0
network_congestion;217.119999885559;2;434mb;8;BROADCAST;false;20;20;6;6;6;0;2856158060;14400000;236;618.879399960861;319.299999237061;0
network_congestion;351.459999084473;4;762mb;8;SHUFFLE;false;20;20;6;6;6;0;2856158060;14400000;236;2430.57119997684;516.849999427795;0
network_congestion;218.25;2;434mb;8;BROADCAST;false;20;20;6;6;6;0;2856158060;14400000;236;853.559300012421;317.779999732971;0
network_congestion;344.619999885559;4;750mb;8;SHUFFLE;false;20;20;6;6;6;0;2856158060;14400000;236;2424.31550001493;514.209999084473;0
network_congestion;215.159999847412;2;434mb;8;BROADCAST;false;20;20;6;6;6;0;2856158060;14400000;236;670.730600017123;318.859999656677;0
network_congestion;298.5;2;497mb;8;BROADCAST;false;20;20;6;6;6;0;26837763;28800000;237;1635.98179997643;383.949999809265;0
network_congestion;234.14999961853;2;434mb;8;BROADCAST;false;20;20;6;6;6;0;2856158060;14400000;236;1625.73929998325;345.689999580383;0
network_congestion;217.119999885559;2;434mb;8;BROADCAST;false;20;20;6;6;6;0;2856158060;14400000;236;666.066500009038;316.579999923706;0
network_congestion;277.359999656677;2;612mb;8;SHUFFLE;false;20;20;6;6;6;0;2856158060;14400000;236;1519.34539998183;430.259999275208;0
network_congestion;262.779999732971;2;482mb;8;BROADCAST;false;20;20;6;6;6;0;26837763;28800000;237;725.982700008899;377.609999656677;0
network_congestion;260.719999313354;2;482mb;8;BROADCAST;false;20;20;6;6;6;0;26837763;28800000;237;669.225700024981;388.41999912262;0
network_congestion;218.25;2;434mb;8;BROADCAST;false;20;20;6;6;6;0;2856158060;14400000;236;660.23589996621;319.759999275208;0
network_congestion;260.979999542236;2;482mb;8;BROADCAST;false;20;20;6;6;6;0;26837763;28800000;237;668.788700015284;382;0
network_congestion;215.289999961853;2;434mb;8;BROADCAST;false;20;20;6;6;6;0;2856158060;14400000;236;661.610900016967;327.829999923706;0
network_congestion;311.699999809265;2;437mb;8;SHUFFLE;false;20;20;6;6;6;0;26837763;28800000;237;1941.06739998097;386.719999313354;0
network_congestion;215.289999961853;2;434mb;8;BROADCAST;false;20;20;6;6;6;0;2856158060;14400000;236;726.478600001428;316.449999809265;0
network_congestion;217.25;2;434mb;8;BROADCAST;false;20;20;6;6;6;0;2856158060;14400000;236;615.735800005496;321.75;0
network_congestion;217.25;2;434mb;8;BROADCAST;false;20;20;6;6;6;0;2856158060;14400000;236;673.321200010832;325.41999912262;0
network_congestion;280.289999961853;4;631mb;8;SHUFFLE;false;20;20;6;6;6;0;2856158060;14400000;236;1821.85509998817;482.889999389648;0
network_congestion;350.519999504089;4;760mb;8;SHUFFLE;false;20;20;6;6;6;0;2856158060;14400000;236;2730.98970000865;553.199999809265;0
network_congestion;174.229999542236;2;394mb;8;BROADCAST;false;16;16;5;2;5;0;368108134;28800000;287;674.827499955427;312.379999160767;0
network_congestion;169.64999961853;2;370mb;8;BROADCAST;false;16;16;5;2;5;0;1605270508;14400000;287;613.769999996293;273.449999809265;0
network_congestion;174.739999771118;2;394mb;8;BROADCAST;false;16;16;5;2;5;0;368108134;28800000;287;622.698899998795;312.689999580383;0
network_congestion;170.339999198914;2;370mb;8;BROADCAST;false;16;16;5;2;5;0;1605270508;14400000;287;662.633699947037;273.219999313354;0
network_congestion;169.64999961853;2;370mb;8;BROADCAST;false;16;16;5;2;5;0;1605270508;14400000;287;626.520199992228;274.189999580383;0
network_congestion;169.64999961853;2;370mb;8;BROADCAST;false;16;16;5;2;5;0;1605270508;14400000;287;634.285899985116;274.229999542236;0
network_congestion;169.64999961853;2;370mb;8;BROADCAST;false;16;16;5;2;5;0;1605270508;14400000;287;673.239299969282;273.879999160767;0
network_congestion;174.069999694824;2;394mb;8;BROADCAST;false;16;16;5;2;5;0;368108134;28800000;287;619.372799992561;312.829999923706;0
network_congestion;174.579999923706;2;394mb;8;BROADCAST;false;16;16;5;2;5;0;368108134;28800000;287;719.787900045048;313.199999809265;0
network_congestion;169.64999961853;2;370mb;8;BROADCAST;false;16;16;5;2;5;0;1605270508;14400000;287;623.908600013237;273.019999504089;0
network_congestion;174.049999237061;2;394mb;8;BROADCAST;false;16;16;5;2;5;0;368108134;28800000;287;630.340500036255;313.109999656677;0
network_congestion;170.339999198914;2;370mb;8;BROADCAST;false;16;16;5;2;5;0;1605270508;14400000;287;630.290500004776;273.839999198914;0
network_congestion;170.469999313354;2;346mb;8;BROADCAST;false;16;16;5;2;5;0;1605270308;14400000;287;1114.68140000943;255.389999389648;0
network_congestion;174.069999694824;2;394mb;8;BROADCAST;false;16;16;5;2;5;0;368108134;28800000;287;672.403600008693;312.869999885559;0
network_congestion;174.069999694824;2;394mb;8;BROADCAST;false;16;16;5;2;5;0;368108134;28800000;287;617.606199986767;312.529999732971;0
network_congestion;169.64999961853;2;370mb;8;BROADCAST;false;16;16;5;2;5;0;1605270508;14400000;287;612.709700013511;274.39999961853;0
network_congestion;170.339999198914;2;370mb;8;BROADCAST;false;16;16;5;2;5;0;1605270508;14400000;287;698.632700019516;274.489999771118;0
network_congestion;170.159999847412;2;370mb;8;BROADCAST;false;16;16;5;2;5;0;1605270508;14400000;287;669.192199944519;273.609999656677;0
optimal;35.3499994277954;1;77mb;8;SHUFFLE;true;8;8;3;2;3;0;1422900621;14400000;156;41.4754999801517;29.039999961853;0
optimal;35.3499994277954;1;77mb;8;SHUFFLE;true;8;8;3;2;3;0;1422900621;14400000;156;44.3963000434451;29.039999961853;0
optimal;35.3499994277954;1;77mb;8;SHUFFLE;true;8;8;3;2;3;0;1422900621;14400000;156;67.2476000036113;29.039999961853;0
optimal;35.3499994277954;1;77mb;8;SHUFFLE;true;8;8;3;2;3;0;1422900621;14400000;156;46.6333999647759;28.9299993515015;0
optimal;36;1;78mb;8;SHUFFLE;true;8;8;3;2;3;0;3663511;28800000;156;21.1736999917775;29.0999994277954;0
optimal;37.3899993896484;1;80mb;8;SHUFFLE;true;8;8;3;2;3;0;3663511;28800000;156;45.6585999927483;29.0999994277954;0
optimal;35.3499994277954;1;77mb;8;SHUFFLE;true;8;8;3;2;3;0;1422900621;14400000;156;17.9102999973111;29.039999961853;0
optimal;37.3899993896484;1;80mb;8;SHUFFLE;true;8;8;3;2;3;0;3663511;28800000;156;22.5634999806061;29.0899991989136;0
optimal;35.3499994277954;1;77mb;8;SHUFFLE;true;8;8;3;2;3;0;1422900621;14400000;156;115.765599999577;28.8399991989136;0
optimal;36;1;78mb;8;SHUFFLE;true;8;8;3;2;3;0;3663511;28800000;156;39.0437000314705;29.0999994277954;0
optimal;35.3499994277954;1;77mb;8;SHUFFLE;true;8;8;3;2;3;0;1422900621;14400000;156;18.0371999740601;28.9199991226196;0
optimal;37.3899993896484;1;80mb;8;SHUFFLE;true;8;8;3;2;3;0;3663511;28800000;156;21.5763000305742;29.0999994277954;0
optimal;35.3499994277954;1;77mb;8;SHUFFLE;true;8;8;3;2;3;0;1422900621;14400000;156;18.0196999572217;29.039999961853;0
optimal;35.3499994277954;1;77mb;8;SHUFFLE;true;8;8;3;2;3;0;1422900621;14400000;156;51.911199989263;29.039999961853;0
optimal;35.3499994277954;1;77mb;8;SHUFFLE;true;8;8;3;2;3;0;1422900621;14400000;156;27.7974000200629;29.039999961853;0
optimal;36;1;78mb;8;SHUFFLE;true;8;8;3;2;3;0;3663511;28800000;156;35.7256000279449;29.0999994277954;0
optimal;35.3499994277954;1;77mb;8;SHUFFLE;true;8;8;3;2;3;0;1422900621;14400000;156;18.4416000265628;29.039999961853;0
optimal;35.3499994277954;1;77mb;8;SHUFFLE;true;8;8;3;2;3;0;1422900621;14400000;156;17.80830003554;29.039999961853;0
optimal;35.3499994277954;1;77mb;8;SHUFFLE;true;8;8;3;2;3;0;1422900621;14400000;156;32.8423000173643;28.8399991989136;0
optimal;35.3499994277954;1;77mb;8;SHUFFLE;true;8;8;3;2;3;0;1422900621;14400000;156;38.8988999766298;29.0299997329712;0
optimal;37.3899993896484;1;80mb;8;SHUFFLE;true;8;8;3;2;3;0;3663511;28800000;156;20.6319999997504;29.0999994277954;0
optimal;37.3899993896484;1;80mb;8;SHUFFLE;true;8;8;3;2;3;0;3663511;28800000;156;21.432499983348;29.0699996948242;0
optimal;36;1;78mb;8;SHUFFLE;true;8;8;3;2;3;0;3663511;28800000;156;31.4619999844581;29.0899991989136;0
optimal;35.9699993133545;1;78mb;8;SHUFFLE;true;8;8;3;2;3;0;3663511;28800000;156;38.9286000281572;29.0999994277954;0
optimal;37.3899993896484;1;80mb;8;SHUFFLE;true;8;8;3;2;3;0;3663511;28800000;156;17.8114000009373;29.0999994277954;0
optimal;35.3499994277954;1;77mb;8;SHUFFLE;true;8;8;3;2;3;0;1422900621;14400000;156;18.1122999638319;29.039999961853;0
optimal;37.3899993896484;1;80mb;8;SHUFFLE;true;8;8;3;2;3;0;3663511;28800000;156;38.9658999629319;29.0999994277954;0
optimal;35.3499994277954;1;77mb;8;SHUFFLE;true;8;8;3;2;3;0;1422900621;14400000;156;23.9928000373766;29.039999961853;0
optimal;37.3899993896484;1;80mb;8;SHUFFLE;true;8;8;3;2;3;0;3663511;28800000;156;22.4960999912582;29.0999994277954;0
optimal;35.3499994277954;1;77mb;8;SHUFFLE;true;8;8;3;2;3;0;1422900621;14400000;156;46.8215000000782;29.039999961853;0
optimal;35.3499994277954;1;77mb;8;SHUFFLE;true;8;8;3;2;3;0;1422900621;14400000;156;17.6424000528641;29.0299997329712;0
optimal;37.3899993896484;1;80mb;8;SHUFFLE;true;8;8;3;2;3;0;3663511;28800000;156;30.2964000147767;29.0999994277954;0
optimal;35.3499994277954;1;77mb;8;SHUFFLE;true;8;8;3;2;3;0;1422900621;14400000;156;18.7887999927625;29.039999961853;0
optimal;35.3499994277954;1;77mb;8;SHUFFLE;true;8;8;3;2;3;0;1422900621;14400000;156;24.4953999645077;29.039999961853;0
optimal;37.3899993896484;1;80mb;8;SHUFFLE;true;8;8;3;2;3;0;3663511;28800000;156;21.1374000064097;29.0999994277954;0
network_congestion;44.6999998092651;2;90mb;8;SHUFFLE;false;8;8;3;2;3;0;1422900621;14400000;156;663.455899979454;59.6599998474121;0
optimal;80.6499996185303;2;136mb;8;SHUFFLE;true;21;16;6;7;6;0;81027132;28800000;97;216.381100006402;93.7999992370605;0
optimal;80.6499996185303;1;136mb;8;SHUFFLE;true;21;16;6;7;6;0;81027132;28800000;97;219.146499992348;67.8399991989136;0
network_congestion;63.3499994277954;2;114mb;8;SHUFFLE;false;21;16;6;7;6;0;1465996778;14400000;97;721.401899994817;76.5099992752075;0
optimal;80.6499996185303;1;136mb;8;SHUFFLE;true;21;16;6;7;6;0;81027132;28800000;97;230.336999986321;67.8399991989136;0
optimal;77.2999992370605;2;132mb;8;SHUFFLE;true;21;16;6;7;6;0;81027132;28800000;97;215.453499986324;93.7999992370605;0
optimal;78.539999961853;1;134mb;8;SHUFFLE;true;21;16;6;7;6;0;81027132;28800000;97;224.312799982727;67.8399991989136;0
optimal;80.6499996185303;2;136mb;8;SHUFFLE;true;21;16;6;7;6;0;81027132;28800000;97;218.295500031672;93.7999992370605;0
optimal;80.6499996185303;2;136mb;8;SHUFFLE;true;21;16;6;7;6;0;81027132;28800000;97;216.996299976017;93.7999992370605;0
optimal;158.199999809265;1;237mb;8;SHUFFLE;true;5;0;2;0;2;0;591816436;2880000;32;365.929199964739;141.179999351501;0
optimal;95.2599992752075;1;155mb;8;SHUFFLE;true;5;0;2;0;2;0;293391706;1440000;32;214.648499968462;79.1799993515015;0
network_congestion;144.359999656677;2;219mb;8;SHUFFLE;false;5;0;2;0;2;0;591816436;2880000;32;587.339899968356;130.879999160767;0
optimal;18.6999998092651;1;56mb;8;SHUFFLE;true;0;0;1;2;1;0;178740336;1440000;16;206.432800041512;18.0199995040894;0
optimal;18.6999998092651;1;56mb;8;SHUFFLE;true;0;0;1;2;1;0;178740336;1440000;16;167.290500015952;18.0199995040894;0
optimal;18.6999998092651;1;56mb;8;SHUFFLE;true;0;0;1;2;1;0;178740336;1440000;16;159.30479997769;18.0199995040894;0
network_congestion;174.619999885559;2;259mb;8;SHUFFLE;false;5;4;2;2;2;0;210176924;1440000;52;513.985999976285;183.069999694824;0
optimal;5.09999942779541;1;38mb;8;SHUFFLE;false;0;0;1;0;1;0;178740280;160;8;64.9712000158615;4.95999908447266;0
optimal;5.63999938964844;1;39mb;8;SHUFFLE;false;0;0;1;0;1;0;178740280;235;8;15.5934999929741;4.95999908447266;0
optimal;5.02999973297119;1;38mb;8;SHUFFLE;false;0;0;1;0;1;0;178740280;484;8;16.7660000151955;4.95999908447266;0
optimal;17.9899997711182;1;55mb;8;SHUFFLE;true;5;4;2;0;2;0;380360584;2880000;32;43.6377999722026;15.9599990844727;0
network_congestion;242.519999504089;2;347mb;8;SHUFFLE;false;5;0;2;2;2;0;360818602;2940000;52;714.962899975944;237.759999275208;0
optimal;14.2099990844727;1;50mb;8;SHUFFLE;true;5;0;2;0;2;0;360818478;2880000;52;37.1460999595001;13.1699991226196;0
network_congestion;461.309999465942;4;788mb;8;BROADCAST;false;5;4;2;2;2;0;1597988072;75800000;32;2124.0704000229;524.769999504089;0
optimal;98.7699995040894;1;160mb;8;SHUFFLE;true;5;0;2;0;2;0;293391706;1440000;32;261.873499955982;82.2599992752075;0
optimal;78.4099998474121;1;133mb;8;SHUFFLE;false;0;0;1;2;1;0;178740336;1440000;16;308.977100008633;78.1999998092651;0
optimal;78.3099994659424;1;133mb;8;SHUFFLE;false;0;0;1;2;1;0;178740336;1440000;16;319.757700024638;78.1899995803833;0
optimal;77.6499996185303;1;132mb;8;SHUFFLE;false;0;0;1;2;1;0;178740336;1440000;16;345.853200007696;78.1199998855591;0
network_congestion;109.809999465942;2;174mb;8;SHUFFLE;false;0;0;1;2;1;0;360815072;2880000;16;568.360899982508;109.179999351501;0
optimal;78.1899995803833;1;133mb;8;SHUFFLE;false;0;0;1;2;1;0;178740336;1440000;16;314.155200030655;77.7199993133545;0
optimal;78.1099996566772;1;133mb;8;SHUFFLE;false;0;0;1;2;1;0;178740336;1440000;16;318.691000051331;78.6599998474121;0
optimal;78.1499996185303;1;133mb;8;SHUFFLE;false;0;0;1;2;1;0;178740336;1440000;16;312.784700014163;78.2199993133545;0
optimal;78.3299999237061;1;133mb;8;SHUFFLE;false;0;0;1;2;1;0;178740336;1440000;16;314.08989999909;78.1899995803833;0
optimal;5.03999996185303;1;38mb;8;SHUFFLE;false;0;0;1;0;1;0;178740280;207;8;15.4933999874629;4.95999908447266;0
optimal;5.01999950408936;1;38mb;8;SHUFFLE;false;0;0;1;0;1;0;178740280;224;8;14.4091000547633;4.95999908447266;0
optimal;5.1299991607666;1;38mb;8;SHUFFLE;false;0;0;1;0;1;0;178740280;249;8;17.9864999954589;4.95999908447266;0
optimal;5.01999950408936;1;38mb;8;SHUFFLE;false;0;0;1;0;1;0;178740280;399;8;19.8586999904364;4.95999908447266;0
optimal;5.00999927520752;1;38mb;8;SHUFFLE;false;0;0;1;0;1;0;178740280;400;8;16.2347999867052;4.95999908447266;0
optimal;4.97999954223633;1;38mb;8;SHUFFLE;false;0;0;1;0;1;0;178740272;69;8;20.083200011868;4.9399995803833;0
optimal;4.97999954223633;1;38mb;8;SHUFFLE;false;0;0;1;0;1;0;178740272;96;8;20.3449999680743;4.9399995803833;0
optimal;18.8099994659424;1;56mb;8;SHUFFLE;true;5;0;2;0;2;0;189121410;1440000;52;75.7661999668926;16.0599994659424;0
network_congestion;4229.11999988556;4;6911mb;8;BROADCAST;false;5;0;2;2;2;0;1597988088;91440000;32;92142.6013000309;5242.87999916077;0
optimal;28.9499998092651;1;69mb;8;SHUFFLE;true;5;0;2;0;2;0;178751978;1440000;32;35.4064999846742;12.6199998855591;0
optimal;203.099999427795;2;296mb;8;SHUFFLE;true;10;8;3;0;3;0;707222814;20370000;48;409.022599982563;204.049999237061;0
network_congestion;5160.95999908447;4;6741mb;8;SHUFFLE;false;10;4;3;2;3;0;362242366;407860000;64;50227.060300007;5314.55999946594;0
optimal;30.6999998092651;1;71mb;8;SHUFFLE;true;0;0;1;2;1;0;178740336;1440000;16;200.78969997121;30.0199995040894;0
optimal;5;1;38mb;8;SHUFFLE;false;0;0;1;0;1;0;178740280;226;8;15.1207000017166;4.95999908447266;0
optimal;5;1;38mb;8;SHUFFLE;false;0;0;1;0;1;0;360815016;321;8;17.7082000300288;4.95999908447266;0
optimal;5.06999969482422;1;38mb;8;SHUFFLE;false;0;0;1;0;1;0;178740280;326;8;15.7673000358045;4.95999908447266;0
optimal;5.09999942779541;1;38mb;8;SHUFFLE;false;0;0;1;0;1;0;360815016;432;8;20.3350000083447;4.95999908447266;0
optimal;17.9899997711182;1;55mb;8;SHUFFLE;true;5;4;2;0;2;0;380360584;2880000;32;110.495300032198;15.9599990844727;0
optimal;151.739999771118;2;229mb;8;SHUFFLE;true;5;0;2;0;2;0;360815144;28800000;32;416.968000004999;144.489999771118;0
optimal;171.799999237061;2;255mb;8;SHUFFLE;true;5;0;2;0;2;0;360815128;28800000;28;411.389799963217;137.549999237061;0
optimal;50.3399991989136;1;97mb;8;SHUFFLE;true;5;4;2;0;2;0;235866792;1440000;28;166.419100016356;44.9799995422363;0
optimal;59.4199991226196;1;109mb;8;SHUFFLE;true;5;0;2;0;2;0;235866808;1440000;28;109.674900013488;50.1799993515015;0
optimal;9;1;43mb;8;SHUFFLE;true;0;0;1;2;1;0;360815052;2880000;12;209.575499990024;8.33999919891357;0
optimal;9.01999950408936;1;43mb;8;SHUFFLE;true;0;0;1;2;1;0;178740316;1440000;12;108.021799998824;8.33999919891357;0
optimal;9.01999950408936;1;43mb;8;SHUFFLE;true;0;0;1;2;1;0;178740316;1440000;12;110.285400005523;8.33999919891357;0
optimal;9;1;43mb;8;SHUFFLE;true;0;0;1;2;1;0;178740316;1440000;12;112.478600000031;8.33999919891357;0
optimal;9.01999950408936;1;43mb;8;SHUFFLE;true;0;0;1;2;1;0;360815052;2880000;12;261.683300021105;8.33999919891357;0
optimal;4.34999942779541;1;37mb;8;SHUFFLE;false;0;0;1;0;1;0;178740272;236;4;28.6420000484213;4.29999923706055;0
optimal;4.35999965667725;1;37mb;8;SHUFFLE;false;0;0;1;0;1;0;360815008;308;4;19.5990000502206;4.29999923706055;0
optimal;4.32999992370605;1;37mb;8;SHUFFLE;false;0;0;1;0;1;0;178740272;309;4;24.0271000075154;4.29999923706055;0
optimal;4.4399995803833;1;37mb;8;SHUFFLE;false;0;0;1;0;1;0;178740272;411;4;36.2895000143908;4.29999923706055;0
optimal;34.7799997329712;1;77mb;8;SHUFFLE;true;5;0;2;2;2;0;178743484;1480000;20;313.244599965401;40.25;0
optimal;93.5799999237061;1;153mb;8;SHUFFLE;true;5;0;2;0;2;0;1597987988;14400000;24;216.33850003127;75.25;0
optimal;9;1;43mb;8;SHUFFLE;true;0;0;1;2;1;0;178740336;1440000;16;109.149099967908;8.28999996185303;0
optimal;9.00999927520752;1;43mb;8;SHUFFLE;true;0;0;1;2;1;0;178740336;1440000;16;167.897599982098;8.28999996185303;0
optimal;9;1;43mb;8;SHUFFLE;true;0;0;1;2;1;0;178740336;1440000;16;108.252200006973;8.28999996185303;0
network_congestion;118.539999961853;2;186mb;8;SHUFFLE;false;5;4;2;2;2;0;210176868;1440000;45;572.065999964252;118.589999198914;0
network_congestion;190.279999732971;2;279mb;8;BROADCAST;true;5;0;2;2;2;0;210176940;1440000;52;561.546800017823;187.089999198914;0
optimal;4.33999919891357;1;37mb;8;SHUFFLE;false;0;0;1;0;1;0;178740280;176;8;16.1238000146113;4.29999923706055;0
optimal;4.33999919891357;1;37mb;8;SHUFFLE;false;0;0;1;0;1;0;360815016;382;8;15.1895000017248;4.29999923706055;0
optimal;17.5899991989136;1;54mb;8;SHUFFLE;true;5;4;2;2;2;0;178791408;1440000;37;167.277199972887;17.3499994277954;0
optimal;48.539999961853;1;95mb;8;SHUFFLE;true;5;0;2;2;2;0;178743512;1480000;24;321.226300031412;41.1799993515015;0
optimal;12.6399993896484;1;48mb;8;SHUFFLE;true;5;4;2;0;2;0;360818322;2880000;24;30.1198999513872;12.4199991226196;0
optimal;106.109999656677;2;169mb;8;SHUFFLE;true;5;4;2;0;2;0;1597988008;14400000;32;369.931599998381;98.6499996185303;0
network_congestion;562.439999580383;4;953mb;8;BROADCAST;false;5;4;2;2;2;0;360815192;57140000;32;3331.44059998449;761.339999198914;0
optimal;16.3299999237061;1;53mb;8;SHUFFLE;true;5;0;2;0;2;0;360830057;2880000;37;208.28329998767;16.2999992370605;0
network_congestion;199.699999809265;4;291mb;8;SHUFFLE;false;5;4;2;2;2;0;1245813288;189940000;24;18611.3921999931;189.579999923706;0
optimal;10.7199993133545;1;45mb;8;SHUFFLE;true;0;0;1;2;1;0;178740336;1440000;16;160.94480000902;10.039999961853;0
optimal;10.7199993133545;1;45mb;8;SHUFFLE;true;0;0;1;2;1;0;178740336;1440000;16;180.14770001173;10.039999961853;0
optimal;14.7199993133545;1;51mb;8;SHUFFLE;false;0;0;1;2;1;0;360815072;2880000;16;213.395900034811;14.039999961853;0
optimal;10.7199993133545;1;45mb;8;SHUFFLE;true;0;0;1;2;1;0;178740336;1440000;16;159.134900022764;10.039999961853;0
optimal;10.7199993133545;1;45mb;8;SHUFFLE;true;0;0;1;2;1;0;178740336;1440000;16;157.718700007536;10.039999961853;0
optimal;10.7199993133545;1;45mb;8;SHUFFLE;true;0;0;1;2;1;0;178740336;1440000;16;161.125699989498;10.039999961853;0
optimal;5.03999996185303;1;38mb;8;SHUFFLE;false;0;0;1;0;1;0;178740280;107;8;29.4045000337064;4.97999954223633;0
optimal;5.02999973297119;1;38mb;8;SHUFFLE;false;0;0;1;0;1;0;360815016;493;8;18.1633000029251;4.97999954223633;0
optimal;5.01999950408936;1;38mb;8;SHUFFLE;false;0;0;1;0;1;0;178740272;53;8;15.0318999658339;4.95999908447266;0
optimal;16.0599994659424;1;52mb;8;SHUFFLE;true;5;0;2;0;2;0;189121398;1440000;48;37.1649999869987;13.1199998855591;0
optimal;28.1499996185303;1;68mb;8;SHUFFLE;true;5;0;2;0;2;0;178743580;1440000;52;33.4537999588065;11.1799993515015;0
optimal;29.4699993133545;1;70mb;8;SHUFFLE;true;5;0;2;0;2;0;178743580;1440000;52;108.102300029714;11.1499996185303;0
network_congestion;256.409999847412;2;365mb;8;SHUFFLE;false;5;4;2;0;2;0;360815088;28800000;24;772.89009996457;248.279999732971;0
optimal;123.109999656677;1;192mb;8;SHUFFLE;true;5;4;2;0;2;0;1597987996;14400000;28;434.783799981233;108.539999961853;0
optimal;15.4199991226196;1;52mb;8;SHUFFLE;true;5;0;2;0;2;0;178751958;1440000;28;161.969000007957;15.3999996185303;0
optimal;38.5899991989136;1;82mb;8;SHUFFLE;true;5;4;2;0;2;0;235866772;1440000;24;113.901799952146;31.4799995422363;0
network_congestion;1126.39999961853;4;1496mb;8;SHUFFLE;false;5;4;2;2;2;0;293391730;19000000;28;7282.68940001726;1126.39999961853;0
optimal;22.0799999237061;1;60mb;8;SHUFFLE;true;0;0;1;2;1;0;178740316;1440000;12;306.43150000833;21.5599994659424;0
optimal;22.0799999237061;1;60mb;8;SHUFFLE;true;0;0;1;2;1;0;178740316;1440000;12;213.899000023957;21.5599994659424;0
optimal;22.0799999237061;1;60mb;8;SHUFFLE;true;0;0;1;2;1;0;178740316;1440000;12;212.612800009083;21.5599994659424;0
optimal;22.0799999237061;1;60mb;8;SHUFFLE;false;0;0;1;2;1;0;360815052;2880000;12;265.985599951819;21.5599994659424;0
optimal;22.0799999237061;1;60mb;8;SHUFFLE;true;0;0;1;2;1;0;178740316;1440000;12;210.84749995498;21.5599994659424;0
optimal;22.0799999237061;1;60mb;8;SHUFFLE;false;0;0;1;2;1;0;360815052;2880000;12;312.638100003824;21.5599994659424;0
optimal;4.54999923706055;1;37mb;8;SHUFFLE;false;0;0;1;0;1;0;178740272;112;4;15.8719000173733;4.51999950408936;0
optimal;4.54999923706055;1;37mb;8;SHUFFLE;false;0;0;1;0;1;0;178740272;246;4;14.6786000113934;4.51999950408936;0
optimal;4.54999923706055;1;37mb;8;SHUFFLE;false;0;0;1;0;1;0;178740272;313;4;15.7171000028029;4.51999950408936;0
optimal;5.03999996185303;1;38mb;8;SHUFFLE;false;0;0;1;0;1;0;178740272;348;4;28.3729000366293;4.51999950408936;0
optimal;4.51999950408936;1;37mb;8;SHUFFLE;false;0;0;1;0;1;0;178740268;77;4;21.8043000204489;4.47999954223633;0
optimal;22.9199991226196;1;61mb;8;SHUFFLE;true;5;0;2;0;2;0;360818462;2880000;48;21.258199994918;10.6499996185303;0
network_congestion;396.209999084473;4;683mb;8;BROADCAST;false;5;4;2;2;2;0;360815160;57140000;28;1920.65109999385;518.91999912262;0
optimal;54.5199995040894;1;102mb;8;SHUFFLE;true;5;4;2;2;2;0;178764294;1440000;49;380.102899973281;54.6899995803833;0
optimal;7.00999927520752;1;41mb;8;SHUFFLE;true;0;0;1;2;1;0;178740336;1440000;16;106.229599972721;6.13999938964844;0
optimal;7.00999927520752;1;41mb;8;SHUFFLE;true;0;0;1;2;1;0;178740336;1440000;16;110.296500031836;6.13999938964844;0
optimal;7.00999927520752;1;41mb;8;SHUFFLE;true;0;0;1;2;1;0;178740336;1440000;16;107.944799994584;6.13999938964844;0
optimal;7;1;41mb;8;SHUFFLE;true;0;0;1;2;1;0;178740336;1440000;16;120.300800015684;6.13999938964844;0
optimal;35.6699991226196;1;78mb;8;SHUFFLE;true;5;4;2;0;2;0;210176700;1440000;32;129.146700026467;27.1399993896484;0
optimal;2.16999912261963;1;34mb;8;SHUFFLE;false;0;0;1;0;1;0;178740280;100;8;19.9801999842748;2.13999938964844;0
optimal;2.1899995803833;1;34mb;8;SHUFFLE;false;0;0;1;0;1;0;178740280;122;8;20.149800053332;2.13999938964844;0
optimal;2.17999935150146;1;34mb;8;SHUFFLE;false;0;0;1;0;1;0;178740280;251;8;38.9128000242636;2.13999938964844;0
optimal;2.17999935150146;1;34mb;8;SHUFFLE;false;0;0;1;0;1;0;178740280;370;8;15.4508999548852;2.13999938964844;0
optimal;2.1899995803833;1;34mb;8;SHUFFLE;false;0;0;1;0;1;0;178740280;471;8;14.8483999655582;2.13999938964844;0
optimal;2.15999984741211;1;34mb;8;SHUFFLE;false;0;0;1;0;1;0;178740272;63;8;20.7145999884233;2.11999988555908;0
optimal;2.17999935150146;1;34mb;8;SHUFFLE;false;0;0;1;0;1;0;178740272;90;8;18.7977000023238;2.11999988555908;0
network_congestion;142.859999656677;1;217mb;8;SHUFFLE;false;5;0;2;0;2;0;360815112;28800000;24;514.54519998515;128.959999084473;0
network_congestion;144.689999580383;1;220mb;8;SHUFFLE;false;5;0;2;0;2;0;360815128;28800000;28;514.267300022766;119.429999351501;0
optimal;123.139999389648;1;192mb;8;SHUFFLE;true;5;4;2;0;2;0;1597988008;14400000;32;419.388600043021;108.339999198914;0
network_congestion;274.89999961853;2;389mb;8;SHUFFLE;false;20;4;5;0;5;0;591913831;57140000;109;838.847100036219;268.879999160767;0
optimal;22.0799999237061;1;60mb;8;SHUFFLE;true;0;0;1;2;1;0;178740316;1440000;12;163.803499948699;21.5599994659424;0
optimal;22.0799999237061;1;60mb;8;SHUFFLE;true;0;0;1;2;1;0;178740316;1440000;12;212.819800013676;21.5599994659424;0
optimal;22.0799999237061;1;60mb;8;SHUFFLE;false;0;0;1;2;1;0;360815052;2880000;12;279.447100008838;21.5599994659424;0
optimal;22.0799999237061;1;60mb;8;SHUFFLE;true;0;0;1;2;1;0;178740316;1440000;12;160.09820002364;21.5599994659424;0
optimal;22.0799999237061;1;60mb;8;SHUFFLE;true;0;0;1;2;1;0;178740316;1440000;12;160.379100008868;21.5599994659424;0
optimal;22.0799999237061;1;60mb;8;SHUFFLE;true;0;0;1;2;1;0;178740316;1440000;12;207.79549999861;21.5599994659424;0
optimal;4.72999954223633;1;38mb;8;SHUFFLE;false;0;0;1;0;1;0;360815008;139;4;19.3456999841146;4.51999950408936;0
optimal;4.79999923706055;1;38mb;8;SHUFFLE;false;0;0;1;0;1;0;178740272;325;4;18.5672999941744;4.51999950408936;0
optimal;5.03999996185303;1;38mb;8;SHUFFLE;false;0;0;1;0;1;0;178740272;338;4;58.3294000243768;4.51999950408936;0
optimal;4.54999923706055;1;37mb;8;SHUFFLE;false;0;0;1;0;1;0;178740272;436;4;14.7095000138506;4.51999950408936;0
optimal;4.54999923706055;1;37mb;8;SHUFFLE;false;0;0;1;0;1;0;360815008;493;4;23.2921999995597;4.51999950408936;0
optimal;4.51999950408936;1;37mb;8;SHUFFLE;false;0;0;1;0;1;0;178740268;78;4;15.4468000400811;4.47999954223633;0
network_congestion;361.829999923706;4;627mb;8;BROADCAST;false;5;0;2;2;2;0;1597988028;22200000;24;1519.64020001469;431.459999084473;0
network_congestion;295.989999771118;4;520mb;8;BROADCAST;false;5;0;2;2;2;0;360815176;57140000;28;1722.03330002958;444.029999732971;0
optimal;164.529999732971;1;245mb;8;SHUFFLE;true;5;0;2;0;2;0;697345106;3600000;28;367.381099960767;155.189999580383;0
optimal;148.469999313354;2;225mb;8;SHUFFLE;true;5;4;2;0;2;0;591816408;2880000;28;364.603299996816;141.509999275208;0
optimal;22.0799999237061;1;60mb;8;SHUFFLE;true;0;0;1;2;1;0;178740316;1440000;12;208.766499999911;21.5599994659424;0
optimal;22.0799999237061;1;60mb;8;SHUFFLE;true;0;0;1;2;1;0;178740316;1440000;12;156.520500022452;21.5599994659424;0
optimal;22.0799999237061;1;60mb;8;SHUFFLE;true;0;0;1;2;1;0;178740316;1440000;12;210.92939999653;21.5599994659424;0
optimal;22.0799999237061;1;60mb;8;SHUFFLE;true;0;0;1;2;1;0;178740316;1440000;12;157.129600003827;21.5599994659424;0
optimal;22.0799999237061;1;60mb;8;SHUFFLE;true;0;0;1;2;1;0;178740316;1440000;12;219.805000000633;21.5599994659424;0
optimal;22.0799999237061;1;60mb;8;SHUFFLE;true;0;0;1;2;1;0;178740316;1440000;12;268.565200036392;21.5599994659424;0
optimal;4.54999923706055;1;37mb;8;SHUFFLE;false;0;0;1;0;1;0;178740272;144;4;14.9953000363894;4.51999950408936;0
optimal;4.55999946594238;1;37mb;8;SHUFFLE;false;0;0;1;0;1;0;178740272;217;4;18.0022999993525;4.51999950408936;0
optimal;4.63999938964844;1;38mb;8;SHUFFLE;false;0;0;1;0;1;0;178740272;344;4;18.3760999934748;4.51999950408936;0
optimal;4.54999923706055;1;37mb;8;SHUFFLE;false;0;0;1;0;1;0;178740272;404;4;17.10420002928;4.51999950408936;0
optimal;4.54999923706055;1;37mb;8;SHUFFLE;false;0;0;1;0;1;0;178740272;452;4;18.4279000386596;4.51999950408936;0
optimal;4.55999946594238;1;37mb;8;SHUFFLE;false;0;0;1;0;1;0;178740272;461;4;15.2561999857426;4.51999950408936;0
optimal;25.6899995803833;1;65mb;8;SHUFFLE;true;0;0;1;2;1;0;178740316;1440000;12;207.479699980468;25.2999992370605;0
optimal;25.6899995803833;1;65mb;8;SHUFFLE;true;0;0;1;2;1;0;178740316;1440000;12;230.304799973965;25.2999992370605;0
optimal;25.6899995803833;1;65mb;8;SHUFFLE;true;0;0;1;2;1;0;178740316;1440000;12;236.542100028601;25.2999992370605;0
optimal;25.6899995803833;1;65mb;8;SHUFFLE;true;0;0;1;2;1;0;178740316;1440000;12;227.441499999259;25.2999992370605;0
optimal;140.529999732971;1;214mb;8;SHUFFLE;true;5;0;2;2;2;0;210176752;1440000;28;410.038099973463;141.809999465942;0
network_congestion;114.779999732971;2;181mb;8;BROADCAST;true;5;0;2;2;2;0;210176792;1440000;33;530.525699956343;122.659999847412;0
optimal;4.54999923706055;1;37mb;8;SHUFFLE;false;0;0;1;0;1;0;178740272;189;4;17.4598000012338;4.51999950408936;0
optimal;4.54999923706055;1;37mb;8;SHUFFLE;false;0;0;1;0;1;0;178740272;341;4;16.1082999547943;4.51999950408936;0
optimal;4.54999923706055;1;37mb;8;SHUFFLE;false;0;0;1;0;1;0;178740272;420;4;16.1493999767117;4.51999950408936;0
optimal;4.56999969482422;1;37mb;8;SHUFFLE;false;0;0;1;0;1;0;178740272;437;4;22.4179000360891;4.51999950408936;0
optimal;18.9899997711182;1;56mb;8;SHUFFLE;true;5;4;2;0;2;0;380360572;2880000;28;42.230999970343;17.5099992752075;0
optimal;149.89999961853;1;226mb;8;SHUFFLE;true;5;4;2;0;2;0;1597987988;14400000;28;414.471699972637;141.179999351501;0
network_congestion;289.729999542236;2;408mb;8;SHUFFLE;false;5;4;2;0;2;0;360815096;28800000;24;772.82529999502;280.409999847412;0
network_congestion;197.979999542236;2;289mb;8;SHUFFLE;false;5;4;2;2;2;0;360818554;2880000;47;818.989899998996;198.349999427795;0
network_congestion;164.849999427795;2;246mb;8;SHUFFLE;false;5;4;2;2;2;0;360818370;2880000;20;820.487399992999;165.769999504089;0
network_congestion;1392.63999938965;4;2302mb;8;BROADCAST;false;5;4;2;2;2;0;1597988040;144810000;28;11577.6396000292;1771.51999950409;0
optimal;22.9299993515015;1;61mb;8;SHUFFLE;true;5;0;2;0;2;0;178764086;1440000;28;29.1739999665879;10.6399993896484;0
optimal;23.75;1;62mb;8;SHUFFLE;true;5;0;2;0;2;0;178751962;1440000;28;17.1973999822512;11.4699993133545;0
optimal;12.5999994277954;1;48mb;8;SHUFFLE;true;5;4;2;0;2;0;178752050;1440000;48;112.874899990857;13.5999994277954;0
optimal;7;1;41mb;8;SHUFFLE;true;0;0;1;2;1;0;178740336;1440000;16;124.632199993357;6.21999931335449;0
optimal;7;1;41mb;8;SHUFFLE;true;0;0;1;2;1;0;178740336;1440000;16;108.797099965159;6.21999931335449;0
optimal;9;1;43mb;8;SHUFFLE;true;0;0;1;2;1;0;360815072;2880000;16;210.634900024161;8.21999931335449;0
optimal;7;1;41mb;8;SHUFFLE;true;0;0;1;2;1;0;178740336;1440000;16;111.896599992178;6.21999931335449;0
optimal;7;1;41mb;8;SHUFFLE;true;0;0;1;2;1;0;178740336;1440000;16;107.549900014419;6.21999931335449;0
optimal;7;1;41mb;8;SHUFFLE;true;0;0;1;2;1;0;178740336;1440000;16;109.611599997152;6.21999931335449;0
optimal;35.6699991226196;1;78mb;8;SHUFFLE;true;5;4;2;0;2;0;210176765;1440000;45;109.647000033874;27.2299995422363;0
optimal;2.28999996185303;1;34mb;8;SHUFFLE;false;0;0;1;0;1;0;178740280;240;8;30.7323000160977;2.22999954223633;0
optimal;2.26999950408936;1;34mb;8;SHUFFLE;false;0;0;1;0;1;0;178740280;266;8;15.7689999905415;2.22999954223633;0
optimal;2.27999973297119;1;34mb;8;SHUFFLE;false;0;0;1;0;1;0;178740272;52;8;15.5305999796838;2.20999908447266;0
optimal;12.6599998474121;1;48mb;8;SHUFFLE;true;5;4;2;0;2;0;360818462;2880000;52;21.012699988205;12.3499994277954;0
optimal;16.6499996185303;1;53mb;8;SHUFFLE;true;5;0;2;2;2;0;178743512;1480000;24;364.707300032023;15.9599990844727;0
optimal;19.4299993515015;1;57mb;8;SHUFFLE;true;5;4;2;2;2;0;178764150;1440000;32;217.587999999523;19.4299993515015;0
optimal;12.5899991989136;1;48mb;8;SHUFFLE;true;5;4;2;0;2;0;178751962;1440000;32;110.873500001617;13.3599996566772;0
optimal;16.2599992752075;1;53mb;8;SHUFFLE;true;5;0;2;0;2;0;360830032;2880000;32;213.066500029527;16.2299995422363;0
network_congestion;563.219999313354;4;764mb;8;SHUFFLE;false;5;0;2;2;2;0;293391738;19000000;28;7445.37159998436;563.229999542236;0
network_congestion;142.099999427795;4;216mb;8;SHUFFLE;false;5;4;2;2;2;0;591816484;2880000;32;114105.163300002;163.719999313354;0
optimal;7.00999927520752;1;41mb;8;SHUFFLE;true;0;0;1;2;1;0;178740336;1440000;16;126.810400048271;6.14999961853027;0
optimal;7;1;41mb;8;SHUFFLE;true;0;0;1;2;1;0;178740336;1440000;16;107.758199970704;6.14999961853027;0
optimal;9;1;43mb;8;SHUFFLE;true;0;0;1;2;1;0;360815072;2880000;16;214.887500042096;8.14999961853027;0
optimal;52.7699995040894;1;100mb;8;SHUFFLE;true;5;0;2;0;2;0;210176716;1440000;32;107.596599962562;39.1199998855591;0
optimal;4.20999908447266;1;37mb;8;SHUFFLE;false;0;0;1;0;1;0;360815016;112;8;26.8200999707915;4.15999984741211;0
optimal;2.19999980926514;1;34mb;8;SHUFFLE;false;0;0;1;0;1;0;178740280;166;8;15.2389000286348;2.15999984741211;0
optimal;4.19999980926514;1;37mb;8;SHUFFLE;false;0;0;1;0;1;0;360815016;289;8;37.2109000454657;4.15999984741211;0
optimal;37.0699996948242;1;80mb;8;SHUFFLE;true;5;0;2;2;2;0;189121454;1490000;42;210.222400026396;21.6399993896484;0
network_congestion;196.849999427795;2;287mb;8;SHUFFLE;false;5;4;2;0;2;0;360815104;28800000;24;816.321599995717;189.199999809265;0
network_congestion;237.099999427795;2;340mb;8;SHUFFLE;false;5;4;2;0;2;0;360815116;28800000;28;715.808300010394;229.319999694824;0
network_congestion;222.66999912262;2;321mb;8;SHUFFLE;false;5;4;2;0;2;0;360815128;28800000;32;829.110099992249;215.16999912262;0
network_congestion;609.489999771118;4;824mb;8;SHUFFLE;false;5;4;2;2;2;0;476221434;936460000;28;211210.999800009;624.509999275208;0
optimal;22.0799999237061;1;60mb;8;SHUFFLE;false;0;0;1;2;1;0;360815052;2880000;12;210.834899975453;21.5599994659424;0
optimal;22.0799999237061;1;60mb;8;SHUFFLE;false;0;0;1;2;1;0;360815052;2880000;12;214.134500012733;21.5599994659424;0
optimal;22.0799999237061;1;60mb;8;SHUFFLE;false;0;0;1;2;1;0;360815052;2880000;12;213.818299991544;21.5599994659424;0
optimal;14.0799999237061;1;50mb;8;SHUFFLE;true;0;0;1;2;1;0;178740316;1440000;12;157.48789999634;13.5599994659424;0
optimal;14.0799999237061;1;50mb;8;SHUFFLE;true;0;0;1;2;1;0;178740316;1440000;12;158.839599986095;13.5599994659424;0
optimal;14.0799999237061;1;50mb;8;SHUFFLE;true;0;0;1;2;1;0;178740316;1440000;12;260.252700012643;13.5599994659424;0
optimal;4.55999946594238;1;37mb;8;SHUFFLE;false;0;0;1;0;1;0;360815008;232;4;21.104900049977;4.51999950408936;0
optimal;4.63999938964844;1;38mb;8;SHUFFLE;false;0;0;1;0;1;0;178740272;281;4;15.4605999705382;4.51999950408936;0
optimal;4.54999923706055;1;37mb;8;SHUFFLE;false;0;0;1;0;1;0;178740272;400;4;19.1135999630205;4.51999950408936;0
optimal;4.55999946594238;1;37mb;8;SHUFFLE;false;0;0;1;0;1;0;178740272;493;4;15.1194999925792;4.51999950408936;0
optimal;4.5;1;37mb;8;SHUFFLE;false;0;0;1;0;1;0;178740268;91;4;16.9351000222377;4.47999954223633;0
optimal;4.55999946594238;1;37mb;8;SHUFFLE;false;0;0;1;0;1;0;360815004;92;4;20.4918999806978;4.47999954223633;0
optimal;98.4299993515015;1;159mb;8;SHUFFLE;true;5;4;2;2;2;0;189121334;1440000;28;497.041900001932;98.5899991989136;0
optimal;22.9299993515015;1;61mb;8;SHUFFLE;true;5;0;2;0;2;0;360818457;2880000;47;22.1137999906205;10.6699991226196;0
network_congestion;704.89999961853;4;1185mb;8;BROADCAST;false;5;0;2;2;2;0;360815176;331940000;28;4532.72650000872;934.25;0
optimal;17.4299993515015;1;54mb;8;SHUFFLE;true;5;4;2;2;2;0;360830056;2880000;28;217.809099995065;17.789999961853;0
optimal;17.4199991226196;1;54mb;8;SHUFFLE;true;5;4;2;2;2;0;360830024;2880000;24;217.947299999651;17.789999961853;0
optimal;9.9399995803833;1;44mb;8;SHUFFLE;true;0;0;1;2;1;0;178740316;1440000;12;158.999800041784;9.41999912261963;0
optimal;9.9399995803833;1;44mb;8;SHUFFLE;true;0;0;1;2;1;0;178740316;1440000;12;160.658200038597;9.41999912261963;0
optimal;4.38999938964844;1;37mb;8;SHUFFLE;false;0;0;1;0;1;0;360815008;130;4;22.4429999943823;4.34999942779541;0
optimal;4.38999938964844;1;37mb;8;SHUFFLE;false;0;0;1;0;1;0;178740272;415;4;15.2895000064746;4.34999942779541;0
optimal;109.799999237061;1;174mb;8;SHUFFLE;true;5;0;2;2;2;0;189121442;1490000;40;439.324799983297;108.949999809265;0
optimal;123.539999961853;1;192mb;8;SHUFFLE;true;5;4;2;0;2;0;1597987988;14400000;28;364.689000009093;114.359999656677;0
optimal;93.3599996566772;2;153mb;8;SHUFFLE;true;5;0;2;0;2;0;1597987988;14400000;24;265.93850000063;108.129999160767;0
network_congestion;218.609999656677;2;316mb;8;SHUFFLE;false;5;4;2;0;2;0;360815108;28800000;28;769.665099971462;211.199999809265;0
optimal;18.7599992752075;1;56mb;8;SHUFFLE;true;5;0;2;0;2;0;178764121;1440000;35;23.0463999905623;6.48999977111816;0
network_congestion;59.6399993896484;2;109mb;8;SHUFFLE;false;5;0;2;2;2;0;360830148;2880000;38;574.676200048998;58.8299999237061;0
optimal;14.0999994277954;1;50mb;8;SHUFFLE;true;5;0;2;0;2;0;178752062;1440000;48;144.647100009024;14.0799999237061;0
optimal;149.959999084473;1;226mb;8;SHUFFLE;true;5;4;2;0;2;0;697345078;3600000;24;365.970199985895;141.5;0
optimal;9.69999980926514;1;44mb;8;SHUFFLE;true;0;0;1;2;1;0;178740336;1440000;16;159.393500012811;9.01999950408936;0
optimal;9.69999980926514;1;44mb;8;SHUFFLE;true;0;0;1;2;1;0;360815072;2880000;16;261.292999959551;9.01999950408936;0
optimal;9.70999908447266;1;44mb;8;SHUFFLE;true;0;0;1;2;1;0;178740336;1440000;16;165.906999958679;9.01999950408936;0
optimal;9.69999980926514;1;44mb;8;SHUFFLE;false;0;0;1;2;1;0;360815072;2880000;16;217.451900010929;9.01999950408936;0
optimal;9.69999980926514;1;44mb;8;SHUFFLE;true;0;0;1;2;1;0;178740336;1440000;16;161.965599982068;9.01999950408936;0
optimal;9.69999980926514;1;44mb;8;SHUFFLE;true;0;0;1;2;1;0;178740336;1440000;16;165.202900010627;9.01999950408936;0
optimal;137.41999912262;2;210mb;8;BROADCAST;true;5;0;2;2;2;0;210176780;1440000;32;462.888600013684;146.719999313354;0
optimal;137.729999542236;1;211mb;8;SHUFFLE;true;5;0;2;2;2;0;210176780;1720000;32;464.972299989313;137.769999504089;0
network_congestion;133.089999198914;1;205mb;8;BROADCAST;true;5;4;2;2;2;0;210176764;1440000;32;564.74270002218;131.779999732971;0
optimal;53.5699996948242;1;101mb;8;SHUFFLE;true;5;0;2;0;2;0;210176741;1440000;37;109.946399985347;40.0299997329712;0
optimal;5.17999935150146;1;38mb;8;SHUFFLE;false;0;0;1;0;1;0;360815016;210;8;19.4484000094235;4.95999908447266;0
optimal;5.03999996185303;1;38mb;8;SHUFFLE;false;0;0;1;0;1;0;178740280;341;8;15.315999975428;4.95999908447266;0
optimal;5.09999942779541;1;38mb;8;SHUFFLE;false;0;0;1;0;1;0;178740280;383;8;15.393799985759;4.95999908447266;0
optimal;133.889999389648;2;206mb;8;SHUFFLE;true;5;4;2;2;2;0;178743688;1440000;52;468.375399999786;134.189999580383;0
optimal;155.099999427795;1;233mb;8;SHUFFLE;false;3;3;2;0;2;0;697345094;3600000;32;416.485900001135;141.109999656677;0
optimal;14.0799999237061;1;50mb;8;SHUFFLE;true;0;0;1;2;1;0;178740316;1440000;12;159.217800013721;13.5599994659424;0
optimal;14.0799999237061;1;50mb;8;SHUFFLE;true;0;0;1;2;1;0;178740316;1440000;12;160.556600021664;13.5599994659424;0
optimal;14.0799999237061;1;50mb;8;SHUFFLE;true;0;0;1;2;1;0;178740316;1440000;12;159.271900018211;13.5599994659424;0
optimal;14.0799999237061;1;50mb;8;SHUFFLE;true;0;0;1;2;1;0;178740316;1440000;12;157.795299950521;13.5599994659424;0
optimal;4.56999969482422;1;37mb;8;SHUFFLE;false;0;0;1;0;1;0;178740272;289;4;19.5239000022411;4.51999950408936;0
optimal;5.02999973297119;1;38mb;8;SHUFFLE;false;0;0;1;0;1;0;178740272;417;4;15.1828000089154;4.51999950408936;0
optimal;4.54999923706055;1;37mb;8;SHUFFLE;false;0;0;1;0;1;0;178740272;426;4;58.5029000067152;4.51999950408936;0
optimal;4.54999923706055;1;37mb;8;SHUFFLE;false;0;0;1;0;1;0;178740272;436;4;16.1208999925293;4.51999950408936;0
optimal;12.5899991989136;1;48mb;8;SHUFFLE;true;5;4;2;0;2;0;360818310;2880000;20;39.6199999959208;12.6299991607666;0
optimal;125.329999923706;1;194mb;8;SHUFFLE;true;5;4;2;0;2;0;1597987988;14400000;28;412.045599950943;116.359999656677;0
optimal;149.459999084473;1;226mb;8;SHUFFLE;true;5;4;2;0;2;0;1597987976;14400000;24;407.948400010355;139.359999656677;0
optimal;149.319999694824;1;226mb;8;SHUFFLE;true;5;4;2;0;2;0;1597987988;14400000;28;414.429500000551;139.189999580383;0
optimal;14.2699995040894;1;50mb;8;SHUFFLE;true;5;0;2;0;2;0;178751962;1440000;28;211.516099981964;14.2399997711182;0
optimal;18.3499994277954;1;55mb;8;SHUFFLE;true;5;0;2;2;2;0;178751982;1440000;20;164.197999984026;18.2399997711182;0
optimal;17.5799999237061;1;54mb;8;SHUFFLE;true;5;4;2;2;2;0;360830232;2880000;50;218.74049998587;17.7999992370605;0
optimal;14.0799999237061;1;50mb;8;SHUFFLE;true;0;0;1;2;1;0;178740316;1440000;12;157.530599972233;13.5599994659424;0
optimal;14.0799999237061;1;50mb;8;SHUFFLE;true;0;0;1;2;1;0;178740316;1440000;12;157.93460002169;13.5599994659424;0
optimal;14.0799999237061;1;50mb;8;SHUFFLE;true;0;0;1;2;1;0;178740316;1440000;12;160.121000022627;13.5599994659424;0
optimal;22.0799999237061;1;60mb;8;SHUFFLE;true;0;0;1;2;1;0;360815052;2880000;12;263.801799970679;21.5599994659424;0
optimal;14.0799999237061;1;50mb;8;SHUFFLE;true;0;0;1;2;1;0;178740316;1440000;12;163.076400000136;13.5599994659424;0
optimal;35.6699991226196;1;78mb;8;SHUFFLE;true;5;4;2;0;2;0;210176688;1440000;28;109.360200003721;27.5;0
optimal;4.54999923706055;1;37mb;8;SHUFFLE;false;0;0;1;0;1;0;178740272;174;4;18.0557999992743;4.51999950408936;0
optimal;4.54999923706055;1;37mb;8;SHUFFLE;false;0;0;1;0;1;0;178740272;182;4;26.6860999981873;4.51999950408936;0
optimal;4.59999942779541;1;37mb;8;SHUFFLE;false;0;0;1;0;1;0;178740272;228;4;16.059200046584;4.51999950408936;0
optimal;4.55999946594238;1;37mb;8;SHUFFLE;false;0;0;1;0;1;0;178740272;283;4;16.836000024341;4.51999950408936;0
optimal;4.55999946594238;1;37mb;8;SHUFFLE;false;0;0;1;0;1;0;178740272;330;4;17.7691000280902;4.51999950408936;0
optimal;4.54999923706055;1;37mb;8;SHUFFLE;false;0;0;1;0;1;0;178740272;450;4;31.949500029441;4.51999950408936;0
network_congestion;327.179999351501;4;457mb;8;SHUFFLE;false;5;4;2;2;2;0;235866852;235340000;28;19534.58029998;334.849999427795;0
optimal;155.109999656677;1;233mb;8;SHUFFLE;true;5;4;2;0;2;0;1245813272;7200000;32;428.351899958216;141.209999084473;0
optimal;6;1;39mb;8;SHUFFLE;true;0;0;1;2;1;0;178740336;1440000;16;107.396500010509;5.11999988555908;0
optimal;6;1;39mb;8;SHUFFLE;true;0;0;1;2;1;0;178740336;1440000;16;163.715900038369;5.11999988555908;0
optimal;9.00999927520752;1;43mb;8;SHUFFLE;true;0;0;1;2;1;0;360815072;2880000;16;209.555900015403;8.13999938964844;0
optimal;1.16999912261963;1;33mb;8;SHUFFLE;false;0;0;1;0;1;0;178740280;152;8;15.3414999949746;1.1299991607666;0
optimal;1.16999912261963;1;33mb;8;SHUFFLE;false;0;0;1;0;1;0;178740280;190;8;16.5373999625444;1.1299991607666;0
optimal;4.3799991607666;1;37mb;8;SHUFFLE;false;0;0;1;0;1;0;360815016;243;8;22.2749999957159;4.13999938964844;0
optimal;1.16999912261963;1;33mb;8;SHUFFLE;false;0;0;1;0;1;0;178740280;258;8;77.4308000109158;1.1299991607666;0
optimal;4.1899995803833;1;37mb;8;SHUFFLE;false;0;0;1;0;1;0;360815016;370;8;20.8312000031583;4.13999938964844;0
optimal;1.16999912261963;1;33mb;8;SHUFFLE;false;0;0;1;0;1;0;178740280;407;8;15.9632000140846;1.1299991607666;0
optimal;1.14999961853027;1;33mb;8;SHUFFLE;false;0;0;1;0;1;0;178740272;85;8;15.4467000393197;1.10999965667725;0
optimal;167.759999275208;2;250mb;8;SHUFFLE;true;5;0;2;0;2;0;1781258136;133110000;32;470.517500012647;179.789999961853;0
optimal;27.3099994659424;1;67mb;8;SHUFFLE;true;5;0;2;0;2;0;360818338;2880000;24;17.1274999738671;10.3199996948242;0
optimal;12.6399993896484;1;48mb;8;SHUFFLE;true;5;4;2;0;2;0;360818322;2880000;24;47.0859999768436;12.2599992752075;0
optimal;157.939999580383;2;237mb;8;SHUFFLE;true;5;0;2;0;2;0;360815128;28800000;28;437.135199957993;148.949999809265;0
optimal;107.139999389648;1;171mb;8;SHUFFLE;true;5;4;2;0;2;0;1597987996;14400000;28;417.193799978122;92.5499992370605;0
optimal;83.9799995422363;1;141mb;8;SHUFFLE;true;5;0;2;0;2;0;1597988024;14400000;32;313.076399965212;77.6299991607666;0
optimal;12.5899991989136;1;48mb;8;SHUFFLE;true;5;4;2;0;2;0;178751942;1440000;28;113.291800022125;13.2599992752075;0
optimal;12.5899991989136;1;48mb;8;SHUFFLE;true;5;4;2;0;2;0;360830126;2880000;54;212.881400017068;13.5199995040894;0
optimal;72.9099998474121;1;126mb;8;SHUFFLE;true;5;0;2;0;2;0;235866828;1440000;32;161.154500034172;58.1799993515015;0
optimal;66.5799999237061;1;118mb;8;SHUFFLE;false;0;0;1;2;1;0;178740336;1440000;16;264.926800038666;66.6199998855591;0
optimal;133.089999198914;2;205mb;8;BROADCAST;false;0;0;1;2;1;0;360815072;2880000;16;465.932299965061;133.009999275208;0
optimal;5.01999950408936;1;38mb;8;SHUFFLE;false;0;0;1;0;1;0;178740280;165;8;16.0187000292353;4.97999954223633;0
optimal;5.03999996185303;1;38mb;8;SHUFFLE;false;0;0;1;0;1;0;178740280;343;8;20.4690999817103;4.97999954223633;0
network_congestion;256.89999961853;2;365mb;8;SHUFFLE;false;5;0;2;2;2;0;360818594;2940000;51;739.776600035839;262.389999389648;0
spill;1187.83999919891;4;1576mb;8;SHUFFLE;false;5;4;2;2;2;0;360815168;57140000;28;5133.59909999417;1269.75999927521;20971520
optimal;15.4199991226196;1;52mb;8;SHUFFLE;true;5;0;2;0;2;0;178752078;1440000;52;120.715699973516;15.3999996185303;0
optimal;20.1999998092651;1;58mb;8;SHUFFLE;false;0;0;1;2;1;0;1419247688;14400000;16;415.999600023497;17.4699993133545;0
network_congestion;36.6899995803833;2;79mb;8;SHUFFLE;false;0;0;1;2;1;0;72;28800000;16;669.245600001886;39.0799999237061;0
network_congestion;20.1999998092651;1;58mb;8;BROADCAST;true;0;0;1;2;1;0;1419247688;14400000;16;613.225899985991;17.4399995803833;0
optimal;20.1999998092651;1;58mb;8;SHUFFLE;false;0;0;1;2;1;0;1419247688;14400000;16;412.425399990752;17.4699993133545;0
network_congestion;292.959999084473;4;643mb;8;SHUFFLE;false;10;4;3;2;3;0;417417408;331940000;36;4130.42130001122;467.75;0
optimal;8.73999977111816;1;43mb;8;SHUFFLE;false;0;0;1;0;1;0;1419247632;174;8;15.7265000161715;4.28999996185303;0
optimal;8.53999996185303;1;43mb;8;SHUFFLE;false;0;0;1;0;1;0;1419247632;415;8;21.072700037621;4.28999996185303;0
network_congestion;856.459999084473;4;1145mb;8;SHUFFLE;false;5;4;2;2;2;0;19545616;28800000;28;2620.72180001996;812.829999923706;0
optimal;20.4899997711182;1;58mb;8;SHUFFLE;true;5;4;2;0;2;0;1419259274;14400000;24;362.971599970479;13.4399995803833;0
optimal;24.4899997711182;2;63mb;8;SHUFFLE;true;5;4;2;2;2;0;1419259346;14400000;28;413.861300039571;31.5899991989136;0
network_congestion;3246.07999992371;4;5313mb;8;BROADCAST;false;5;4;2;2;2;0;1476374196;94930000;28;22569.9780000141;3727.35999965668;0
network_congestion;54.0199995040894;1;102mb;8;SHUFFLE;false;0;0;1;2;1;0;1419247688;14400000;16;565.837699978147;53.3699998855591;0
optimal;54.5;1;102mb;8;SHUFFLE;false;0;0;1;2;1;0;1419247688;14400000;16;465.926200035028;53.8799991607666;0
optimal;54;1;102mb;8;SHUFFLE;false;0;0;1;2;1;0;1419247688;14400000;16;458.402800024487;53.8699998855591;0
optimal;54.5;1;102mb;8;SHUFFLE;false;0;0;1;2;1;0;1419247688;14400000;16;465.708800009452;53.8799991607666;0
optimal;54;1;102mb;8;SHUFFLE;false;0;0;1;2;1;0;1419247688;14400000;16;459.93680000538;53.8499994277954;0
network_congestion;102.329999923706;2;165mb;8;SHUFFLE;false;0;0;1;2;1;0;72;28800000;16;667.832100007217;128.979999542236;0
optimal;8.85999965667725;1;43mb;8;SHUFFLE;false;0;0;1;0;1;0;1419247632;199;8;16.848300001584;4.28999996185303;0
optimal;8.53999996185303;1;43mb;8;SHUFFLE;false;0;0;1;0;1;0;1419247632;406;8;18.0916999815963;4.28999996185303;0
optimal;8.86999988555908;1;43mb;8;SHUFFLE;false;0;0;1;0;1;0;1419247632;424;8;18.8375000143424;4.28999996185303;0
optimal;8.53999996185303;1;43mb;8;SHUFFLE;false;0;0;1;0;1;0;1419247632;453;8;19.8824000544846;4.28999996185303;0
network_congestion;96.9899997711182;2;197mb;8;BROADCAST;false;5;0;2;2;2;0;1419259434;14400000;37;1122.63009999879;158.239999771118;0
network_congestion;323.279999732971;2;565mb;8;BROADCAST;false;5;0;2;0;2;0;2486320624;14400000;28;613.481700012926;415.449999809265;0
optimal;30.5;1;71mb;8;SHUFFLE;false;0;0;1;2;1;0;1419247668;14400000;12;459.226400009356;29.7599992752075;0
network_congestion;30.5;1;71mb;8;SHUFFLE;false;0;0;1;2;1;0;1419247668;14400000;12;513.173299957998;29.7399997711182;0
optimal;30.5;1;71mb;8;SHUFFLE;false;0;0;1;2;1;0;1419247668;14400000;12;460.950799984857;29.7599992752075;0
optimal;30.5;1;71mb;8;SHUFFLE;false;0;0;1;2;1;0;1419247668;14400000;12;467.659000016283;29.7399997711182;0
optimal;30.5;1;71mb;8;SHUFFLE;false;0;0;1;2;1;0;1419247668;14400000;12;462.860899977386;29.7399997711182;0
optimal;13.5699996948242;1;49mb;8;SHUFFLE;false;0;0;1;0;1;0;8;189;4;32.9847999964841;4.54999923706055;0
optimal;8.69999980926514;1;43mb;8;SHUFFLE;false;0;0;1;0;1;0;1419247624;310;4;43.270600028336;4.34999942779541;0
optimal;13.5699996948242;1;49mb;8;SHUFFLE;false;0;0;1;0;1;0;8;313;4;28.5273000481538;4.54999923706055;0
optimal;9.19999980926514;1;43mb;8;SHUFFLE;false;0;0;1;0;1;0;1419247624;371;4;56.5962999826297;4.34999942779541;0
optimal;9.02999973297119;1;43mb;8;SHUFFLE;false;0;0;1;0;1;0;1419247624;378;4;15.961299999617;4.34999942779541;0
optimal;9.19999980926514;1;43mb;8;SHUFFLE;false;0;0;1;0;1;0;1419247624;391;4;26.0742999962531;4.34999942779541;0
network_congestion;234.529999732971;4;420mb;8;BROADCAST;false;5;0;2;2;2;0;34516;29380000;45;1518.91050004633;321.989999771118;0
optimal;91.2099990844727;1;150mb;8;SHUFFLE;true;5;4;2;0;2;0;115406390;28800000;28;334.013299958315;74.3599996566772;0
network_congestion;30.3299999237061;1;71mb;8;BROADCAST;true;0;0;1;2;1;0;1419247688;14400000;16;611.910400039051;29.5699996948242;0
optimal;30.3299999237061;1;71mb;8;SHUFFLE;false;0;0;1;2;1;0;1419247688;14400000;16;463.957300002221;29.5799999237061;0
optimal;30.3299999237061;1;71mb;8;SHUFFLE;false;0;0;1;2;1;0;1419247688;14400000;16;464.489399979357;29.3499994277954;0
optimal;36.0299997329712;1;78mb;8;SHUFFLE;true;5;0;2;0;2;0;1450684071;14400000;31;108.209700032603;24.1699991226196;0
optimal;13.5599994659424;1;49mb;8;SHUFFLE;false;0;0;1;0;1;0;16;168;8;29.0273000136949;4.53999996185303;0
optimal;8.53999996185303;1;43mb;8;SHUFFLE;false;0;0;1;0;1;0;1419247632;314;8;19.0697999787517;4.28999996185303;0
optimal;8.53999996185303;1;43mb;8;SHUFFLE;false;0;0;1;0;1;0;1419247632;389;8;19.6781000122428;4.28999996185303;0
optimal;8.53999996185303;1;43mb;8;SHUFFLE;false;0;0;1;0;1;0;1419247632;434;8;19.7471000137739;4.28999996185303;0
optimal;13.8399991989136;1;49mb;8;SHUFFLE;true;5;0;2;0;2;0;1419259408;14400000;46;360.942900006194;13.8399991989136;0
network_congestion;23.5499992370605;1;62mb;8;SHUFFLE;false;10;8;3;0;3;0;115421598;28800000;64;669.426299980842;19.6099996566772;0
optimal;30.5;1;71mb;8;SHUFFLE;false;0;0;1;2;1;0;1419247668;14400000;12;460.851899988484;29.789999961853;0
optimal;30.5;1;71mb;8;SHUFFLE;false;0;0;1;2;1;0;1419247668;14400000;12;462.997500027996;29.7399997711182;0
optimal;35.6699991226196;1;78mb;8;SHUFFLE;true;5;4;2;0;2;0;1450684040;14400000;28;113.916200003587;26.5599994659424;0
optimal;54.5799999237061;1;102mb;8;SHUFFLE;true;5;4;2;0;2;0;1450684140;14400000;48;113.387399993371;38.6399993896484;0
optimal;27.5199995040894;1;67mb;8;SHUFFLE;true;5;0;2;0;2;0;1450684012;14400000;20;111.294699949212;18.1599998474121;0
optimal;9.17999935150146;1;43mb;8;SHUFFLE;false;0;0;1;0;1;0;1419247624;136;4;15.3748000157066;4.34999942779541;0
optimal;8.54999923706055;1;43mb;8;SHUFFLE;false;0;0;1;0;1;0;1419247624;171;4;15.7384999911301;4.36999988555908;0
optimal;8.54999923706055;1;43mb;8;SHUFFLE;false;0;0;1;0;1;0;1419247624;246;4;19.5557000115514;4.34999942779541;0
optimal;8.00999927520752;1;42mb;8;SHUFFLE;false;0;0;1;0;1;0;1419247620;59;4;15.0153000140563;4.31999969482422;0
network_congestion;217.509999275208;2;314mb;8;SHUFFLE;false;10;4;3;0;3;0;360849608;28800000;63;820.016900019255;244.279999732971;0
network_congestion;294.739999771118;2;415mb;8;SHUFFLE;false;5;4;2;0;2;0;1937852430;14400000;24;882.505399989896;292.679999351501;0
network_congestion;537.539999961853;2;730mb;8;SHUFFLE;false;5;4;2;0;2;0;2486320592;14400000;24;1219.87929998431;535.349999427795;0
network_congestion;54.7099990844727;2;128mb;8;BROADCAST;false;0;0;1;2;1;0;1419247668;14400000;12;612.894999969285;84.6399993896484;0
network_congestion;54.6799993515015;2;128mb;8;BROADCAST;false;0;0;1;2;1;0;1419247668;14400000;12;510.11999999173;84.6399993896484;0
network_congestion;54.7399997711182;2;128mb;8;BROADCAST;false;0;0;1;2;1;0;1419247668;14400000;12;566.047200001776;84.6399993896484;0
network_congestion;54.7099990844727;2;128mb;8;BROADCAST;false;0;0;1;2;1;0;1419247668;14400000;12;561.946599977091;84.6399993896484;0
optimal;9.03999996185303;1;43mb;8;SHUFFLE;false;0;0;1;0;1;0;1419247624;166;4;15.0361999985762;4.50999927520752;0
optimal;8.70999908447266;1;43mb;8;SHUFFLE;false;0;0;1;0;1;0;1419247624;211;4;37.7035000128672;4.50999927520752;0
optimal;13.5699996948242;1;49mb;8;SHUFFLE;false;0;0;1;0;1;0;8;398;4;28.7954999948852;4.54999923706055;0
optimal;8.56999969482422;1;43mb;8;SHUFFLE;false;0;0;1;0;1;0;1419247624;455;4;59.116099961102;4.50999927520752;0
optimal;30.6099996566772;1;71mb;8;SHUFFLE;true;10;4;3;0;3;0;1489720;28800000;57;65.7084000413306;16.4099998474121;0
optimal;27.5699996948242;1;67mb;8;SHUFFLE;true;5;4;2;0;2;0;15004;28800000;28;29.6493000350893;10.6299991607666;0
optimal;24.9299993515015;2;64mb;8;SHUFFLE;true;5;4;2;2;2;0;1419259322;14400000;24;471.467600029428;31.9699993133545;0
network_congestion;42.4599990844727;2;108mb;8;BROADCAST;false;0;0;1;2;1;0;1419247668;14400000;12;516.981499968097;67.6399993896484;0
optimal;42.4599990844727;2;108mb;8;SHUFFLE;false;0;0;1;2;1;0;1419247668;14400000;12;460.674300033133;67.6399993896484;0
network_congestion;42.4299993515015;2;108mb;8;BROADCAST;false;0;0;1;2;1;0;1419247668;14400000;12;510.595100000501;67.6399993896484;0
optimal;42.4699993133545;2;108mb;8;SHUFFLE;false;0;0;1;2;1;0;1419247668;14400000;12;463.821699959226;67.6399993896484;0
network_congestion;42.4699993133545;2;108mb;8;BROADCAST;false;0;0;1;2;1;0;1419247668;14400000;12;516.099600004964;67.6299991607666;0
optimal;42.4599990844727;2;108mb;8;SHUFFLE;false;0;0;1;2;1;0;1419247668;14400000;12;461.860900046304;67.6299991607666;0
network_congestion;42.4699993133545;2;108mb;8;BROADCAST;false;0;0;1;2;1;0;1419247668;14400000;12;511.523599969223;67.6399993896484;0
network_congestion;42.4599990844727;2;108mb;8;BROADCAST;false;0;0;1;2;1;0;1419247668;14400000;12;513.058399956208;67.6299991607666;0
optimal;9.35999965667725;1;44mb;8;SHUFFLE;false;0;0;1;0;1;0;1419247624;149;4;31.173299998045;4.50999927520752;0
optimal;13.5699996948242;1;49mb;8;SHUFFLE;false;0;0;1;0;1;0;8;426;4;18.9976000110619;4.54999923706055;0
optimal;30.5499992370605;2;71mb;8;SHUFFLE;true;5;0;2;2;2;0;1419259334;14400000;24;422.288700006902;37.4099998474121;0
optimal;176.14999961853;2;325mb;8;SHUFFLE;true;5;0;2;0;2;0;1937852462;14400000;28;467.123100010213;235.319999694824;0
network_congestion;173.349999427795;1;257mb;8;SHUFFLE;false;5;0;2;0;2;0;1937852442;14400000;24;559.574600018095;159.139999389648;0
network_congestion;17.6399993896484;1;54mb;8;BROADCAST;true;0;0;1;2;1;0;1419247668;14400000;12;661.396299954504;14.6499996185303;0
optimal;17.6399993896484;1;54mb;8;BROADCAST;false;0;0;1;2;1;0;1419247668;14400000;12;462.637299962807;14.6499996185303;0
optimal;17.6399993896484;1;54mb;8;SHUFFLE;false;0;0;1;2;1;0;1419247668;14400000;12;464.88019998651;14.6399993896484;0
optimal;9.04999923706055;1;43mb;8;SHUFFLE;false;0;0;1;0;1;0;1419247624;225;4;18.7771000200883;4.50999927520752;0
optimal;9.50999927520752;1;44mb;8;SHUFFLE;false;0;0;1;0;1;0;1419247624;485;4;46.2201000191271;4.50999927520752;0
network_congestion;502.75;4;1070mb;8;SHUFFLE;false;5;0;2;2;2;0;19545604;28910000;24;2528.43980002217;754.739999771118;0
optimal;30.5899991989136;1;71mb;8;SHUFFLE;true;10;4;3;0;3;0;1489808;28800000;69;53.3544999780133;17.3299999237061;0
optimal;30.5099992752075;2;71mb;8;SHUFFLE;true;5;0;2;2;2;0;1419259366;14400000;28;417.566900025122;32.4699993133545;0
network_congestion;42.1999998092651;2;107mb;8;BROADCAST;false;0;0;1;2;1;0;1419247668;14400000;12;520.700499997474;63.8899993896484;0
network_congestion;42.2199993133545;2;107mb;8;BROADCAST;false;0;0;1;2;1;0;1419247668;14400000;12;510.726400010753;63.8799991607666;0
optimal;42.2199993133545;2;107mb;8;SHUFFLE;false;0;0;1;2;1;0;1419247668;14400000;12;460.978000017349;63.8899993896484;0
optimal;42.1799993515015;2;107mb;8;SHUFFLE;false;0;0;1;2;1;0;1419247668;14400000;12;482.570699998178;63.8899993896484;0
optimal;9.52999973297119;1;44mb;8;SHUFFLE;false;0;0;1;0;1;0;1419247624;132;4;15.1000000187196;4.50999927520752;0
optimal;9.05999946594238;1;43mb;8;SHUFFLE;false;0;0;1;0;1;0;1419247624;189;4;15.4360999586061;4.50999927520752;0
optimal;9.03999996185303;1;43mb;8;SHUFFLE;false;0;0;1;0;1;0;1419247624;218;4;19.758099981118;4.50999927520752;0
optimal;8.57999992370605;1;43mb;8;SHUFFLE;false;0;0;1;0;1;0;1419247624;429;4;15.471399994567;4.50999927520752;0
optimal;9.01999950408936;1;43mb;8;SHUFFLE;false;0;0;1;0;1;0;1419247624;443;4;22.1923999488354;4.50999927520752;0
optimal;13.5699996948242;1;49mb;8;SHUFFLE;false;0;0;1;0;1;0;8;444;4;28.8749000173993;4.56999969482422;0
optimal;8.00999927520752;1;42mb;8;SHUFFLE;false;0;0;1;0;1;0;1419247620;81;4;31.2772000324912;4.47999954223633;0
spill;91.1399993896484;2;150mb;8;SHUFFLE;false;5;0;2;2;2;0;1419259334;14400000;24;866.4504000335;135.579999923706;10223616
optimal;179.109999656677;2;264mb;8;BROADCAST;true;5;0;2;0;2;0;1937852462;14400000;28;476.342900015879;205.079999923706;0
network_congestion;12.9299993515015;1;48mb;8;BROADCAST;true;0;0;1;2;1;0;1419247688;14400000;16;517.446000012569;8.82999992370605;0
optimal;12.9299993515015;1;48mb;8;SHUFFLE;true;0;0;1;2;1;0;1419247688;14400000;16;466.460200026631;8.83999919891357;0
network_congestion;13.4099998474121;1;49mb;8;BROADCAST;true;0;0;1;2;1;0;1419247688;14400000;16;511.454700026661;8.82999992370605;0
network_congestion;12.9299993515015;1;48mb;8;BROADCAST;true;0;0;1;2;1;0;1419247688;14400000;16;526.063000026625;8.82999992370605;0
optimal;36.0499992370605;1;78mb;8;SHUFFLE;true;5;0;2;0;2;0;1450684028;14400000;24;114.217399968766;19.8299999237061;0
network_congestion;358.589999198914;4;728mb;8;SHUFFLE;false;10;8;3;2;3;0;56637043;28800000;98;1422.80419997405;543.5;0
optimal;8.53999996185303;1;43mb;8;SHUFFLE;false;0;0;1;0;1;0;1419247632;126;8;19.1114000044763;4.28999996185303;0
optimal;8.88999938964844;1;43mb;8;SHUFFLE;false;0;0;1;0;1;0;1419247632;133;8;15.2090999763459;4.28999996185303;0
optimal;8.81999969482422;1;43mb;8;SHUFFLE;false;0;0;1;0;1;0;1419247632;212;8;15.2957000536844;4.28999996185303;0
optimal;8.00999927520752;1;42mb;8;SHUFFLE;false;0;0;1;0;1;0;8;62;8;20.8165000076406;4.51999950408936;0
network_congestion;35.9799995422363;2;78mb;8;SHUFFLE;false;5;0;2;2;2;0;15096;28800000;32;816.956599999685;39.8699998855591;0
optimal;20.3999996185303;1;58mb;8;SHUFFLE;true;5;4;2;0;2;0;1419259314;14400000;32;364.800999988802;13.3999996185303;0
optimal;15.7099990844727;1;52mb;8;SHUFFLE;false;0;0;1;2;1;0;1419247688;14400000;16;460.62070003245;11.1099996566772;0
network_congestion;15.6999998092651;1;52mb;8;BROADCAST;true;0;0;1;2;1;0;1419247688;14400000;16;611.941400042269;11.1099996566772;0
network_congestion;25.7299995422363;2;65mb;8;SHUFFLE;false;0;0;1;2;1;0;72;28800000;16;769.344200030901;27.2699995040894;0
network_congestion;15.7099990844727;1;52mb;8;BROADCAST;true;0;0;1;2;1;0;1419247688;14400000;16;664.180700026918;11.1099996566772;0
optimal;15.0899991989136;1;51mb;8;SHUFFLE;false;0;0;1;0;1;0;16;101;8;39.7204000037163;4.97999954223633;0
optimal;10.6099996566772;1;45mb;8;SHUFFLE;false;0;0;1;0;1;0;1419247632;121;8;29.1702999966219;4.97999954223633;0
optimal;10.2299995422363;1;45mb;8;SHUFFLE;false;0;0;1;0;1;0;1419247632;356;8;17.3085000133142;4.97999954223633;0
optimal;10.0199995040894;1;45mb;8;SHUFFLE;false;0;0;1;0;1;0;1419247632;441;8;15.5996999819763;4.97999954223633;0
optimal;8.00999927520752;1;42mb;8;SHUFFLE;false;0;0;1;0;1;0;1419247624;80;8;15.1522999512963;4.95999908447266;0
optimal;40.7299995422363;1;84mb;8;SHUFFLE;true;5;0;2;0;2;0;62621;28800000;43;31.6013000556268;11.2399997711182;0
network_congestion;13.2399997711182;1;49mb;8;BROADCAST;true;0;0;1;2;1;0;1419247668;14400000;12;645.915700006299;9.5;0
network_congestion;13.2399997711182;1;49mb;8;BROADCAST;true;0;0;1;2;1;0;1419247668;14400000;12;561.196999973617;9.46999931335449;0
network_congestion;13.7199993133545;1;49mb;8;BROADCAST;true;0;0;1;2;1;0;1419247668;14400000;12;561.351299984381;9.47999954223633;0
network_congestion;13.2399997711182;1;49mb;8;BROADCAST;true;0;0;1;2;1;0;1419247668;14400000;12;530.653499998152;9.5;0
network_congestion;13.2399997711182;1;49mb;8;BROADCAST;true;0;0;1;2;1;0;1419247668;14400000;12;617.721099988557;9.46999931335449;0
network_congestion;904.339999198914;4;1207mb;8;SHUFFLE;false;5;4;2;2;2;0;56602268;28800000;20;2927.62999999104;863.769999504089;0
optimal;8.83999919891357;1;43mb;8;SHUFFLE;false;0;0;1;0;1;0;1419247624;232;4;18.4955999720842;4.33999919891357;0
network_congestion;1986.55999946594;4;3267mb;8;BROADCAST;false;5;0;2;0;2;0;1945276360;49330000;24;5854.2323000147;2017.27999973297;0
optimal;32.2999992370605;1;73mb;8;SHUFFLE;true;5;0;2;0;2;0;1419259364;14400000;38;26.4874999993481;10.5699996948242;0
optimal;180.449999809265;2;266mb;8;BROADCAST;true;5;0;2;0;2;0;1937852442;14400000;24;465.976500010584;192.569999694824;0
codegen_heavy;182.079999923706;2;268mb;8;SHUFFLE;false;5;0;2;0;2;0;1937852462;14400000;28;463.883500022348;214.539999961853;0
network_congestion;308.449999809265;2;540mb;8;BROADCAST;false;5;0;2;0;2;0;2486320604;14400000;24;559.447000036016;425.539999961853;0
network_congestion;54.7199993133545;2;128mb;8;BROADCAST;false;0;0;1;2;1;0;1419247668;14400000;12;510.164000035729;84.6399993896484;0
network_congestion;54.7099990844727;2;128mb;8;BROADCAST;false;0;0;1;2;1;0;1419247668;14400000;12;512.626800045837;84.6399993896484;0
network_congestion;54.7099990844727;2;128mb;8;BROADCAST;false;0;0;1;2;1;0;1419247668;14400000;12;511.893999995664;84.6399993896484;0
network_congestion;54.7099990844727;2;128mb;8;BROADCAST;false;0;0;1;2;1;0;1419247668;14400000;12;514.566199970432;84.6399993896484;0
network_congestion;63.6799993515015;2;142mb;8;BROADCAST;false;0;0;1;2;1;0;52;28800000;12;1319.28539997898;90.8199996948242;0
network_congestion;378.959999084473;4;524mb;8;SHUFFLE;false;5;4;2;2;2;0;1450684092;14400000;28;1820.99809998181;419.139999389648;0
optimal;9.05999946594238;1;43mb;8;SHUFFLE;false;0;0;1;0;1;0;1419247624;142;4;15.1029999833554;4.50999927520752;0
optimal;8.56999969482422;1;43mb;8;SHUFFLE;false;0;0;1;0;1;0;1419247624;226;4;16.7634999961592;4.50999927520752;0
optimal;8.57999992370605;1;43mb;8;SHUFFLE;false;0;0;1;0;1;0;1419247624;308;4;19.536399981007;4.50999927520752;0
optimal;9.52999973297119;1;44mb;8;SHUFFLE;false;0;0;1;0;1;0;1419247624;432;4;14.9609000072815;4.50999927520752;0
network_congestion;78.2699995040894;2;133mb;8;SHUFFLE;false;0;0;1;2;1;0;1419247668;14400000;12;568.394400004763;84.6399993896484;0
network_congestion;78.2399997711182;2;133mb;8;SHUFFLE;false;0;0;1;2;1;0;1419247668;14400000;12;563.719900033902;84.6399993896484;0
network_congestion;78.2699995040894;2;133mb;8;SHUFFLE;false;0;0;1;2;1;0;1419247668;14400000;12;611.529699992388;84.6299991607666;0
network_congestion;78.4399995803833;2;133mb;8;SHUFFLE;false;0;0;1;2;1;0;1419247668;14400000;12;560.262499959208;84.6399993896484;0
network_congestion;78.2399997711182;2;133mb;8;SHUFFLE;false;0;0;1;2;1;0;1419247668;14400000;12;511.983900039922;84.6299991607666;0
network_congestion;78.2399997711182;2;133mb;8;SHUFFLE;false;0;0;1;2;1;0;1419247668;14400000;12;561.348799965344;84.6399993896484;0
network_congestion;78.2099990844727;2;133mb;8;SHUFFLE;false;0;0;1;2;1;0;1419247668;14400000;12;561.90610001795;84.6399993896484;0
optimal;13.5699996948242;1;49mb;8;SHUFFLE;false;0;0;1;0;1;0;8;106;4;18.8711999799125;4.54999923706055;0
optimal;13.5699996948242;1;49mb;8;SHUFFLE;false;0;0;1;0;1;0;8;123;4;113.281800004188;4.53999996185303;0
optimal;8.71999931335449;1;43mb;8;SHUFFLE;false;0;0;1;0;1;0;1419247624;184;4;17.9399999906309;4.50999927520752;0
optimal;9.03999996185303;1;43mb;8;SHUFFLE;false;0;0;1;0;1;0;1419247624;253;4;15.2772000292316;4.50999927520752;0
optimal;9.50999927520752;1;44mb;8;SHUFFLE;false;0;0;1;0;1;0;1419247624;413;4;15.9439999843016;4.50999927520752;0
optimal;44.9399995803833;1;90mb;8;SHUFFLE;true;10;0;3;0;3;0;1489696;28800000;52;40.4017000109889;16.0099992752075;0
network_congestion;33.9299993515015;2;76mb;8;SHUFFLE;false;5;4;2;2;2;0;15056;28800000;28;869.562799984124;32.6599998474121;0
optimal;20.9799995422363;1;59mb;8;SHUFFLE;true;5;4;2;0;2;0;1419259352;14400000;38;364.089699985925;13.539999961853;0
optimal;176.479999542236;2;326mb;8;SHUFFLE;true;5;0;2;0;2;0;1937852462;14400000;28;466.406300023664;220.829999923706;0
network_congestion;70.7399997711182;2;123mb;8;SHUFFLE;false;0;0;1;2;1;0;1419247668;14400000;12;561.513900000136;84.6299991607666;0
network_congestion;70.7099990844727;2;123mb;8;SHUFFLE;false;0;0;1;2;1;0;1419247668;14400000;12;511.163500021212;84.6399993896484;0
network_congestion;70.6899995803833;2;123mb;8;SHUFFLE;false;0;0;1;2;1;0;1419247668;14400000;12;563.34400002379;84.6399993896484;0
network_congestion;70.7399997711182;2;123mb;8;SHUFFLE;false;0;0;1;2;1;0;1419247668;14400000;12;565.559100010432;84.6399993896484;0
network_congestion;70.6699991226196;2;123mb;8;SHUFFLE;false;0;0;1;2;1;0;1419247668;14400000;12;511.680499999784;84.6399993896484;0
network_congestion;70.7099990844727;2;123mb;8;SHUFFLE;false;0;0;1;2;1;0;1419247668;14400000;12;510.06179995602;84.6399993896484;0
network_congestion;70.6799993515015;2;123mb;8;SHUFFLE;false;0;0;1;2;1;0;1419247668;14400000;12;512.748000037391;84.6399993896484;0
network_congestion;70.6799993515015;2;123mb;8;SHUFFLE;false;0;0;1;2;1;0;1419247668;14400000;12;527.129900001455;84.6299991607666;0
network_congestion;70.7099990844727;2;123mb;8;SHUFFLE;false;0;0;1;2;1;0;1419247668;14400000;12;565.813999972306;84.6399993896484;0
optimal;9.50999927520752;1;44mb;8;SHUFFLE;false;0;0;1;0;1;0;1419247624;359;4;18.6804999830201;4.50999927520752;0
optimal;8.71999931335449;1;43mb;8;SHUFFLE;false;0;0;1;0;1;0;1419247624;398;4;19.0512000117451;4.50999927520752;0
network_congestion;640.069999694824;4;864mb;8;SHUFFLE;false;10;4;3;2;3;0;1045828665;28800000;57;4329.65099997818;632.359999656677;0
network_congestion;13.0499992370605;1;48mb;8;BROADCAST;true;0;0;1;2;1;0;1419247688;14400000;16;511.421600007452;8.48999977111816;0
network_congestion;13.0499992370605;1;48mb;8;BROADCAST;true;0;0;1;2;1;0;1419247688;14400000;16;548.058699991088;8.48999977111816;0
network_congestion;13.0499992370605;1;48mb;8;BROADCAST;true;0;0;1;2;1;0;1419247688;14400000;16;514.474799972959;8.48999977111816;0
network_congestion;13.0499992370605;1;48mb;8;BROADCAST;true;0;0;1;2;1;0;1419247688;14400000;16;513.852600008249;8.48999977111816;0
network_congestion;13.0599994659424;1;48mb;8;BROADCAST;true;0;0;1;2;1;0;1419247688;14400000;16;516.59270003438;8.48999977111816;0
network_congestion;17.5599994659424;2;54mb;8;SHUFFLE;false;0;0;1;2;1;0;72;28800000;16;511.971700005233;17.1599998474121;0
optimal;8.52999973297119;1;43mb;8;SHUFFLE;false;0;0;1;0;1;0;1419247632;203;8;20.6792000099085;4.28999996185303;0
optimal;8.86999988555908;1;43mb;8;SHUFFLE;false;0;0;1;0;1;0;1419247632;213;8;16.1685000057332;4.28999996185303;0
optimal;8.86999988555908;1;43mb;8;SHUFFLE;false;0;0;1;0;1;0;1419247632;389;8;16.6211000178009;4.28999996185303;0
spill;781.939999580383;4;1048mb;8;SHUFFLE;false;5;4;2;2;2;0;19545616;28800000;24;2620.95690000569;843.369999885559;48234496
network_congestion;34.7999992370605;4;89mb;8;BROADCAST;false;5;0;2;2;2;0;34376;29380000;28;1649.39619996585;49.1599998474121;0
network_congestion;1832.95999908447;4;2414mb;8;SHUFFLE;false;5;4;2;2;2;0;1937852526;659540000;32;13066.6947999853;1802.23999977112;0
network_congestion;12.9899997711182;1;48mb;8;BROADCAST;true;0;0;1;2;1;0;1419247688;14400000;16;515.415300033055;8.48999977111816;0
network_congestion;12.9899997711182;1;48mb;8;BROADCAST;true;0;0;1;2;1;0;1419247688;14400000;16;511.68160000816;8.48999977111816;0
network_congestion;12.9899997711182;1;48mb;8;BROADCAST;true;0;0;1;2;1;0;1419247688;14400000;16;514.811699977145;8.48999977111816;0
optimal;12.9899997711182;1;48mb;8;BROADCAST;true;0;0;1;2;1;0;1419247688;14400000;16;469.171600008849;8.48999977111816;0
network_congestion;12.9899997711182;1;48mb;8;BROADCAST;true;0;0;1;2;1;0;1419247688;14400000;16;510.881399968639;8.48999977111816;0
optimal;17.5599994659424;2;54mb;8;BROADCAST;false;0;0;1;2;1;0;72;28800000;16;461.01919998182;17.0999994277954;0
optimal;8.53999996185303;1;43mb;8;SHUFFLE;false;0;0;1;0;1;0;1419247632;129;8;17.527699994389;4.28999996185303;0
optimal;8.53999996185303;1;43mb;8;SHUFFLE;false;0;0;1;0;1;0;1419247632;204;8;20.5276000197046;4.28999996185303;0
optimal;8.53999996185303;1;43mb;8;SHUFFLE;false;0;0;1;0;1;0;1419247632;412;8;19.1977000213228;4.28999996185303;0
network_congestion;38.6099996566772;2;82mb;8;SHUFFLE;false;5;4;2;2;2;0;19545648;28800000;32;1220.78759997385;36.9599990844727;0
optimal;52.3099994659424;1;100mb;8;SHUFFLE;true;5;4;2;0;2;0;1476374144;14400000;28;158.835100010037;44.1899995803833;0
network_congestion;13.1799993515015;1;49mb;8;BROADCAST;true;0;0;1;2;1;0;1419247668;14400000;12;565.807200036943;9.4399995803833;0
network_congestion;13.1799993515015;1;49mb;8;BROADCAST;true;0;0;1;2;1;0;1419247668;14400000;12;560.538699966855;9.4399995803833;0
network_congestion;18.5999994277954;2;56mb;8;SHUFFLE;false;0;0;1;2;1;0;52;28800000;12;514.343600021675;17.8299999237061;0
network_congestion;13.1799993515015;1;49mb;8;BROADCAST;true;0;0;1;2;1;0;1419247668;14400000;12;561.25070003327;9.44999980926514;0
network_congestion;13.1799993515015;1;49mb;8;BROADCAST;true;0;0;1;2;1;0;1419247668;14400000;12;615.700999973342;9.4399995803833;0
network_congestion;13.1799993515015;1;49mb;8;BROADCAST;true;0;0;1;2;1;0;1419247668;14400000;12;625.153000000864;9.44999980926514;0
optimal;8.54999923706055;1;43mb;8;SHUFFLE;false;0;0;1;0;1;0;1419247624;155;4;19.7604999993928;4.30999946594238;0
network_congestion;1075.19999980927;4;1429mb;8;SHUFFLE;false;10;8;3;0;3;0;62656;28800000;45;1618.45999996876;1064.95999908447;0
network_congestion;33.25;4;89mb;8;BROADCAST;false;5;4;2;2;2;0;15136;28800000;38;875.750300008804;49.9899997711182;0
network_congestion;596.209999084473;2;807mb;8;SHUFFLE;false;5;0;2;0;2;0;144;28800000;32;764.267699967604;587.659999847412;0
optimal;17.5599994659424;2;54mb;8;SHUFFLE;false;0;0;1;2;1;0;72;28800000;16;465.8458000049;17.0999994277954;0
network_congestion;12.8699998855591;1;48mb;8;BROADCAST;true;0;0;1;2;1;0;1419247688;14400000;16;575.662399991415;8.5;0
network_congestion;17.5599994659424;2;54mb;8;SHUFFLE;false;0;0;1;2;1;0;72;28800000;16;512.230599997565;17.0999994277954;0
network_congestion;17.5599994659424;1;54mb;8;SHUFFLE;false;0;0;1;2;1;0;72;28800000;16;515.200199966785;9.01999950408936;0
network_congestion;12.8699998855591;1;48mb;8;BROADCAST;true;0;0;1;2;1;0;1419247688;14400000;16;514.033000043128;8.5;0
network_congestion;13.2299995422363;1;49mb;8;BROADCAST;true;0;0;1;2;1;0;1419247688;14400000;16;523.648900038097;8.5;0
optimal;13.5599994659424;1;49mb;8;SHUFFLE;false;0;0;1;0;1;0;16;193;8;19.2381999804638;4.53999996185303;0
optimal;13.5599994659424;1;49mb;8;SHUFFLE;false;0;0;1;0;1;0;16;230;8;26.9978000433184;4.53999996185303;0
optimal;8.53999996185303;1;43mb;8;SHUFFLE;false;0;0;1;0;1;0;1419247632;232;8;15.347600041423;4.28999996185303;0
optimal;8.79999923706055;1;43mb;8;SHUFFLE;false;0;0;1;0;1;0;1419247632;287;8;18.142800021451;4.28999996185303;0
optimal;8.86999988555908;1;43mb;8;SHUFFLE;false;0;0;1;0;1;0;1419247632;384;8;40.0440000230446;4.28999996185303;0
optimal;49.8499994277954;1;96mb;8;SHUFFLE;true;5;0;2;0;2;0;1476374160;14400000;28;114.440799981821;35.4699993133545;0
network_congestion;574.129999160767;2;778mb;8;SHUFFLE;false;5;4;2;0;2;0;2486320624;14400000;32;1117.02120001428;566.639999389648;0
network_congestion;14.0599994659424;1;50mb;8;BROADCAST;true;0;0;1;2;1;0;1419247688;14400000;16;564.176400017459;10.4099998474121;0
network_congestion;14.0599994659424;1;50mb;8;BROADCAST;true;0;0;1;2;1;0;1419247688;14400000;16;532.277399965096;10.3099994659424;0
network_congestion;14.0599994659424;1;50mb;8;BROADCAST;true;0;0;1;2;1;0;1419247688;14400000;16;562.174699967727;10.3099994659424;0
network_congestion;14.0599994659424;1;50mb;8;BROADCAST;true;0;0;1;2;1;0;1419247688;14400000;16;567.500400007702;10.4099998474121;0
network_congestion;14.0599994659424;1;50mb;8;BROADCAST;true;0;0;1;2;1;0;1419247688;14400000;16;561.017900006846;10.4099998474121;0
network_congestion;14.0599994659424;1;50mb;8;BROADCAST;true;0;0;1;2;1;0;1419247688;14400000;16;566.506900009699;10.3099994659424;0
network_congestion;14.0599994659424;1;50mb;8;BROADCAST;true;0;0;1;2;1;0;1419247688;14400000;16;565.049399971031;10.3099994659424;0
optimal;43.6699991226196;1;88mb;8;SHUFFLE;true;5;0;2;0;2;0;1450684133;14400000;45;109.11209997721;26.9799995422363;0
optimal;8.96999931335449;1;43mb;8;SHUFFLE;false;0;0;1;0;1;0;1419247632;179;8;15.8292000414804;4.28999996185303;0
optimal;8.53999996185303;1;43mb;8;SHUFFLE;false;0;0;1;0;1;0;1419247632;207;8;21.6862999950536;4.28999996185303;0
optimal;32.3599996566772;1;74mb;8;SHUFFLE;true;5;0;2;0;2;0;19545600;28800000;32;114.150399982464;14.2999992370605;0
network_congestion;578.109999656677;2;783mb;8;SHUFFLE;false;5;4;2;0;2;0;2486320624;14400000;32;1629.12489997689;574.659999847412;0
optimal;12.8299999237061;1;48mb;8;BROADCAST;true;0;0;1;2;1;0;1419247688;14400000;16;459.678100014571;8.48999977111816;0
network_congestion;12.8299999237061;1;48mb;8;BROADCAST;true;0;0;1;2;1;0;1419247688;14400000;16;515.595800010487;8.48999977111816;0
network_congestion;12.8299999237061;1;48mb;8;BROADCAST;true;0;0;1;2;1;0;1419247688;14400000;16;517.295499972533;8.48999977111816;0
network_congestion;17.5599994659424;2;54mb;8;SHUFFLE;false;0;0;1;2;1;0;72;28800000;16;563.200200034771;17.0999994277954;0
optimal;8.82999992370605;1;43mb;8;SHUFFLE;false;0;0;1;0;1;0;1419247632;128;8;15.7869000104256;4.28999996185303;0
optimal;13.5599994659424;1;49mb;8;SHUFFLE;false;0;0;1;0;1;0;16;168;8;17.1100999577902;4.53999996185303;0
optimal;8.55999946594238;1;43mb;8;SHUFFLE;false;0;0;1;0;1;0;1419247632;280;8;15.3482000459917;4.28999996185303;0
optimal;8.53999996185303;1;43mb;8;SHUFFLE;false;0;0;1;0;1;0;1419247632;427;8;17.2021000180393;4.28999996185303;0
network_congestion;3399.6799993515;4;5563mb;8;BROADCAST;false;10;8;3;2;3;0;134952099;203870000;53;31133.7895999895;4341.75999927521;0
optimal;31.4699993133545;2;72mb;8;SHUFFLE;true;5;0;2;2;2;0;1419259434;14400000;37;429.764200001955;38.2399997711182;0
network_congestion;78;1;133mb;8;BROADCAST;true;0;0;1;2;1;0;1419247688;14400000;16;665.491699997801;79.3499994277954;0
network_congestion;129.389999389648;2;200mb;8;SHUFFLE;false;0;0;1;2;1;0;72;28800000;16;670.214700046927;144.949999809265;0
network_congestion;77.9899997711182;1;133mb;8;BROADCAST;true;0;0;1;2;1;0;1419247688;14400000;16;618.606599979103;79.3499994277954;0
network_congestion;78.9899997711182;1;134mb;8;BROADCAST;true;0;0;1;2;1;0;1419247688;14400000;16;612.781899981201;79.3499994277954;0
optimal;77.9799995422363;1;133mb;8;SHUFFLE;false;0;0;1;2;1;0;1419247688;14400000;16;413.202999974601;79.3799991607666;0
network_congestion;129.289999961853;2;200mb;8;SHUFFLE;false;0;0;1;2;1;0;72;28800000;16;613.826599961612;144.619999885559;0
optimal;8.82999992370605;1;43mb;8;SHUFFLE;false;0;0;1;0;1;0;1419247632;166;8;15.485699987039;4.28999996185303;0
optimal;8.53999996185303;1;43mb;8;SHUFFLE;false;0;0;1;0;1;0;1419247632;307;8;24.4092000066303;4.28999996185303;0
optimal;8.53999996185303;1;43mb;8;SHUFFLE;false;0;0;1;0;1;0;1419247632;411;8;15.0545000215061;4.28999996185303;0
optimal;31.2099990844727;1;72mb;8;SHUFFLE;true;5;0;2;0;2;0;1419259440;14400000;54;46.8146000057459;10.3999996185303;0
network_congestion;488.759999275208;4;833mb;8;BROADCAST;false;5;0;2;2;2;0;1937852542;659540000;32;5136.59410004038;617.589999198914;0
optimal;17.9899997711182;2;55mb;8;SHUFFLE;false;0;0;1;2;1;0;52;28800000;12;461.98620001087;17.0999994277954;0
optimal;13.5699996948242;1;49mb;8;SHUFFLE;false;0;0;1;0;1;0;8;261;4;30.9460000135005;4.54999923706055;0
optimal;8.84999942779541;1;43mb;8;SHUFFLE;false;0;0;1;0;1;0;1419247624;341;4;15.3145999647677;4.30999946594238;0
optimal;8.54999923706055;1;43mb;8;SHUFFLE;false;0;0;1;0;1;0;1419247624;343;4;27.960899984464;4.30999946594238;0
optimal;8.54999923706055;1;43mb;8;SHUFFLE;false;0;0;1;0;1;0;1419247624;437;4;20.5811000196263;4.29999923706055;0
optimal;8.00999927520752;1;42mb;8;SHUFFLE;false;0;0;1;0;1;0;4;92;4;18.0735999601893;4.51999950408936;0
optimal;27.5499992370605;1;67mb;8;SHUFFLE;true;5;4;2;0;2;0;15004;28800000;28;41.1354000098072;10.539999961853;0
optimal;2.21999931335449;1;42mb;8;SHUFFLE;false;0;0;1;1;1;0;23742;52;28;14.8586999857798;2.19999980926514;0
optimal;4.25;1;37mb;8;SHUFFLE;false;0;0;1;2;1;0;34342;102;30;18.512099981308;4.25999927520752;0
optimal;2.21999931335449;1;42mb;8;SHUFFLE;false;0;0;1;1;1;0;23742;52;28;16.3642999832518;2.19999980926514;0
optimal;0.104335784912109;1;36mb;8;SHUFFLE;false;0;0;1;0;1;0;34244;102;22;17.3634000238962;0.0809659957885742;0
optimal;0.0712890625;1;36mb;8;SHUFFLE;false;0;0;1;0;1;0;23714;52;20;46.3208999717608;0.0478897094726562;0
optimal;20.7099990844727;1;58mb;8;SHUFFLE;true;5;4;2;0;2;0;1419271486;14400000;40;32.3391999700107;12.5699996948242;0
optimal;4.1899995803833;1;37mb;8;SHUFFLE;false;3;0;2;1;2;0;39501;81;33;16.2750000017695;4.17999935150146;0
optimal;4.30999946594238;1;37mb;8;SHUFFLE;false;0;0;1;2;1;0;34272;102;16;201.101500017103;4.30999946594238;0
optimal;2.20999908447266;1;42mb;8;SHUFFLE;false;0;0;1;1;1;0;23718;52;16;18.1213000323623;2.1899995803833;0
optimal;4.30999946594238;1;37mb;8;SHUFFLE;false;0;0;1;2;1;0;34272;102;16;20.9540000068955;4.30999946594238;0
optimal;2.20999908447266;1;42mb;8;SHUFFLE;false;0;0;1;1;1;0;23718;52;16;15.5685000354424;2.1899995803833;0
optimal;0.0812692642211914;1;36mb;8;SHUFFLE;false;0;0;1;0;1;0;23710;52;8;19.9659000500105;0.0618057250976562;0
optimal;0.0812692642211914;1;36mb;8;SHUFFLE;false;0;0;1;0;1;0;23710;52;8;15.4196000075899;0.0618057250976562;0
optimal;0.0812692642211914;1;36mb;8;SHUFFLE;false;0;0;1;0;1;0;23710;52;8;16.3646999862976;0.0618057250976562;0
optimal;2.20999908447266;1;42mb;8;SHUFFLE;false;0;0;1;1;1;0;23718;52;16;17.0616999967024;2.1899995803833;0
optimal;4.06999969482422;2;37mb;8;SHUFFLE;false;0;0;1;2;1;0;34272;102;16;728.364500042517;4.02999973297119;0
optimal;2.20999908447266;1;42mb;8;SHUFFLE;false;0;0;1;1;1;0;23718;52;16;15.4742000158876;2.1899995803833;0
optimal;2.20999908447266;1;42mb;8;SHUFFLE;false;0;0;1;1;1;0;23718;52;16;15.0747000006959;2.1899995803833;0
optimal;2.20999908447266;1;42mb;8;SHUFFLE;false;0;0;1;1;1;0;23718;52;16;22.9039000114426;2.1899995803833;0
optimal;2.20999908447266;1;42mb;8;SHUFFLE;false;0;0;1;1;1;0;23718;52;16;21.558600012213;2.1899995803833;0
optimal;2.20999908447266;1;42mb;8;SHUFFLE;false;0;0;1;1;1;0;23718;52;16;15.4469000408426;2.1899995803833;0
optimal;0.0812692642211914;1;36mb;8;SHUFFLE;false;0;0;1;0;1;0;23710;52;8;23.3289999887347;0.0617475509643555;0
optimal;0.0812692642211914;1;36mb;8;SHUFFLE;false;0;0;1;0;1;0;23710;52;8;19.7668000473641;0.0617475509643555;0
optimal;0.0968942642211914;1;36mb;8;SHUFFLE;false;0;0;1;0;1;0;34216;102;8;41.7304000002332;0.0773725509643555;0
optimal;0.0812692642211914;1;36mb;8;SHUFFLE;false;0;0;1;0;1;0;23710;52;8;16.1093999631703;0.0617475509643555;0
optimal;0.0812692642211914;1;36mb;8;SHUFFLE;false;0;0;1;0;1;0;23710;52;8;18.6143000028096;0.0617475509643555;0
optimal;2.06999969482422;1;34mb;8;SHUFFLE;false;3;0;2;0;2;0;39488;77;43;18.8768000225537;2.04999923706055;0
optimal;2.06999969482422;1;34mb;8;SHUFFLE;false;3;0;2;0;2;0;39488;81;43;15.5228999792598;2.04999923706055;0
optimal;4.20999908447266;1;37mb;8;SHUFFLE;false;3;0;2;1;2;0;39547;81;51;15.6759999808855;4.19999980926514;0
optimal;4.09999942779541;1;37mb;8;SHUFFLE;false;0;0;1;2;1;0;34327;102;27;19.3174000014551;4.07999992370605;0
optimal;0.104335784912109;1;36mb;8;SHUFFLE;false;0;0;1;0;1;0;34238;102;19;19.7453000000678;0.0809173583984375;0
optimal;0.104335784912109;1;36mb;8;SHUFFLE;false;0;0;1;0;1;0;34238;102;19;21.9115000218153;0.0809173583984375;0
optimal;0.0887107849121094;1;36mb;8;SHUFFLE;false;0;0;1;0;1;0;23732;52;19;15.4842999763787;0.0652923583984375;0
optimal;0.104335784912109;1;36mb;8;SHUFFLE;false;0;0;1;0;1;0;34238;102;19;23.212100029923;0.0809173583984375;0
optimal;0.0887107849121094;1;36mb;8;SHUFFLE;false;0;0;1;0;1;0;23732;52;19;15.5769999837503;0.0652923583984375;0
optimal;0.0712890625;1;36mb;8;SHUFFLE;false;0;0;1;0;1;0;23713;52;19;16.892799991183;0.0478610992431641;0
optimal;19.6199998855591;1;57mb;8;SHUFFLE;true;5;4;2;0;2;0;1419271493;14400000;43;19.8008000152186;12.2799997329712;0
optimal;2.21999931335449;1;42mb;8;SHUFFLE;false;0;0;1;1;1;0;23752;52;33;15.7290999777615;2.19999980926514;0
optimal;2.21999931335449;1;42mb;8;SHUFFLE;false;0;0;1;1;1;0;23752;52;33;15.1833000127226;2.19999980926514;0
optimal;0.104335784912109;1;36mb;8;SHUFFLE;false;0;0;1;0;1;0;34250;102;25;17.0671000378206;0.0809173583984375;0
optimal;0.0887107849121094;1;36mb;8;SHUFFLE;false;0;0;1;0;1;0;23744;52;25;15.5929000466131;0.0652923583984375;0
optimal;0.0887107849121094;1;36mb;8;SHUFFLE;false;0;0;1;0;1;0;23744;52;25;21.0188999772072;0.0652923583984375;0
optimal;64.9599990844727;1;116mb;8;SHUFFLE;true;5;0;2;2;2;0;178764274;1440000;45;309.70589997014;60.039999961853;0
optimal;2.21999931335449;1;42mb;8;SHUFFLE;false;0;0;1;1;1;0;23760;52;37;18.8233999651857;2.19999980926514;0
optimal;4.23999977111816;1;37mb;8;SHUFFLE;false;0;0;1;2;1;0;34367;102;35;18.4477000148036;4.23999977111816;0
optimal;4.23999977111816;1;37mb;8;SHUFFLE;false;0;0;1;2;1;0;34367;102;35;31.6877000150271;4.11999988555908;0
optimal;0.0887107849121094;1;36mb;8;SHUFFLE;false;0;0;1;0;1;0;23752;52;29;16.9322000001557;0.0652923583984375;0
optimal;0.0712890625;1;36mb;8;SHUFFLE;false;0;0;1;0;1;0;23723;52;29;15.6588000245392;0.0478610992431641;0
network_congestion;106.989999771118;2;171mb;8;SHUFFLE;false;5;0;2;2;2;0;360849532;2940000;47;519.329400034621;106.16999912262;0
optimal;2.07999992370605;1;34mb;8;SHUFFLE;false;3;0;2;0;2;0;39488;81;43;15.9788999590091;2.04999923706055;0
optimal;2.20999908447266;1;42mb;8;SHUFFLE;false;0;0;1;1;1;0;23718;52;16;20.6356000271626;2.1899995803833;0
optimal;4.07999992370605;1;37mb;8;SHUFFLE;false;0;0;1;2;1;0;34272;102;16;17.6907000131905;4.05999946594238;0
optimal;2.20999908447266;1;42mb;8;SHUFFLE;false;0;0;1;1;1;0;23718;52;16;19.3125999649055;2.1899995803833;0
optimal;0.0968942642211914;1;36mb;8;SHUFFLE;false;0;0;1;0;1;0;34216;102;8;20.2339000534266;0.0773725509643555;0
optimal;29.2799997329712;1;70mb;8;SHUFFLE;true;5;0;2;2;2;0;178764166;1440000;32;213.186800014228;10.8099994659424;0
optimal;6.10999965667725;1;39mb;8;SHUFFLE;false;3;0;2;2;2;0;54532;126;80;16.3022999768145;6.09999942779541;0
optimal;4.19999980926514;1;37mb;8;SHUFFLE;false;3;0;2;1;2;0;39511;81;39;18.4113000286743;4.1899995803833;0
optimal;4.09999942779541;1;37mb;8;SHUFFLE;false;0;0;1;2;1;0;34327;102;27;19.5684999926016;4.07999992370605;0
optimal;0.0887107849121094;1;36mb;8;SHUFFLE;false;0;0;1;0;1;0;23732;52;19;18.8250000355765;0.0652923583984375;0
optimal;0.0887107849121094;1;36mb;8;SHUFFLE;false;0;0;1;0;1;0;23732;52;19;24.3232000502758;0.0652923583984375;0
optimal;0.0887107849121094;1;36mb;8;SHUFFLE;false;0;0;1;0;1;0;23732;52;19;18.9250000403263;0.0652923583984375;0
optimal;0.0887107849121094;1;36mb;8;SHUFFLE;false;0;0;1;0;1;0;23732;52;19;14.4332999479957;0.0652923583984375;0
optimal;0.0712890625;1;36mb;8;SHUFFLE;false;0;0;1;0;1;0;23713;52;19;15.1258000405505;0.0478610992431641;0
optimal;14.0599994659424;1;50mb;8;SHUFFLE;true;5;0;2;0;2;0;178764157;1440000;43;39.8846999742091;13.1799993515015;0
network_congestion;54.539999961853;1;102mb;8;BROADCAST;true;5;4;2;2;2;0;360849456;2880000;39;616.806900012307;54.7099990844727;0
optimal;29.6599998474121;1;70mb;8;SHUFFLE;true;5;0;2;0;2;0;1419271509;14400000;43;53.4765999764204;10.3799991607666;0
optimal;2.07999992370605;1;34mb;8;SHUFFLE;false;3;0;2;0;2;0;39508;81;53;19.0121000050567;2.05999946594238;0
optimal;2.07999992370605;1;34mb;8;SHUFFLE;false;3;0;2;0;2;0;39490;81;44;15.4060000204481;2.04999923706055;0
optimal;2.20999908447266;1;42mb;8;SHUFFLE;false;0;0;1;1;1;0;23718;52;16;20.7970000337809;2.1899995803833;0
optimal;4.32999992370605;1;37mb;8;SHUFFLE;false;0;0;1;2;1;0;34272;102;16;18.9246000372805;4.32999992370605;0
optimal;2.20999908447266;1;42mb;8;SHUFFLE;false;0;0;1;1;1;0;23718;52;16;16.4671000093222;2.1899995803833;0
optimal;2.20999908447266;1;42mb;8;SHUFFLE;false;0;0;1;1;1;0;23718;52;16;15.3857999830507;2.1899995803833;0
optimal;0.0968942642211914;1;36mb;8;SHUFFLE;false;0;0;1;0;1;0;34216;102;8;19.1335999988951;0.0773630142211914;0
optimal;0.0812692642211914;1;36mb;8;SHUFFLE;false;0;0;1;0;1;0;23710;52;8;18.1771999923512;0.0617380142211914;0
optimal;112.699999809265;1;178mb;8;SHUFFLE;true;5;0;2;2;2;0;178764166;1440000;32;362.152500019874;113.809999465942;0
optimal;85.8099994659424;1;143mb;8;SHUFFLE;true;5;0;2;2;2;0;178764138;1440000;28;310.949000006076;87.9599990844727;0
optimal;14.1199998855591;1;50mb;8;SHUFFLE;true;5;0;2;0;2;0;360849344;2880000;32;35.9257000382058;13.1499996185303;0
optimal;20.3199996948242;1;58mb;8;SHUFFLE;true;5;4;2;0;2;0;1419271426;14400000;28;28.264400025364;12.5499992370605;0
optimal;6.09999942779541;1;39mb;8;SHUFFLE;false;3;3;2;2;2;0;54309;117;52;27.049700031057;6.09999942779541;0
optimal;2.21999931335449;1;42mb;8;SHUFFLE;false;0;0;1;1;1;0;23740;52;27;66.4439999964088;2.19999980926514;0
optimal;2.21999931335449;1;42mb;8;SHUFFLE;false;0;0;1;1;1;0;23740;52;27;15.8286000369117;2.19999980926514;0
optimal;2.21999931335449;1;42mb;8;SHUFFLE;false;0;0;1;1;1;0;23740;52;27;14.8391999537125;2.19999980926514;0
optimal;2.21999931335449;1;42mb;8;SHUFFLE;false;0;0;1;1;1;0;23740;52;27;15.4085000394844;2.19999980926514;0
optimal;0.0887107849121094;1;36mb;8;SHUFFLE;false;0;0;1;0;1;0;23732;52;19;15.6554999994114;0.0652923583984375;0
optimal;0.0887107849121094;1;36mb;8;SHUFFLE;false;0;0;1;0;1;0;23732;52;19;15.2533000218682;0.0652923583984375;0
optimal;2.19999980926514;1;42mb;8;SHUFFLE;false;0;0;1;1;1;0;23710;52;12;30.6058999849483;2.17999935150146;0
optimal;2.19999980926514;1;42mb;8;SHUFFLE;false;0;0;1;1;1;0;23710;52;12;19.8006999562494;2.17999935150146;0
optimal;2.19999980926514;1;42mb;8;SHUFFLE;false;0;0;1;1;1;0;23710;52;12;14.9081000126898;2.17999935150146;0
optimal;0.104091644287109;1;36mb;8;SHUFFLE;false;0;0;1;0;1;0;34208;102;4;39.3019000184722;0.0874900817871094;0
optimal;0.0884666442871094;1;36mb;8;SHUFFLE;false;0;0;1;0;1;0;23702;52;4;19.7834000573494;0.0718650817871094;0
optimal;0.0712890625;1;36mb;8;SHUFFLE;false;0;0;1;0;1;0;34204;90;4;18.9671000116505;0.0517673492431641;0
optimal;4.20999908447266;1;37mb;8;SHUFFLE;false;3;0;2;1;2;0;39556;81;54;27.4919999646954;4.19999980926514;0
optimal;6.1299991607666;1;39mb;8;SHUFFLE;false;3;0;2;2;2;0;54537;126;81;22.3403999698348;6.09999942779541;0
optimal;2.21999931335449;1;42mb;8;SHUFFLE;false;0;0;1;1;1;0;23740;52;27;20.3990000300109;2.19999980926514;0
optimal;2.21999931335449;1;42mb;8;SHUFFLE;false;0;0;1;1;1;0;23740;52;27;15.6742000253871;2.19999980926514;0
optimal;2.21999931335449;1;42mb;8;SHUFFLE;false;0;0;1;1;1;0;23740;52;27;19.1510000149719;2.19999980926514;0
optimal;2.21999931335449;1;42mb;8;SHUFFLE;false;0;0;1;1;1;0;23740;52;27;16.2336000357755;2.19999980926514;0
optimal;2.21999931335449;1;42mb;8;SHUFFLE;false;0;0;1;1;1;0;23740;52;27;15.860200044699;2.19999980926514;0
optimal;0.0887107849121094;1;36mb;8;SHUFFLE;false;0;0;1;0;1;0;23732;52;19;15.5041000107303;0.065312385559082;0
optimal;0.0887107849121094;1;36mb;8;SHUFFLE;false;0;0;1;0;1;0;23732;52;19;20.3324999893084;0.065312385559082;0
optimal;4.20999908447266;1;37mb;8;SHUFFLE;false;3;0;2;1;2;0;39565;81;57;16.038799949456;4.19999980926514;0
optimal;2.21999931335449;1;42mb;8;SHUFFLE;false;0;0;1;1;1;0;23750;52;32;16.4509000023827;2.19999980926514;0
optimal;2.21999931335449;1;42mb;8;SHUFFLE;false;0;0;1;1;1;0;23750;52;32;15.758499968797;2.19999980926514;0
optimal;2.21999931335449;1;42mb;8;SHUFFLE;false;0;0;1;1;1;0;23750;52;32;15.1575000490993;2.19999980926514;0
optimal;2.21999931335449;1;42mb;8;SHUFFLE;false;0;0;1;1;1;0;23750;52;32;15.3396000387147;2.19999980926514;0
optimal;2.21999931335449;1;42mb;8;SHUFFLE;false;0;0;1;1;1;0;23750;52;32;15.9753999905661;2.19999980926514;0
optimal;2.21999931335449;1;42mb;8;SHUFFLE;false;0;0;1;1;1;0;23750;52;32;14.9418000364676;2.19999980926514;0
optimal;0.0673828125;1;36mb;8;SHUFFLE;false;0;0;1;0;1;0;23718;50;24;15.1564999832772;0.0439453125;0
network_congestion;24.5999994277954;2;63mb;8;SHUFFLE;false;5;4;2;2;2;0;1419271630;14400000;48;564.372599998023;32.8399991989136;0
optimal;2.21999931335449;1;42mb;8;SHUFFLE;false;0;0;1;1;1;0;23844;52;79;18.390899989754;2.19999980926514;0
optimal;2.21999931335449;1;42mb;8;SHUFFLE;false;0;0;1;1;1;0;23844;52;79;15.6889000209048;2.19999980926514;0
optimal;0.0848045349121094;1;36mb;8;SHUFFLE;false;0;0;1;0;1;0;23836;52;71;47.4051999626681;0.0613670349121094;0
optimal;0.0848045349121094;1;36mb;8;SHUFFLE;false;0;0;1;0;1;0;23836;52;71;14.4220999791287;0.0613670349121094;0
optimal;0.0848045349121094;1;36mb;8;SHUFFLE;false;0;0;1;0;1;0;23836;52;71;16.7849999852479;0.0613670349121094;0
optimal;0.0848045349121094;1;36mb;8;SHUFFLE;false;0;0;1;0;1;0;23836;52;71;23.1015000026673;0.0613670349121094;0
optimal;0.0848045349121094;1;36mb;8;SHUFFLE;false;0;0;1;0;1;0;23836;52;71;17.3137000529096;0.0613670349121094;0
optimal;20.0299997329712;1;58mb;8;SHUFFLE;true;5;4;2;0;2;0;1419271741;14400000;91;19.9003000161611;12.5499992370605;0
optimal;3.05999946594238;1;41mb;8;SHUFFLE;false;5;4;2;0;2;0;54212;117;48;22.4709999747574;4.06999969482422;0
optimal;6.06999969482422;1;39mb;8;SHUFFLE;false;3;3;2;2;2;0;54152;117;28;32.7325999969617;6.06999969482422;0
optimal;2.20999908447266;1;42mb;8;SHUFFLE;false;0;0;1;1;1;0;23718;52;16;15.332099981606;2.1899995803833;0
optimal;2.20999908447266;1;42mb;8;SHUFFLE;false;0;0;1;1;1;0;23718;52;16;14.982599997893;2.1899995803833;0
optimal;2.20999908447266;1;42mb;8;SHUFFLE;false;0;0;1;1;1;0;23718;52;16;21.1267999839038;2.1899995803833;0
optimal;2.20999908447266;1;42mb;8;SHUFFLE;false;0;0;1;1;1;0;23718;52;16;17.8689999738708;2.1899995803833;0
optimal;2.20999908447266;1;42mb;8;SHUFFLE;false;0;0;1;1;1;0;23718;52;16;15.2104999870062;2.1899995803833;0
optimal;0.0812692642211914;1;36mb;8;SHUFFLE;false;0;0;1;0;1;0;23710;52;8;17.9340000031516;0.0618162155151367;0
optimal;0.0812692642211914;1;36mb;8;SHUFFLE;false;0;0;1;0;1;0;23710;52;8;14.9741999921389;0.0618162155151367;0
optimal;0.0595703125;1;36mb;8;SHUFFLE;false;0;0;1;0;1;0;23702;52;8;15.3744000126608;0.0401163101196289;0
network_congestion;316.689999580383;4;553mb;8;BROADCAST;false;5;0;2;2;2;0;34380;29380000;28;2626.05870002881;449.659999847412;0
optimal;2.07999992370605;1;34mb;8;SHUFFLE;false;3;0;2;0;2;0;39540;81;69;19.7538000065833;2.04999923706055;0
optimal;2.21999931335449;1;42mb;8;SHUFFLE;false;0;0;1;1;1;0;23752;52;33;43.7143999733962;2.19999980926514;0
optimal;2.21999931335449;1;42mb;8;SHUFFLE;false;0;0;1;1;1;0;23752;52;33;24.7753000003286;2.19999980926514;0
optimal;0.0848045349121094;1;36mb;8;SHUFFLE;false;0;0;1;0;1;0;23744;52;25;18.9869999885559;0.0613670349121094;0
optimal;0.0848045349121094;1;36mb;8;SHUFFLE;false;0;0;1;0;1;0;23744;52;25;15.7240999978967;0.0613670349121094;0
optimal;0.0848045349121094;1;36mb;8;SHUFFLE;false;0;0;1;0;1;0;23744;52;25;18.3989999932237;0.0613670349121094;0
optimal;33.1399993896484;1;75mb;8;SHUFFLE;true;5;0;2;0;2;0;1419271523;14400000;45;22.1997000044212;10.4699993133545;0
optimal;2.20999908447266;1;42mb;8;SHUFFLE;false;0;0;1;1;1;0;23718;52;16;22.3606000072323;2.1899995803833;0
optimal;2.20999908447266;1;42mb;8;SHUFFLE;false;0;0;1;1;1;0;23718;52;16;18.707400013227;2.1899995803833;0
optimal;2.20999908447266;1;42mb;8;SHUFFLE;false;0;0;1;1;1;0;23718;52;16;15.5427000136115;2.1899995803833;0
optimal;2.20999908447266;1;42mb;8;SHUFFLE;false;0;0;1;1;1;0;23718;52;16;22.8799000033177;2.1899995803833;0
optimal;2.20999908447266;1;42mb;8;SHUFFLE;false;0;0;1;1;1;0;23718;52;16;21.8839999870397;2.1899995803833;0
optimal;0.0812692642211914;1;36mb;8;SHUFFLE;false;0;0;1;0;1;0;23710;52;8;16.6616999777034;0.0617380142211914;0
optimal;86.5;1;144mb;8;SHUFFLE;true;5;0;2;2;2;0;178764138;1440000;28;259.577299992088;86.6899995803833;0
optimal;8.64999961853027;1;43mb;8;SHUFFLE;true;5;4;2;0;2;0;178764074;1440000;28;29.9946999875829;8.44999980926514;0
optimal;4.17999935150146;1;37mb;8;SHUFFLE;false;3;0;2;1;2;0;39478;81;28;16.1217999993823;4.16999912261963;0
optimal;2.19999980926514;1;42mb;8;SHUFFLE;false;0;0;1;1;1;0;23710;52;12;23.2545000035316;2.17999935150146;0
optimal;2.19999980926514;1;42mb;8;SHUFFLE;false;0;0;1;1;1;0;23710;52;12;16.1948999739252;2.17999935150146;0
optimal;2.19999980926514;1;42mb;8;SHUFFLE;false;0;0;1;1;1;0;23710;52;12;16.5787999867462;2.17999935150146;0
optimal;4.25;1;37mb;8;SHUFFLE;false;0;0;1;2;1;0;34252;102;12;33.7056999560446;4.22999954223633;0
optimal;0.0884666442871094;1;36mb;8;SHUFFLE;false;0;0;1;0;1;0;23702;52;4;17.385299957823;0.0718650817871094;0
optimal;0.0884666442871094;1;36mb;8;SHUFFLE;false;0;0;1;0;1;0;23702;52;4;18.3638000162318;0.0718650817871094;0
optimal;0.0884666442871094;1;36mb;8;SHUFFLE;false;0;0;1;0;1;0;23702;52;4;16.2036999827251;0.0718650817871094;0
optimal;0.0884666442871094;1;36mb;8;SHUFFLE;false;0;0;1;0;1;0;23702;52;4;112.222700030543;0.0718650817871094;0
optimal;0.0806541442871094;1;36mb;8;SHUFFLE;false;0;0;1;0;1;0;23702;52;4;15.5293999705464;0.0718650817871094;0
optimal;21.289999961853;1;59mb;8;SHUFFLE;true;5;0;2;0;2;0;178764082;1440000;28;81.8549999967217;6.6299991607666;0
optimal;6.10999965667725;1;39mb;8;SHUFFLE;false;3;0;2;2;2;0;54231;126;37;41.8997999513522;6.07999992370605;0
optimal;4.1899995803833;1;37mb;8;SHUFFLE;false;3;0;2;1;2;0;39502;81;36;17.9390999837779;4.17999935150146;0
optimal;2.07999992370605;1;34mb;8;SHUFFLE;false;3;0;2;0;2;0;39474;81;36;16.9871000107378;2.04999923706055;0
optimal;2.19999980926514;1;42mb;8;SHUFFLE;false;0;0;1;1;1;0;23710;52;12;20.6998999929056;2.17999935150146;0
optimal;4.22999954223633;1;37mb;8;SHUFFLE;false;0;0;1;2;1;0;34252;102;12;24.5690000010654;4.25;0
optimal;0.0884666442871094;1;36mb;8;SHUFFLE;false;0;0;1;0;1;0;23702;52;4;18.4225999983028;0.0718650817871094;0
optimal;0.0884666442871094;1;36mb;8;SHUFFLE;false;0;0;1;0;1;0;23702;52;4;15.7283999724314;0.0718650817871094;0
optimal;0.0884666442871094;1;36mb;8;SHUFFLE;false;0;0;1;0;1;0;23702;52;4;46.3189000147395;0.0611419677734375;0
optimal;0.0884666442871094;1;36mb;8;SHUFFLE;false;0;0;1;0;1;0;23702;52;4;20.2477999846451;0.0718650817871094;0
optimal;0.0884666442871094;1;36mb;8;SHUFFLE;false;0;0;1;0;1;0;23702;52;4;15.7539000501856;0.0718650817871094;0
optimal;23.3099994659424;1;62mb;8;SHUFFLE;true;5;0;2;0;2;0;178764082;1440000;28;40.8550000283867;6.32999992370605;0
optimal;19.7399997711182;1;57mb;8;SHUFFLE;true;5;4;2;0;2;0;1419271418;14400000;28;29.9316000309773;12.2799997329712;0
optimal;2.06999969482422;1;34mb;8;SHUFFLE;false;3;0;2;0;2;0;39478;81;38;18.6668000533246;2.04999923706055;0
optimal;4.20999908447266;1;37mb;8;SHUFFLE;false;3;0;2;1;2;0;39544;81;50;44.9440999655053;4.19999980926514;0
optimal;2.21999931335449;1;42mb;8;SHUFFLE;false;0;0;1;1;1;0;23730;52;22;18.1673999759369;2.19999980926514;0
optimal;2.21999931335449;1;42mb;8;SHUFFLE;false;0;0;1;1;1;0;23730;52;22;15.7081999932416;2.19999980926514;0
optimal;2.21999931335449;1;42mb;8;SHUFFLE;false;0;0;1;1;1;0;23730;52;22;21.0614000097848;2.19999980926514;0
optimal;4.09999942779541;1;37mb;8;SHUFFLE;false;0;0;1;2;1;0;34302;102;22;24.0445999661461;4.25999927520752;0
optimal;2.21999931335449;1;42mb;8;SHUFFLE;false;0;0;1;1;1;0;23730;52;22;20.2877999981865;2.19999980926514;0
optimal;0.0887107849121094;1;36mb;8;SHUFFLE;false;0;0;1;0;1;0;23722;52;14;20.9663999848999;0.0652923583984375;0
optimal;0.0887107849121094;1;36mb;8;SHUFFLE;false;0;0;1;0;1;0;23722;52;14;14.8140999954194;0.0652923583984375;0
optimal;0.104335784912109;1;36mb;8;SHUFFLE;false;0;0;1;0;1;0;34228;102;14;21.0321999620646;0.080937385559082;0
optimal;0.0887107849121094;1;36mb;8;SHUFFLE;false;0;0;1;0;1;0;23722;52;14;15.5940999975428;0.0652923583984375;0
optimal;12.5899991989136;1;48mb;8;SHUFFLE;true;5;4;2;0;2;0;178764116;1440000;38;27.1021000226028;13.0699996948242;0
optimal;2.06999969482422;1;34mb;8;SHUFFLE;false;3;0;2;0;2;0;39506;81;52;51.57120001968;2.04999923706055;0
optimal;2.07999992370605;1;34mb;8;SHUFFLE;false;3;0;2;0;2;0;39540;81;69;20.6016000011005;2.04999923706055;0
optimal;2.21999931335449;1;42mb;8;SHUFFLE;false;0;0;1;1;1;0;23758;52;36;19.1782000474632;2.19999980926514;0
optimal;2.21999931335449;1;42mb;8;SHUFFLE;false;0;0;1;1;1;0;23758;52;36;21.0817000479437;2.19999980926514;0
optimal;2.21999931335449;1;42mb;8;SHUFFLE;false;0;0;1;1;1;0;23758;52;36;15.2929999749176;2.19999980926514;0
optimal;2.21999931335449;1;42mb;8;SHUFFLE;false;0;0;1;1;1;0;23758;52;36;18.9442999544553;2.19999980926514;0
optimal;0.0848045349121094;1;36mb;8;SHUFFLE;false;0;0;1;0;1;0;23750;52;28;15.5971999629401;0.0613670349121094;0
optimal;0.0848045349121094;1;36mb;8;SHUFFLE;false;0;0;1;0;1;0;23750;52;28;15.8162000006996;0.0613670349121094;0
optimal;0.100429534912109;1;36mb;8;SHUFFLE;false;0;0;1;0;1;0;34256;102;28;22.9040000122041;0.0769920349121094;0
optimal;0.0673828125;1;36mb;8;SHUFFLE;false;0;0;1;0;1;0;23722;52;28;17.6940999808721;0.0439453125;0
optimal;0.0673828125;1;36mb;8;SHUFFLE;false;0;0;1;0;1;0;23722;52;28;18.4983999934047;0.0439453125;0
optimal;4.20999908447266;1;37mb;8;SHUFFLE;false;3;0;2;1;2;0;39514;81;40;16.6540000354871;4.19999980926514;0
optimal;2.21999931335449;1;42mb;8;SHUFFLE;false;0;0;1;1;1;0;23734;52;24;19.2250999971293;2.19999980926514;0
optimal;4.25999927520752;1;37mb;8;SHUFFLE;false;0;0;1;2;1;0;34312;102;24;18.5082000098191;4.25999927520752;0
optimal;2.21999931335449;1;42mb;8;SHUFFLE;false;0;0;1;1;1;0;23734;52;24;19.5622000028379;2.19999980926514;0
optimal;4.25999927520752;1;37mb;8;SHUFFLE;false;0;0;1;2;1;0;34312;102;24;18.5435999883339;4.25999927520752;0
optimal;0.0887107849121094;1;36mb;8;SHUFFLE;false;0;0;1;0;1;0;23726;52;16;64.7864999482408;0.0653905868530273;0
optimal;0.0869140625;1;36mb;8;SHUFFLE;false;0;0;1;0;1;0;34216;59;16;20.1844000257552;0.0635929107666016;0
optimal;103.119999885559;1;166mb;8;SHUFFLE;true;5;0;2;2;2;0;178764202;1440000;36;363.898599985987;108.559999465942;0
optimal;2.04999923706055;1;34mb;8;SHUFFLE;false;3;0;2;0;2;0;39450;81;24;32.5103000504896;2.02999973297119;0
optimal;2.07999992370605;1;34mb;8;SHUFFLE;false;3;0;2;0;2;0;39546;81;72;19.5123000303283;2.04999923706055;0
optimal;7.04999923706055;1;41mb;8;SHUFFLE;false;3;3;2;2;2;0;54243;117;41;19.1633999929763;8.05999946594238;0
optimal;2.20999908447266;1;42mb;8;SHUFFLE;false;0;0;1;1;1;0;23718;52;16;20.5744999693707;2.1899995803833;0
optimal;2.20999908447266;1;42mb;8;SHUFFLE;false;0;0;1;1;1;0;23718;52;16;15.896100027021;2.1899995803833;0
optimal;2.20999908447266;1;42mb;8;SHUFFLE;false;0;0;1;1;1;0;23718;52;16;16.170000017155;2.1899995803833;0
optimal;2.20999908447266;1;42mb;8;SHUFFLE;false;0;0;1;1;1;0;23718;52;16;28.4940999699757;2.1899995803833;0
optimal;2.20999908447266;1;42mb;8;SHUFFLE;false;0;0;1;1;1;0;23718;52;16;15.0549999671057;2.1899995803833;0
optimal;0.0812692642211914;1;36mb;8;SHUFFLE;false;0;0;1;0;1;0;23710;52;8;14.8550000158139;0.0617380142211914;0
optimal;0.0734567642211914;1;36mb;8;SHUFFLE;false;0;0;1;0;1;0;23710;52;8;18.1429000222124;0.0617380142211914;0
optimal;0.0595703125;1;36mb;8;SHUFFLE;false;0;0;1;0;1;0;23702;52;8;15.3068999643438;0.0400390625;0
network_congestion;361.639999389648;4;627mb;8;BROADCAST;false;5;4;2;2;2;0;1419271446;14400000;20;1937.79670004733;466.969999313354;0
network_congestion;24.4499998092651;2;63mb;8;BROADCAST;true;5;4;2;2;2;0;1419271470;14400000;24;663.797899964266;30.5199995040894;0
optimal;27.3699998855591;1;67mb;8;SHUFFLE;true;5;0;2;0;2;0;1419271414;14400000;24;29.4434999814257;10.3799991607666;0
optimal;2.21999931335449;1;42mb;8;SHUFFLE;false;0;0;1;1;1;0;23742;52;28;18.7704999698326;2.19999980926514;0
optimal;2.21999931335449;1;42mb;8;SHUFFLE;false;0;0;1;1;1;0;23742;52;28;15.3968999511562;2.19999980926514;0
optimal;2.21999931335449;1;42mb;8;SHUFFLE;false;0;0;1;1;1;0;23742;52;28;15.4628000454977;2.19999980926514;0
optimal;2.21999931335449;1;42mb;8;SHUFFLE;false;0;0;1;1;1;0;23742;52;28;18.6093999654986;2.19999980926514;0
optimal;2.21999931335449;1;42mb;8;SHUFFLE;false;0;0;1;1;1;0;23742;52;28;15.8323000068776;2.19999980926514;0
optimal;0.0848045349121094;1;36mb;8;SHUFFLE;false;0;0;1;0;1;0;23734;52;20;15.7035000156611;0.0613670349121094;0
optimal;0.0848045349121094;1;36mb;8;SHUFFLE;false;0;0;1;0;1;0;23734;52;20;25.2130999579094;0.0613670349121094;0
optimal;0.0673828125;1;36mb;8;SHUFFLE;false;0;0;1;0;1;0;23714;52;20;15.6966000213288;0.0439453125;0
network_congestion;107.719999313354;4;228mb;8;BROADCAST;false;5;0;2;2;2;0;1419271614;14400000;44;1133.71979998192;201.229999542236;0
optimal;29.5799999237061;1;70mb;8;SHUFFLE;true;5;0;2;0;2;0;34393;28800000;41;32.477899978403;13.0499992370605;0
optimal;4.32999992370605;1;37mb;8;SHUFFLE;false;0;0;1;2;1;0;34307;102;23;19.0479999873787;4.32999992370605;0
optimal;2.21999931335449;1;42mb;8;SHUFFLE;false;0;0;1;1;1;0;23732;52;23;17.4772000173107;2.19999980926514;0
optimal;2.21999931335449;1;42mb;8;SHUFFLE;false;0;0;1;1;1;0;23732;52;23;16.1403999663889;2.19999980926514;0
optimal;2.21999931335449;1;42mb;8;SHUFFLE;false;0;0;1;1;1;0;23732;52;23;16.574600012973;2.19999980926514;0
optimal;0.0848045349121094;1;36mb;8;SHUFFLE;false;0;0;1;0;1;0;23724;52;15;15.3984000207856;0.0613670349121094;0
network_congestion;98.6999998092651;2;160mb;8;SHUFFLE;false;5;0;2;2;2;0;360849436;2940000;35;618.040000030305;104.719999313354;0
optimal;6.10999965667725;1;39mb;8;SHUFFLE;false;3;0;2;2;2;0;54371;126;57;18.1784000014886;6.10999965667725;0
optimal;6.09999942779541;1;39mb;8;SHUFFLE;false;3;3;2;2;2;0;54312;117;52;41.8222000007518;6.09999942779541;0
optimal;2.21999931335449;1;42mb;8;SHUFFLE;false;0;0;1;1;1;0;23734;52;24;59.6165000461042;2.19999980926514;0
optimal;2.21999931335449;1;42mb;8;SHUFFLE;false;0;0;1;1;1;0;23734;52;24;16.7719000019133;2.19999980926514;0
optimal;2.21999931335449;1;42mb;8;SHUFFLE;false;0;0;1;1;1;0;23734;52;24;16.8042999575846;2.19999980926514;0
optimal;2.21999931335449;1;42mb;8;SHUFFLE;false;0;0;1;1;1;0;23734;52;24;15.6576000154018;2.19999980926514;0
optimal;0.0848045349121094;1;36mb;8;SHUFFLE;false;0;0;1;0;1;0;23726;52;16;16.1349000409245;0.0613670349121094;0
network_congestion;441.979999542236;4;757mb;8;BROADCAST;false;5;4;2;2;2;0;34432;28800000;36;2227.94680000516;555.329999923706;0
optimal;2.06999969482422;1;34mb;8;SHUFFLE;false;3;0;2;0;2;0;39490;81;44;15.6106000067666;2.04999923706055;0
optimal;2.21999931335449;1;42mb;8;SHUFFLE;false;0;0;1;1;1;0;23742;52;28;22.0669999835081;2.19999980926514;0
optimal;2.21999931335449;1;42mb;8;SHUFFLE;false;0;0;1;1;1;0;23742;52;28;17.8518999600783;2.19999980926514;0
optimal;0.0848045349121094;1;36mb;8;SHUFFLE;false;0;0;1;0;1;0;23734;52;20;18.0951000074856;0.0613670349121094;0
optimal;0.100429534912109;1;36mb;8;SHUFFLE;false;0;0;1;0;1;0;34240;102;20;20.8316000062041;0.0769920349121094;0
optimal;0.0848045349121094;1;36mb;8;SHUFFLE;false;0;0;1;0;1;0;23734;52;20;68.1693999795243;0.0535545349121094;0
optimal;0.100429534912109;1;36mb;8;SHUFFLE;false;0;0;1;0;1;0;34240;102;20;16.5501000010408;0.0769920349121094;0
optimal;9.03999996185303;1;43mb;8;SHUFFLE;false;3;0;2;2;2;0;54224;117;36;29.3809000286274;9.05999946594238;0
optimal;4.1899995803833;1;37mb;8;SHUFFLE;false;3;0;2;1;2;0;39502;81;36;22.0886000315659;4.17999935150146;0
optimal;2.19999980926514;1;42mb;8;SHUFFLE;false;0;0;1;1;1;0;23710;52;12;54.485900036525;2.17999935150146;0
optimal;2.19999980926514;1;42mb;8;SHUFFLE;false;0;0;1;1;1;0;23710;52;12;21.2432999978773;2.17999935150146;0
optimal;4.28999996185303;1;37mb;8;SHUFFLE;false;0;0;1;2;1;0;34252;102;12;15.6464000465348;4.28999996185303;0
optimal;2.19999980926514;1;42mb;8;SHUFFLE;false;0;0;1;1;1;0;23710;52;12;14.7142000496387;2.17999935150146;0
optimal;0.0884666442871094;1;36mb;8;SHUFFLE;false;0;0;1;0;1;0;23702;52;4;15.0624999660067;0.0718650817871094;0
optimal;0.0884666442871094;1;36mb;8;SHUFFLE;false;0;0;1;0;1;0;23702;52;4;19.0932999830693;0.068974494934082;0
optimal;0.0884666442871094;1;36mb;8;SHUFFLE;false;0;0;1;0;1;0;23702;52;4;14.9573999806307;0.0718650817871094;0
optimal;0.0884666442871094;1;36mb;8;SHUFFLE;false;0;0;1;0;1;0;23702;52;4;16.0838000010699;0.0718650817871094;0
optimal;12.6599998474121;1;48mb;8;SHUFFLE;true;5;4;2;0;2;0;360849308;2880000;28;37.8047999693081;12.2599992752075;0
optimal;2.21999931335449;1;42mb;8;SHUFFLE;false;0;0;1;1;1;0;23736;52;25;15.6672000302933;2.19999980926514;0
optimal;2.21999931335449;1;42mb;8;SHUFFLE;false;0;0;1;1;1;0;23736;52;25;17.2006000066176;2.19999980926514;0
optimal;0.0887107849121094;1;36mb;8;SHUFFLE;false;0;0;1;0;1;0;23728;52;17;16.3328000344336;0.065312385559082;0
optimal;0.0887107849121094;1;36mb;8;SHUFFLE;false;0;0;1;0;1;0;23728;52;17;19.4296999834478;0.065312385559082;0
network_congestion;177.109999656677;2;262mb;8;SHUFFLE;false;28;24;8;2;8;0;1206407892;719760;295;957.128299982287;193.179999351501;0
network_congestion;177.109999656677;2;262mb;8;SHUFFLE;false;28;24;8;2;8;0;1206407892;719760;295;929.997499973979;193.119999885559;0
network_congestion;177.109999656677;2;262mb;8;SHUFFLE;false;28;24;8;2;8;0;1206407892;719760;295;943.717499962077;191.049999237061;0
network_congestion;177.109999656677;2;262mb;8;SHUFFLE;false;28;24;8;2;8;0;1206407892;719760;295;977.678399998695;194.309999465942;0
network_congestion;178.369999885559;2;263mb;8;SHUFFLE;false;28;24;8;2;8;0;1206407892;719760;295;926.102400000673;192.289999961853;0
network_congestion;179;2;264mb;8;SHUFFLE;false;28;24;8;2;8;0;1206407892;719760;295;940.709499991499;193.099999427795;0
network_congestion;115.469999313354;2;182mb;8;SHUFFLE;false;28;28;8;2;8;0;616412583;359950;296;777.394699980505;156.799999237061;0
network_congestion;179;2;264mb;8;SHUFFLE;false;28;24;8;2;8;0;1206407892;719760;295;947.534899984021;190.659999847412;0
network_congestion;118.019999504089;2;185mb;8;SHUFFLE;false;28;28;8;2;8;0;616412583;359950;296;623.856999969576;156.799999237061;0
network_congestion;115.319999694824;2;181mb;8;SHUFFLE;false;28;28;8;2;8;0;616412583;359950;296;927.162799984217;154.009999275208;0
network_congestion;117.889999389648;2;185mb;8;SHUFFLE;false;28;28;8;2;8;0;616412583;359950;296;682.329999981448;156.799999237061;0
network_congestion;116.219999313354;2;183mb;8;SHUFFLE;false;28;28;8;2;8;0;616412583;359950;296;675.618699984625;156.799999237061;0
network_congestion;177.109999656677;2;262mb;8;SHUFFLE;false;28;24;8;2;8;0;1206407892;719760;295;910.385800001677;192.289999961853;0
network_congestion;179;2;264mb;8;SHUFFLE;false;28;24;8;2;8;0;1206407892;719760;295;932.393900002353;191.409999847412;0
network_congestion;116.489999771118;2;183mb;8;SHUFFLE;false;28;28;8;2;8;0;616412583;359950;296;662.69970004214;156.799999237061;0
network_congestion;177.319999694824;2;262mb;8;SHUFFLE;false;28;24;8;2;8;0;1206407892;719760;295;980.07210000651;193.119999885559;0
network_congestion;117.949999809265;2;185mb;8;SHUFFLE;false;28;28;8;2;8;0;616412583;359950;296;727.073599991854;156.799999237061;0
network_congestion;116.159999847412;2;183mb;8;SHUFFLE;false;28;28;8;2;8;0;616412583;359950;296;641.547199978959;156.799999237061;0
network_congestion;115.699999809265;2;182mb;8;SHUFFLE;false;28;28;8;2;8;0;616412583;359950;296;696.839899988845;156.799999237061;0
network_congestion;177.109999656677;2;262mb;8;SHUFFLE;false;28;24;8;2;8;0;1206407892;719760;295;933.1727999961;191.459999084473;0
network_congestion;115.929999351501;2;182mb;8;SHUFFLE;false;28;28;8;2;8;0;616412583;359950;296;645.039599970914;156.799999237061;0
network_congestion;116.089999198914;2;182mb;8;SHUFFLE;false;28;28;8;2;8;0;616412583;359950;296;695.704499958083;156.799999237061;0
network_congestion;179;2;264mb;8;SHUFFLE;false;28;24;8;2;8;0;1206407892;719760;295;928.377499978524;191.459999084473;0
network_congestion;178.159999847412;2;263mb;8;SHUFFLE;false;28;24;8;2;8;0;1206407892;719760;295;922.48790001031;193.119999885559;0
network_congestion;115.209999084473;2;181mb;8;SHUFFLE;false;28;28;8;2;8;0;616412583;359950;296;623.716000001878;156.799999237061;0
optimal;66.1599998474121;1;118mb;8;SHUFFLE;true;17;12;5;4;5;0;26802116;14400000;48;53.1392000266351;56.8499994277954;0
optimal;66.1699991226196;1;118mb;8;SHUFFLE;true;17;12;5;4;5;0;26802116;14400000;48;53.3730000024661;56.8499994277954;0
optimal;67.0099992752075;1;119mb;8;SHUFFLE;true;17;12;5;4;5;0;26802116;14400000;48;46.2014999939129;56.8499994277954;0
optimal;66.1599998474121;1;118mb;8;SHUFFLE;true;17;12;5;4;5;0;26802116;14400000;48;33.3461000118405;56.8499994277954;0
optimal;63.7599992752075;1;114mb;8;SHUFFLE;true;17;12;5;4;5;0;2151783322;7200000;48;32.5589000131004;54.9799995422363;0
optimal;125.589999198914;1;195mb;8;SHUFFLE;true;13;8;4;4;4;0;2148155206;7200000;48;29.0537999826483;116.049999237061;0
optimal;66.1599998474121;1;118mb;8;SHUFFLE;true;17;12;5;4;5;0;26802116;14400000;48;61.9272000039928;56.8399991989136;0
optimal;64.6299991607666;1;116mb;8;SHUFFLE;true;17;12;5;4;5;0;2151783322;7200000;48;32.2455000132322;55.8499994277954;0
optimal;63.6199998855591;1;114mb;8;SHUFFLE;true;17;12;5;4;5;0;2151783322;7200000;48;99.1101000108756;55.8399991989136;0
optimal;63.6199998855591;1;114mb;8;SHUFFLE;true;17;12;5;4;5;0;2151783322;7200000;48;98.0170000111684;54.7999992370605;0
optimal;64.6299991607666;1;116mb;8;SHUFFLE;true;17;12;5;4;5;0;2151783322;7200000;48;28.2439999864437;54.9299993515015;0
optimal;64.6399993896484;1;116mb;8;SHUFFLE;true;17;12;5;4;5;0;2151783322;7200000;48;56.0851999907754;55.8299999237061;0
optimal;66.1599998474121;1;118mb;8;SHUFFLE;true;17;12;5;4;5;0;26802116;14400000;48;30.1901000202633;56.039999961853;0
optimal;66.1499996185303;1;117mb;8;SHUFFLE;true;17;12;5;4;5;0;26802116;14400000;48;31.3060999615118;56.8399991989136;0
optimal;65.1299991607666;1;116mb;8;SHUFFLE;true;17;12;5;4;5;0;26802116;14400000;48;32.3589000036009;56.8499994277954;0
optimal;63.6199998855591;1;114mb;8;SHUFFLE;true;17;12;5;4;5;0;2151783322;7200000;48;29.2401000042446;55.4899997711182;0
optimal;64.6599998474121;1;116mb;8;SHUFFLE;true;17;12;5;4;5;0;2151783322;7200000;48;43.0209000478499;54.9799995422363;0
optimal;61.7199993133545;1;112mb;8;SHUFFLE;true;17;12;5;4;5;0;2151783322;7200000;48;28.7272999994457;55.4899997711182;0
network_congestion;83.8499994277954;2;141mb;8;SHUFFLE;false;17;12;5;4;5;0;26802116;14400000;48;1127.02509999508;115.989999771118;0
optimal;63.6199998855591;1;114mb;8;SHUFFLE;true;17;12;5;4;5;0;2151783322;7200000;48;120.79509999603;55.3399991989136;0
optimal;67.0099992752075;1;119mb;8;SHUFFLE;true;17;12;5;4;5;0;26802116;14400000;48;39.495800039731;57.8499994277954;0
optimal;65.1299991607666;1;116mb;8;SHUFFLE;true;17;12;5;4;5;0;26802116;14400000;48;42.3207000130787;57;0
optimal;64.6299991607666;1;116mb;8;SHUFFLE;true;17;12;5;4;5;0;2151783322;7200000;48;44.2624000133947;56.3499994277954;0
optimal;66.1599998474121;1;118mb;8;SHUFFLE;true;17;12;5;4;5;0;26802116;14400000;48;32.0542000117712;56.8399991989136;0
optimal;63.6199998855591;1;114mb;8;SHUFFLE;true;17;12;5;4;5;0;2151783322;7200000;48;27.9425000189804;55.8399991989136;0
optimal;63.6199998855591;1;114mb;8;SHUFFLE;true;17;12;5;4;5;0;2151783322;7200000;48;27.6775999809615;55.8299999237061;0
optimal;64.6299991607666;1;116mb;8;SHUFFLE;true;17;12;5;4;5;0;2151783322;7200000;48;64.9909999920055;55.8299999237061;0
optimal;66.1399993896484;1;117mb;8;SHUFFLE;true;17;12;5;4;5;0;26802116;14400000;48;37.1027000364847;57.0099992752075;0
optimal;66.1399993896484;1;117mb;8;SHUFFLE;true;17;12;5;4;5;0;26802116;14400000;48;41.537499986589;56.8499994277954;0
optimal;64.6499996185303;1;116mb;8;SHUFFLE;true;17;12;5;4;5;0;2151783322;7200000;48;29.4065000489354;55.8299999237061;0
optimal;63.6199998855591;1;114mb;8;SHUFFLE;true;17;12;5;4;5;0;2151783322;7200000;48;27.9044999624602;55.8399991989136;0
optimal;65.5;1;117mb;8;SHUFFLE;true;17;12;5;4;5;0;2151783322;7200000;48;32.2882999898866;55.8299999237061;0
optimal;66.1399993896484;1;117mb;8;SHUFFLE;true;17;12;5;4;5;0;26802116;14400000;48;41.4331000065431;57;0
network_congestion;63.3499994277954;2;114mb;8;SHUFFLE;false;17;12;5;4;5;0;2151783322;7200000;48;716.366599954199;72.4899997711182;0
optimal;63.6199998855591;1;114mb;8;SHUFFLE;true;17;12;5;4;5;0;2151783322;7200000;48;29.4818999827839;55.8299999237061;0
network_congestion;124.089999198914;2;277mb;8;BROADCAST;false;21;20;6;5;6;0;2845800464;14400000;141;1221.4704999933;213.859999656677;0
network_congestion;125.949999809265;2;275mb;8;BROADCAST;false;21;20;6;5;6;0;7326228;28800000;139;572.606100002304;220.459999084473;0
network_congestion;125.949999809265;2;275mb;8;BROADCAST;false;21;20;6;5;6;0;7326228;28800000;139;568.551099975593;220.469999313354;0
network_congestion;125.75;2;275mb;8;BROADCAST;false;21;20;6;5;6;0;7326228;28800000;139;624.370099976659;222.349999427795;0
network_congestion;137.809999465942;2;275mb;8;BROADCAST;false;21;20;6;5;6;0;7326228;28800000;139;1331.67460002005;222.349999427795;0
network_congestion;124.089999198914;2;277mb;8;BROADCAST;false;21;20;6;5;6;0;2845800464;14400000;141;766.90139999846;213.029999732971;0
network_congestion;168.869999885559;4;420mb;8;BROADCAST;false;21;20;6;5;6;0;7326228;28800000;139;2331.43389999168;323.309999465942;0
network_congestion;124.089999198914;2;277mb;8;BROADCAST;false;21;20;6;5;6;0;2845800464;14400000;141;873.108999978285;213.859999656677;0
network_congestion;169.729999542236;4;420mb;8;BROADCAST;false;21;20;6;5;6;0;7326228;28800000;139;2027.91160001652;321.349999427795;0
network_congestion;126.039999961853;2;275mb;8;BROADCAST;false;21;20;6;5;6;0;7326228;28800000;139;723.222400003579;219.629999160767;0
network_congestion;139.089999198914;2;275mb;8;BROADCAST;false;21;20;6;5;6;0;7326228;28800000;139;1525.02510003978;219.859999656677;0
network_congestion;124.089999198914;2;277mb;8;BROADCAST;false;21;20;6;5;6;0;2845800464;14400000;141;568.681899982039;213.859999656677;0
network_congestion;137.819999694824;2;275mb;8;BROADCAST;false;21;20;6;5;6;0;7326228;28800000;139;1362.00130003272;219.939999580383;0
network_congestion;137.819999694824;2;275mb;8;BROADCAST;false;21;20;6;5;6;0;7326228;28800000;139;1226.24109999742;219.629999160767;0
network_congestion;139.089999198914;2;275mb;8;BROADCAST;false;21;20;6;5;6;0;7326228;28800000;139;1425.96840002807;221.529999732971;0
network_congestion;125.14999961853;2;275mb;8;BROADCAST;false;21;20;6;5;6;0;7326228;28800000;139;615.321799996309;219.869999885559;0
network_congestion;125.549999237061;2;277mb;8;BROADCAST;false;21;20;6;5;6;0;2845800416;14400000;141;1224.43639999256;215.16999912262;0
network_congestion;103.339999198914;2;166mb;8;SHUFFLE;false;16;16;5;2;5;0;29646943;2880000;162;1024.89649999188;136.219999313354;0
network_congestion;103.319999694824;2;166mb;8;SHUFFLE;false;16;16;5;2;5;0;29646943;2880000;162;1023.02879997296;137.119999885559;0
network_congestion;101.119999885559;2;163mb;8;SHUFFLE;false;16;16;5;2;5;0;1444333237;1440000;162;1029.40529998159;137.979999542236;0
network_congestion;101.379999160767;2;163mb;8;SHUFFLE;false;16;16;5;2;5;0;1444333237;1440000;162;1004.06340003246;137.929999351501;0
network_congestion;101.189999580383;2;163mb;8;SHUFFLE;false;16;16;5;2;5;0;1444333237;1440000;162;1023.97310000379;137.25;0
network_congestion;100.939999580383;2;163mb;8;SHUFFLE;false;16;16;5;2;5;0;1444333237;1440000;162;1129.01550001698;137.189999580383;0
network_congestion;103.279999732971;2;166mb;8;SHUFFLE;false;16;16;5;2;5;0;29646943;2880000;162;1125.26910001179;136.559999465942;0
network_congestion;101.119999885559;2;163mb;8;SHUFFLE;false;16;16;5;2;5;0;1444333237;1440000;162;1026.46369999275;137.179999351501;0
network_congestion;101.189999580383;2;163mb;8;SHUFFLE;false;16;16;5;2;5;0;1444333237;1440000;162;1129.14769997587;136.459999084473;0
network_congestion;103.259999275208;2;166mb;8;SHUFFLE;false;16;16;5;2;5;0;29646943;2880000;162;1040.78620002838;137.14999961853;0
network_congestion;101.349999427795;2;163mb;8;SHUFFLE;false;16;16;5;2;5;0;1444333237;1440000;162;1241.37750000227;136.159999847412;0
network_congestion;103.539999961853;2;166mb;8;SHUFFLE;false;16;16;5;2;5;0;29646943;2880000;162;1032.07840002142;136.189999580383;0
network_congestion;103.389999389648;2;166mb;8;SHUFFLE;false;16;16;5;2;5;0;29646943;2880000;162;1128.79250000697;136.699999809265;0
network_congestion;101.209999084473;4;202mb;8;BROADCAST;false;16;16;5;2;5;0;1444333237;1440000;162;1814.55749995075;168.689999580383;0
network_congestion;101.009999275208;2;163mb;8;SHUFFLE;false;16;16;5;2;5;0;1444333237;1440000;162;1023.1911999872;138.39999961853;0
network_congestion;101.119999885559;2;163mb;8;SHUFFLE;false;16;16;5;2;5;0;1444333237;1440000;162;987.010299984831;137.609999656677;0
network_congestion;101.099999427795;2;163mb;8;SHUFFLE;false;16;16;5;2;5;0;1444333237;1440000;162;1004.05049999245;136.519999504089;0
network_congestion;101.099999427795;2;163mb;8;SHUFFLE;false;16;16;5;2;5;0;1444333237;1440000;162;1232.76949999854;137.25;0
network_congestion;101.189999580383;2;163mb;8;SHUFFLE;false;16;16;5;2;5;0;1444333237;1440000;162;974.869000026956;139.199999809265;0
network_congestion;101.16999912262;2;163mb;8;SHUFFLE;false;16;16;5;2;5;0;1444333237;1440000;162;1022.54179998999;137.119999885559;0
network_congestion;103.219999313354;2;166mb;8;SHUFFLE;false;16;16;5;2;5;0;29646943;2880000;162;1033.83799997391;136.699999809265;0
network_congestion;103.279999732971;2;166mb;8;SHUFFLE;false;16;16;5;2;5;0;29646943;2880000;162;1025.3231000388;136.559999465942;0
network_congestion;101.099999427795;2;163mb;8;SHUFFLE;false;16;16;5;2;5;0;1444333237;1440000;162;1029.17340002023;138.129999160767;0
network_congestion;103.319999694824;2;166mb;8;SHUFFLE;false;16;16;5;2;5;0;29646943;2880000;162;1123.73290001415;136.559999465942;0
network_congestion;100.939999580383;2;163mb;8;SHUFFLE;false;16;16;5;2;5;0;1444333237;1440000;162;1022.21709996229;138.699999809265;0
network_congestion;103.479999542236;2;166mb;8;SHUFFLE;false;16;16;5;2;5;0;29646943;2880000;162;1023.6181000364;136.839999198914;0
network_congestion;101.119999885559;2;163mb;8;SHUFFLE;false;16;16;5;2;5;0;1444333237;1440000;162;1042.99929999979;137.089999198914;0
network_congestion;103.25;2;166mb;8;SHUFFLE;false;16;16;5;2;5;0;29646943;2880000;162;1130.46030001715;136.579999923706;0
network_congestion;103.319999694824;2;166mb;8;SHUFFLE;false;16;16;5;2;5;0;29646943;2880000;162;990.819300001021;136.589999198914;0
optimal;61.6999998092651;1;112mb;8;SHUFFLE;true;17;12;5;4;5;0;1054847014;3600000;48;38.778199988883;55.4799995422363;0
optimal;64.5999994277954;1;115mb;8;SHUFFLE;true;17;12;5;4;5;0;1054847014;3600000;48;29.4217999908142;54.9499998092651;0
optimal;65.4699993133545;1;117mb;8;SHUFFLE;true;17;12;5;4;5;0;1054847014;3600000;48;31.7102000117302;55.8099994659424;0
optimal;64.5899991989136;1;115mb;8;SHUFFLE;true;17;12;5;4;5;0;1054847014;3600000;48;32.2199999936856;55.8099994659424;0
optimal;67.0999994277954;1;119mb;8;SHUFFLE;true;17;12;5;4;5;0;2118333764;7200000;48;36.7018000106327;56.8499994277954;0
optimal;64.6099996566772;1;115mb;8;SHUFFLE;true;17;12;5;4;5;0;1054847014;3600000;48;50.3888999810442;55.4799995422363;0
optimal;64.6099996566772;1;115mb;8;SHUFFLE;true;17;12;5;4;5;0;1054847014;3600000;48;27.8637999435887;55.8099994659424;0
optimal;64.5899991989136;1;115mb;8;SHUFFLE;true;17;12;5;4;5;0;1054847014;3600000;48;40.46379995998;55.1299991607666;0
optimal;67.0999994277954;1;119mb;8;SHUFFLE;true;17;12;5;4;5;0;2118333764;7200000;48;31.3124000094831;57;0
optimal;63.5899991989136;1;114mb;8;SHUFFLE;true;17;12;5;4;5;0;1054847014;3600000;48;42.1311999671161;54.9599990844727;0
optimal;67.0799999237061;1;119mb;8;SHUFFLE;true;17;12;5;4;5;0;2118333764;7200000;48;34.2173000099137;56.8599996566772;0
optimal;62.5099992752075;1;113mb;8;SHUFFLE;true;17;12;5;4;5;0;1054847014;3600000;48;33.1691000028513;55.8099994659424;0
optimal;67.0999994277954;1;119mb;8;SHUFFLE;true;17;12;5;4;5;0;2118333764;7200000;48;43.8451000372879;57;0
optimal;125.559999465942;1;195mb;8;SHUFFLE;true;13;8;4;4;4;0;1051218898;3600000;48;27.6880000019446;116.029999732971;0
optimal;67.0799999237061;1;119mb;8;SHUFFLE;true;17;12;5;4;5;0;2118333764;7200000;48;42.7326000062749;56.8599996566772;0
network_congestion;64.1299991607666;2;115mb;8;SHUFFLE;false;17;12;5;4;5;0;1054847014;3600000;48;567.409400013275;71.2799997329712;0
optimal;64.6099996566772;1;115mb;8;SHUFFLE;true;17;12;5;4;5;0;1054847014;3600000;48;34.5245999633335;55.8099994659424;0
optimal;64.5899991989136;1;115mb;8;SHUFFLE;true;17;12;5;4;5;0;1054847014;3600000;48;33.6026000441052;55.8099994659424;0
optimal;67.0799999237061;1;119mb;8;SHUFFLE;true;17;12;5;4;5;0;2118333764;7200000;48;43.0634000222199;57;0
optimal;64.6099996566772;1;115mb;8;SHUFFLE;true;17;12;5;4;5;0;1054847014;3600000;48;28.8629999849945;55.4599990844727;0
optimal;66.3199996948242;1;118mb;8;SHUFFLE;true;17;12;5;4;5;0;2118333764;7200000;48;35.5210999841802;56.8599996566772;0
optimal;67.0199995040894;1;119mb;8;SHUFFLE;true;17;12;5;4;5;0;2118333764;7200000;48;33.2535000052303;57.8699998855591;0
optimal;67.9499998092651;1;120mb;8;SHUFFLE;true;17;12;5;4;5;0;2118333764;7200000;48;35.4944000137039;57.8699998855591;0
optimal;67.0799999237061;1;119mb;8;SHUFFLE;true;17;12;5;4;5;0;2118333764;7200000;48;46.3288000319153;56.8699998855591;0
optimal;66.1499996185303;1;117mb;8;SHUFFLE;true;17;12;5;4;5;0;2118333764;7200000;48;34.1330000082962;57.0199995040894;0
optimal;64.5999994277954;1;115mb;8;SHUFFLE;true;17;12;5;4;5;0;1054847014;3600000;48;30.2962999558076;55.8199996948242;0
optimal;64.6099996566772;1;115mb;8;SHUFFLE;true;17;12;5;4;5;0;1054847014;3600000;48;28.8259999942966;55.4499998092651;0
optimal;61.6999998092651;1;112mb;8;SHUFFLE;true;17;12;5;4;5;0;1054847014;3600000;48;28.6504999967292;56.2999992370605;0
optimal;64.6099996566772;1;115mb;8;SHUFFLE;true;17;12;5;4;5;0;1054847014;3600000;48;34.6923999604769;55.7999992370605;0
optimal;65.4599990844727;1;117mb;8;SHUFFLE;true;17;12;5;4;5;0;1054847014;3600000;48;30.1150999730453;55.8199996948242;0
optimal;67.0999994277954;1;119mb;8;SHUFFLE;true;17;12;5;4;5;0;2118333764;7200000;48;30.4113000165671;56.8499994277954;0
optimal;67.0099992752075;1;119mb;8;SHUFFLE;true;17;12;5;4;5;0;2118333764;7200000;48;35.4641000158153;56.8499994277954;0
optimal;64.6099996566772;1;115mb;8;SHUFFLE;true;17;12;5;4;5;0;1054847014;3600000;48;31.1252000392415;55.7999992370605;0
optimal;64.6099996566772;1;115mb;8;SHUFFLE;true;17;12;5;4;5;0;1054847014;3600000;48;28.959900024347;55.8099994659424;0
optimal;67.0799999237061;1;119mb;8;SHUFFLE;true;17;12;5;4;5;0;2118333764;7200000;48;30.8970999903977;57;0
optimal;64.5999994277954;1;115mb;8;SHUFFLE;true;17;12;5;4;5;0;1054847014;3600000;48;42.8358999779448;55.1999998092651;0
optimal;126.14999961853;1;195mb;8;SHUFFLE;true;13;8;4;4;4;0;2114705648;7200000;48;36.9847000110894;116.25;0
optimal;64.5899991989136;1;115mb;8;SHUFFLE;true;17;12;5;4;5;0;1054847014;3600000;48;34.5535999513231;54.9499998092651;0
optimal;64.6099996566772;1;115mb;8;SHUFFLE;true;17;12;5;4;5;0;1054847014;3600000;48;30.3113000118174;55.8099994659424;0
network_congestion;75.289999961853;2;129mb;8;SHUFFLE;false;8;8;3;3;3;0;532614806;3600000;140;770.385900046676;84.7699995040894;0
network_congestion;82.9399995803833;2;139mb;8;SHUFFLE;false;8;8;3;3;3;0;1068940428;7200000;140;1026.20610001031;94.8799991607666;0
network_congestion;75.289999961853;2;129mb;8;SHUFFLE;false;8;8;3;3;3;0;532614806;3600000;140;672.087499988265;84.8399991989136;0
optimal;75.289999961853;1;129mb;8;SHUFFLE;true;8;8;3;3;3;0;532614806;3600000;140;44.7645000531338;58.9299993515015;0
network_congestion;74.7199993133545;2;129mb;8;SHUFFLE;false;8;8;3;3;3;0;532614806;3600000;140;566.762100032065;84.7699995040894;0
network_congestion;82.9799995422363;2;139mb;8;SHUFFLE;false;8;8;3;3;3;0;1068940428;7200000;140;1129.97589999577;94.8799991607666;0
optimal;75.289999961853;2;129mb;8;SHUFFLE;true;8;8;3;3;3;0;532614806;3600000;140;271.793799998704;66.4199991226196;0
optimal;75.289999961853;1;129mb;8;SHUFFLE;true;8;8;3;3;3;0;532614806;3600000;140;40.3198999701999;59.1599998474121;0
network_congestion;75.289999961853;2;129mb;8;SHUFFLE;false;8;8;3;3;3;0;532614806;3600000;140;871.149000013247;84.7699995040894;0
network_congestion;75.289999961853;2;129mb;8;SHUFFLE;false;8;8;3;3;3;0;532614806;3600000;140;871.93829996977;84.7699995040894;0
network_congestion;82.9799995422363;2;139mb;8;SHUFFLE;false;8;8;3;3;3;0;1068940428;7200000;140;668.824799999129;94.9499998092651;0
optimal;82.9799995422363;1;139mb;8;SHUFFLE;true;8;8;3;3;3;0;1068940428;7200000;140;55.2017000154592;64.1299991607666;0
network_congestion;82.9399995803833;2;139mb;8;SHUFFLE;false;8;8;3;3;3;0;1068940428;7200000;140;990.893200039864;94.9499998092651;0
network_congestion;83;2;139mb;8;SHUFFLE;false;8;8;3;3;3;0;1068940428;7200000;140;1224.61859998293;94.9499998092651;0
network_congestion;75.289999961853;2;129mb;8;SHUFFLE;false;8;8;3;3;3;0;532614806;3600000;140;821.462000021711;84.5599994659424;0
network_congestion;75.289999961853;2;129mb;8;SHUFFLE;false;8;8;3;3;3;0;532614806;3600000;140;871.589499991387;84.7699995040894;0
network_congestion;75.289999961853;2;129mb;8;SHUFFLE;false;8;8;3;3;3;0;532614806;3600000;140;772.155499958899;83.2199993133545;0
optimal;82.9399995803833;1;139mb;8;SHUFFLE;true;8;8;3;3;3;0;1068940428;7200000;140;53.5266000078991;64.1299991607666;0
optimal;82.9399995803833;1;139mb;8;SHUFFLE;true;8;8;3;3;3;0;1068940428;7200000;140;66.9446000247262;64.1299991607666;0
network_congestion;82.9799995422363;2;139mb;8;SHUFFLE;false;8;8;3;3;3;0;1068940428;7200000;140;1123.99990000995;94.8799991607666;0
network_congestion;82.9399995803833;2;139mb;8;SHUFFLE;false;8;8;3;3;3;0;1068940428;7200000;140;1126.56479998259;94.9499998092651;0
network_congestion;82.9799995422363;2;139mb;8;SHUFFLE;false;8;8;3;3;3;0;1068940428;7200000;140;1023.13580003101;94.9499998092651;0
network_congestion;75.289999961853;2;129mb;8;SHUFFLE;false;8;8;3;3;3;0;532614806;3600000;140;754.681100021116;84.7699995040894;0
network_congestion;75.289999961853;2;129mb;8;SHUFFLE;false;8;8;3;3;3;0;532614806;3600000;140;567.368799995165;84.7699995040894;0
network_congestion;75.289999961853;2;129mb;8;SHUFFLE;false;8;8;3;3;3;0;532614806;3600000;140;631.250999984331;84.7699995040894;0
optimal;75.289999961853;1;129mb;8;SHUFFLE;true;8;8;3;3;3;0;532614806;3600000;140;40.7280999934301;58.9299993515015;0
optimal;75.289999961853;2;129mb;8;SHUFFLE;true;8;8;3;3;3;0;532614806;3600000;140;265.57629997842;66.4699993133545;0
optimal;75.289999961853;1;129mb;8;SHUFFLE;true;8;8;3;3;3;0;532614806;3600000;140;45.2378999907523;58.4199991226196;0
network_congestion;75.289999961853;2;129mb;8;SHUFFLE;false;8;8;3;3;3;0;532614806;3600000;140;518.47509999061;84.7699995040894;0
optimal;75.289999961853;1;129mb;8;SHUFFLE;true;8;8;3;3;3;0;532614806;3600000;140;42.4276000121608;58.9499998092651;0
network_congestion;75.289999961853;2;129mb;8;SHUFFLE;false;8;8;3;3;3;0;532614806;3600000;140;569.49630001327;84.7699995040894;0
optimal;82.9399995803833;2;139mb;8;SHUFFLE;true;8;8;3;3;3;0;1068940428;7200000;140;65.6761000282131;73.2399997711182;0
optimal;75.289999961853;1;129mb;8;SHUFFLE;true;8;8;3;3;3;0;532614806;3600000;140;40.1911000371911;58.9299993515015;0
optimal;75.289999961853;2;129mb;8;SHUFFLE;true;8;8;3;3;3;0;532614806;3600000;140;52.2814000141807;65.0999994277954;0
optimal;82.9799995422363;1;139mb;8;SHUFFLE;true;8;8;3;3;3;0;1068940428;7200000;140;64.0674000023864;64.1299991607666;0
optimal;82.9399995803833;1;139mb;8;SHUFFLE;true;8;8;3;3;3;0;1068940428;7200000;140;54.158000042662;64.1299991607666;0
optimal;82.9399995803833;1;139mb;8;BROADCAST;true;8;8;3;3;3;0;1068940428;7200000;140;120.385600021109;64.1299991607666;0
optimal;75.289999961853;1;129mb;8;SHUFFLE;true;8;8;3;3;3;0;532614806;3600000;140;144.94410000043;58.2299995422363;0
optimal;82.9399995803833;1;139mb;8;SHUFFLE;true;8;8;3;3;3;0;1068940428;7200000;140;58.5499000153504;64.1299991607666;0
network_congestion;75.289999961853;2;129mb;8;SHUFFLE;false;8;8;3;3;3;0;532614806;3600000;140;521.534600004088;84.7699995040894;0
optimal;75.289999961853;1;129mb;8;SHUFFLE;true;8;8;3;3;3;0;532614806;3600000;140;46.8185000354424;58.9299993515015;0
optimal;75.289999961853;1;129mb;8;SHUFFLE;true;8;8;3;3;3;0;532614806;3600000;140;45.4274999792688;58.9299993515015;0
network_congestion;82.9799995422363;2;139mb;8;SHUFFLE;false;8;8;3;3;3;0;1068940428;7200000;140;972.563300048932;94.8799991607666;0
network_congestion;75.289999961853;2;129mb;8;SHUFFLE;false;8;8;3;3;3;0;532614806;3600000;140;565.880400012247;84;0
network_congestion;82.9799995422363;2;139mb;8;SHUFFLE;false;8;8;3;3;3;0;1068940428;7200000;140;621.392799948808;94.3899993896484;0
network_congestion;82.9399995803833;2;139mb;8;SHUFFLE;false;8;8;3;3;3;0;1068940428;7200000;140;669.376200006809;94.9499998092651;0
network_congestion;82.9799995422363;2;139mb;8;SHUFFLE;false;8;8;3;3;3;0;1068940428;7200000;140;671.965899993666;94.8799991607666;0
network_congestion;71.4599990844727;2;124mb;8;SHUFFLE;false;8;8;3;3;3;0;532614758;3600000;140;620.14040001668;80.1999998092651;0
optimal;5.25999927520752;1;38mb;8;SHUFFLE;true;0;0;1;2;1;0;2265026;86400;22;28.4793000319041;4.15999984741211;0
optimal;5.25999927520752;1;38mb;8;SHUFFLE;true;0;0;1;2;1;0;2265026;86400;22;21.9025000114925;4.21999931335449;0
optimal;5.25999927520752;1;38mb;8;SHUFFLE;true;0;0;1;2;1;0;2265026;86400;22;18.4819999849424;4.20999908447266;0
optimal;5.25999927520752;1;38mb;8;SHUFFLE;true;0;0;1;2;1;0;2265026;86400;22;37.1998000191525;4.21999931335449;0
optimal;5.25999927520752;1;38mb;8;SHUFFLE;true;0;0;1;2;1;0;2265026;86400;22;14.9953999789432;4.15999984741211;0
optimal;5.25999927520752;1;38mb;8;SHUFFLE;true;0;0;1;2;1;0;2265026;86400;22;14.8212999920361;4.15999984741211;0
optimal;5.25999927520752;1;38mb;8;SHUFFLE;true;0;0;1;2;1;0;2265026;86400;22;22.6176000433043;4.15999984741211;0
optimal;5.25999927520752;1;38mb;8;SHUFFLE;true;0;0;1;2;1;0;2265026;86400;22;18.9989000209607;4.21999931335449;0
optimal;5.25999927520752;1;38mb;8;SHUFFLE;true;0;0;1;2;1;0;2265026;86400;22;40.8493999857455;4.21999931335449;0
optimal;5.25999927520752;1;38mb;8;SHUFFLE;true;0;0;1;2;1;0;2265026;86400;22;26.228100003209;4.15999984741211;0
optimal;5.25999927520752;1;38mb;8;SHUFFLE;true;0;0;1;2;1;0;2265026;86400;22;31.678200000897;4.21999931335449;0
optimal;5.25999927520752;1;38mb;8;SHUFFLE;true;0;0;1;2;1;0;2265026;86400;22;28.1689999974333;4.15999984741211;0
optimal;5.25999927520752;1;38mb;8;SHUFFLE;true;0;0;1;2;1;0;2265026;86400;22;15.3953999979421;4.15999984741211;0
optimal;5.25999927520752;1;38mb;8;SHUFFLE;true;0;0;1;2;1;0;2265026;86400;22;14.9196999846026;4.15999984741211;0
optimal;5.25999927520752;1;38mb;8;SHUFFLE;true;0;0;1;2;1;0;2265026;86400;22;25.330499978736;4.15999984741211;0
optimal;5.25999927520752;1;38mb;8;SHUFFLE;true;0;0;1;2;1;0;2265026;86400;22;32.754699990619;4.15999984741211;0
optimal;5.25999927520752;1;38mb;8;SHUFFLE;true;0;0;1;2;1;0;2265026;86400;22;30.8308000094257;4.15999984741211;0
optimal;5.25999927520752;1;38mb;8;SHUFFLE;true;0;0;1;2;1;0;2265026;86400;22;14.8978000506759;4.15999984741211;0
optimal;0.236200332641602;1;36mb;8;SHUFFLE;false;0;0;1;0;1;0;2264952;161;14;15.3525000205263;0.166864395141602;0
optimal;0.236200332641602;1;36mb;8;SHUFFLE;false;0;0;1;0;1;0;2264952;192;14;22.018100018613;0.166864395141602;0
optimal;0.236200332641602;1;36mb;8;SHUFFLE;false;0;0;1;0;1;0;2264952;220;14;21.570699987933;0.166864395141602;0
optimal;0.215692520141602;1;36mb;8;SHUFFLE;false;0;0;1;0;1;0;2264952;250;14;22.7599999634549;0.166864395141602;0
optimal;0.236200332641602;1;36mb;8;SHUFFLE;false;0;0;1;0;1;0;2264952;267;14;16.1215999978594;0.166864395141602;0
optimal;0.613153457641602;1;36mb;8;SHUFFLE;false;0;0;1;0;1;0;2264952;332;14;19.5979999843985;0.166864395141602;0
optimal;0.236200332641602;1;36mb;8;SHUFFLE;false;0;0;1;0;1;0;2264952;369;14;38.6739000095986;0.166864395141602;0
optimal;0.236200332641602;1;36mb;8;SHUFFLE;false;0;0;1;0;1;0;2264952;389;14;17.5150000141002;0.166864395141602;0
optimal;0.236200332641602;1;36mb;8;SHUFFLE;false;0;0;1;0;1;0;2264952;406;14;15.4715999960899;0.166864395141602;0
optimal;0.236200332641602;1;36mb;8;SHUFFLE;false;0;0;1;0;1;0;2264952;419;14;17.0682999887504;0.166864395141602;0
optimal;0.223505020141602;1;36mb;8;SHUFFLE;false;0;0;1;0;1;0;2264952;421;14;18.3819999801926;0.166864395141602;0
optimal;0.195184707641602;1;36mb;8;SHUFFLE;false;0;0;1;0;1;0;2264952;441;14;47.0114999916404;0.166864395141602;0
optimal;0.223505020141602;1;36mb;8;SHUFFLE;false;0;0;1;0;1;0;2264952;457;14;15.7700999989174;0.166864395141602;0
optimal;0.215692520141602;1;36mb;8;SHUFFLE;false;0;0;1;0;1;0;2264952;485;14;15.1213000062853;0.166864395141602;0
optimal;0.236200332641602;1;36mb;8;SHUFFLE;false;0;0;1;0;1;0;2264952;497;14;15.1776999700814;0.166864395141602;0
optimal;0.226581573486328;1;36mb;8;SHUFFLE;false;0;0;1;0;1;0;2264938;50;14;29.1605000384152;0.157245635986328;0
optimal;0.226581573486328;1;36mb;8;SHUFFLE;false;0;0;1;0;1;0;2264938;51;14;20.50759998383;0.157245635986328;0
optimal;0.213886260986328;1;36mb;8;SHUFFLE;false;0;0;1;0;1;0;2264938;66;14;14.6189000224695;0.157245635986328;0
optimal;0.226581573486328;1;36mb;8;SHUFFLE;false;0;0;1;0;1;0;2264938;78;14;15.8352000289597;0.157245635986328;0
optimal;5.10999965667725;1;38mb;8;SHUFFLE;true;0;0;1;2;1;0;2264996;86400;16;16.2131999968551;4.22999954223633;0
optimal;5.10999965667725;1;38mb;8;SHUFFLE;true;0;0;1;2;1;0;2264996;86400;16;62.1391999884509;4.22999954223633;0
optimal;5.10999965667725;1;38mb;8;SHUFFLE;true;0;0;1;2;1;0;2264996;86400;16;35.4705000063404;4.22999954223633;0
optimal;5.10999965667725;1;38mb;8;SHUFFLE;true;0;0;1;2;1;0;2264996;86400;16;15.888299967628;4.22999954223633;0
optimal;5.10999965667725;1;38mb;8;SHUFFLE;true;0;0;1;2;1;0;2264996;86400;16;15.4249999905005;4.22999954223633;0
optimal;5.10999965667725;1;38mb;8;SHUFFLE;true;0;0;1;2;1;0;2264996;86400;16;29.2939000064507;4.22999954223633;0
optimal;5.10999965667725;1;38mb;8;SHUFFLE;true;0;0;1;2;1;0;2264996;86400;16;44.1603999934159;4.22999954223633;0
optimal;5.10999965667725;1;38mb;8;SHUFFLE;true;0;0;1;2;1;0;2264996;86400;16;15.8216000418179;4.22999954223633;0
optimal;5.10999965667725;1;38mb;8;SHUFFLE;true;0;0;1;2;1;0;2264996;86400;16;20.3839999740012;4.22999954223633;0
optimal;5.10999965667725;1;38mb;8;SHUFFLE;true;0;0;1;2;1;0;2264996;86400;16;15.2609000215307;4.22999954223633;0
optimal;5.10999965667725;1;38mb;8;SHUFFLE;true;0;0;1;2;1;0;2264996;86400;16;31.6929999971762;4.22999954223633;0
optimal;5.10999965667725;1;38mb;8;SHUFFLE;true;0;0;1;2;1;0;2264996;86400;16;15.5590000213124;4.22999954223633;0
optimal;5.10999965667725;1;38mb;8;SHUFFLE;true;0;0;1;2;1;0;2264996;86400;16;15.8723000204191;4.22999954223633;0
optimal;5.10999965667725;1;38mb;8;SHUFFLE;true;0;0;1;2;1;0;2264996;86400;16;27.2157999570481;4.22999954223633;0
optimal;5.10999965667725;1;38mb;8;SHUFFLE;true;0;0;1;2;1;0;2264996;86400;16;23.2901000417769;4.22999954223633;0
optimal;5.10999965667725;1;38mb;8;SHUFFLE;true;0;0;1;2;1;0;2264996;86400;16;33.1269000307657;4.22999954223633;0
optimal;5.10999965667725;1;38mb;8;SHUFFLE;true;0;0;1;2;1;0;2264996;86400;16;62.6989000011235;4.22999954223633;0
optimal;5.10999965667725;1;38mb;8;SHUFFLE;true;0;0;1;2;1;0;2264996;86400;16;37.1289000031538;4.23999977111816;0
optimal;5.10999965667725;1;38mb;8;SHUFFLE;true;0;0;1;2;1;0;2264996;86400;16;29.2194000212476;4.16999912261963;0
optimal;0.221102714538574;1;36mb;8;SHUFFLE;false;0;0;1;0;1;0;2264940;133;8;18.0564999463968;0.163485527038574;0
optimal;0.270907402038574;1;36mb;8;SHUFFLE;false;0;0;1;0;1;0;2264940;136;8;19.52779997373;0.163485527038574;0
optimal;0.221102714538574;1;36mb;8;SHUFFLE;false;0;0;1;0;1;0;2264940;160;8;20.9346999763511;0.163485527038574;0
optimal;0.212313652038574;1;36mb;8;SHUFFLE;false;0;0;1;0;1;0;2264940;179;8;16.0278999828734;0.163485527038574;0
optimal;0.237704277038574;1;36mb;8;SHUFFLE;false;0;0;1;0;1;0;2264940;201;8;58.9275999809615;0.163485527038574;0
optimal;0.221102714538574;1;36mb;8;SHUFFLE;false;0;0;1;0;1;0;2264940;210;8;14.8978999932297;0.163485527038574;0
optimal;0.221102714538574;1;36mb;8;SHUFFLE;false;0;0;1;0;1;0;2264940;231;8;19.4473000010476;0.163485527038574;0
optimal;0.228915214538574;1;36mb;8;SHUFFLE;false;0;0;1;0;1;0;2264940;247;8;19.6379999979399;0.163485527038574;0
optimal;0.237704277038574;1;36mb;8;SHUFFLE;false;0;0;1;0;1;0;2264940;264;8;17.4478000262752;0.163485527038574;0
optimal;0.403719902038574;1;36mb;8;SHUFFLE;false;0;0;1;0;1;0;2264940;280;8;19.7713000234216;0.163485527038574;0
optimal;0.221102714538574;1;36mb;8;SHUFFLE;false;0;0;1;0;1;0;2264940;281;8;18.0719000054523;0.163485527038574;0
optimal;0.221102714538574;1;36mb;8;SHUFFLE;false;0;0;1;0;1;0;2264940;288;8;15.0057999999262;0.163485527038574;0
optimal;0.221102714538574;1;36mb;8;SHUFFLE;false;0;0;1;0;1;0;2264940;309;8;19.9650000431575;0.163485527038574;0
optimal;0.221102714538574;1;36mb;8;SHUFFLE;false;0;0;1;0;1;0;2264940;320;8;18.224100000225;0.163485527038574;0
optimal;0.221102714538574;1;36mb;8;SHUFFLE;false;0;0;1;0;1;0;2264940;330;8;16.1721999756992;0.163485527038574;0
optimal;0.221102714538574;1;36mb;8;SHUFFLE;false;0;0;1;0;1;0;2264940;379;8;20.4396999906749;0.163485527038574;0
optimal;0.221102714538574;1;36mb;8;SHUFFLE;false;0;0;1;0;1;0;2264940;431;8;15.0836000102572;0.163485527038574;0
optimal;0.221102714538574;1;36mb;8;SHUFFLE;false;0;0;1;0;1;0;2264940;437;8;30.338299984578;0.163485527038574;0
optimal;0.221102714538574;1;36mb;8;SHUFFLE;false;0;0;1;0;1;0;2264940;441;8;18.9083000295796;0.163485527038574;0
optimal;0.228915214538574;1;36mb;8;SHUFFLE;false;0;0;1;0;1;0;2264940;462;8;26.9423999707215;0.163485527038574;0
optimal;0.207216262817383;1;36mb;8;SHUFFLE;false;0;0;1;0;1;0;2264932;74;8;14.7570000262931;0.149599075317383;0
optimal;0.207216262817383;1;36mb;8;SHUFFLE;false;0;0;1;0;1;0;2264932;85;8;15.3711999882944;0.149599075317383;0
optimal;0.248231887817383;1;36mb;8;SHUFFLE;false;0;0;1;0;1;0;2264932;89;8;26.8264999613166;0.149599075317383;0
optimal;5.25999927520752;1;38mb;8;SHUFFLE;true;0;0;1;2;1;0;2265031;86400;23;18.3796999626793;4.22999954223633;0
optimal;5.25999927520752;1;38mb;8;SHUFFLE;true;0;0;1;2;1;0;2265031;86400;23;15.3618999756873;4.22999954223633;0
optimal;5.25999927520752;1;38mb;8;SHUFFLE;true;0;0;1;2;1;0;2265031;86400;23;14.8789000231773;4.22999954223633;0
optimal;5.25999927520752;1;38mb;8;SHUFFLE;true;0;0;1;2;1;0;2265031;86400;23;37.9694999428466;4.22999954223633;0
optimal;5.25999927520752;1;38mb;8;SHUFFLE;true;0;0;1;2;1;0;2265031;86400;23;21.4241999783553;4.22999954223633;0
optimal;5.25999927520752;1;38mb;8;SHUFFLE;true;0;0;1;2;1;0;2265031;86400;23;36.7591999820434;4.22999954223633;0
optimal;5.25999927520752;1;38mb;8;SHUFFLE;true;0;0;1;2;1;0;2265031;86400;23;101.566799974535;4.22999954223633;0
optimal;5.25999927520752;1;38mb;8;SHUFFLE;true;0;0;1;2;1;0;2265031;86400;23;15.9156000008807;4.22999954223633;0
optimal;5.25999927520752;1;38mb;8;SHUFFLE;true;0;0;1;2;1;0;2265031;86400;23;17.4709999701008;4.23999977111816;0
optimal;5.25999927520752;1;38mb;8;SHUFFLE;true;0;0;1;2;1;0;2265031;86400;23;17.9778999881819;4.22999954223633;0
optimal;5.25999927520752;1;38mb;8;SHUFFLE;true;0;0;1;2;1;0;2265031;86400;23;19.5326000102796;4.22999954223633;0
optimal;5.25999927520752;1;38mb;8;SHUFFLE;true;0;0;1;2;1;0;2265031;86400;23;31.9170000148006;4.22999954223633;0
optimal;5.25999927520752;1;38mb;8;SHUFFLE;true;0;0;1;2;1;0;2265031;86400;23;14.9031999753788;4.22999954223633;0
optimal;5.25999927520752;1;38mb;8;SHUFFLE;true;0;0;1;2;1;0;2265031;86400;23;15.037500008475;4.22999954223633;0
optimal;5.25999927520752;1;38mb;8;SHUFFLE;true;0;0;1;2;1;0;2265031;86400;23;16.9505000230856;4.22999954223633;0
optimal;5.25999927520752;1;38mb;8;SHUFFLE;true;0;0;1;2;1;0;2265031;86400;23;19.3788000033237;4.22999954223633;0
optimal;5.25999927520752;1;38mb;8;SHUFFLE;true;0;0;1;2;1;0;2265031;86400;23;15.8059999812394;4.22999954223633;0
optimal;5.25999927520752;1;38mb;8;SHUFFLE;true;0;0;1;2;1;0;2265031;86400;23;14.7299999953248;4.22999954223633;0
optimal;5.25999927520752;1;38mb;8;SHUFFLE;true;0;0;1;2;1;0;2265031;86400;23;18.4208999853581;4.22999954223633;0
optimal;0.223525047302246;1;36mb;8;SHUFFLE;false;0;0;1;0;1;0;2264954;130;15;19.619100028649;0.166884422302246;0
optimal;0.236220359802246;1;36mb;8;SHUFFLE;false;0;0;1;0;1;0;2264954;131;15;19.7785000200383;0.166884422302246;0
optimal;0.236220359802246;1;36mb;8;SHUFFLE;false;0;0;1;0;1;0;2264954;194;15;15.4894000152126;0.166884422302246;0
optimal;0.236220359802246;1;36mb;8;SHUFFLE;false;0;0;1;0;1;0;2264954;221;15;21.6670999652706;0.166884422302246;0
optimal;0.236220359802246;1;36mb;8;SHUFFLE;false;0;0;1;0;1;0;2264954;242;15;14.9123999872245;0.166884422302246;0
optimal;0.236220359802246;1;36mb;8;SHUFFLE;false;0;0;1;0;1;0;2264954;298;15;14.7811000351794;0.166884422302246;0
optimal;0.236220359802246;1;36mb;8;SHUFFLE;false;0;0;1;0;1;0;2264954;349;15;14.6271000267006;0.166884422302246;0
optimal;0.236220359802246;1;36mb;8;SHUFFLE;false;0;0;1;0;1;0;2264954;379;15;20.4888000153005;0.166884422302246;0
optimal;0.236220359802246;1;36mb;8;SHUFFLE;false;0;0;1;0;1;0;2264954;421;15;15.7835999852978;0.166884422302246;0
optimal;0.326064109802246;1;36mb;8;SHUFFLE;false;0;0;1;0;1;0;2264954;444;15;16.2395000224933;0.166884422302246;0
optimal;0.223525047302246;1;36mb;8;SHUFFLE;false;0;0;1;0;1;0;2264954;455;15;14.9237000150606;0.166884422302246;0
optimal;0.236220359802246;1;36mb;8;SHUFFLE;false;0;0;1;0;1;0;2264954;488;15;23.5649000387639;0.166884422302246;0
optimal;5.10999965667725;1;38mb;8;SHUFFLE;true;0;0;1;2;1;0;2264996;86400;16;18.5494999750517;4.25999927520752;0
optimal;5.10999965667725;1;38mb;8;SHUFFLE;true;0;0;1;2;1;0;2264996;86400;16;19.8974999948405;4.25999927520752;0
optimal;5.10999965667725;1;38mb;8;SHUFFLE;true;0;0;1;2;1;0;2264996;86400;16;30.6247999542393;4.25999927520752;0
optimal;5.10999965667725;1;38mb;8;SHUFFLE;true;0;0;1;2;1;0;2264996;86400;16;29.4643000233918;4.25999927520752;0
optimal;5.10999965667725;1;38mb;8;SHUFFLE;true;0;0;1;2;1;0;2264996;86400;16;15.9984999918379;4.25999927520752;0
optimal;5.10999965667725;1;38mb;8;SHUFFLE;true;0;0;1;2;1;0;2264996;86400;16;30.5132000357844;4.25999927520752;0
optimal;5.10999965667725;1;38mb;8;SHUFFLE;true;0;0;1;2;1;0;2264996;86400;16;15.4055000166409;4.25999927520752;0
optimal;5.10999965667725;1;38mb;8;SHUFFLE;true;0;0;1;2;1;0;2264996;86400;16;20.2777999802493;4.25999927520752;0
optimal;5.10999965667725;1;38mb;8;SHUFFLE;true;0;0;1;2;1;0;2264996;86400;16;18.0045000161044;4.25999927520752;0
optimal;5.10999965667725;1;38mb;8;SHUFFLE;true;0;0;1;2;1;0;2264996;86400;16;18.140800006222;4.25999927520752;0
optimal;5.10999965667725;1;38mb;8;SHUFFLE;true;0;0;1;2;1;0;2264996;86400;16;59.6166999894194;4.25999927520752;0
optimal;5.10999965667725;1;38mb;8;SHUFFLE;true;0;0;1;2;1;0;2264996;86400;16;34.2828000430018;4.25999927520752;0
optimal;5.10999965667725;1;38mb;8;SHUFFLE;true;0;0;1;2;1;0;2264996;86400;16;27.5706000393257;4.25999927520752;0
optimal;5.10999965667725;1;38mb;8;SHUFFLE;true;0;0;1;2;1;0;2264996;86400;16;17.7377000218257;4.25999927520752;0
optimal;5.10999965667725;1;38mb;8;SHUFFLE;true;0;0;1;2;1;0;2264996;86400;16;33.1684999982826;4.25999927520752;0
optimal;5.10999965667725;1;38mb;8;SHUFFLE;true;0;0;1;2;1;0;2264996;86400;16;20.4381000366993;4.25999927520752;0
optimal;5.10999965667725;1;38mb;8;SHUFFLE;true;0;0;1;2;1;0;2264996;86400;16;30.9539000154473;4.25999927520752;0
optimal;5.10999965667725;1;38mb;8;SHUFFLE;true;0;0;1;2;1;0;2264996;86400;16;22.4527000100352;4.25999927520752;0
optimal;5.10999965667725;1;38mb;8;SHUFFLE;true;0;0;1;2;1;0;2264996;86400;16;31.0976000037044;4.25999927520752;0
optimal;5.10999965667725;1;38mb;8;SHUFFLE;true;0;0;1;2;1;0;2264996;86400;16;26.8868000130169;4.25999927520752;0
optimal;5.10999965667725;1;38mb;8;SHUFFLE;true;0;0;1;2;1;0;2264996;86400;16;15.1279999990948;4.25999927520752;0
optimal;0.221376419067383;1;36mb;8;SHUFFLE;false;0;0;1;0;1;0;2264940;133;8;19.9729999876581;0.163759231567383;0
optimal;0.221376419067383;1;36mb;8;SHUFFLE;false;0;0;1;0;1;0;2264940;135;8;20.9937999607064;0.163759231567383;0
optimal;0.221376419067383;1;36mb;8;SHUFFLE;false;0;0;1;0;1;0;2264940;156;8;18.0495000095107;0.163759231567383;0
optimal;0.221376419067383;1;36mb;8;SHUFFLE;false;0;0;1;0;1;0;2264940;224;8;19.5930000045337;0.163759231567383;0
optimal;0.221376419067383;1;36mb;8;SHUFFLE;false;0;0;1;0;1;0;2264940;234;8;20.3304999740794;0.163759231567383;0
optimal;0.229188919067383;1;36mb;8;SHUFFLE;false;0;0;1;0;1;0;2264940;236;8;21.2375000119209;0.163759231567383;0
optimal;0.221376419067383;1;36mb;8;SHUFFLE;false;0;0;1;0;1;0;2264940;264;8;20.648000005167;0.163759231567383;0
optimal;0.221376419067383;1;36mb;8;SHUFFLE;false;0;0;1;0;1;0;2264940;267;8;15.9371999907307;0.163759231567383;0
optimal;0.304384231567383;1;36mb;8;SHUFFLE;false;0;0;1;0;1;0;2264940;273;8;15.9854000085033;0.163759231567383;0
optimal;0.221376419067383;1;36mb;8;SHUFFLE;false;0;0;1;0;1;0;2264940;313;8;16.6207000147551;0.163759231567383;0
optimal;0.221376419067383;1;36mb;8;SHUFFLE;false;0;0;1;0;1;0;2264940;338;8;15.004199987743;0.163759231567383;0
optimal;0.221376419067383;1;36mb;8;SHUFFLE;false;0;0;1;0;1;0;2264940;383;8;38.2790000294335;0.163759231567383;0
optimal;0.229188919067383;1;36mb;8;SHUFFLE;false;0;0;1;0;1;0;2264940;459;8;18.9976000110619;0.163759231567383;0
optimal;0.221376419067383;1;36mb;8;SHUFFLE;false;0;0;1;0;1;0;2264940;472;8;19.2714000004344;0.163759231567383;0
optimal;0.174286842346191;1;36mb;8;SHUFFLE;false;0;0;1;0;1;0;2264932;61;8;15.895799966529;0.149872779846191;0
optimal;0.198700904846191;1;36mb;8;SHUFFLE;false;0;0;1;0;1;0;2264932;84;8;18.5096000204794;0.149872779846191;0
optimal;0.207489967346191;1;36mb;8;SHUFFLE;false;0;0;1;0;1;0;2264932;87;8;18.3975999825634;0.149872779846191;0
optimal;5.10999965667725;1;38mb;8;SHUFFLE;true;0;0;1;2;1;0;2264996;86400;16;15.7595999771729;4.25999927520752;0
optimal;5.10999965667725;1;38mb;8;SHUFFLE;true;0;0;1;2;1;0;2264996;86400;16;25.7603999925777;4.25999927520752;0
optimal;5.10999965667725;1;38mb;8;SHUFFLE;true;0;0;1;2;1;0;2264996;86400;16;30.8686000062153;4.25999927520752;0
optimal;5.10999965667725;1;38mb;8;SHUFFLE;true;0;0;1;2;1;0;2264996;86400;16;25.4818000248633;4.25999927520752;0
optimal;5.10999965667725;1;38mb;8;SHUFFLE;true;0;0;1;2;1;0;2264996;86400;16;47.3243000451475;4.25999927520752;0
optimal;5.10999965667725;1;38mb;8;SHUFFLE;true;0;0;1;2;1;0;2264996;86400;16;18.8637999817729;4.25999927520752;0
optimal;5.10999965667725;1;38mb;8;SHUFFLE;true;0;0;1;2;1;0;2264996;86400;16;20.6202000263147;4.25999927520752;0
optimal;5.10999965667725;1;38mb;8;SHUFFLE;true;0;0;1;2;1;0;2264996;86400;16;15.8623000024818;4.25999927520752;0
optimal;5.10999965667725;1;38mb;8;SHUFFLE;true;0;0;1;2;1;0;2264996;86400;16;14.9005999555811;4.25999927520752;0
optimal;5.10999965667725;1;38mb;8;SHUFFLE;true;0;0;1;2;1;0;2264996;86400;16;25.3518000245094;4.25999927520752;0
optimal;0.27968692779541;1;36mb;8;SHUFFLE;false;0;0;1;0;1;0;2264940;119;8;16.7147000320256;0.22206974029541;0
optimal;0.27968692779541;1;36mb;8;SHUFFLE;false;0;0;1;0;1;0;2264940;216;8;19.9252999736927;0.22206974029541;0
optimal;0.27968692779541;1;36mb;8;SHUFFLE;false;0;0;1;0;1;0;2264940;262;8;20.6486000097357;0.22206974029541;0
optimal;0.27089786529541;1;36mb;8;SHUFFLE;false;0;0;1;0;1;0;2264940;279;8;14.6140999859199;0.22206974029541;0
optimal;0.32949161529541;1;36mb;8;SHUFFLE;false;0;0;1;0;1;0;2264940;313;8;16.6772999800742;0.22206974029541;0
optimal;0.27968692779541;1;36mb;8;SHUFFLE;false;0;0;1;0;1;0;2264940;352;8;20.0722999870777;0.22206974029541;0
optimal;0.27968692779541;1;36mb;8;SHUFFLE;false;0;0;1;0;1;0;2264940;354;8;29.2949000140652;0.22206974029541;0
optimal;0.27968692779541;1;36mb;8;SHUFFLE;false;0;0;1;0;1;0;2264940;369;8;22.0985999912955;0.22206974029541;0
optimal;0.31289005279541;1;36mb;8;SHUFFLE;false;0;0;1;0;1;0;2264940;386;8;19.0464000334032;0.22206974029541;0
optimal;0.27968692779541;1;36mb;8;SHUFFLE;false;0;0;1;0;1;0;2264940;388;8;18.4128999826498;0.22206974029541;0
optimal;0.27968692779541;1;36mb;8;SHUFFLE;false;0;0;1;0;1;0;2264940;405;8;17.3647000337951;0.22206974029541;0
optimal;0.27968692779541;1;36mb;8;SHUFFLE;false;0;0;1;0;1;0;2264940;444;8;16.6870999964885;0.22206974029541;0
optimal;0.27968692779541;1;36mb;8;SHUFFLE;false;0;0;1;0;1;0;2264940;448;8;19.0175999887288;0.22206974029541;0
optimal;0.27968692779541;1;36mb;8;SHUFFLE;false;0;0;1;0;1;0;2264940;451;8;26.8298000446521;0.22206974029541;0
optimal;0.27968692779541;1;36mb;8;SHUFFLE;false;0;0;1;0;1;0;2264940;483;8;15.45070001157;0.22206974029541;0
optimal;0.37929630279541;1;36mb;8;SHUFFLE;false;0;0;1;0;1;0;2264940;494;8;17.9029999999329;0.22206974029541;0
optimal;0.265800476074219;1;36mb;8;SHUFFLE;false;0;0;1;0;1;0;2264932;55;8;16.1826999974437;0.208183288574219;0
optimal;0.265800476074219;1;36mb;8;SHUFFLE;false;0;0;1;0;1;0;2264932;86;8;19.1858999896795;0.208183288574219;0
optimal;5.25999927520752;1;38mb;8;SHUFFLE;true;0;0;1;2;1;0;2265041;86400;25;30.8721999754198;4.22999954223633;0
optimal;5.25999927520752;1;38mb;8;SHUFFLE;true;0;0;1;2;1;0;2265041;86400;25;15.9720000228845;4.22999954223633;0
optimal;5.25999927520752;1;38mb;8;SHUFFLE;true;0;0;1;2;1;0;2265041;86400;25;16.4859999786131;4.22999954223633;0
optimal;5.25999927520752;1;38mb;8;SHUFFLE;true;0;0;1;2;1;0;2265041;86400;25;32.2048999951221;4.22999954223633;0
optimal;5.25999927520752;1;38mb;8;SHUFFLE;true;0;0;1;2;1;0;2265041;86400;25;19.9841999565251;4.22999954223633;0
optimal;5.25999927520752;1;38mb;8;SHUFFLE;true;0;0;1;2;1;0;2265041;86400;25;20.4261000035331;4.22999954223633;0
optimal;5.25999927520752;1;38mb;8;SHUFFLE;true;0;0;1;2;1;0;2265041;86400;25;26.3118000002578;4.22999954223633;0
optimal;5.25999927520752;1;38mb;8;SHUFFLE;true;0;0;1;2;1;0;2265041;86400;25;60.7165000401437;4.22999954223633;0
optimal;5.25999927520752;1;38mb;8;SHUFFLE;true;0;0;1;2;1;0;2265041;86400;25;28.8899000152014;4.22999954223633;0
optimal;5.25999927520752;1;38mb;8;SHUFFLE;true;0;0;1;2;1;0;2265041;86400;25;20.6010999972932;4.22999954223633;0
optimal;5.25999927520752;1;38mb;8;SHUFFLE;true;0;0;1;2;1;0;2265041;86400;25;35.0174999912269;4.22999954223633;0
optimal;5.25999927520752;1;38mb;8;SHUFFLE;true;0;0;1;2;1;0;2265041;86400;25;21.6955000068992;4.22999954223633;0
optimal;5.25999927520752;1;38mb;8;SHUFFLE;true;0;0;1;2;1;0;2265041;86400;25;17.4086000188254;4.22999954223633;0
optimal;5.25999927520752;1;38mb;8;SHUFFLE;true;0;0;1;2;1;0;2265041;86400;25;19.2982999724336;4.22999954223633;0
optimal;5.25999927520752;1;38mb;8;SHUFFLE;true;0;0;1;2;1;0;2265041;86400;25;16.4111000485718;4.22999954223633;0
optimal;5.25999927520752;1;38mb;8;SHUFFLE;true;0;0;1;2;1;0;2265041;86400;25;30.2658000146039;4.22999954223633;0
optimal;5.25999927520752;1;38mb;8;SHUFFLE;true;0;0;1;2;1;0;2265041;86400;25;29.1426999610849;4.22999954223633;0
optimal;5.25999927520752;1;38mb;8;SHUFFLE;true;0;0;1;2;1;0;2265041;86400;25;14.7969999816269;4.22999954223633;0
optimal;5.25999927520752;1;38mb;8;SHUFFLE;true;0;0;1;2;1;0;2265041;86400;25;31.518200004939;4.22999954223633;0
optimal;5.25999927520752;1;38mb;8;SHUFFLE;true;0;0;1;2;1;0;2265041;86400;25;18.6845000134781;4.22999954223633;0
optimal;0.236210823059082;1;36mb;8;SHUFFLE;false;0;0;1;0;1;0;2264958;117;17;25.9933000197634;0.166874885559082;0
optimal;0.236210823059082;1;36mb;8;SHUFFLE;false;0;0;1;0;1;0;2264958;182;17;19.3973000277765;0.166874885559082;0
optimal;0.236210823059082;1;36mb;8;SHUFFLE;false;0;0;1;0;1;0;2264958;216;17;19.4086000556126;0.166874885559082;0
optimal;0.236210823059082;1;36mb;8;SHUFFLE;false;0;0;1;0;1;0;2264958;225;17;20.7412000163458;0.166874885559082;0
optimal;0.236210823059082;1;36mb;8;SHUFFLE;false;0;0;1;0;1;0;2264958;257;17;15.4870999976993;0.166874885559082;0
optimal;0.236210823059082;1;36mb;8;SHUFFLE;false;0;0;1;0;1;0;2264958;273;17;17.1474000089802;0.166874885559082;0
optimal;0.215703010559082;1;36mb;8;SHUFFLE;false;0;0;1;0;1;0;2264958;312;17;16.8441000278108;0.166874885559082;0
optimal;0.236210823059082;1;36mb;8;SHUFFLE;false;0;0;1;0;1;0;2264958;362;17;25.376999983564;0.166874885559082;0
optimal;0.215703010559082;1;36mb;8;SHUFFLE;false;0;0;1;0;1;0;2264958;364;17;15.2404999826103;0.166874885559082;0
optimal;0.236210823059082;1;36mb;8;SHUFFLE;false;0;0;1;0;1;0;2264958;366;17;21.0993000073358;0.166874885559082;0
optimal;0.236210823059082;1;36mb;8;SHUFFLE;false;0;0;1;0;1;0;2264958;388;17;28.7376000196673;0.166874885559082;0
optimal;0.203007698059082;1;36mb;8;SHUFFLE;false;0;0;1;0;1;0;2264958;412;17;14.7872000234202;0.166874885559082;0
optimal;0.236210823059082;1;36mb;8;SHUFFLE;false;0;0;1;0;1;0;2264958;442;17;15.9518999862485;0.166874885559082;0
optimal;0.338749885559082;1;36mb;8;SHUFFLE;false;0;0;1;0;1;0;2264958;445;17;15.4029999976046;0.166874885559082;0
optimal;0.236210823059082;1;36mb;8;SHUFFLE;false;0;0;1;0;1;0;2264958;479;17;68.6391000053845;0.166874885559082;0
optimal;0.223515510559082;1;36mb;8;SHUFFLE;false;0;0;1;0;1;0;2264958;488;17;21.5390999801457;0.166874885559082;0
optimal;0.226600646972656;1;36mb;8;SHUFFLE;false;0;0;1;0;1;0;2264941;54;17;17.9036999470554;0.157264709472656;0
optimal;0.206092834472656;1;36mb;8;SHUFFLE;false;0;0;1;0;1;0;2264941;79;17;20.7580999704078;0.157264709472656;0
optimal;0.226600646972656;1;36mb;8;SHUFFLE;false;0;0;1;0;1;0;2264941;97;17;47.0870999852195;0.157264709472656;0
optimal;5.25999927520752;1;38mb;8;SHUFFLE;true;0;0;1;2;1;0;2265051;86400;27;15.1373000117019;4.22999954223633;0
optimal;5.25999927520752;1;38mb;8;SHUFFLE;true;0;0;1;2;1;0;2265051;86400;27;20.2779000392184;4.22999954223633;0
optimal;5.25999927520752;1;38mb;8;SHUFFLE;true;0;0;1;2;1;0;2265051;86400;27;29.8496999894269;4.22999954223633;0
optimal;5.25999927520752;1;38mb;8;SHUFFLE;true;0;0;1;2;1;0;2265051;86400;27;29.0476999944076;4.22999954223633;0
optimal;5.25999927520752;1;38mb;8;SHUFFLE;true;0;0;1;2;1;0;2265051;86400;27;17.213899991475;4.22999954223633;0
optimal;5.25999927520752;1;38mb;8;SHUFFLE;true;0;0;1;2;1;0;2265051;86400;27;24.9588000006042;4.22999954223633;0
optimal;5.25999927520752;1;38mb;8;SHUFFLE;true;0;0;1;2;1;0;2265051;86400;27;15.5130000202917;4.22999954223633;0
optimal;5.25999927520752;1;38mb;8;SHUFFLE;true;0;0;1;2;1;0;2265051;86400;27;32.9498000210151;4.22999954223633;0
optimal;5.25999927520752;1;38mb;8;SHUFFLE;true;0;0;1;2;1;0;2265051;86400;27;20.2962000039406;4.22999954223633;0
optimal;5.25999927520752;1;38mb;8;SHUFFLE;true;0;0;1;2;1;0;2265051;86400;27;17.8615000331774;4.22999954223633;0
optimal;5.25999927520752;1;38mb;8;SHUFFLE;true;0;0;1;2;1;0;2265051;86400;27;17.5548999686725;4.22999954223633;0
optimal;5.25999927520752;1;38mb;8;SHUFFLE;true;0;0;1;2;1;0;2265051;86400;27;25.6021000095643;4.22999954223633;0
optimal;5.25999927520752;1;38mb;8;SHUFFLE;true;0;0;1;2;1;0;2265051;86400;27;30.1591000170447;4.22999954223633;0
optimal;5.25999927520752;1;38mb;8;SHUFFLE;true;0;0;1;2;1;0;2265051;86400;27;15.3750000172295;4.22999954223633;0
optimal;5.25999927520752;1;38mb;8;SHUFFLE;true;0;0;1;2;1;0;2265051;86400;27;31.7623000009917;4.22999954223633;0
optimal;5.25999927520752;1;38mb;8;SHUFFLE;true;0;0;1;2;1;0;2265051;86400;27;47.3879000055604;4.22999954223633;0
optimal;5.25999927520752;1;38mb;8;SHUFFLE;true;0;0;1;2;1;0;2265051;86400;27;17.4771000165492;4.22999954223633;0
optimal;5.25999927520752;1;38mb;8;SHUFFLE;true;0;0;1;2;1;0;2265051;86400;27;16.2850000197068;4.22999954223633;0
optimal;5.25999927520752;1;38mb;8;SHUFFLE;true;0;0;1;2;1;0;2265051;86400;27;19.5767999975942;4.22999954223633;0
optimal;5.25999927520752;1;38mb;8;SHUFFLE;true;0;0;1;2;1;0;2265051;86400;27;28.9099999936298;4.22999954223633;0
optimal;0.236220359802246;1;36mb;8;SHUFFLE;false;0;0;1;0;1;0;2264962;127;19;17.6328999805264;0.166884422302246;0
optimal;0.502821922302246;1;36mb;8;SHUFFLE;false;0;0;1;0;1;0;2264962;181;19;16.2343999836594;0.166884422302246;0
optimal;0.215712547302246;1;36mb;8;SHUFFLE;false;0;0;1;0;1;0;2264962;233;19;22.023800003808;0.166884422302246;0
optimal;0.236220359802246;1;36mb;8;SHUFFLE;false;0;0;1;0;1;0;2264962;244;19;36.9093000190333;0.166884422302246;0
optimal;0.256728172302246;1;36mb;8;SHUFFLE;false;0;0;1;0;1;0;2264962;258;19;20.7516000373289;0.166884422302246;0
optimal;0.236220359802246;1;36mb;8;SHUFFLE;false;0;0;1;0;1;0;2264962;263;19;14.887599973008;0.166884422302246;0
optimal;0.256728172302246;1;36mb;8;SHUFFLE;false;0;0;1;0;1;0;2264962;287;19;21.0432999883778;0.166884422302246;0
optimal;0.236220359802246;1;36mb;8;SHUFFLE;false;0;0;1;0;1;0;2264962;289;19;27.7564999996684;0.166884422302246;0
optimal;0.236220359802246;1;36mb;8;SHUFFLE;false;0;0;1;0;1;0;2264962;311;19;16.3606000132859;0.166884422302246;0
optimal;0.195204734802246;1;36mb;8;SHUFFLE;false;0;0;1;0;1;0;2264962;346;19;36.280500004068;0.166884422302246;0
optimal;0.236220359802246;1;36mb;8;SHUFFLE;false;0;0;1;0;1;0;2264962;362;19;17.0515999780037;0.166884422302246;0
optimal;0.687392234802246;1;36mb;8;SHUFFLE;false;0;0;1;0;1;0;2264962;378;19;29.6424999833107;0.166884422302246;0
optimal;0.236220359802246;1;36mb;8;SHUFFLE;false;0;0;1;0;1;0;2264962;382;19;19.1993999760598;0.166884422302246;0
optimal;0.236220359802246;1;36mb;8;SHUFFLE;false;0;0;1;0;1;0;2264962;422;19;21.2738999980502;0.166884422302246;0
optimal;0.215712547302246;1;36mb;8;SHUFFLE;false;0;0;1;0;1;0;2264962;444;19;15.2411000453867;0.166884422302246;0
optimal;0.236220359802246;1;36mb;8;SHUFFLE;false;0;0;1;0;1;0;2264962;452;19;16.3939000340179;0.166884422302246;0
optimal;0.256728172302246;1;36mb;8;SHUFFLE;false;0;0;1;0;1;0;2264962;455;19;17.6155000226572;0.166884422302246;0
optimal;0.236220359802246;1;36mb;8;SHUFFLE;false;0;0;1;0;1;0;2264962;456;19;89.9560999823734;0.166884422302246;0
optimal;0.226611137390137;1;36mb;8;SHUFFLE;false;0;0;1;0;1;0;2264943;53;19;15.313400013838;0.157275199890137;0
optimal;0.213915824890137;1;36mb;8;SHUFFLE;false;0;0;1;0;1;0;2264943;77;19;15.2970000053756;0.157275199890137;0
optimal;9.98999977111816;1;44mb;8;SHUFFLE;true;0;0;1;2;1;0;2264996;86400;16;41.347999998834;10.0199995040894;0
optimal;9.98999977111816;1;44mb;8;SHUFFLE;true;0;0;1;2;1;0;2264996;86400;16;65.4345999937505;9.96999931335449;0
optimal;10.1099996566772;1;45mb;8;SHUFFLE;true;0;0;1;2;1;0;2264996;86400;16;55.2020999602973;10.6699991226196;0
optimal;9.97999954223633;1;44mb;8;SHUFFLE;true;0;0;1;2;1;0;2264996;86400;16;25.4400999983773;9.96999931335449;0
optimal;9.98999977111816;1;44mb;8;SHUFFLE;true;0;0;1;2;1;0;2264996;86400;16;55.0430999719538;9.96999931335449;0
optimal;9.96999931335449;1;44mb;8;SHUFFLE;true;0;0;1;2;1;0;2264996;86400;16;39.2096000141464;9.98999977111816;0
optimal;9.96999931335449;1;44mb;8;SHUFFLE;true;0;0;1;2;1;0;2264996;86400;16;39.069099992048;9.96999931335449;0
optimal;9.96999931335449;1;44mb;8;SHUFFLE;true;0;0;1;2;1;0;2264996;86400;16;44.0065999864601;10.0199995040894;0
optimal;10.0299997329712;1;45mb;8;SHUFFLE;true;0;0;1;2;1;0;2264996;86400;16;36.7046000319533;10.4899997711182;0
optimal;10.0599994659424;1;45mb;8;SHUFFLE;true;0;0;1;2;1;0;2264996;86400;16;49.239200016018;9.98999977111816;0
optimal;9.8799991607666;1;44mb;8;SHUFFLE;true;0;0;1;2;1;0;2264996;86400;16;39.5132999983616;9.98999977111816;0
optimal;10.1099996566772;1;45mb;8;SHUFFLE;true;0;0;1;2;1;0;2264996;86400;16;36.8106999667361;10.0199995040894;0
optimal;10.0299997329712;1;45mb;8;SHUFFLE;true;0;0;1;2;1;0;2264996;86400;16;61.4581000409089;9.96999931335449;0
optimal;9.98999977111816;1;44mb;8;SHUFFLE;true;0;0;1;2;1;0;2264996;86400;16;41.7299999971874;9.98999977111816;0
optimal;10.0299997329712;1;45mb;8;SHUFFLE;true;0;0;1;2;1;0;2264996;86400;16;40.3166000032797;9.98999977111816;0
optimal;1.94999980926514;1;34mb;8;SHUFFLE;false;0;0;1;0;1;0;2264940;102;8;16.5190999978222;1.6899995803833;0
optimal;1.75;1;34mb;8;SHUFFLE;false;0;0;1;0;1;0;2264940;141;8;14.8620000109076;1.6899995803833;0
optimal;1.75;1;34mb;8;SHUFFLE;false;0;0;1;0;1;0;2264940;252;8;18.4360000421293;1.6899995803833;0
optimal;1.75;1;34mb;8;SHUFFLE;false;0;0;1;0;1;0;2264940;257;8;26.6368999728002;1.6899995803833;0
optimal;1.95999908447266;1;34mb;8;SHUFFLE;false;0;0;1;0;1;0;2264940;282;8;20.4417999484576;1.6899995803833;0
optimal;1.77999973297119;1;34mb;8;SHUFFLE;false;0;0;1;0;1;0;2264940;294;8;18.3626000070944;1.6899995803833;0
optimal;1.96999931335449;1;34mb;8;SHUFFLE;false;0;0;1;0;1;0;2264940;335;8;19.0888000070117;1.6899995803833;0
optimal;1.89999961853027;1;34mb;8;SHUFFLE;false;0;0;1;0;1;0;2264940;372;8;20.7128999754786;1.6899995803833;0
optimal;1.94999980926514;1;34mb;8;SHUFFLE;false;0;0;1;0;1;0;2264940;379;8;15.3423000010662;1.6899995803833;0
optimal;1.94999980926514;1;34mb;8;SHUFFLE;false;0;0;1;0;1;0;2264940;416;8;21.4768000296317;1.6899995803833;0
optimal;1.94999980926514;1;34mb;8;SHUFFLE;false;0;0;1;0;1;0;2264940;419;8;15.6884000170976;1.6899995803833;0
optimal;1.75;1;34mb;8;SHUFFLE;false;0;0;1;0;1;0;2264940;431;8;14.769300003536;1.6899995803833;0
optimal;1.75;1;34mb;8;SHUFFLE;false;0;0;1;0;1;0;2264940;457;8;26.2648000498302;1.6899995803833;0
optimal;1.75999927520752;1;34mb;8;SHUFFLE;false;0;0;1;0;1;0;2264940;496;8;15.4736000113189;1.6899995803833;0
optimal;1.77999973297119;1;34mb;8;SHUFFLE;false;0;0;1;0;1;0;2264932;92;8;15.264899993781;1.67999935150146;0
optimal;15.8299999237061;1;52mb;8;SHUFFLE;true;0;0;1;2;1;0;2265096;86400;36;36.1630999832414;16.0499992370605;0
optimal;15.8199996948242;1;52mb;8;SHUFFLE;true;0;0;1;2;1;0;2265096;86400;36;37.2744000051171;15.3199996948242;0
optimal;15.5899991989136;1;52mb;8;SHUFFLE;true;0;0;1;2;1;0;2265096;86400;36;39.9214000208303;15.7999992370605;0
optimal;15.5699996948242;1;52mb;8;SHUFFLE;true;0;0;1;2;1;0;2265096;86400;36;48.9130999776535;15.6399993896484;0
optimal;15.5299997329712;1;52mb;8;SHUFFLE;true;0;0;1;2;1;0;2265096;86400;36;61.2879000254907;15.7999992370605;0
optimal;15.8199996948242;1;52mb;8;SHUFFLE;true;0;0;1;2;1;0;2265096;86400;36;40.5228000017814;16.1399993896484;0
optimal;15.8199996948242;1;52mb;8;SHUFFLE;true;0;0;1;2;1;0;2265096;86400;36;40.2324999449775;15.5499992370605;0
optimal;16.0699996948242;1;52mb;8;SHUFFLE;true;0;0;1;2;1;0;2265096;86400;36;38.6805000016466;16;0
optimal;15.8599996566772;1;52mb;8;SHUFFLE;true;0;0;1;2;1;0;2265096;86400;36;64.7441000328399;15.3299999237061;0
optimal;15.5899991989136;1;52mb;8;SHUFFLE;true;0;0;1;2;1;0;2265096;86400;36;40.4023000155576;15.5499992370605;0
optimal;15.5899991989136;1;52mb;8;SHUFFLE;true;0;0;1;2;1;0;2265096;86400;36;39.6081999642774;16.0499992370605;0
optimal;15.5899991989136;1;52mb;8;SHUFFLE;true;0;0;1;2;1;0;2265096;86400;36;37.6732000149786;15.5499992370605;0
optimal;15.6399993896484;1;52mb;8;SHUFFLE;true;0;0;1;2;1;0;2265096;86400;36;39.1336000175215;15.5699996948242;0
optimal;15.8199996948242;1;52mb;8;SHUFFLE;true;0;0;1;2;1;0;2265096;86400;36;36.3802999490872;15.5499992370605;0
optimal;15.5699996948242;1;52mb;8;SHUFFLE;true;0;0;1;2;1;0;2265096;86400;36;46.5453999931924;15.8699998855591;0
optimal;15.5899991989136;1;52mb;8;SHUFFLE;true;0;0;1;2;1;0;2265096;86400;36;40.1236999896355;15.7999992370605;0
optimal;15.8199996948242;1;52mb;8;SHUFFLE;true;0;0;1;2;1;0;2265096;86400;36;42.6808000192977;15.5499992370605;0
optimal;15.8199996948242;1;52mb;8;SHUFFLE;true;0;0;1;2;1;0;2265096;86400;36;40.1401999988593;15.5499992370605;0
optimal;15.5899991989136;1;52mb;8;SHUFFLE;true;0;0;1;2;1;0;2265096;86400;36;35.9009999665432;16.0499992370605;0
optimal;15.5899991989136;1;52mb;8;SHUFFLE;true;0;0;1;2;1;0;2265096;86400;36;39.4750999985263;15.7999992370605;0
optimal;3.76999950408936;1;36mb;8;SHUFFLE;false;0;0;1;0;1;0;2264980;111;28;48.8614999921992;3.67999935150146;0
optimal;3.88999938964844;1;37mb;8;SHUFFLE;false;0;0;1;0;1;0;2264980;124;28;39.7692000260577;3.67999935150146;0
optimal;3.73999977111816;1;36mb;8;SHUFFLE;false;0;0;1;0;1;0;2264980;164;28;19.8526000021957;3.67999935150146;0
optimal;3.75;1;36mb;8;SHUFFLE;false;0;0;1;0;1;0;2264980;171;28;22.2454999457113;3.67999935150146;0
optimal;3.72999954223633;1;36mb;8;SHUFFLE;false;0;0;1;0;1;0;2264980;175;28;14.6153999958187;3.67999935150146;0
optimal;3.72999954223633;1;36mb;8;SHUFFLE;false;0;0;1;0;1;0;2264980;187;28;14.3889000173658;3.67999935150146;0
optimal;3.72999954223633;1;36mb;8;SHUFFLE;false;0;0;1;0;1;0;2264980;217;28;20.6106000114232;3.67999935150146;0
optimal;3.75;1;36mb;8;SHUFFLE;false;0;0;1;0;1;0;2264980;218;28;14.7587999817915;3.67999935150146;0
optimal;3.72999954223633;1;36mb;8;SHUFFLE;false;0;0;1;0;1;0;2264980;233;28;42.0021999743767;3.67999935150146;0
optimal;3.75;1;36mb;8;SHUFFLE;false;0;0;1;0;1;0;2264980;235;28;16.2617000169121;3.67999935150146;0
optimal;3.72999954223633;1;36mb;8;SHUFFLE;false;0;0;1;0;1;0;2264980;240;28;15.6886000186205;3.67999935150146;0
optimal;3.97999954223633;1;37mb;8;SHUFFLE;false;0;0;1;0;1;0;2264980;266;28;21.3417999912053;3.67999935150146;0
optimal;3.75;1;36mb;8;SHUFFLE;false;0;0;1;0;1;0;2264980;309;28;17.754899978172;3.67999935150146;0
optimal;4;1;37mb;8;SHUFFLE;false;0;0;1;0;1;0;2264980;310;28;20.194300042931;3.67999935150146;0
optimal;3.91999912261963;1;37mb;8;SHUFFLE;false;0;0;1;0;1;0;2264980;316;28;18.0614999844693;3.67999935150146;0
optimal;3.86999988555908;1;37mb;8;SHUFFLE;false;0;0;1;0;1;0;2264980;323;28;23.0820999713615;3.67999935150146;0
optimal;3.84999942779541;1;37mb;8;SHUFFLE;false;0;0;1;0;1;0;2264980;325;28;15.2510000043549;3.67999935150146;0
optimal;3.72999954223633;1;36mb;8;SHUFFLE;false;0;0;1;0;1;0;2264980;366;28;20.6921999924816;3.67999935150146;0
optimal;3.72999954223633;1;36mb;8;SHUFFLE;false;0;0;1;0;1;0;2264980;450;28;15.448699996341;3.67999935150146;0
optimal;3.88999938964844;1;37mb;8;SHUFFLE;false;0;0;1;0;1;0;2264980;459;28;15.0610000127926;3.67999935150146;0
optimal;3.82999992370605;1;36mb;8;SHUFFLE;false;0;0;1;0;1;0;2264980;463;28;17.6798999891616;3.67999935150146;0
optimal;3.82999992370605;1;36mb;8;SHUFFLE;false;0;0;1;0;1;0;2264980;498;28;15.3111999970861;3.67999935150146;0
optimal;3.78999996185303;1;36mb;8;SHUFFLE;false;0;0;1;0;1;0;2264952;81;28;15.4014000436291;3.66999912261963;0
optimal;9.98999977111816;1;44mb;8;SHUFFLE;true;0;0;1;2;1;0;2264996;86400;16;42.2346999985166;10.0199995040894;0
optimal;10.0299997329712;1;45mb;8;SHUFFLE;true;0;0;1;2;1;0;2264996;86400;16;36.1669000121765;9.98999977111816;0
optimal;10.0299997329712;1;45mb;8;SHUFFLE;true;0;0;1;2;1;0;2264996;86400;16;36.8760999990627;9.98999977111816;0
optimal;10.0699996948242;1;45mb;8;SHUFFLE;true;0;0;1;2;1;0;2264996;86400;16;48.3260999899358;10.0099992752075;0
optimal;10.0299997329712;1;45mb;8;SHUFFLE;true;0;0;1;2;1;0;2264996;86400;16;37.7062999759801;9.96999931335449;0
optimal;10.0299997329712;1;45mb;8;SHUFFLE;true;0;0;1;2;1;0;2264996;86400;16;46.4980999822728;9.98999977111816;0
optimal;10.0299997329712;1;45mb;8;SHUFFLE;true;0;0;1;2;1;0;2264996;86400;16;42.1129000023939;9.98999977111816;0
optimal;10.0099992752075;1;45mb;8;SHUFFLE;true;0;0;1;2;1;0;2264996;86400;16;26.6470999922603;9.98999977111816;0
optimal;10.0299997329712;1;45mb;8;SHUFFLE;true;0;0;1;2;1;0;2264996;86400;16;36.9870000286028;10.0199995040894;0
optimal;9.92999935150146;1;44mb;8;SHUFFLE;true;0;0;1;2;1;0;2264996;86400;16;40.2038000174798;9.98999977111816;0
optimal;10.0099992752075;1;45mb;8;SHUFFLE;true;0;0;1;2;1;0;2264996;86400;16;52.9159000143409;9.92999935150146;0
optimal;10.0299997329712;1;45mb;8;SHUFFLE;true;0;0;1;2;1;0;2264996;86400;16;35.688099975232;9.96999931335449;0
optimal;10.0299997329712;1;45mb;8;SHUFFLE;true;0;0;1;2;1;0;2264996;86400;16;36.553299985826;9.96999931335449;0
optimal;9.96999931335449;1;44mb;8;SHUFFLE;true;0;0;1;2;1;0;2264996;86400;16;36.1983999609947;10.0499992370605;0
optimal;10.0299997329712;1;45mb;8;SHUFFLE;true;0;0;1;2;1;0;2264996;86400;16;37.5705999904312;9.98999977111816;0
optimal;9.96999931335449;1;44mb;8;SHUFFLE;true;0;0;1;2;1;0;2264996;86400;16;35.7993000070564;9.98999977111816;0
optimal;9.96999931335449;1;44mb;8;SHUFFLE;true;0;0;1;2;1;0;2264996;86400;16;35.7468000147492;9.96999931335449;0
optimal;10.0299997329712;1;45mb;8;SHUFFLE;true;0;0;1;2;1;0;2264996;86400;16;40.4119999730028;10.0199995040894;0
optimal;10.0699996948242;1;45mb;8;SHUFFLE;true;0;0;1;2;1;0;2264996;86400;16;35.7424999820068;9.9399995803833;0
optimal;10.0699996948242;1;45mb;8;SHUFFLE;true;0;0;1;2;1;0;2264996;86400;16;42.0173999737017;10.0099992752075;0
optimal;10.0299997329712;1;45mb;8;SHUFFLE;true;0;0;1;2;1;0;2264996;86400;16;31.010199978482;9.98999977111816;0
optimal;1.8799991607666;1;34mb;8;SHUFFLE;false;0;0;1;0;1;0;2264940;237;8;17.5504999933764;1.6899995803833;0
optimal;1.92999935150146;1;34mb;8;SHUFFLE;false;0;0;1;0;1;0;2264940;261;8;14.6659999736585;1.6899995803833;0
optimal;1.92999935150146;1;34mb;8;SHUFFLE;false;0;0;1;0;1;0;2264940;290;8;18.8080999650992;1.6899995803833;0
optimal;1.75;1;34mb;8;SHUFFLE;false;0;0;1;0;1;0;2264940;314;8;17.2757999971509;1.6899995803833;0
optimal;1.75;1;34mb;8;SHUFFLE;false;0;0;1;0;1;0;2264940;344;8;18.4342000284232;1.6899995803833;0
optimal;2.04999923706055;1;34mb;8;SHUFFLE;false;0;0;1;0;1;0;2264940;346;8;14.9912999477237;1.6899995803833;0
optimal;1.79999923706055;1;34mb;8;SHUFFLE;false;0;0;1;0;1;0;2264940;389;8;15.4715999960899;1.6899995803833;0
optimal;1.96999931335449;1;34mb;8;SHUFFLE;false;0;0;1;0;1;0;2264940;433;8;24.7716000303626;1.6899995803833;0
optimal;1.75;1;34mb;8;SHUFFLE;false;0;0;1;0;1;0;2264940;470;8;16.0574999754317;1.6899995803833;0
optimal;1.97999954223633;1;34mb;8;SHUFFLE;false;0;0;1;0;1;0;2264940;475;8;15.2869999874383;1.6899995803833;0
optimal;1.77999973297119;1;34mb;8;SHUFFLE;false;0;0;1;0;1;0;2264932;90;8;38.379600038752;1.67999935150146;0
optimal;1.73999977111816;1;34mb;8;SHUFFLE;false;0;0;1;0;1;0;2264932;96;8;20.8922000019811;1.67999935150146;0
optimal;2.20999908447266;1;42mb;8;SHUFFLE;false;0;0;1;1;1;0;5886;7;29;16.0729000344872;2.1899995803833;0
optimal;2.20999908447266;1;42mb;8;SHUFFLE;false;0;0;1;1;1;0;5886;7;29;19.4589999737218;2.1899995803833;0
optimal;2.20999908447266;1;42mb;8;SHUFFLE;false;0;0;1;1;1;0;5886;7;29;16.0076000029221;2.1899995803833;0
optimal;2.20999908447266;1;42mb;8;SHUFFLE;false;0;0;1;1;1;0;6400;10;30;16.5302000241354;2.1899995803833;0
optimal;2.20999908447266;1;42mb;8;SHUFFLE;false;0;0;1;1;1;0;5886;7;29;20.947500015609;2.1899995803833;0
optimal;2.20999908447266;1;42mb;8;SHUFFLE;false;0;0;1;1;1;0;6400;10;30;22.7433999534696;2.1899995803833;0
optimal;2.20999908447266;1;42mb;8;SHUFFLE;false;0;0;1;1;1;0;5886;7;29;21.9214000389911;2.1899995803833;0
optimal;0.0769920349121094;1;36mb;8;SHUFFLE;false;0;0;1;0;1;0;5878;7;21;18.6374000040814;0.0535545349121094;0
optimal;0.0691795349121094;1;36mb;8;SHUFFLE;false;0;0;1;0;1;0;6392;10;22;15.7790000084788;0.0457420349121094;0
optimal;0.0691795349121094;1;36mb;8;SHUFFLE;false;0;0;1;0;1;0;6392;10;22;46.4376999880187;0.0457420349121094;0
optimal;0.0769920349121094;1;36mb;8;SHUFFLE;false;0;0;1;0;1;0;5878;7;21;15.3462999733165;0.0535545349121094;0
optimal;0.0769920349121094;1;36mb;8;SHUFFLE;false;0;0;1;0;1;0;5878;7;21;17.3450000002049;0.0535545349121094;0
optimal;0.0769920349121094;1;36mb;8;SHUFFLE;false;0;0;1;0;1;0;5878;7;21;16.1311000119895;0.0535545349121094;0
optimal;0.0769920349121094;1;36mb;8;SHUFFLE;false;0;0;1;0;1;0;5878;7;21;19.618000020273;0.0535545349121094;0
optimal;2.21999931335449;1;42mb;8;SHUFFLE;false;0;0;1;1;1;0;5894;7;33;19.7119999793358;2.1899995803833;0
optimal;2.21999931335449;1;42mb;8;SHUFFLE;false;0;0;1;1;1;0;6406;10;33;17.4234999576584;2.1899995803833;0
optimal;2.21999931335449;1;42mb;8;SHUFFLE;false;0;0;1;1;1;0;5894;7;33;15.387199993711;2.1899995803833;0
optimal;2.21999931335449;1;42mb;8;SHUFFLE;false;0;0;1;1;1;0;5894;7;33;18.0936999968253;2.1899995803833;0
optimal;2.21999931335449;1;42mb;8;SHUFFLE;false;0;0;1;1;1;0;5894;7;33;16.2884999881499;2.1899995803833;0
optimal;0.0808982849121094;1;36mb;8;SHUFFLE;false;0;0;1;0;1;0;5886;7;25;19.0592000144534;0.0574798583984375;0
optimal;0.0808982849121094;1;36mb;8;SHUFFLE;false;0;0;1;0;1;0;5886;7;25;21.0729999816976;0.0574798583984375;0
optimal;0.0730857849121094;1;36mb;8;SHUFFLE;false;0;0;1;0;1;0;6398;10;25;26.0602999478579;0.0496673583984375;0
optimal;0.0808982849121094;1;36mb;8;SHUFFLE;false;0;0;1;0;1;0;5886;7;25;15.9600999904796;0.0574798583984375;0
optimal;0.0808982849121094;1;36mb;8;SHUFFLE;false;0;0;1;0;1;0;5886;7;25;15.1879999903031;0.0574798583984375;0
optimal;0.0808982849121094;1;36mb;8;SHUFFLE;false;0;0;1;0;1;0;5886;7;25;14.8220999981277;0.0574798583984375;0
optimal;0.0808982849121094;1;36mb;8;SHUFFLE;false;0;0;1;0;1;0;5886;7;25;15.1525000110269;0.0574798583984375;0
optimal;2.21999931335449;1;42mb;8;SHUFFLE;false;0;0;1;1;1;0;5902;7;37;21.5696999803185;2.1899995803833;0
optimal;2.21999931335449;1;42mb;8;SHUFFLE;false;0;0;1;1;1;0;5902;7;37;31.8144000484608;2.1899995803833;0
optimal;2.21999931335449;1;42mb;8;SHUFFLE;false;0;0;1;1;1;0;6408;10;34;16.73919998575;2.1899995803833;0
optimal;2.21999931335449;1;42mb;8;SHUFFLE;false;0;0;1;1;1;0;5902;7;37;15.2638999861665;2.1899995803833;0
optimal;2.21999931335449;1;42mb;8;SHUFFLE;false;0;0;1;1;1;0;6408;10;34;18.1035000132397;2.1899995803833;0
optimal;0.0808982849121094;1;36mb;8;SHUFFLE;false;0;0;1;0;1;0;5894;7;29;57.9558999743313;0.0574798583984375;0
optimal;0.0808982849121094;1;36mb;8;SHUFFLE;false;0;0;1;0;1;0;5894;7;29;19.6188999689184;0.0574798583984375;0
optimal;0.0808982849121094;1;36mb;8;SHUFFLE;false;0;0;1;0;1;0;5894;7;29;14.6182999596931;0.0574798583984375;0
optimal;0.0808982849121094;1;36mb;8;SHUFFLE;false;0;0;1;0;1;0;5894;7;29;19.9001000146382;0.0574798583984375;0
optimal;13.4099998474121;1;49mb;8;SHUFFLE;true;5;4;2;2;2;0;231007776;1440000;24;219.009699998423;12.4599990844727;0
optimal;12.5899991989136;1;48mb;8;SHUFFLE;true;5;4;2;0;2;0;231007736;1440000;24;22.0752999885008;12.5999994277954;0
optimal;2.1899995803833;1;42mb;8;SHUFFLE;false;0;0;1;1;1;0;5852;7;12;16.7310999822803;2.16999912261963;0
optimal;0.0728416442871094;1;36mb;8;SHUFFLE;false;0;0;1;0;1;0;6356;10;4;16.5943999891169;0.0533199310302734;0
optimal;0.0806541442871094;1;36mb;8;SHUFFLE;false;0;0;1;0;1;0;5844;7;4;16.7492000036873;0.0640525817871094;0
optimal;0.0806541442871094;1;36mb;8;SHUFFLE;false;0;0;1;0;1;0;5844;7;4;15.1673999498598;0.0640525817871094;0
optimal;0.0806541442871094;1;36mb;8;SHUFFLE;false;0;0;1;0;1;0;5844;7;4;16.3330000359565;0.0640525817871094;0
optimal;0.0650386810302734;1;36mb;8;SHUFFLE;false;0;0;1;0;1;0;6356;10;4;23.6395000247285;0.0533199310302734;0
optimal;0.0806541442871094;1;36mb;8;SHUFFLE;false;0;0;1;0;1;0;5844;7;4;14.4311999902129;0.0640525817871094;0
optimal;0.0806541442871094;1;36mb;8;SHUFFLE;false;0;0;1;0;1;0;5844;7;4;15.3957000002265;0.0563859939575195;0
optimal;0.0806541442871094;1;36mb;8;SHUFFLE;false;0;0;1;0;1;0;5844;7;4;14.9817999918014;0.0640525817871094;0
optimal;0.0806541442871094;1;36mb;8;SHUFFLE;false;0;0;1;0;1;0;5844;7;4;14.8702000151388;0.0640525817871094;0
optimal;0.0806541442871094;1;36mb;8;SHUFFLE;false;0;0;1;0;1;0;5844;7;4;15.1835999567993;0.0640525817871094;0
optimal;0.0806541442871094;1;36mb;8;SHUFFLE;false;0;0;1;0;1;0;5844;7;4;14.9097999674268;0.0640525817871094;0
optimal;0.0806541442871094;1;36mb;8;SHUFFLE;false;0;0;1;0;1;0;5844;7;4;15.1184999849647;0.0640525817871094;0
optimal;0.0806541442871094;1;36mb;8;SHUFFLE;false;0;0;1;0;1;0;5844;7;4;65.1792999706231;0.0640525817871094;0
optimal;0.0478515625;1;36mb;8;SHUFFLE;false;0;0;1;0;1;0;5840;7;4;19.0042000031099;0.0283203125;0
optimal;2.21999931335449;1;42mb;8;SHUFFLE;false;0;0;1;1;1;0;5872;7;22;14.9812999879941;2.1899995803833;0
optimal;2.21999931335449;1;42mb;8;SHUFFLE;false;0;0;1;1;1;0;5872;7;22;15.54260001285;2.1899995803833;0
optimal;2.21999931335449;1;42mb;8;SHUFFLE;false;0;0;1;1;1;0;5872;7;22;16.8987999786623;2.1899995803833;0
optimal;2.21999931335449;1;42mb;8;SHUFFLE;false;0;0;1;1;1;0;5872;7;22;19.7945999680087;2.1899995803833;0
optimal;2.21999931335449;1;42mb;8;SHUFFLE;false;0;0;1;1;1;0;5872;7;22;14.830100000836;2.1899995803833;0
optimal;0.0808982849121094;1;36mb;8;SHUFFLE;false;0;0;1;0;1;0;5864;7;14;19.0415999968536;0.0574798583984375;0
optimal;0.0808982849121094;1;36mb;8;SHUFFLE;false;0;0;1;0;1;0;5864;7;14;15.2494999929331;0.0574798583984375;0
optimal;0.0808982849121094;1;36mb;8;SHUFFLE;false;0;0;1;0;1;0;5864;7;14;21.2487000389956;0.0574798583984375;0
optimal;0.0808982849121094;1;36mb;8;SHUFFLE;false;0;0;1;0;1;0;5864;7;14;19.4260000134818;0.0574798583984375;0
optimal;0.0730857849121094;1;36mb;8;SHUFFLE;false;0;0;1;0;1;0;6376;10;14;20.680200017523;0.0496768951416016;0
optimal;0.0808982849121094;1;36mb;8;SHUFFLE;false;0;0;1;0;1;0;5864;7;14;18.0507000186481;0.0574798583984375;0
optimal;0.0808982849121094;1;36mb;8;SHUFFLE;false;0;0;1;0;1;0;5864;7;14;15.3210000135005;0.0574798583984375;0
network_congestion;342;2;476mb;8;SHUFFLE;false;10;4;3;0;3;0;1045772438;14400000;46;615.535799995996;355.709999084473;0
optimal;2.20999908447266;1;42mb;8;SHUFFLE;false;0;0;1;1;1;0;5888;7;30;27.0772000076249;2.1899995803833;0
optimal;2.20999908447266;1;42mb;8;SHUFFLE;false;0;0;1;1;1;0;5888;7;30;15.7544999965467;2.1899995803833;0
optimal;2.20999908447266;1;42mb;8;SHUFFLE;false;0;0;1;1;1;0;5888;7;30;16.3474999717437;2.1899995803833;0
optimal;2.20999908447266;1;42mb;8;SHUFFLE;false;0;0;1;1;1;0;5888;7;30;16.6388999787159;2.1899995803833;0
optimal;0.0769920349121094;1;36mb;8;SHUFFLE;false;0;0;1;0;1;0;5880;7;22;15.7558000064455;0.0535545349121094;0
optimal;0.0769920349121094;1;36mb;8;SHUFFLE;false;0;0;1;0;1;0;5880;7;22;26.6429000184871;0.0535545349121094;0
optimal;0.0769920349121094;1;36mb;8;SHUFFLE;false;0;0;1;0;1;0;5880;7;22;30.3824999718927;0.0535545349121094;0
optimal;0.0691795349121094;1;36mb;8;SHUFFLE;false;0;0;1;0;1;0;6390;10;21;21.3793000439182;0.0457420349121094;0
optimal;0.0769920349121094;1;36mb;8;SHUFFLE;false;0;0;1;0;1;0;5880;7;22;22.4857999710366;0.0535545349121094;0
optimal;0.0691795349121094;1;36mb;8;SHUFFLE;false;0;0;1;0;1;0;6390;10;21;17.5601000082679;0.0457420349121094;0
optimal;0.0769920349121094;1;36mb;8;SHUFFLE;false;0;0;1;0;1;0;5880;7;22;15.2395999757573;0.0535545349121094;0
optimal;0.0691795349121094;1;36mb;8;SHUFFLE;false;0;0;1;0;1;0;6390;10;21;18.4067999944091;0.0457420349121094;0
optimal;0.0769920349121094;1;36mb;8;SHUFFLE;false;0;0;1;0;1;0;5880;7;22;16.978100000415;0.0535545349121094;0
optimal;0.0769920349121094;1;36mb;8;SHUFFLE;false;0;0;1;0;1;0;5880;7;22;19.2437000223435;0.0535545349121094;0
optimal;2.20999908447266;1;42mb;8;SHUFFLE;false;0;0;1;1;1;0;5874;7;23;19.2478999961168;2.1899995803833;0
optimal;2.20999908447266;1;42mb;8;SHUFFLE;false;0;0;1;1;1;0;6386;10;23;23.3755999943241;2.1899995803833;0
optimal;2.20999908447266;1;42mb;8;SHUFFLE;false;0;0;1;1;1;0;6386;10;23;27.0948000252247;2.1899995803833;0
optimal;2.20999908447266;1;42mb;8;SHUFFLE;false;0;0;1;1;1;0;5874;7;23;15.4501000070013;2.1899995803833;0
optimal;2.20999908447266;1;42mb;8;SHUFFLE;false;0;0;1;1;1;0;5874;7;23;15.6754999770783;2.1899995803833;0
optimal;2.20999908447266;1;42mb;8;SHUFFLE;false;0;0;1;1;1;0;5874;7;23;20.4468999872915;2.1899995803833;0
optimal;0.0769920349121094;1;36mb;8;SHUFFLE;false;0;0;1;0;1;0;5866;7;15;15.7974999747239;0.0535545349121094;0
optimal;0.0769920349121094;1;36mb;8;SHUFFLE;false;0;0;1;0;1;0;5866;7;15;18.7019999721088;0.0535545349121094;0
optimal;0.0769920349121094;1;36mb;8;SHUFFLE;false;0;0;1;0;1;0;5866;7;15;16.3033000426367;0.0535545349121094;0
optimal;0.0769920349121094;1;36mb;8;SHUFFLE;false;0;0;1;0;1;0;5866;7;15;14.9692000122741;0.0535545349121094;0
optimal;0.0595703125;1;36mb;8;SHUFFLE;false;0;0;1;0;1;0;5851;7;15;15.3344999998808;0.0361328125;0
optimal;2.20999908447266;1;42mb;8;SHUFFLE;false;0;0;1;1;1;0;5878;7;25;14.9712000275031;2.1899995803833;0
optimal;2.20999908447266;1;42mb;8;SHUFFLE;false;0;0;1;1;1;0;6388;10;24;23.9939999883063;2.1899995803833;0
optimal;2.20999908447266;1;42mb;8;SHUFFLE;false;0;0;1;1;1;0;5878;7;25;17.1198999742046;2.1899995803833;0
optimal;2.20999908447266;1;42mb;8;SHUFFLE;false;0;0;1;1;1;0;5878;7;25;16.9417999568395;2.1899995803833;0
optimal;2.20999908447266;1;42mb;8;SHUFFLE;false;0;0;1;1;1;0;6388;10;24;17.4356999923475;2.1899995803833;0
optimal;2.20999908447266;1;42mb;8;SHUFFLE;false;0;0;1;1;1;0;5878;7;25;15.4248000471853;2.1899995803833;0
optimal;2.20999908447266;1;42mb;8;SHUFFLE;false;0;0;1;1;1;0;5878;7;25;15.816500002984;2.1899995803833;0
optimal;0.0769920349121094;1;36mb;8;SHUFFLE;false;0;0;1;0;1;0;5870;7;17;14.984600013122;0.0535545349121094;0
optimal;0.0769920349121094;1;36mb;8;SHUFFLE;false;0;0;1;0;1;0;5870;7;17;19.1733000101522;0.0535545349121094;0
optimal;0.0691795349121094;1;36mb;8;SHUFFLE;false;0;0;1;0;1;0;6380;10;16;21.0132999927737;0.0457420349121094;0
optimal;0.0691795349121094;1;36mb;8;SHUFFLE;false;0;0;1;0;1;0;6380;10;16;19.2729000118561;0.0457420349121094;0
network_congestion;344.879999160767;2;480mb;8;SHUFFLE;false;10;0;3;0;3;0;2466215528;133110000;60;722.008900018409;360.889999389648;0
optimal;2.20999908447266;1;42mb;8;SHUFFLE;false;0;0;1;1;1;0;5884;7;28;16.0782000166364;2.1899995803833;0
optimal;2.20999908447266;1;42mb;8;SHUFFLE;false;0;0;1;1;1;0;5884;7;28;15.0117999874055;2.1899995803833;0
optimal;2.20999908447266;1;42mb;8;SHUFFLE;false;0;0;1;1;1;0;5884;7;28;15.9718000213616;2.1899995803833;0
optimal;2.20999908447266;1;42mb;8;SHUFFLE;false;0;0;1;1;1;0;5884;7;28;15.7064000377432;2.1899995803833;0
optimal;2.20999908447266;1;42mb;8;SHUFFLE;false;0;0;1;1;1;0;6396;10;28;19.517500011716;2.1899995803833;0
optimal;2.20999908447266;1;42mb;8;SHUFFLE;false;0;0;1;1;1;0;5884;7;28;15.8205999759957;2.1899995803833;0
optimal;2.20999908447266;1;42mb;8;SHUFFLE;false;0;0;1;1;1;0;5884;7;28;18.9535999670625;2.1899995803833;0
optimal;2.20999908447266;1;42mb;8;SHUFFLE;false;0;0;1;1;1;0;5884;7;28;18.9837000216357;2.1899995803833;0
optimal;0.0769920349121094;1;36mb;8;SHUFFLE;false;0;0;1;0;1;0;5876;7;20;15.5770999845117;0.0535545349121094;0
optimal;0.0613670349121094;1;36mb;8;SHUFFLE;false;0;0;1;0;1;0;6388;10;20;19.4699999992736;0.0457420349121094;0
optimal;0.0769920349121094;1;36mb;8;SHUFFLE;false;0;0;1;0;1;0;5876;7;20;15.9833999932744;0.0535545349121094;0
optimal;0.0769920349121094;1;36mb;8;SHUFFLE;false;0;0;1;0;1;0;5876;7;20;23.9372999640182;0.0535545349121094;0
optimal;0.0769920349121094;1;36mb;8;SHUFFLE;false;0;0;1;0;1;0;5876;7;20;24.8632999719121;0.0535545349121094;0
optimal;0.0769920349121094;1;36mb;8;SHUFFLE;false;0;0;1;0;1;0;5876;7;20;18.067000026349;0.0535545349121094;0
optimal;0.0691795349121094;1;36mb;8;SHUFFLE;false;0;0;1;0;1;0;6388;10;20;19.5920999976806;0.0457420349121094;0
optimal;0.0595703125;1;36mb;8;SHUFFLE;false;0;0;1;0;1;0;5856;7;20;15.1172999758273;0.0361328125;0
optimal;2.20999908447266;1;42mb;8;SHUFFLE;false;0;0;1;1;1;0;5900;7;36;17.047300003469;2.1899995803833;0
optimal;2.20999908447266;1;42mb;8;SHUFFLE;false;0;0;1;1;1;0;6412;10;36;18.4310000040568;2.1899995803833;0
optimal;2.20999908447266;1;42mb;8;SHUFFLE;false;0;0;1;1;1;0;5900;7;36;16.12440001918;2.1899995803833;0
optimal;2.20999908447266;1;42mb;8;SHUFFLE;false;0;0;1;1;1;0;5900;7;36;15.8915999927558;2.1899995803833;0
optimal;2.20999908447266;1;42mb;8;SHUFFLE;false;0;0;1;1;1;0;5900;7;36;14.7406000178307;2.1899995803833;0
optimal;2.20999908447266;1;42mb;8;SHUFFLE;false;0;0;1;1;1;0;5900;7;36;14.4612999865785;2.1899995803833;0
optimal;2.20999908447266;1;42mb;8;SHUFFLE;false;0;0;1;1;1;0;5900;7;36;119.995200017001;2.1899995803833;0
optimal;2.20999908447266;1;42mb;8;SHUFFLE;false;0;0;1;1;1;0;5900;7;36;16.6100999922492;2.1899995803833;0
optimal;2.20999908447266;1;42mb;8;SHUFFLE;false;0;0;1;1;1;0;5900;7;36;20.1455000205897;2.1899995803833;0
optimal;2.20999908447266;1;42mb;8;SHUFFLE;false;0;0;1;1;1;0;5900;7;36;15.4144000262022;2.1899995803833;0
optimal;0.0769920349121094;1;36mb;8;SHUFFLE;false;0;0;1;0;1;0;5892;7;28;15.9992999979295;0.0535545349121094;0
optimal;0.0769920349121094;1;36mb;8;SHUFFLE;false;0;0;1;0;1;0;5892;7;28;18.7719999812543;0.0535545349121094;0
optimal;0.0769920349121094;1;36mb;8;SHUFFLE;false;0;0;1;0;1;0;5892;7;28;15.5423000105657;0.0535545349121094;0
optimal;0.0769920349121094;1;36mb;8;SHUFFLE;false;0;0;1;0;1;0;5892;7;28;14.8549000150524;0.0535545349121094;0
optimal;14.2199993133545;1;50mb;8;SHUFFLE;true;5;0;2;0;2;0;231007879;1440000;51;39.5716999773867;13.1899995803833;0
optimal;2.20999908447266;1;42mb;8;SHUFFLE;false;0;0;1;1;1;0;5900;7;36;16.248700034339;2.1899995803833;0
optimal;2.20999908447266;1;42mb;8;SHUFFLE;false;0;0;1;1;1;0;6410;10;35;30.7526999968104;2.1899995803833;0
optimal;2.20999908447266;1;42mb;8;SHUFFLE;false;0;0;1;1;1;0;5900;7;36;15.1706999749877;2.1899995803833;0
optimal;2.20999908447266;1;42mb;8;SHUFFLE;false;0;0;1;1;1;0;5900;7;36;15.4495000024326;2.1899995803833;0
optimal;2.20999908447266;1;42mb;8;SHUFFLE;false;0;0;1;1;1;0;5900;7;36;15.4677000246011;2.1899995803833;0
optimal;2.20999908447266;1;42mb;8;SHUFFLE;false;0;0;1;1;1;0;5900;7;36;57.3120999615639;2.1899995803833;0
optimal;2.20999908447266;1;42mb;8;SHUFFLE;false;0;0;1;1;1;0;5900;7;36;19.624600012321;2.1899995803833;0
optimal;0.0769920349121094;1;36mb;8;SHUFFLE;false;0;0;1;0;1;0;5892;7;28;17.9314999841154;0.0535545349121094;0
optimal;0.0769920349121094;1;36mb;8;SHUFFLE;false;0;0;1;0;1;0;5892;7;28;15.9659000346437;0.0535545349121094;0
optimal;0.0691795349121094;1;36mb;8;SHUFFLE;false;0;0;1;0;1;0;6402;10;27;21.5502000064589;0.0457420349121094;0
optimal;0.0769920349121094;1;36mb;8;SHUFFLE;false;0;0;1;0;1;0;5892;7;28;15.4941999935545;0.0535545349121094;0
optimal;0.0769920349121094;1;36mb;8;SHUFFLE;false;0;0;1;0;1;0;5892;7;28;17.4420999828726;0.0535545349121094;0
optimal;0.0691795349121094;1;36mb;8;SHUFFLE;false;0;0;1;0;1;0;6402;10;27;17.7043000003323;0.0457420349121094;0
optimal;12.5899991989136;1;48mb;8;SHUFFLE;true;5;4;2;0;2;0;231007716;1440000;20;33.4798999829218;12.5999994277954;0
optimal;2.19999980926514;1;42mb;8;SHUFFLE;false;0;0;1;1;1;0;5860;7;16;17.1789000160061;2.17999935150146;0
optimal;2.19999980926514;1;42mb;8;SHUFFLE;false;0;0;1;1;1;0;5860;7;16;18.5716000269167;2.17999935150146;0
optimal;2.19999980926514;1;42mb;8;SHUFFLE;false;0;0;1;1;1;0;6372;10;16;17.4913000082597;2.17999935150146;0
optimal;2.19999980926514;1;42mb;8;SHUFFLE;false;0;0;1;1;1;0;5860;7;16;15.3516000136733;2.17999935150146;0
optimal;0.0734567642211914;1;36mb;8;SHUFFLE;false;0;0;1;0;1;0;5852;7;8;15.3385999728926;0.0539255142211914;0
optimal;0.0734567642211914;1;36mb;8;SHUFFLE;false;0;0;1;0;1;0;5852;7;8;14.701200008858;0.0539255142211914;0
optimal;0.0734567642211914;1;36mb;8;SHUFFLE;false;0;0;1;0;1;0;5852;7;8;15.9476000117138;0.0539255142211914;0
optimal;0.0656442642211914;1;36mb;8;SHUFFLE;false;0;0;1;0;1;0;6364;10;8;15.932000009343;0.0461130142211914;0
optimal;0.0734567642211914;1;36mb;8;SHUFFLE;false;0;0;1;0;1;0;5852;7;8;16.2206000532024;0.0539255142211914;0
optimal;0.0734567642211914;1;36mb;8;SHUFFLE;false;0;0;1;0;1;0;5852;7;8;16.7035000049509;0.0539255142211914;0
optimal;0.0656442642211914;1;36mb;8;SHUFFLE;false;0;0;1;0;1;0;6364;10;8;22.8654000093229;0.0461130142211914;0
optimal;0.0734567642211914;1;36mb;8;SHUFFLE;false;0;0;1;0;1;0;5852;7;8;14.780499972403;0.0539255142211914;0
optimal;0.0734567642211914;1;36mb;8;SHUFFLE;false;0;0;1;0;1;0;5852;7;8;15.3773000347428;0.0539255142211914;0
optimal;0.0734567642211914;1;36mb;8;SHUFFLE;false;0;0;1;0;1;0;5852;7;8;15.462999988813;0.0539255142211914;0
optimal;0.0734567642211914;1;36mb;8;SHUFFLE;false;0;0;1;0;1;0;5852;7;8;19.6892999811098;0.0539255142211914;0
optimal;0.0517578125;1;36mb;8;SHUFFLE;false;0;0;1;0;1;0;5844;7;8;15.3389999759383;0.0322265625;0
network_congestion;194.099999427795;2;284mb;8;SHUFFLE;false;10;0;3;2;3;0;346414290;2160000;48;613.27989998972;194.969999313354;0
optimal;2.19999980926514;1;42mb;8;SHUFFLE;false;0;0;1;1;1;0;5860;7;16;18.5789000242949;2.17999935150146;0
optimal;2.19999980926514;1;42mb;8;SHUFFLE;false;0;0;1;1;1;0;6372;10;16;17.5927000236697;2.17999935150146;0
optimal;2.19999980926514;1;42mb;8;SHUFFLE;false;0;0;1;1;1;0;5860;7;16;20.0185000430793;2.17999935150146;0
optimal;2.19999980926514;1;42mb;8;SHUFFLE;false;0;0;1;1;1;0;5860;7;16;16.9947000104003;2.17999935150146;0
optimal;2.19999980926514;1;42mb;8;SHUFFLE;false;0;0;1;1;1;0;6372;10;16;19.6435000398196;2.17999935150146;0
optimal;2.19999980926514;1;42mb;8;SHUFFLE;false;0;0;1;1;1;0;6372;10;16;20.3013999853283;2.17999935150146;0
optimal;0.0656442642211914;1;36mb;8;SHUFFLE;false;0;0;1;0;1;0;6364;10;8;23.8099999842234;0.0461130142211914;0
optimal;0.0734567642211914;1;36mb;8;SHUFFLE;false;0;0;1;0;1;0;5852;7;8;18.1840999866836;0.0539255142211914;0
optimal;0.0734567642211914;1;36mb;8;SHUFFLE;false;0;0;1;0;1;0;5852;7;8;15.1619999669492;0.0539255142211914;0
optimal;0.0734567642211914;1;36mb;8;SHUFFLE;false;0;0;1;0;1;0;5852;7;8;19.4201999693178;0.0539255142211914;0
optimal;0.0734567642211914;1;36mb;8;SHUFFLE;false;0;0;1;0;1;0;5852;7;8;18.5849999543279;0.0539255142211914;0
optimal;0.0734567642211914;1;36mb;8;SHUFFLE;false;0;0;1;0;1;0;5852;7;8;15.527400013525;0.0539255142211914;0
optimal;0.0734567642211914;1;36mb;8;SHUFFLE;false;0;0;1;0;1;0;5852;7;8;16.3213999476284;0.0539255142211914;0
optimal;0.0734567642211914;1;36mb;8;SHUFFLE;false;0;0;1;0;1;0;5852;7;8;18.393800011836;0.0539255142211914;0
optimal;21.2399997711182;1;59mb;8;SHUFFLE;true;5;0;2;0;2;0;231007829;1440000;41;20.0993999605998;4.23999977111816;0
optimal;2.20999908447266;1;42mb;8;SHUFFLE;false;0;0;1;1;1;0;6390;10;25;20.8271999727003;2.1899995803833;0
optimal;2.20999908447266;1;42mb;8;SHUFFLE;false;0;0;1;1;1;0;5878;7;25;16.1770999548025;2.1899995803833;0
optimal;0.0691795349121094;1;36mb;8;SHUFFLE;false;0;0;1;0;1;0;6382;10;17;23.760600015521;0.0457420349121094;0
optimal;0.0691795349121094;1;36mb;8;SHUFFLE;false;0;0;1;0;1;0;6382;10;17;21.9713000115007;0.0457420349121094;0
optimal;0.0769920349121094;1;36mb;8;SHUFFLE;false;0;0;1;0;1;0;5870;7;17;17.9619999835268;0.0535545349121094;0
optimal;4.31999969482422;1;37mb;8;SHUFFLE;false;0;0;1;2;1;0;11642;122;16;15.466800017748;4.31999969482422;0
optimal;4.31999969482422;1;37mb;8;SHUFFLE;false;0;0;1;2;1;0;11642;122;16;15.5649000080302;4.31999969482422;0
optimal;4.31999969482422;1;37mb;8;SHUFFLE;false;0;0;1;2;1;0;11642;122;16;23.7626999733038;4.31999969482422;0
optimal;4.31999969482422;1;37mb;8;SHUFFLE;false;0;0;1;2;1;0;11642;122;16;15.2804999961518;4.31999969482422;0
optimal;4.31999969482422;1;37mb;8;SHUFFLE;false;0;0;1;2;1;0;14960;200;16;19.6228999993764;4.31999969482422;0
optimal;4.31999969482422;1;37mb;8;SHUFFLE;false;0;0;1;2;1;0;14960;200;16;26.6514999675564;4.31999969482422;0
optimal;4.31999969482422;1;37mb;8;SHUFFLE;false;0;0;1;2;1;0;11642;122;16;16.2625000230037;4.31999969482422;0
optimal;0.0656442642211914;1;36mb;8;SHUFFLE;false;0;0;1;0;1;0;11586;122;8;24.3090999429114;0.0461130142211914;0
optimal;0.0656442642211914;1;36mb;8;SHUFFLE;false;0;0;1;0;1;0;11586;122;8;18.3259000186808;0.0461130142211914;0
optimal;0.0656442642211914;1;36mb;8;SHUFFLE;false;0;0;1;0;1;0;11586;122;8;15.6706999987364;0.0461130142211914;0
optimal;0.0656442642211914;1;36mb;8;SHUFFLE;false;0;0;1;0;1;0;11586;122;8;15.1412999839522;0.0461130142211914;0
optimal;0.0656442642211914;1;36mb;8;SHUFFLE;false;0;0;1;0;1;0;11586;122;8;17.4524000030942;0.0461130142211914;0
optimal;0.0517578125;1;36mb;8;SHUFFLE;false;0;0;1;0;1;0;11578;79;8;19.3055999698117;0.0322265625;0
optimal;4.06999969482422;1;37mb;8;SHUFFLE;false;0;0;1;2;1;0;11667;122;21;15.2920000255108;4.04999923706055;0
optimal;4.22999954223633;1;37mb;8;SHUFFLE;false;0;0;1;2;1;0;14985;200;21;20.4622999881394;4.22999954223633;0
optimal;4.22999954223633;1;37mb;8;SHUFFLE;false;0;0;1;2;1;0;14985;200;21;18.5695000109263;4.22999954223633;0
optimal;4.06999969482422;1;37mb;8;SHUFFLE;false;0;0;1;2;1;0;11667;122;21;21.5949999983422;4.21999931335449;0
optimal;4.06999969482422;1;37mb;8;SHUFFLE;false;0;0;1;2;1;0;11667;122;21;18.6914000078104;4.21999931335449;0
optimal;4.22999954223633;1;37mb;8;SHUFFLE;false;0;0;1;2;1;0;14985;200;21;21.4078999706544;4.22999954223633;0
optimal;4.06999969482422;1;37mb;8;SHUFFLE;false;0;0;1;2;1;0;11667;122;21;15.407899976708;4.04999923706055;0
optimal;4.06999969482422;1;37mb;8;SHUFFLE;false;0;0;1;2;1;0;11667;122;21;15.1851000264287;4.04999923706055;0
optimal;4.06999969482422;1;37mb;8;SHUFFLE;false;0;0;1;2;1;0;11667;122;21;17.3996000085026;4.04999923706055;0
optimal;4.06999969482422;1;37mb;8;SHUFFLE;false;0;0;1;2;1;0;11667;122;21;23.1929000001401;4.04999923706055;0
optimal;0.0730857849121094;1;36mb;8;SHUFFLE;false;0;0;1;0;1;0;11596;122;13;15.6364999711514;0.0496768951416016;0
optimal;0.0730857849121094;1;36mb;8;SHUFFLE;false;0;0;1;0;1;0;14914;148;13;21.5768999769352;0.0496768951416016;0
optimal;0.0730857849121094;1;36mb;8;SHUFFLE;false;0;0;1;0;1;0;11596;122;13;20.3074000310153;0.0496768951416016;0
optimal;0.0730857849121094;1;36mb;8;SHUFFLE;false;0;0;1;0;1;0;14914;194;13;18.85150000453;0.0496768951416016;0
optimal;0.0730857849121094;1;36mb;8;SHUFFLE;false;0;0;1;0;1;0;11596;122;13;15.8321000053547;0.0496768951416016;0
optimal;0.0730857849121094;1;36mb;8;SHUFFLE;false;0;0;1;0;1;0;11596;122;13;14.8611000040546;0.0496768951416016;0
optimal;0.0730857849121094;1;36mb;8;SHUFFLE;false;0;0;1;0;1;0;11596;122;13;20.9897999884561;0.0496768951416016;0
optimal;0.0730857849121094;1;36mb;8;SHUFFLE;false;0;0;1;0;1;0;11596;122;13;16.1300000036135;0.0496768951416016;0
optimal;0.0634765625;1;36mb;8;SHUFFLE;false;0;0;1;0;1;0;11583;57;13;15.5827999697067;0.0400581359863281;0
optimal;4.31999969482422;1;37mb;8;SHUFFLE;false;0;0;1;2;1;0;11642;122;16;14.9296999443322;4.31999969482422;0
optimal;4.31999969482422;1;37mb;8;SHUFFLE;false;0;0;1;2;1;0;11642;122;16;17.5172000308521;4.31999969482422;0
optimal;4.31999969482422;1;37mb;8;SHUFFLE;false;0;0;1;2;1;0;14960;200;16;21.6590999625623;4.31999969482422;0
optimal;4.31999969482422;1;37mb;8;SHUFFLE;false;0;0;1;2;1;0;11642;122;16;19.4608999881893;4.31999969482422;0
optimal;4.31999969482422;1;37mb;8;SHUFFLE;false;0;0;1;2;1;0;11642;122;16;20.6621999968775;4.31999969482422;0
optimal;0.0656442642211914;1;36mb;8;SHUFFLE;false;0;0;1;0;1;0;11586;122;8;17.1395999495871;0.0461130142211914;0
optimal;0.0656442642211914;1;36mb;8;SHUFFLE;false;0;0;1;0;1;0;11586;122;8;14.8271999787539;0.0461130142211914;0
optimal;0.0656442642211914;1;36mb;8;SHUFFLE;false;0;0;1;0;1;0;11586;122;8;14.7381999995559;0.0461130142211914;0
optimal;0.0517578125;1;36mb;8;SHUFFLE;false;0;0;1;0;1;0;11578;72;8;17.5757000106387;0.0322265625;0
optimal;4.23999977111816;1;37mb;8;SHUFFLE;false;0;0;1;2;1;0;11642;122;16;16.322500014212;4.23999977111816;0
optimal;4.23999977111816;1;37mb;8;SHUFFLE;false;0;0;1;2;1;0;11642;122;16;27.5024999864399;4.23999977111816;0
optimal;4.23999977111816;1;37mb;8;SHUFFLE;false;0;0;1;2;1;0;14960;200;16;22.6578000001609;4.23999977111816;0
optimal;4.23999977111816;1;37mb;8;SHUFFLE;false;0;0;1;2;1;0;11642;122;16;17.3771000117995;4.23999977111816;0
optimal;4.23999977111816;1;37mb;8;SHUFFLE;false;0;0;1;2;1;0;11642;122;16;19.6727000293322;4.23999977111816;0
optimal;4.23999977111816;1;37mb;8;SHUFFLE;false;0;0;1;2;1;0;11642;122;16;46.6937000164762;4.23999977111816;0
optimal;0.0656442642211914;1;36mb;8;SHUFFLE;false;0;0;1;0;1;0;11586;122;8;16.2200999911875;0.0461807250976562;0
optimal;0.0656442642211914;1;36mb;8;SHUFFLE;false;0;0;1;0;1;0;11586;122;8;15.5109000043012;0.0461807250976562;0
optimal;0.0656442642211914;1;36mb;8;SHUFFLE;false;0;0;1;0;1;0;11586;122;8;20.3446999657899;0.0461807250976562;0
optimal;0.0656442642211914;1;36mb;8;SHUFFLE;false;0;0;1;0;1;0;11586;122;8;15.4642999987118;0.0461807250976562;0
optimal;0.0656442642211914;1;36mb;8;SHUFFLE;false;0;0;1;0;1;0;14904;200;8;18.2417999603786;0.0462493896484375;0
optimal;0.0656442642211914;1;36mb;8;SHUFFLE;false;0;0;1;0;1;0;14904;200;8;22.7926000370644;0.0462493896484375;0
optimal;0.0517578125;1;36mb;8;SHUFFLE;false;0;0;1;0;1;0;11578;76;8;15.0055999984033;0.0322942733764648;0
network_congestion;126.299999237061;4;245mb;8;BROADCAST;false;10;4;3;2;3;0;1535864458;942250000;44;76087.6515000127;183.049999237061;0
optimal;4.30999946594238;1;37mb;8;SHUFFLE;false;0;0;1;2;1;0;11642;122;16;20.1951999915764;4.30999946594238;0
optimal;4.30999946594238;1;37mb;8;SHUFFLE;false;0;0;1;2;1;0;11642;122;16;15.8206000342034;4.30999946594238;0
optimal;4.30999946594238;1;37mb;8;SHUFFLE;false;0;0;1;2;1;0;11642;122;16;14.7030000225641;4.30999946594238;0
optimal;4.30999946594238;1;37mb;8;SHUFFLE;false;0;0;1;2;1;0;11642;122;16;15.1393999694847;4.30999946594238;0
optimal;4.30999946594238;1;37mb;8;SHUFFLE;false;0;0;1;2;1;0;14960;200;16;23.2192000257783;4.30999946594238;0
optimal;4.30999946594238;1;37mb;8;SHUFFLE;false;0;0;1;2;1;0;11642;122;16;17.1723999665119;4.30999946594238;0
optimal;4.30999946594238;1;37mb;8;SHUFFLE;false;0;0;1;2;1;0;11642;122;16;14.5737000275403;4.30999946594238;0
optimal;4.30999946594238;1;37mb;8;SHUFFLE;false;0;0;1;2;1;0;11642;122;16;15.3959000017494;4.30999946594238;0
optimal;4.30999946594238;1;37mb;8;SHUFFLE;false;0;0;1;2;1;0;11642;122;16;15.8686999930069;4.30999946594238;0
optimal;4.30999946594238;1;37mb;8;SHUFFLE;false;0;0;1;2;1;0;14960;200;16;20.1265999930911;4.30999946594238;0
optimal;0.0656442642211914;1;36mb;8;SHUFFLE;false;0;0;1;0;1;0;11586;122;8;20.1823000097647;0.0461130142211914;0
optimal;0.0656442642211914;1;36mb;8;SHUFFLE;false;0;0;1;0;1;0;11586;122;8;21.2466000230052;0.0461130142211914;0
optimal;0.0656442642211914;1;36mb;8;SHUFFLE;false;0;0;1;0;1;0;11586;122;8;14.5613999920897;0.0461130142211914;0
optimal;0.0656442642211914;1;36mb;8;SHUFFLE;false;0;0;1;0;1;0;11586;122;8;15.2992000221275;0.0461130142211914;0
optimal;0.0656442642211914;1;36mb;8;SHUFFLE;false;0;0;1;0;1;0;11586;122;8;15.9580999752507;0.0461130142211914;0
optimal;0.0656442642211914;1;36mb;8;SHUFFLE;false;0;0;1;0;1;0;11586;122;8;15.3584000072442;0.0461130142211914;0
optimal;0.0656442642211914;1;36mb;8;SHUFFLE;false;0;0;1;0;1;0;11586;122;8;16.5673000155948;0.0461130142211914;0
optimal;0.0656442642211914;1;36mb;8;SHUFFLE;false;0;0;1;0;1;0;11586;122;8;19.132699992042;0.0461130142211914;0
optimal;0.0656442642211914;1;36mb;8;SHUFFLE;false;0;0;1;0;1;0;11586;122;8;16.1314000142738;0.0461130142211914;0
optimal;0.0656442642211914;1;36mb;8;SHUFFLE;false;0;0;1;0;1;0;11586;122;8;15.8671000390314;0.0461130142211914;0
optimal;4.23999977111816;1;37mb;8;SHUFFLE;false;0;0;1;2;1;0;14960;200;16;18.6700000194833;4.23999977111816;0
optimal;4.23999977111816;1;37mb;8;SHUFFLE;false;0;0;1;2;1;0;11642;122;16;16.1610000068322;4.23999977111816;0
optimal;4.23999977111816;1;37mb;8;SHUFFLE;false;0;0;1;2;1;0;11642;122;16;15.8337999600917;4.23999977111816;0
optimal;4.23999977111816;1;37mb;8;SHUFFLE;false;0;0;1;2;1;0;14960;200;16;18.2328000082634;4.23999977111816;0
optimal;4.23999977111816;1;37mb;8;SHUFFLE;false;0;0;1;2;1;0;11642;122;16;20.4144999734126;4.23999977111816;0
optimal;4.23999977111816;1;37mb;8;SHUFFLE;false;0;0;1;2;1;0;11642;122;16;15.2486999868415;4.23999977111816;0
optimal;4.23999977111816;1;37mb;8;SHUFFLE;false;0;0;1;2;1;0;11642;122;16;18.2797000161372;4.23999977111816;0
optimal;4.23999977111816;1;37mb;8;SHUFFLE;false;0;0;1;2;1;0;11642;122;16;15.2174999821;4.23999977111816;0
optimal;4.23999977111816;1;37mb;8;SHUFFLE;false;0;0;1;2;1;0;11642;122;16;18.909300037194;4.23999977111816;0
optimal;4.23999977111816;1;37mb;8;SHUFFLE;false;0;0;1;2;1;0;11642;122;16;16.3729999912903;4.23999977111816;0
optimal;4.23999977111816;1;37mb;8;SHUFFLE;false;0;0;1;2;1;0;11642;122;16;15.6542000477202;4.23999977111816;0
optimal;0.0656442642211914;1;36mb;8;SHUFFLE;false;0;0;1;0;1;0;11586;122;8;14.4285999704152;0.0461616516113281;0
optimal;0.0656442642211914;1;36mb;8;SHUFFLE;false;0;0;1;0;1;0;11586;122;8;59.780600015074;0.0461616516113281;0
optimal;0.0656442642211914;1;36mb;8;SHUFFLE;false;0;0;1;0;1;0;11586;122;8;15.4373000259511;0.0461616516113281;0
optimal;0.0656442642211914;1;36mb;8;SHUFFLE;false;0;0;1;0;1;0;11586;122;8;15.6905999756418;0.0461616516113281;0
optimal;0.0517578125;1;36mb;8;SHUFFLE;false;0;0;1;0;1;0;14896;82;8;17.5706999725662;0.0322751998901367;0
optimal;0.0517578125;1;36mb;8;SHUFFLE;false;0;0;1;0;1;0;14896;89;8;19.9825000017881;0.0322751998901367;0
optimal;4.23999977111816;1;37mb;8;SHUFFLE;false;0;0;1;2;1;0;14960;200;16;19.0073000267148;4.23999977111816;0
optimal;4.23999977111816;1;37mb;8;SHUFFLE;false;0;0;1;2;1;0;11642;122;16;17.508800025098;4.23999977111816;0
optimal;4.23999977111816;1;37mb;8;SHUFFLE;false;0;0;1;2;1;0;11642;122;16;15.2034999919124;4.23999977111816;0
optimal;4.23999977111816;1;37mb;8;SHUFFLE;false;0;0;1;2;1;0;11642;122;16;16.8224000371993;4.23999977111816;0
optimal;4.23999977111816;1;37mb;8;SHUFFLE;false;0;0;1;2;1;0;11642;122;16;30.2403999958187;4.23999977111816;0
optimal;4.23999977111816;1;37mb;8;SHUFFLE;false;0;0;1;2;1;0;14960;200;16;20.7381999935023;4.23999977111816;0
optimal;4.23999977111816;1;37mb;8;SHUFFLE;false;0;0;1;2;1;0;11642;122;16;21.7064999742433;4.23999977111816;0
optimal;4.23999977111816;1;37mb;8;SHUFFLE;false;0;0;1;2;1;0;11642;122;16;38.0426999763586;4.23999977111816;0
optimal;0.0656442642211914;1;36mb;8;SHUFFLE;false;0;0;1;0;1;0;11586;122;8;15.2436000062153;0.0462980270385742;0
optimal;0.0656442642211914;1;36mb;8;SHUFFLE;false;0;0;1;0;1;0;11586;122;8;14.8607000010088;0.0462980270385742;0
optimal;0.0656442642211914;1;36mb;8;SHUFFLE;false;0;0;1;0;1;0;11586;122;8;17.6619000267237;0.0462980270385742;0
optimal;0.0656442642211914;1;36mb;8;SHUFFLE;false;0;0;1;0;1;0;11586;122;8;22.4596000043675;0.0462980270385742;0
optimal;0.0656442642211914;1;36mb;8;SHUFFLE;false;0;0;1;0;1;0;14904;200;8;18.2224999880418;0.0462980270385742;0
optimal;0.0656442642211914;1;36mb;8;SHUFFLE;false;0;0;1;0;1;0;11586;122;8;15.1979000074789;0.0462980270385742;0
optimal;0.0656442642211914;1;36mb;8;SHUFFLE;false;0;0;1;0;1;0;11586;122;8;19.4668999756686;0.0462980270385742;0
optimal;0.0656442642211914;1;36mb;8;SHUFFLE;false;0;0;1;0;1;0;11586;122;8;24.8701000236906;0.0462980270385742;0
optimal;0.0656442642211914;1;36mb;8;SHUFFLE;false;0;0;1;0;1;0;11586;122;8;14.8014999576844;0.0462980270385742;0
optimal;0.0517578125;1;36mb;8;SHUFFLE;false;0;0;1;0;1;0;14896;99;8;24.3011999991722;0.0324115753173828;0
optimal;4.23999977111816;1;37mb;8;SHUFFLE;false;0;0;1;2;1;0;11622;122;12;18.0303999804892;4.23999977111816;0
optimal;4.23999977111816;1;37mb;8;SHUFFLE;false;0;0;1;2;1;0;11622;122;12;16.0650999750942;4.23999977111816;0
optimal;4.23999977111816;1;37mb;8;SHUFFLE;false;0;0;1;2;1;0;11622;122;12;15.0387999601662;4.23999977111816;0
optimal;0.0728416442871094;1;36mb;8;SHUFFLE;false;0;0;1;0;1;0;11578;122;4;18.6531000072137;0.0533294677734375;0
optimal;0.0728416442871094;1;36mb;8;SHUFFLE;false;0;0;1;0;1;0;11578;122;4;16.2097999709658;0.0533294677734375;0
optimal;0.0728416442871094;1;36mb;8;SHUFFLE;false;0;0;1;0;1;0;11578;122;4;14.8014000151306;0.0533294677734375;0
optimal;0.0728416442871094;1;36mb;8;SHUFFLE;false;0;0;1;0;1;0;11578;122;4;16.6697000386193;0.0533294677734375;0
optimal;0.0728416442871094;1;36mb;8;SHUFFLE;false;0;0;1;0;1;0;11578;122;4;15.5208999640308;0.0533294677734375;0
optimal;4.21999931335449;1;37mb;8;SHUFFLE;false;0;0;1;2;1;0;11622;122;12;16.2128999945708;4.21999931335449;0
optimal;4.21999931335449;1;37mb;8;SHUFFLE;false;0;0;1;2;1;0;11622;122;12;20.645400043577;4.21999931335449;0
optimal;4.21999931335449;1;37mb;8;SHUFFLE;false;0;0;1;2;1;0;11622;122;12;17.699200019706;4.21999931335449;0
optimal;0.0728416442871094;1;36mb;8;SHUFFLE;false;0;0;1;0;1;0;11578;122;4;18.9302999642678;0.0533294677734375;0
optimal;0.0728416442871094;1;36mb;8;SHUFFLE;false;0;0;1;0;1;0;14896;200;4;18.6997000128031;0.0533294677734375;0
optimal;0.0728416442871094;1;36mb;8;SHUFFLE;false;0;0;1;0;1;0;11578;122;4;15.4382999753579;0.0533294677734375;0
optimal;0.0728416442871094;1;36mb;8;SHUFFLE;false;0;0;1;0;1;0;11578;122;4;15.4001999762841;0.0533294677734375;0
optimal;0.0728416442871094;1;36mb;8;SHUFFLE;false;0;0;1;0;1;0;11578;122;4;14.8422000347637;0.0533294677734375;0
optimal;0.0728416442871094;1;36mb;8;SHUFFLE;false;0;0;1;0;1;0;11578;122;4;18.0334999458864;0.0533294677734375;0
optimal;4.21999931335449;1;37mb;8;SHUFFLE;false;0;0;1;2;1;0;11622;122;12;122.875200002454;4.21999931335449;0
optimal;4.21999931335449;1;37mb;8;SHUFFLE;false;0;0;1;2;1;0;11622;122;12;18.0551999947056;4.21999931335449;0
optimal;4.21999931335449;1;37mb;8;SHUFFLE;false;0;0;1;2;1;0;11622;122;12;17.9749000235461;4.21999931335449;0
optimal;4.21999931335449;1;37mb;8;SHUFFLE;false;0;0;1;2;1;0;11622;122;12;23.9699000376277;4.21999931335449;0
optimal;4.21999931335449;1;37mb;8;SHUFFLE;false;0;0;1;2;1;0;11622;122;12;18.1091999984346;4.21999931335449;0
optimal;4.21999931335449;1;37mb;8;SHUFFLE;false;0;0;1;2;1;0;11622;122;12;17.613900010474;4.21999931335449;0
optimal;4.21999931335449;1;37mb;8;SHUFFLE;false;0;0;1;2;1;0;14940;200;12;24.2645000107586;4.21999931335449;0
optimal;0.0728416442871094;1;36mb;8;SHUFFLE;false;0;0;1;0;1;0;11578;122;4;17.6689999643713;0.0533294677734375;0
optimal;0.0728416442871094;1;36mb;8;SHUFFLE;false;0;0;1;0;1;0;14896;200;4;20.5961000174284;0.0533294677734375;0
optimal;0.0728416442871094;1;36mb;8;SHUFFLE;false;0;0;1;0;1;0;11578;122;4;19.6503999759443;0.0533294677734375;0
optimal;0.0728416442871094;1;36mb;8;SHUFFLE;false;0;0;1;0;1;0;11578;122;4;18.6151000089012;0.0533294677734375;0
optimal;4.25999927520752;1;37mb;8;SHUFFLE;false;0;0;1;2;1;0;15010;200;26;16.9854999985546;4.25999927520752;0
optimal;4.25999927520752;1;37mb;8;SHUFFLE;false;0;0;1;2;1;0;11692;122;26;21.9440000364557;4.25999927520752;0
optimal;4.25999927520752;1;37mb;8;SHUFFLE;false;0;0;1;2;1;0;15010;200;26;16.6313999798149;4.25999927520752;0
optimal;4.25999927520752;1;37mb;8;SHUFFLE;false;0;0;1;2;1;0;11692;122;26;15.8329999540001;4.25999927520752;0
optimal;4.25999927520752;1;37mb;8;SHUFFLE;false;0;0;1;2;1;0;11692;122;26;19.947900029365;4.25999927520752;0
optimal;0.0730857849121094;1;36mb;8;SHUFFLE;false;0;0;1;0;1;0;11606;122;18;17.4138000002131;0.0497360229492188;0
optimal;0.0730857849121094;1;36mb;8;SHUFFLE;false;0;0;1;0;1;0;11606;122;18;17.0032000169158;0.0497360229492188;0
optimal;0.0730857849121094;1;36mb;8;SHUFFLE;false;0;0;1;0;1;0;11606;122;18;18.1842999882065;0.0497360229492188;0
optimal;0.0634765625;1;36mb;8;SHUFFLE;false;0;0;1;0;1;0;11588;51;18;18.8654999947175;0.0401163101196289;0
optimal;0.0634765625;1;36mb;8;SHUFFLE;false;0;0;1;0;1;0;11588;90;18;21.4359000092372;0.0401163101196289;0
optimal;4.06999969482422;1;37mb;8;SHUFFLE;false;0;0;1;2;1;0;11752;122;38;17.2390000079758;4.04999923706055;0
optimal;4.06999969482422;1;37mb;8;SHUFFLE;false;0;0;1;2;1;0;11752;122;38;21.3117999956012;4.04999923706055;0
optimal;4.06999969482422;1;37mb;8;SHUFFLE;false;0;0;1;2;1;0;11752;122;38;15.2195999980904;4.04999923706055;0
optimal;4.06999969482422;1;37mb;8;SHUFFLE;false;0;0;1;2;1;0;11752;122;38;18.2623000000603;4.04999923706055;0
optimal;4.06999969482422;1;37mb;8;SHUFFLE;false;0;0;1;2;1;0;11752;122;38;27.429299952928;4.04999923706055;0
optimal;4.06999969482422;1;37mb;8;SHUFFLE;false;0;0;1;2;1;0;11752;122;38;21.3280000025406;4.04999923706055;0
optimal;4.06999969482422;1;37mb;8;SHUFFLE;false;0;0;1;2;1;0;11752;122;38;19.4172000046819;4.04999923706055;0
optimal;4.06999969482422;1;37mb;8;SHUFFLE;false;0;0;1;2;1;0;11752;122;38;18.4953000280075;4.04999923706055;0
optimal;4.06999969482422;1;37mb;8;SHUFFLE;false;0;0;1;2;1;0;11752;122;38;21.4638999896124;4.04999923706055;0
optimal;4.06999969482422;1;37mb;8;SHUFFLE;false;0;0;1;2;1;0;11752;122;38;20.2124999486841;4.04999923706055;0
optimal;0.0730857849121094;1;36mb;8;SHUFFLE;false;0;0;1;0;1;0;11630;122;30;15.7752999803051;0.0496673583984375;0
optimal;0.0730857849121094;1;36mb;8;SHUFFLE;false;0;0;1;0;1;0;11630;122;30;16.6972000151873;0.0496673583984375;0
optimal;0.0730857849121094;1;36mb;8;SHUFFLE;false;0;0;1;0;1;0;11630;122;30;18.8210000051185;0.0496673583984375;0
optimal;0.0730857849121094;1;36mb;8;SHUFFLE;false;0;0;1;0;1;0;11630;122;30;23.8351000007242;0.0496673583984375;0
optimal;0.0652923583984375;1;36mb;8;SHUFFLE;false;0;0;1;0;1;0;11630;122;30;15.4099000501446;0.0496673583984375;0
optimal;0.0730857849121094;1;36mb;8;SHUFFLE;false;0;0;1;0;1;0;11630;122;30;15.5766999814659;0.0496673583984375;0
optimal;0.0730857849121094;1;36mb;8;SHUFFLE;false;0;0;1;0;1;0;11630;122;30;15.131400024984;0.0496673583984375;0
optimal;4.32999992370605;1;37mb;8;SHUFFLE;false;0;0;1;2;1;0;11742;122;36;17.8684999700636;4.32999992370605;0
optimal;4.32999992370605;1;37mb;8;SHUFFLE;false;0;0;1;2;1;0;11742;122;36;15.5641000019386;4.32999992370605;0
optimal;4.32999992370605;1;37mb;8;SHUFFLE;false;0;0;1;2;1;0;15060;200;36;20.8906999905594;4.32999992370605;0
optimal;4.32999992370605;1;37mb;8;SHUFFLE;false;0;0;1;2;1;0;11742;122;36;15.4059000196867;4.32999992370605;0
optimal;4.32999992370605;1;37mb;8;SHUFFLE;false;0;0;1;2;1;0;11742;122;36;36.8506999802776;4.32999992370605;0
optimal;4.32999992370605;1;37mb;8;SHUFFLE;false;0;0;1;2;1;0;11742;122;36;16.4027999853715;4.32999992370605;0
optimal;0.0691795349121094;1;36mb;8;SHUFFLE;false;0;0;1;0;1;0;14944;108;28;17.7808000007644;0.0457420349121094;0
optimal;0.0691795349121094;1;36mb;8;SHUFFLE;false;0;0;1;0;1;0;14944;159;28;18.957499996759;0.0457420349121094;0
optimal;0.0691795349121094;1;36mb;8;SHUFFLE;false;0;0;1;0;1;0;11626;122;28;32.0926999556832;0.0457420349121094;0
optimal;0.0691795349121094;1;36mb;8;SHUFFLE;false;0;0;1;0;1;0;11626;122;28;15.2057000086643;0.0457420349121094;0
optimal;0.0691795349121094;1;36mb;8;SHUFFLE;false;0;0;1;0;1;0;11626;122;28;22.0751999877393;0.0457420349121094;0
optimal;4.31999969482422;1;37mb;8;SHUFFLE;false;0;0;1;2;1;0;11642;122;16;15.827699971851;4.31999969482422;0
optimal;4.31999969482422;1;37mb;8;SHUFFLE;false;0;0;1;2;1;0;14960;200;16;33.0704000080004;4.31999969482422;0
optimal;4.31999969482422;1;37mb;8;SHUFFLE;false;0;0;1;2;1;0;11642;122;16;19.9740999960341;4.31999969482422;0
optimal;4.31999969482422;1;37mb;8;SHUFFLE;false;0;0;1;2;1;0;11642;122;16;15.8642000169493;4.31999969482422;0
optimal;0.0656442642211914;1;36mb;8;SHUFFLE;false;0;0;1;0;1;0;11586;122;8;15.9837999963202;0.0461130142211914;0
optimal;0.0656442642211914;1;36mb;8;SHUFFLE;false;0;0;1;0;1;0;14904;200;8;15.5990000348538;0.0461130142211914;0
optimal;0.0656442642211914;1;36mb;8;SHUFFLE;false;0;0;1;0;1;0;11586;122;8;14.9551999638788;0.0461130142211914;0
optimal;0.0656442642211914;1;36mb;8;SHUFFLE;false;0;0;1;0;1;0;11586;122;8;21.1665999959223;0.0461130142211914;0
optimal;0.0656442642211914;1;36mb;8;SHUFFLE;false;0;0;1;0;1;0;11586;122;8;16.2573999841698;0.0461130142211914;0
optimal;0.0656442642211914;1;36mb;8;SHUFFLE;false;0;0;1;0;1;0;11586;122;8;16.1761000053957;0.0461130142211914;0
optimal;0.0656442642211914;1;36mb;8;SHUFFLE;false;0;0;1;0;1;0;11586;122;8;52.9548000195064;0.0461130142211914;0
optimal;0.0517578125;1;36mb;8;SHUFFLE;false;0;0;1;0;1;0;11578;79;8;18.0387999862432;0.0322265625;0
optimal;12.0299997329712;1;47mb;8;SHUFFLE;true;0;0;1;2;1;0;57126472;359430;12;71.5801999904215;11.5;0
optimal;12.0299997329712;1;47mb;8;SHUFFLE;true;0;0;1;2;1;0;57126472;359430;12;58.4668000228703;11.5;0
optimal;12.0299997329712;1;47mb;8;SHUFFLE;true;0;0;1;2;1;0;57126472;359430;12;57.5286000384949;11.5;0
optimal;12.0299997329712;1;47mb;8;SHUFFLE;true;0;0;1;2;1;0;57126472;359430;12;59.6642000018619;11.5;0
optimal;2.54999923706055;1;35mb;8;SHUFFLE;false;0;0;1;0;1;0;57126428;113;4;17.8308999747969;2.5;0
optimal;4.53999996185303;1;37mb;8;SHUFFLE;false;0;0;1;0;1;0;115406282;118;4;16.9219000381418;4.5;0
optimal;2.53999996185303;1;35mb;8;SHUFFLE;false;0;0;1;0;1;0;57126428;256;4;20.3751000226475;2.5;0
optimal;2.55999946594238;1;35mb;8;SHUFFLE;false;0;0;1;0;1;0;57126428;372;4;34.9722999962978;2.5;0
optimal;2.57999992370605;1;35mb;8;SHUFFLE;false;0;0;1;0;1;0;57126428;489;4;15.2655999991111;2.5;0
network_congestion;1310.71999931335;4;1735mb;8;SHUFFLE;false;5;4;2;2;2;0;1124199436;47460000;24;11582.1331999614;1177.5999994278;0
optimal;5.98999977111816;1;39mb;8;SHUFFLE;true;0;0;1;2;1;0;57126472;359430;12;38.6123999487609;5.32999992370605;0
optimal;5.98999977111816;1;39mb;8;SHUFFLE;true;0;0;1;2;1;0;57126472;359430;12;36.6081999964081;5.32999992370605;0
optimal;5.98999977111816;1;39mb;8;SHUFFLE;true;0;0;1;2;1;0;57126472;359430;12;48.3184999902733;5.32999992370605;0
optimal;1.31999969482422;1;33mb;8;SHUFFLE;false;0;0;1;0;1;0;57126428;105;4;18.2325000059791;1.28999996185303;0
optimal;1.31999969482422;1;33mb;8;SHUFFLE;false;0;0;1;0;1;0;57126428;239;4;18.3764999965206;1.28999996185303;0
optimal;1.31999969482422;1;33mb;8;SHUFFLE;false;0;0;1;0;1;0;57126428;303;4;20.4200000152923;1.28999996185303;0
optimal;1.31999969482422;1;33mb;8;SHUFFLE;false;0;0;1;0;1;0;57126428;374;4;15.3762999689206;1.28999996185303;0
optimal;1.32999992370605;1;33mb;8;SHUFFLE;false;0;0;1;0;1;0;57126428;486;4;17.6327000372112;1.28999996185303;0
optimal;2.29999923706055;1;34mb;8;SHUFFLE;false;0;0;1;0;1;0;115406278;54;4;16.838799987454;2.26999950408936;0
optimal;1.29999923706055;1;33mb;8;SHUFFLE;false;0;0;1;0;1;0;57126424;68;4;15.0266999844462;1.26999950408936;0
optimal;82.789999961853;1;139mb;8;SHUFFLE;true;5;4;2;2;2;0;115409836;719220;48;262.064200011082;82.6899995803833;0
network_congestion;80.039999961853;4;136mb;8;SHUFFLE;false;5;0;2;2;2;0;575731314;23730000;28;4081.59410004737;79.039999961853;0
optimal;8.70999908447266;1;43mb;8;SHUFFLE;true;0;0;1;2;1;0;57126492;359430;16;64.4967000116594;8.02999973297119;0
optimal;8.71999931335449;1;43mb;8;SHUFFLE;true;0;0;1;2;1;0;57126492;359430;16;48.2024999801069;8.02999973297119;0
optimal;8.70999908447266;1;43mb;8;SHUFFLE;true;0;0;1;2;1;0;57126492;359430;16;52.7857000124641;8.02999973297119;0
optimal;14.7199993133545;1;51mb;8;SHUFFLE;true;0;0;1;2;1;0;115406346;719220;16;119.500699976925;14.0299997329712;0
optimal;8.70999908447266;1;43mb;8;SHUFFLE;true;0;0;1;2;1;0;57126492;359430;16;59.1327999718487;8.02999973297119;0
optimal;3.04999923706055;1;35mb;8;SHUFFLE;false;0;0;1;0;1;0;57126436;118;8;16.1264999769628;2.96999931335449;0
optimal;3.05999946594238;1;35mb;8;SHUFFLE;false;0;0;1;0;1;0;57126436;311;8;15.6659000203945;2.96999931335449;0
optimal;3.02999973297119;1;35mb;8;SHUFFLE;false;0;0;1;0;1;0;57126436;419;8;14.768399996683;2.96999931335449;0
optimal;3.20999908447266;1;36mb;8;SHUFFLE;false;0;0;1;0;1;0;57126436;453;8;16.121499997098;2.96999931335449;0
optimal;3.02999973297119;1;35mb;8;SHUFFLE;false;0;0;1;0;1;0;57126436;481;8;15.8505000290461;2.96999931335449;0
optimal;3;1;35mb;8;SHUFFLE;false;0;0;1;0;1;0;57126428;72;8;17.2780000139028;2.95999908447266;0
optimal;27.1999998092651;1;67mb;8;SHUFFLE;true;5;0;2;0;2;0;134951822;719220;20;49.7052000137046;14.0199995040894;0
optimal;18.0999994277954;1;55mb;8;SHUFFLE;true;5;0;2;0;2;0;57138114;359430;28;17.8026000503451;5.14999961853027;0
network_congestion;1228.79999923706;4;1629mb;8;SHUFFLE;false;20;12;5;0;5;0;2581678066;1340000000000;77;4236.19109997526;1228.79999923706;0
optimal;12.0699996948242;1;47mb;8;SHUFFLE;true;0;0;1;2;1;0;57126472;359430;12;112.340399995446;11.539999961853;0
optimal;12.0699996948242;1;47mb;8;SHUFFLE;true;0;0;1;2;1;0;57126472;359430;12;108.730800042395;11.539999961853;0
optimal;12.0699996948242;1;47mb;8;SHUFFLE;true;0;0;1;2;1;0;57126472;359430;12;113.079199974891;11.539999961853;0
optimal;12.0699996948242;1;47mb;8;SHUFFLE;true;0;0;1;2;1;0;57126472;359430;12;117.035799950827;11.539999961853;0
optimal;12.0599994659424;1;47mb;8;SHUFFLE;true;0;0;1;2;1;0;57126472;359430;12;112.888999981806;11.539999961853;0
optimal;12.0599994659424;1;47mb;8;SHUFFLE;true;0;0;1;2;1;0;57126472;359430;12;110.156799957622;11.539999961853;0
optimal;2.54999923706055;1;35mb;8;SHUFFLE;false;0;0;1;0;1;0;57126428;248;4;18.5525999986567;2.5;0
optimal;2.56999969482422;1;35mb;8;SHUFFLE;false;0;0;1;0;1;0;57126428;260;4;17.8861999884248;2.5;0
optimal;2.53999996185303;1;35mb;8;SHUFFLE;false;0;0;1;0;1;0;57126428;266;4;15.3118000016548;2.5;0
optimal;2.53999996185303;1;35mb;8;SHUFFLE;false;0;0;1;0;1;0;57126428;278;4;18.060999980662;2.5;0
optimal;2.53999996185303;1;35mb;8;SHUFFLE;false;0;0;1;0;1;0;57126428;400;4;15.4887000098825;2.5;0
optimal;2.54999923706055;1;35mb;8;SHUFFLE;false;0;0;1;0;1;0;57126428;478;4;15.7072000438347;2.5;0
network_congestion;247.64999961853;2;353mb;8;SHUFFLE;false;5;0;2;2;2;0;346407774;4160000;32;1323.8810999901;247.719999313354;0
optimal;18.7099990844727;1;56mb;8;SHUFFLE;true;0;0;1;2;1;0;57126492;359430;16;108.806599979289;19.0599994659424;0
optimal;18.7099990844727;1;56mb;8;SHUFFLE;true;0;0;1;2;1;0;57126492;359430;16;110.986099985894;19.0599994659424;0
optimal;18.7099990844727;1;56mb;8;SHUFFLE;true;0;0;1;2;1;0;57126492;359430;16;110.71759997867;19.0999994277954;0
optimal;18.7099990844727;1;56mb;8;SHUFFLE;true;0;0;1;2;1;0;57126492;359430;16;108.873400022276;19.0999994277954;0
optimal;5;1;38mb;8;SHUFFLE;false;0;0;1;0;1;0;115406290;123;8;19.7179999668151;4.96999931335449;0
optimal;5.05999946594238;1;38mb;8;SHUFFLE;false;0;0;1;0;1;0;57126436;357;8;23.239400004968;4.96999931335449;0
optimal;103.379999160767;1;166mb;8;SHUFFLE;true;5;0;2;2;2;0;115409876;735570;52;221.333399997093;103.41999912262;0
optimal;10.1699991226196;1;45mb;8;SHUFFLE;true;5;0;2;0;2;0;57138134;359430;32;59.06810000306;9.15999984741211;0
network_congestion;190.379999160767;2;279mb;8;SHUFFLE;false;5;4;2;2;2;0;346407734;4250000;28;1320.94379997579;188.869999885559;0
optimal;68.1099996566772;1;120mb;8;SHUFFLE;true;5;4;2;0;2;0;346407694;1440000;32;223.597600008361;53.2999992370605;0
network_congestion;75.0999994277954;4;129mb;8;SHUFFLE;false;5;4;2;2;2;0;346407758;148760000;32;11550.567600003;84.5799999237061;0
optimal;5.48999977111816;1;39mb;8;SHUFFLE;true;0;0;1;2;1;0;57126492;359430;16;36.1748000141233;4.6299991607666;0
optimal;1.17999935150146;1;33mb;8;SHUFFLE;false;0;0;1;0;1;0;115406290;294;8;19.0840000286698;1.1299991607666;0
optimal;12.4199991226196;1;48mb;8;SHUFFLE;true;5;4;2;0;2;0;134951818;719220;24;57.9777000239119;12.1299991607666;0
optimal;21.9699993133545;1;60mb;8;SHUFFLE;true;5;0;2;2;2;0;115409660;735570;24;157.783899980132;7.23999977111816;0
optimal;80.289999961853;1;136mb;8;SHUFFLE;true;5;0;2;0;2;0;476221362;2880000;20;212.541499990039;71.6499996185303;0
optimal;44.0799999237061;1;89mb;8;SHUFFLE;true;5;0;2;0;2;0;1124199428;7200000;28;163.48069999367;38.0899991989136;0
optimal;16.6799993515015;1;53mb;8;SHUFFLE;true;0;0;1;2;1;0;57126492;359430;16;111.4993999945;15.9899997711182;0
optimal;16.6899995803833;1;53mb;8;SHUFFLE;true;0;0;1;2;1;0;57126492;359430;16;130.346799967811;15.9899997711182;0
optimal;16.6899995803833;1;53mb;8;SHUFFLE;true;0;0;1;2;1;0;57126492;359430;16;106.872899981681;15.9899997711182;0
optimal;3.09999942779541;1;36mb;8;SHUFFLE;false;0;0;1;0;1;0;57126436;190;8;18.8448000117205;2.94999980926514;0
optimal;110.64999961853;1;175mb;8;SHUFFLE;true;5;4;2;2;2;0;134951922;719220;32;263.439300004393;104.66999912262;0
optimal;10.1999998092651;1;45mb;8;SHUFFLE;true;5;0;2;0;2;0;57138244;359430;54;30.6667999830097;9.1299991607666;0
optimal;12.0599994659424;1;47mb;8;SHUFFLE;true;0;0;1;2;1;0;57126472;359430;12;110.244099982083;11.539999961853;0
optimal;2.55999946594238;1;35mb;8;SHUFFLE;false;0;0;1;0;1;0;57126428;110;4;17.7410999895073;2.5;0
optimal;2.53999996185303;1;35mb;8;SHUFFLE;false;0;0;1;0;1;0;57126428;115;4;15.2605000184849;2.5;0
optimal;2.53999996185303;1;35mb;8;SHUFFLE;false;0;0;1;0;1;0;57126428;372;4;20.1215000124648;2.5;0
optimal;4.55999946594238;1;37mb;8;SHUFFLE;false;0;0;1;0;1;0;115406278;87;4;21.2432999978773;4.47999954223633;0
optimal;53.7199993133545;1;101mb;8;SHUFFLE;true;5;0;2;0;2;0;575731246;3600000;24;136.227200040594;46.3099994659424;0
optimal;46.3299999237061;1;92mb;8;SHUFFLE;true;5;4;2;0;2;0;575731222;3600000;20;114.224400022067;40.039999961853;0
optimal;31.9299993515015;1;73mb;8;SHUFFLE;true;0;0;1;2;1;0;57126492;359430;16;108.483400021214;32.5599994659424;0
optimal;31.8799991607666;1;73mb;8;SHUFFLE;true;0;0;1;2;1;0;57126492;359430;16;113.15220000688;32.4699993133545;0
optimal;31.8999996185303;1;73mb;8;SHUFFLE;true;0;0;1;2;1;0;57126492;359430;16;108.367800014094;32.4899997711182;0
optimal;31.9099998474121;1;73mb;8;SHUFFLE;true;0;0;1;2;1;0;57126492;359430;16;130.283400008921;32.3299999237061;0
optimal;5.11999988555908;1;38mb;8;SHUFFLE;false;0;0;1;0;1;0;57126436;170;8;15.7347999629565;4.94999980926514;0
optimal;5;1;38mb;8;SHUFFLE;false;0;0;1;0;1;0;57126436;264;8;14.7938000154682;4.94999980926514;0
optimal;4.98999977111816;1;38mb;8;SHUFFLE;false;0;0;1;0;1;0;115406290;286;8;28.6542000249028;4.94999980926514;0
optimal;5.1899995803833;1;38mb;8;SHUFFLE;false;0;0;1;0;1;0;57126436;474;8;15.3933999827132;4.94999980926514;0
optimal;4.98999977111816;1;38mb;8;SHUFFLE;false;0;0;1;0;1;0;115406290;488;8;16.5323000401258;4.94999980926514;0
optimal;102.229999542236;1;164mb;8;SHUFFLE;true;5;0;2;2;2;0;115421370;722840;32;215.576299990062;101.779999732971;0
optimal;19.75;1;57mb;8;SHUFFLE;true;0;0;1;2;1;0;57126492;359430;16;112.291799974628;19.0599994659424;0
optimal;19.7599992752075;1;57mb;8;SHUFFLE;true;0;0;1;2;1;0;57126492;359430;16;108.427300001495;19.0799999237061;0
optimal;5.03999996185303;1;38mb;8;SHUFFLE;false;0;0;1;0;1;0;57126436;126;8;15.0522000039928;4.94999980926514;0
optimal;4.98999977111816;1;38mb;8;SHUFFLE;false;0;0;1;0;1;0;115406290;388;8;18.7762000132352;4.94999980926514;0
optimal;11.4299993515015;1;46mb;8;SHUFFLE;true;5;4;2;0;2;0;115409596;719220;24;37.3446000157855;11.039999961853;0
optimal;77.1099996566772;1;132mb;8;SHUFFLE;true;5;4;2;0;2;0;476221402;2880000;32;213.244199985638;63.1599998474121;0
optimal;62.1099996566772;1;112mb;8;SHUFFLE;true;5;4;2;0;2;0;346407682;1440000;28;214.542200032156;48.3999996185303;0
optimal;1.32999992370605;1;33mb;8;SHUFFLE;false;0;0;1;0;1;0;57126436;109;8;16.3183999829926;1.28999996185303;0
optimal;1.45999908447266;1;33mb;8;SHUFFLE;false;0;0;1;0;1;0;57126436;164;8;16.3440000033006;1.28999996185303;0
optimal;1.32999992370605;1;33mb;8;SHUFFLE;false;0;0;1;0;1;0;57126436;218;8;16.3566999835894;1.28999996185303;0
optimal;1.32999992370605;1;33mb;8;SHUFFLE;false;0;0;1;0;1;0;57126436;230;8;20.5396999954246;1.28999996185303;0
optimal;1.32999992370605;1;33mb;8;SHUFFLE;false;0;0;1;0;1;0;57126436;329;8;20.1908000162803;1.28999996185303;0
optimal;1.32999992370605;1;33mb;8;SHUFFLE;false;0;0;1;0;1;0;57126436;345;8;15.5098999966867;1.28999996185303;0
optimal;1.32999992370605;1;33mb;8;SHUFFLE;false;0;0;1;0;1;0;57126436;351;8;15.3712999890558;1.28999996185303;0
optimal;1.33999919891357;1;33mb;8;SHUFFLE;false;0;0;1;0;1;0;57126436;413;8;15.1621000259183;1.28999996185303;0
network_congestion;152.969999313354;2;230mb;8;SHUFFLE;false;5;0;2;2;2;0;346407718;4250000;20;969.68249999918;152.299999237061;0
optimal;12.0699996948242;1;47mb;8;SHUFFLE;true;0;0;1;2;1;0;57126472;359430;12;106.766299984884;11.539999961853;0
optimal;2.54999923706055;1;35mb;8;SHUFFLE;false;0;0;1;0;1;0;57126428;124;4;18.418500025291;2.5;0
optimal;16.0699996948242;1;52mb;8;SHUFFLE;true;0;0;1;2;1;0;57126472;359430;12;107.818800024688;15.539999961853;0
optimal;68.9799995422363;1;121mb;8;SHUFFLE;true;5;0;2;2;2;0;115409656;735570;20;207.607599964831;62.5299997329712;0
optimal;62.4099998474121;1;113mb;8;SHUFFLE;true;5;0;2;2;2;0;115409656;735570;20;217.488399997819;62.2399997711182;0
optimal;46.3199996948242;1;92mb;8;SHUFFLE;true;5;4;2;0;2;0;575731234;3600000;24;114.003300026525;39.6599998474121;0
optimal;85.4199991226196;1;143mb;8;SHUFFLE;true;5;0;2;0;2;0;346407678;1440000;24;230.169999995269;70.2099990844727;0
optimal;5.98999977111816;1;39mb;8;SHUFFLE;true;0;0;1;2;1;0;57126492;359430;16;46.2912999792024;5.22999954223633;0
optimal;5.98999977111816;1;39mb;8;SHUFFLE;true;0;0;1;2;1;0;57126492;359430;16;36.6732999682426;5.22999954223633;0
optimal;5.98999977111816;1;39mb;8;SHUFFLE;true;0;0;1;2;1;0;57126492;359430;16;58.941799972672;5.22999954223633;0
optimal;1.26999950408936;1;33mb;8;SHUFFLE;false;0;0;1;0;1;0;57126436;164;8;20.5890000215732;1.22999954223633;0
optimal;1.28999996185303;1;33mb;8;SHUFFLE;false;0;0;1;0;1;0;57126436;375;8;17.0198000269011;1.22999954223633;0
optimal;2.25999927520752;1;34mb;8;SHUFFLE;false;0;0;1;0;1;0;115406282;55;8;17.9919000365771;2.21999931335449;0
network_congestion;69.8299999237061;4;122mb;8;SHUFFLE;false;5;0;2;2;2;0;583155264;325180000;32;34540.0905999704;62.2299995422363;0
optimal;5.6299991607666;1;39mb;8;SHUFFLE;true;5;4;2;0;2;0;57138118;359430;32;27.0286000450142;5.35999965667725;0
optimal;10.6799993515015;1;45mb;8;SHUFFLE;true;0;0;1;2;1;0;57126492;359430;16;57.841699977871;10;0
optimal;10.6899995803833;1;45mb;8;SHUFFLE;true;0;0;1;2;1;0;57126492;359430;16;57.2288999683224;10;0
optimal;10.6799993515015;1;45mb;8;SHUFFLE;true;0;0;1;2;1;0;57126492;359430;16;63.089500006754;10;0
optimal;10.6899995803833;1;45mb;8;SHUFFLE;true;0;0;1;2;1;0;57126492;359430;16;58.1683999625966;10;0
optimal;2.98999977111816;1;35mb;8;SHUFFLE;false;0;0;1;0;1;0;57126436;150;8;16.5049000061117;2.9399995803833;0
optimal;2.98999977111816;1;35mb;8;SHUFFLE;false;0;0;1;0;1;0;57126436;227;8;20.5033999518491;2.9399995803833;0
optimal;75.6499996185303;1;130mb;8;SHUFFLE;true;5;0;2;2;2;0;134951906;821220;28;263.088300009258;72.3399991989136;0
optimal;97.0899991989136;1;158mb;8;SHUFFLE;true;5;4;2;2;2;0;115409852;719220;51;262.705200002529;96.8399991989136;0
optimal;60.3599996566772;1;110mb;8;SHUFFLE;true;5;4;2;0;2;0;346407642;1440000;20;210.902700026054;48.5099992752075;0
network_congestion;621.459999084473;4;839mb;8;SHUFFLE;false;5;0;2;2;2;0;346407774;469030000;32;91120.7526999642;620.519999504089;0
optimal;87.7099990844727;1;146mb;8;SHUFFLE;true;5;0;2;0;2;0;346407710;1440000;32;262.330400000792;76.1999998092651;0
optimal;97.039999961853;1;158mb;8;SHUFFLE;true;5;0;2;0;2;0;346407710;1440000;32;214.966900006402;81.1999998092651;0
optimal;44.2799997329712;1;89mb;8;SHUFFLE;true;5;0;2;0;2;0;1124199428;7200000;28;114.031400007661;39.0499992370605;0
optimal;16.6799993515015;1;53mb;8;SHUFFLE;true;0;0;1;2;1;0;57126492;359430;16;108.038900012616;15.9899997711182;0
optimal;22.6899995803833;1;61mb;8;SHUFFLE;true;0;0;1;2;1;0;115406346;719220;16;160.798400000203;22;0
optimal;16.6799993515015;1;53mb;8;SHUFFLE;true;0;0;1;2;1;0;57126492;359430;16;195.452600019053;15.9899997711182;0
optimal;22.6899995803833;1;61mb;8;SHUFFLE;true;0;0;1;2;1;0;115406346;719220;16;171.514999994542;22;0
optimal;16.6799993515015;1;53mb;8;SHUFFLE;true;0;0;1;2;1;0;57126492;359430;16;59.8544999957085;15.9899997711182;0
optimal;16.6899995803833;1;53mb;8;SHUFFLE;true;0;0;1;2;1;0;57126492;359430;16;107.702900015283;15.9899997711182;0
optimal;2.98999977111816;1;35mb;8;SHUFFLE;false;0;0;1;0;1;0;57126436;207;8;18.4425999759696;2.9399995803833;0
optimal;2.98999977111816;1;35mb;8;SHUFFLE;false;0;0;1;0;1;0;57126436;286;8;17.2639000229537;2.9399995803833;0
optimal;2.98999977111816;1;35mb;8;SHUFFLE;false;0;0;1;0;1;0;57126436;328;8;20.4846999840811;2.9399995803833;0
optimal;3;1;35mb;8;SHUFFLE;false;0;0;1;0;1;0;57126436;372;8;19.808400014881;2.9399995803833;0
optimal;2.98999977111816;1;35mb;8;SHUFFLE;false;0;0;1;0;1;0;57126436;418;8;23.1075999909081;2.9399995803833;0
optimal;41.9899997711182;1;86mb;8;SHUFFLE;true;5;0;2;0;2;0;134951974;719220;52;60.6450000195764;20.7999992370605;0
optimal;96.6099996566772;1;157mb;8;SHUFFLE;true;5;4;2;2;2;0;115409860;719220;52;220.157200004905;96.4699993133545;0
optimal;31.9299993515015;1;73mb;8;SHUFFLE;true;0;0;1;2;1;0;57126492;359430;16;107.549100008328;32.5899991989136;0
optimal;31.9299993515015;1;73mb;8;SHUFFLE;true;0;0;1;2;1;0;57126492;359430;16;108.174699998926;32.3899993896484;0
optimal;31.9199991226196;1;73mb;8;SHUFFLE;true;0;0;1;2;1;0;57126492;359430;16;108.04520000238;32.4399995803833;0
optimal;31.9299993515015;1;73mb;8;SHUFFLE;true;0;0;1;2;1;0;57126492;359430;16;107.784199994057;32.2699995040894;0
optimal;31.9399995803833;1;73mb;8;SHUFFLE;true;0;0;1;2;1;0;57126492;359430;16;108.771200000774;32.4499998092651;0
optimal;31.9299993515015;1;73mb;8;SHUFFLE;true;0;0;1;2;1;0;57126492;359430;16;107.791499991436;32.4499998092651;0
optimal;31.9199991226196;1;73mb;8;SHUFFLE;true;0;0;1;2;1;0;57126492;359430;16;113.783000037074;32.3899993896484;0
optimal;5.01999950408936;1;38mb;8;SHUFFLE;false;0;0;1;0;1;0;57126436;181;8;17.1715999604203;4.94999980926514;0
optimal;4.97999954223633;1;38mb;8;SHUFFLE;false;0;0;1;0;1;0;115406290;201;8;21.9046999700367;4.94999980926514;0
optimal;5.04999923706055;1;38mb;8;SHUFFLE;false;0;0;1;0;1;0;115406290;215;8;24.7720999759622;4.94999980926514;0
optimal;4.98999977111816;1;38mb;8;SHUFFLE;false;0;0;1;0;1;0;57126436;305;8;15.5145999742672;4.94999980926514;0
optimal;5.09999942779541;1;38mb;8;SHUFFLE;false;0;0;1;0;1;0;57126436;389;8;17.5394000252709;4.94999980926514;0
optimal;5.00999927520752;1;38mb;8;SHUFFLE;false;0;0;1;0;1;0;115406282;93;8;30.9328999719582;4.92999935150146;0
optimal;19.7599992752075;1;57mb;8;SHUFFLE;true;0;0;1;2;1;0;57126492;359430;16;111.504199972842;19.0999994277954;0
optimal;5;1;38mb;8;SHUFFLE;false;0;0;1;0;1;0;57126436;198;8;18.2804000214674;4.9399995803833;0
optimal;5;1;38mb;8;SHUFFLE;false;0;0;1;0;1;0;57126436;323;8;19.5598000427708;4.9399995803833;0
optimal;51.8299999237061;1;99mb;8;SHUFFLE;true;5;4;2;2;2;0;57138182;359430;32;107.353200030047;51.8299999237061;0
optimal;50.8099994659424;1;98mb;8;SHUFFLE;true;5;4;2;0;2;0;575731254;3600000;28;115.13389996253;37.6599998474121;0
optimal;5.98999977111816;1;39mb;8;SHUFFLE;true;0;0;1;2;1;0;57126492;359430;16;41.0421999986283;5.27999973297119;0
optimal;6.98999977111816;1;41mb;8;SHUFFLE;true;0;0;1;2;1;0;115406346;719220;16;60.6970000080764;6.27999973297119;0
optimal;1.47999954223633;1;33mb;8;SHUFFLE;false;0;0;1;0;1;0;57126436;172;8;17.4020999693312;1.28999996185303;0
optimal;1.40999984741211;1;33mb;8;SHUFFLE;false;0;0;1;0;1;0;57126436;360;8;30.2932999911718;1.28999996185303;0
optimal;1.31999969482422;1;33mb;8;SHUFFLE;false;0;0;1;0;1;0;57126436;420;8;15.0180000346154;1.28999996185303;0
optimal;1.32999992370605;1;33mb;8;SHUFFLE;false;0;0;1;0;1;0;57126428;50;8;18.367400043644;1.26999950408936;0
network_congestion;237.91999912262;2;341mb;8;SHUFFLE;false;5;4;2;2;2;0;134952546;722030;136;570.655799994711;238.589999198914;0
network_congestion;4188.15999984741;4;6845mb;8;BROADCAST;false;5;0;2;2;2;0;115406454;203870000;28;27632.6171999681;5478.39999961853;0
optimal;92.2099990844727;1;151mb;8;SHUFFLE;true;5;0;2;0;2;0;346407710;1440000;32;264.237099967431;77.0299997329712;0
optimal;5.48999977111816;1;39mb;8;SHUFFLE;true;0;0;1;2;1;0;57126492;359430;16;57.391699985601;4.63999938964844;0
optimal;5.48999977111816;1;39mb;8;SHUFFLE;true;0;0;1;2;1;0;57126492;359430;16;39.896400005091;4.63999938964844;0
optimal;5.48999977111816;1;39mb;8;SHUFFLE;true;0;0;1;2;1;0;57126492;359430;16;39.8363000131212;4.63999938964844;0
optimal;5.48999977111816;1;39mb;8;SHUFFLE;true;0;0;1;2;1;0;57126492;359430;16;49.8581000138074;4.63999938964844;0
optimal;5.48999977111816;1;39mb;8;SHUFFLE;true;0;0;1;2;1;0;57126492;359430;16;126.187700021546;4.63999938964844;0
optimal;0.68944263458252;1;37mb;8;SHUFFLE;false;0;0;1;0;1;0;57126436;130;8;15.526500006672;0.64842700958252;0
optimal;0.66405200958252;1;37mb;8;SHUFFLE;false;0;0;1;0;1;0;57126436;158;8;15.498100023251;0.64842700958252;0
optimal;0.68944263458252;1;37mb;8;SHUFFLE;false;0;0;1;0;1;0;57126436;159;8;25.26530000614;0.64842700958252;0
optimal;0.70604419708252;1;37mb;8;SHUFFLE;false;0;0;1;0;1;0;57126436;286;8;15.1631000335328;0.64842700958252;0
optimal;0.68944263458252;1;37mb;8;SHUFFLE;false;0;0;1;0;1;0;57126436;392;8;15.5262000043876;0.64842700958252;0
optimal;0.68944263458252;1;37mb;8;SHUFFLE;false;0;0;1;0;1;0;57126436;430;8;14.85939999111;0.64842700958252;0
optimal;0.68944263458252;1;37mb;8;SHUFFLE;false;0;0;1;0;1;0;57126436;437;8;19.4194000214338;0.64842700958252;0
optimal;1.20999908447266;1;33mb;8;SHUFFLE;false;0;0;1;0;1;0;115406290;467;8;18.7684999546036;1.14999961853027;0
optimal;0.675556182861328;1;37mb;8;SHUFFLE;false;0;0;1;0;1;0;57126428;64;8;16.5934000397101;0.634540557861328;0
optimal;11.4099998474121;1;46mb;8;SHUFFLE;true;5;4;2;2;2;0;115409668;719220;24;157.752999977674;10.2999992370605;0
optimal;78.9499998092651;1;134mb;8;SHUFFLE;true;5;0;2;0;2;0;115406418;28800000;32;161.074300005566;52.5099992752075;0
optimal;5.6299991607666;1;39mb;8;SHUFFLE;true;5;4;2;0;2;0;57138118;359430;32;22.4924000212923;5.26999950408936;0
optimal;83.2699995040894;1;140mb;8;SHUFFLE;true;5;0;2;0;2;0;346407690;1440000;28;214.016299985815;76.0299997329712;0
network_congestion;203.25;4;296mb;8;SHUFFLE;false;5;0;2;2;2;0;346407742;469030000;28;90122.9357999982;203.229999542236;0
optimal;12.039999961853;1;47mb;8;SHUFFLE;true;0;0;1;2;1;0;57126472;359430;12;56.6060999990441;11.539999961853;0
optimal;12.0299997329712;1;47mb;8;SHUFFLE;true;0;0;1;2;1;0;57126472;359430;12;57.6137999887578;11.539999961853;0
optimal;12.0299997329712;1;47mb;8;SHUFFLE;true;0;0;1;2;1;0;57126472;359430;12;106.797799991909;11.539999961853;0
optimal;12.0299997329712;1;47mb;8;SHUFFLE;true;0;0;1;2;1;0;57126472;359430;12;107.932999962941;11.539999961853;0
network_congestion;1617.91999912262;4;2135mb;8;SHUFFLE;false;5;0;2;2;2;0;575731314;23730000;28;10568.2083999855;1648.63999938965;0
optimal;159.329999923706;2;239mb;8;SHUFFLE;true;10;0;3;0;3;0;690382748;3600000;48;414.410900033545;147;0
optimal;8;1;42mb;8;SHUFFLE;true;0;0;1;2;1;0;115406326;719220;12;114.440299978014;7.47999954223633;0
optimal;7.03999996185303;1;41mb;8;SHUFFLE;true;0;0;1;2;1;0;57126472;359430;12;47.8920000023209;6.50999927520752;0
optimal;7.02999973297119;1;41mb;8;SHUFFLE;true;0;0;1;2;1;0;57126472;359430;12;64.9786000140011;6.50999927520752;0
optimal;8;1;42mb;8;SHUFFLE;true;0;0;1;2;1;0;115406326;719220;12;112.393099989276;7.47999954223633;0
optimal;7.03999996185303;1;41mb;8;SHUFFLE;true;0;0;1;2;1;0;57126472;359430;12;50.9904999635182;6.50999927520752;0
optimal;7.02999973297119;1;41mb;8;SHUFFLE;true;0;0;1;2;1;0;57126472;359430;12;50.4628999624401;6.50999927520752;0
optimal;1.38999938964844;1;33mb;8;SHUFFLE;false;0;0;1;0;1;0;57126428;276;4;22.5192999932915;1.35999965667725;0
optimal;1.38999938964844;1;33mb;8;SHUFFLE;false;0;0;1;0;1;0;57126428;363;4;28.6109000444412;1.35999965667725;0
network_congestion;68.1399993896484;4;120mb;8;SHUFFLE;false;5;4;2;2;2;0;583155216;325180000;28;40085.9490999719;68.3299999237061;0
optimal;94.8799991607666;1;155mb;8;SHUFFLE;true;5;0;2;2;2;0;115409840;735570;47;242.35110002337;84.4499998092651;0
optimal;94.8699998855591;1;155mb;8;SHUFFLE;true;5;0;2;2;2;0;115409848;735570;48;214.472399966326;84.289999961853;0
network_congestion;257.589999198914;2;366mb;8;SHUFFLE;false;5;0;2;2;2;0;346407742;4250000;28;1326.48469996639;250.179999351501;0
optimal;12.0299997329712;1;47mb;8;SHUFFLE;true;0;0;1;2;1;0;57126472;359430;12;59.9487000145018;11.5;0
optimal;12.0299997329712;1;47mb;8;SHUFFLE;true;0;0;1;2;1;0;57126472;359430;12;61.4729999797419;11.5;0
optimal;12.0299997329712;1;47mb;8;SHUFFLE;true;0;0;1;2;1;0;57126472;359430;12;60.9356000204571;11.5;0
optimal;12.0299997329712;1;47mb;8;SHUFFLE;true;0;0;1;2;1;0;57126472;359430;12;111.65469995467;11.5;0
optimal;4.54999923706055;1;37mb;8;SHUFFLE;false;0;0;1;0;1;0;115406282;172;4;17.0020000077784;4.5;0
optimal;2.53999996185303;1;35mb;8;SHUFFLE;false;0;0;1;0;1;0;57126428;179;4;16.723999986425;2.5;0
optimal;2.67999935150146;1;35mb;8;SHUFFLE;false;0;0;1;0;1;0;57126428;441;4;20.4121000133455;2.5;0
optimal;2.52999973297119;1;35mb;8;SHUFFLE;false;0;0;1;0;1;0;57126424;61;4;18.5354999848641;2.47999954223633;0
optimal;16.5899991989136;1;53mb;8;SHUFFLE;true;5;0;2;0;2;0;115421290;719220;28;17.8308000322431;6.67999935150146;0
optimal;62.1099996566772;1;112mb;8;SHUFFLE;true;5;4;2;0;2;0;346407694;1440000;32;208.274299977347;48.1599998474121;0
optimal;70.9199991226196;1;124mb;8;SHUFFLE;true;5;4;2;0;2;0;346407694;1440000;32;265.808500000276;59.2299995422363;0
network_congestion;722.809999465942;4;971mb;8;SHUFFLE;false;5;0;2;2;2;0;346407774;12150000;32;4763.15370004158;722.829999923706;0
optimal;5.48999977111816;1;39mb;8;SHUFFLE;true;0;0;1;2;1;0;57126492;359430;16;39.8740000091493;4.63999938964844;0
optimal;0.739335060119629;1;37mb;8;SHUFFLE;false;0;0;1;0;1;0;57126436;198;8;43.9678999828175;0.648514747619629;0
optimal;0.689530372619629;1;37mb;8;SHUFFLE;false;0;0;1;0;1;0;57126436;243;8;16.2838000105694;0.648514747619629;0
optimal;0.689530372619629;1;37mb;8;SHUFFLE;false;0;0;1;0;1;0;57126436;368;8;22.2211999935098;0.648514747619629;0
optimal;0.675643920898438;1;37mb;8;SHUFFLE;false;0;0;1;0;1;0;57126428;80;8;18.8992000184953;0.634628295898438;0
optimal;92.7099990844727;1;152mb;8;SHUFFLE;true;5;4;2;0;2;0;115406402;28800000;32;213.304699980654;76.2199993133545;0
optimal;10.1299991607666;1;45mb;8;SHUFFLE;true;5;4;2;2;2;0;57138342;359430;46;61.2014000071213;8.67999935150146;0
optimal;165.5;1;247mb;8;SHUFFLE;true;10;4;3;0;3;0;1392173662;1040000000000;48;467.927899968345;155.349999427795;0
optimal;13.8799991607666;1;50mb;8;SHUFFLE;true;0;0;1;2;1;0;518604790;3600000;16;260.37809997797;13.2399997711182;0
optimal;13.8799991607666;1;50mb;8;SHUFFLE;true;0;0;1;2;1;0;518604790;3600000;16;257.993999985047;13.2399997711182;0
optimal;4.1899995803833;1;37mb;8;SHUFFLE;false;0;0;1;0;1;0;518604734;356;8;17.0470000011846;4.16999912261963;0
optimal;4.17999935150146;1;37mb;8;SHUFFLE;false;0;0;1;0;1;0;518604734;460;8;15.0883000460453;4.16999912261963;0
optimal;4.21999931335449;1;37mb;8;SHUFFLE;false;0;0;1;0;1;0;1045765832;469;8;19.6909999940544;4.21999931335449;0
optimal;4.19999980926514;1;37mb;8;SHUFFLE;false;0;0;1;0;1;0;518604726;95;8;22.4857999710366;4.15999984741211;0
optimal;29.8899993896484;1;70mb;8;SHUFFLE;false;0;0;1;2;1;0;518604790;3600000;16;260.933000012301;29.2399997711182;0
optimal;29.8899993896484;1;70mb;8;SHUFFLE;true;0;0;1;2;1;0;518604790;3600000;16;310.340700030793;29.2399997711182;0
optimal;4.1899995803833;1;37mb;8;SHUFFLE;false;0;0;1;0;1;0;518604734;212;8;15.6264000106603;4.17999935150146;0
optimal;4.81999969482422;1;38mb;8;SHUFFLE;false;0;0;1;0;1;0;1045765832;252;8;17.4999999580905;4.21999931335449;0
optimal;4.21999931335449;1;37mb;8;SHUFFLE;false;0;0;1;0;1;0;518604734;325;8;19.829299999401;4.17999935150146;0
optimal;4.19999980926514;1;37mb;8;SHUFFLE;false;0;0;1;0;1;0;518604734;333;8;16.7558999964967;4.17999935150146;0
optimal;4.1899995803833;1;37mb;8;SHUFFLE;false;0;0;1;0;1;0;518604734;398;8;40.0039000087418;4.17999935150146;0
network_congestion;325.739999771118;2;568mb;8;BROADCAST;false;5;0;2;0;2;0;2466208936;133110000;28;666.367099969648;387.849999427795;0
network_congestion;259.099999427795;2;368mb;8;SHUFFLE;false;5;0;2;2;2;0;518608894;3600000;52;934.301500034053;255.879999160767;0
optimal;13.7799997329712;1;49mb;8;SHUFFLE;true;5;0;2;0;2;0;518610728;3600000;38;26.5026999986731;12.3199996948242;0
optimal;21.6899995803833;1;60mb;8;SHUFFLE;true;0;0;1;2;1;0;518604790;3600000;16;263.81739997305;21.1899995803833;0
optimal;28.4699993133545;1;69mb;8;SHUFFLE;true;0;0;1;2;1;0;1045765888;7200000;16;270.266000006814;28.6799993515015;0
optimal;29.2399997711182;1;70mb;8;SHUFFLE;true;0;0;1;2;1;0;1045765888;7200000;16;314.72650001524;28.0299997329712;0
optimal;21.6899995803833;1;60mb;8;SHUFFLE;true;0;0;1;2;1;0;518604790;3600000;16;257.842999999411;21.1899995803833;0
optimal;4.17999935150146;1;37mb;8;SHUFFLE;false;0;0;1;0;1;0;518604734;319;8;16.8720000074245;4.17999935150146;0
optimal;12.6299991607666;1;48mb;8;SHUFFLE;true;5;4;2;0;2;0;518608614;3600000;24;20.6937000039034;12.2099990844727;0
optimal;13.7799997329712;1;49mb;8;SHUFFLE;true;5;0;2;0;2;0;518610658;3600000;24;31.8742999807;12.2399997711182;0
network_congestion;146.599999427795;2;222mb;8;SHUFFLE;false;5;4;2;2;2;0;1045780976;7200000;42;922.678000002634;148.479999542236;0
optimal;82.539999961853;1;139mb;8;SHUFFLE;true;5;0;2;0;2;0;1276767252;7200000;32;263.66210001288;94.539999961853;0
optimal;8.98999977111816;1;43mb;8;SHUFFLE;true;0;0;1;2;1;0;518604790;3600000;16;211.682199966162;8.10999965667725;0
optimal;8.98999977111816;1;43mb;8;SHUFFLE;true;0;0;1;2;1;0;518604790;3600000;16;209.345299983397;8.10999965667725;0
optimal;8.98999977111816;1;43mb;8;SHUFFLE;true;0;0;1;2;1;0;518604790;3600000;16;212.693999987096;8.10999965667725;0
optimal;9.35999965667725;1;44mb;8;SHUFFLE;true;0;0;1;2;1;0;1045765888;7200000;16;262.09790003486;8.67999935150146;0
optimal;4.15999984741211;1;37mb;8;SHUFFLE;false;0;0;1;0;1;0;518604734;341;8;14.6885000285693;4.10999965667725;0
optimal;4.14999961853027;1;37mb;8;SHUFFLE;false;0;0;1;0;1;0;518604734;364;8;15.9251000150107;4.10999965667725;0
optimal;4.15999984741211;1;37mb;8;SHUFFLE;false;0;0;1;0;1;0;518604734;404;8;15.6860999995843;4.10999965667725;0
optimal;4.19999980926514;1;37mb;8;SHUFFLE;false;0;0;1;0;1;0;518604726;77;8;15.9327000146732;4.08999919891357;0
optimal;28.7599992752075;1;69mb;8;SHUFFLE;true;0;0;1;2;1;0;1045765868;7200000;12;372.813099995255;29.7399997711182;0
optimal;21.9099998474121;1;60mb;8;SHUFFLE;false;0;0;1;2;1;0;518604770;3600000;12;263.606799999252;21.3899993896484;0
network_congestion;96.3299999237061;2;157mb;8;BROADCAST;true;5;4;2;2;2;0;518608790;3600000;40;616.302300011739;98.4399995803833;0
optimal;38.0799999237061;1;81mb;8;SHUFFLE;false;0;0;1;2;1;0;518604770;3600000;12;408.944300026633;37.5599994659424;0
optimal;38.0799999237061;1;81mb;8;SHUFFLE;false;0;0;1;2;1;0;518604770;3600000;12;361.468200047966;37.5599994659424;0
optimal;4.55999946594238;1;37mb;8;SHUFFLE;false;0;0;1;0;1;0;518604726;486;4;34.883699961938;4.50999927520752;0
network_congestion;265.519999504089;2;377mb;8;SHUFFLE;false;5;4;2;0;2;0;1044633462;49330000;28;714.768000005279;254.239999771118;0
network_congestion;156.059999465942;2;234mb;8;SHUFFLE;false;5;0;2;2;2;0;1045769900;7200000;40;1120.31890003709;189.199999809265;0
optimal;23.9299993515015;1;63mb;8;SHUFFLE;true;5;0;2;0;2;0;1045772382;7200000;46;31.7523999838158;10.7399997711182;0
optimal;22.8599996566772;1;61mb;8;SHUFFLE;true;5;0;2;0;2;0;518610727;3600000;37;37.8521000384353;10.6099996566772;0
network_congestion;547.239999771118;2;743mb;8;SHUFFLE;false;5;4;2;0;2;0;1045765924;14400000;28;1125.58730004821;542.91999912262;0
optimal;71.0699996948242;1;124mb;8;SHUFFLE;false;0;0;1;2;1;0;518604770;3600000;12;461.502599995583;70.5599994659424;0
optimal;4.55999946594238;1;37mb;8;SHUFFLE;false;0;0;1;0;1;0;518604726;107;4;16.5762000251561;4.50999927520752;0
optimal;4.55999946594238;1;37mb;8;SHUFFLE;false;0;0;1;0;1;0;518604726;120;4;16.1727999802679;4.50999927520752;0
optimal;4.55999946594238;1;37mb;8;SHUFFLE;false;0;0;1;0;1;0;518604726;364;4;20.1703000348061;4.50999927520752;0
optimal;8.00999927520752;1;42mb;8;SHUFFLE;false;0;0;1;0;1;0;1045765820;86;4;19.1332999966107;4.48999977111816;0
network_congestion;193.579999923706;2;283mb;8;SHUFFLE;false;5;0;2;2;2;0;518608674;3600000;20;771.896200021729;198.059999465942;0
optimal;38.0799999237061;1;81mb;8;SHUFFLE;false;0;0;1;2;1;0;518604770;3600000;12;363.128299999516;37.5599994659424;0
optimal;38.0799999237061;1;81mb;8;SHUFFLE;false;0;0;1;2;1;0;518604770;3600000;12;365.281699982006;37.5599994659424;0
network_congestion;38.6699991226196;1;82mb;8;BROADCAST;true;0;0;1;2;1;0;1045765868;7200000;12;521.050999988802;40.9199991226196;0
optimal;4.88999938964844;1;38mb;8;SHUFFLE;false;0;0;1;0;1;0;518604726;369;4;20.8475000108592;4.50999927520752;0
optimal;149.679999351501;1;226mb;8;BROADCAST;true;5;0;2;0;2;0;1406580924;7200000;24;471.731600002386;154.029999732971;0
optimal;12.6499996185303;1;48mb;8;SHUFFLE;true;5;4;2;0;2;0;1045772315;7200000;35;42.8946000174619;12.5899991989136;0
network_congestion;3635.19999980927;4;4757mb;8;SHUFFLE;false;5;4;2;2;2;0;1276767276;102100000;28;30083.806700015;3594.23999977112;0
optimal;28.9199991226196;1;69mb;8;SHUFFLE;true;0;0;1;2;1;0;1045765868;7200000;12;422.450500016566;29.9299993515015;0
optimal;28.4399995803833;1;68mb;8;SHUFFLE;true;0;0;1;2;1;0;1045765868;7200000;12;474.39630003646;29.9199991226196;0
optimal;25.8199996948242;1;65mb;8;SHUFFLE;false;0;0;1;2;1;0;518604770;3600000;12;318.122199969366;25.3099994659424;0
optimal;25.8299999237061;1;65mb;8;SHUFFLE;false;0;0;1;2;1;0;518604770;3600000;12;315.001199953258;25.3099994659424;0
optimal;25.8299999237061;1;65mb;8;SHUFFLE;false;0;0;1;2;1;0;518604770;3600000;12;310.626199992839;25.3099994659424;0
optimal;4.55999946594238;1;37mb;8;SHUFFLE;false;0;0;1;0;1;0;1045765824;340;4;20.1926999725401;4.51999950408936;0
network_congestion;98.5999994277954;2;160mb;8;SHUFFLE;false;5;0;2;2;2;0;1045769868;7200000;36;881.00370002212;106.199999809265;0
optimal;12.6399993896484;1;48mb;8;SHUFFLE;true;5;4;2;0;2;0;1045780820;7200000;28;29.1606000391766;12.6499996185303;0
optimal;14.0799999237061;1;50mb;8;SHUFFLE;true;0;0;1;2;1;0;518604770;3600000;12;362.939600017853;13.5499992370605;0
optimal;14.0799999237061;1;50mb;8;SHUFFLE;false;0;0;1;2;1;0;518604770;3600000;12;260.964200017042;13.5599994659424;0
optimal;14.0799999237061;1;50mb;8;SHUFFLE;true;0;0;1;2;1;0;518604770;3600000;12;320.446699974127;13.5499992370605;0
optimal;14.0799999237061;1;50mb;8;SHUFFLE;true;0;0;1;2;1;0;518604770;3600000;12;310.45799999265;13.5499992370605;0
optimal;4.66999912261963;1;38mb;8;SHUFFLE;false;0;0;1;0;1;0;518604726;154;4;52.0745000103489;4.50999927520752;0
optimal;4.53999996185303;1;37mb;8;SHUFFLE;false;0;0;1;0;1;0;518604726;238;4;18.8875999883749;4.50999927520752;0
optimal;4.57999992370605;1;37mb;8;SHUFFLE;false;0;0;1;0;1;0;518604726;473;4;18.8604000140913;4.50999927520752;0
optimal;4.59999942779541;1;37mb;8;SHUFFLE;false;0;0;1;0;1;0;518604726;489;4;15.1083000237122;4.50999927520752;0
optimal;4.52999973297119;1;37mb;8;SHUFFLE;false;0;0;1;0;1;0;518604722;78;4;19.8933999636211;4.48999977111816;0
optimal;38.0799999237061;1;81mb;8;SHUFFLE;false;0;0;1;2;1;0;518604770;3600000;12;309.435400005896;37.5599994659424;0
optimal;38.0799999237061;1;81mb;8;SHUFFLE;false;0;0;1;2;1;0;518604770;3600000;12;310.30130002182;37.5599994659424;0
optimal;4.54999923706055;1;37mb;8;SHUFFLE;false;0;0;1;0;1;0;518604726;248;4;16.7980999685824;4.50999927520752;0
optimal;4.75999927520752;1;38mb;8;SHUFFLE;false;0;0;1;0;1;0;518604726;254;4;32.5732000055723;4.50999927520752;0
optimal;4.65999984741211;1;38mb;8;SHUFFLE;false;0;0;1;0;1;0;518604726;402;4;16.393399972003;4.50999927520752;0
optimal;4.56999969482422;1;37mb;8;SHUFFLE;false;0;0;1;0;1;0;518604726;409;4;21.1347000440583;4.50999927520752;0
optimal;4.53999996185303;1;37mb;8;SHUFFLE;false;0;0;1;0;1;0;518604722;57;4;15.9300999948755;4.48999977111816;0
network_congestion;378.14999961853;2;523mb;8;SHUFFLE;false;5;0;2;0;2;0;1045765960;14400000;32;617.829199996777;349.91999912262;0
spill;1064.95999908447;4;2212mb;8;SHUFFLE;false;5;0;2;2;2;0;1045766024;14400000;32;39105.2804999636;1802.23999977112;2744123392
optimal;10.7199993133545;1;45mb;8;SHUFFLE;true;0;0;1;2;1;0;518604790;3600000;16;309.985900006723;10.0299997329712;0
optimal;15.8099994659424;1;52mb;8;SHUFFLE;true;0;0;1;2;1;0;1045765888;7200000;16;359.786299988627;15.1199998855591;0
optimal;10.7199993133545;1;45mb;8;SHUFFLE;true;0;0;1;2;1;0;518604790;3600000;16;278.805800015107;10.0299997329712;0
optimal;5.02999973297119;1;38mb;8;SHUFFLE;false;0;0;1;0;1;0;518604734;211;8;15.9319000085816;4.96999931335449;0
optimal;5.17999935150146;1;38mb;8;SHUFFLE;false;0;0;1;0;1;0;518604734;370;8;19.5862999535166;4.96999931335449;0
optimal;5.04999923706055;1;38mb;8;SHUFFLE;false;0;0;1;0;1;0;1045765832;462;8;19.2349999560975;4.97999954223633;0
network_congestion;962.25;4;2002mb;8;SHUFFLE;false;5;4;2;2;2;0;1045766008;28800000;32;15063.7215999886;1443.83999919891;0
optimal;9.07999992370605;1;43mb;8;SHUFFLE;true;0;0;1;2;1;0;518604770;3600000;12;210.501499997918;8.54999923706055;0
optimal;9.07999992370605;1;43mb;8;SHUFFLE;true;0;0;1;2;1;0;518604770;3600000;12;259.166600008029;8.54999923706055;0
optimal;10.1599998474121;1;45mb;8;SHUFFLE;true;0;0;1;2;1;0;1045765868;7200000;12;270.138000021689;9.64999961853027;0
optimal;14.0599994659424;1;50mb;8;SHUFFLE;true;5;0;2;0;2;0;1045769807;7200000;39;52.0760000217706;13.0499992370605;0
network_congestion;76.6999998092651;2;131mb;8;SHUFFLE;false;5;4;2;2;2;0;1045769952;7200000;48;732.370099984109;85.7699995040894;0
network_congestion;43.6699991226196;2;88mb;8;SHUFFLE;false;5;0;2;2;2;0;518610734;3600000;28;681.076100037899;41.2099990844727;0
optimal;38.0799999237061;1;81mb;8;SHUFFLE;false;0;0;1;2;1;0;518604770;3600000;12;416.866299987305;37.5599994659424;0
optimal;4.54999923706055;1;37mb;8;SHUFFLE;false;0;0;1;0;1;0;518604726;256;4;16.18779997807;4.50999927520752;0
optimal;4.55999946594238;1;37mb;8;SHUFFLE;false;0;0;1;0;1;0;518604726;473;4;15.5126999597996;4.50999927520752;0
optimal;4.57999992370605;1;37mb;8;SHUFFLE;false;0;0;1;0;1;0;518604726;496;4;15.0956999859773;4.50999927520752;0
optimal;71.0799999237061;1;124mb;8;SHUFFLE;false;0;0;1;2;1;0;518604770;3600000;12;466.26610000385;70.5499992370605;0
optimal;71.0799999237061;1;124mb;8;SHUFFLE;false;0;0;1;2;1;0;518604770;3600000;12;469.643899996299;70.5499992370605;0
optimal;4.55999946594238;1;37mb;8;SHUFFLE;false;0;0;1;0;1;0;518604726;239;4;16.1890999879688;4.50999927520752;0
optimal;4.57999992370605;1;37mb;8;SHUFFLE;false;0;0;1;0;1;0;518604726;398;4;15.425999998115;4.50999927520752;0
optimal;71.0799999237061;1;124mb;8;BROADCAST;false;0;0;1;2;1;0;518604770;3600000;12;474.343299982138;70.5499992370605;0
optimal;71.0799999237061;1;124mb;8;SHUFFLE;false;0;0;1;2;1;0;518604770;3600000;12;475.984899967443;70.5499992370605;0
optimal;71.0799999237061;1;124mb;8;SHUFFLE;false;0;0;1;2;1;0;518604770;3600000;12;461.288999998942;70.5499992370605;0
optimal;71.0799999237061;1;124mb;8;BROADCAST;false;0;0;1;2;1;0;518604770;3600000;12;462.986099999398;70.5499992370605;0
optimal;4.52999973297119;1;37mb;8;SHUFFLE;false;0;0;1;0;1;0;518604726;261;4;16.5843000286259;4.50999927520752;0
optimal;4.56999969482422;1;37mb;8;SHUFFLE;false;0;0;1;0;1;0;518604722;56;4;15.0344999856316;4.48999977111816;0
network_congestion;166.799999237061;2;248mb;8;SHUFFLE;false;5;0;2;2;2;0;518608770;3600000;36;1414.96550000738;167.109999656677;0
optimal;12.5699996948242;1;48mb;8;SHUFFLE;true;5;4;2;0;2;0;518610740;3600000;42;16.3315999670886;12.539999961853;0
network_congestion;112.529999732971;2;178mb;8;SHUFFLE;false;5;4;2;2;2;0;518616496;3600000;33;817.197999975178;114.64999961853;0
network_congestion;324.359999656677;2;453mb;8;SHUFFLE;false;5;0;2;0;2;0;1045765940;14400000;28;521.632799995132;268.949999809265;0
optimal;71.0799999237061;1;124mb;8;SHUFFLE;false;0;0;1;2;1;0;518604770;3600000;12;411.559499974828;70.5599994659424;0
optimal;71.0799999237061;1;124mb;8;SHUFFLE;false;0;0;1;2;1;0;518604770;3600000;12;412.464100052603;70.5599994659424;0
optimal;71.0799999237061;1;124mb;8;SHUFFLE;false;0;0;1;2;1;0;518604770;3600000;12;460.591899987776;70.5599994659424;0
optimal;71.0799999237061;1;124mb;8;SHUFFLE;false;0;0;1;2;1;0;518604770;3600000;12;465.425199945457;70.5599994659424;0
optimal;4.55999946594238;1;37mb;8;SHUFFLE;false;0;0;1;0;1;0;518604726;347;4;15.5576000106521;4.50999927520752;0
optimal;4.56999969482422;1;37mb;8;SHUFFLE;false;0;0;1;0;1;0;518604726;474;4;46.1077999789268;4.50999927520752;0
network_congestion;290.509999275208;2;409mb;8;SHUFFLE;false;5;4;2;0;2;0;1044633438;49330000;20;768.592400010675;281.029999732971;0
network_congestion;243.629999160767;2;348mb;8;SHUFFLE;false;5;4;2;2;2;0;1045769952;7200000;48;1317.0478999964;253.739999771118;0
network_congestion;156.029999732971;2;234mb;8;SHUFFLE;false;5;0;2;2;2;0;1045772456;7200000;42;1017.29920000071;188.959999084473;0
optimal;21.3199996948242;1;59mb;8;SHUFFLE;true;5;0;2;0;2;0;518610767;3600000;45;15.7458999892697;10.5799999237061;0
optimal;13.8399991989136;1;49mb;8;SHUFFLE;true;5;0;2;0;2;0;1045780812;7200000;24;28.8394000381231;13.0499992370605;0
network_congestion;176.589999198914;2;261mb;8;SHUFFLE;false;5;4;2;2;2;0;1045769760;7200000;20;1321.86119997641;188.769999504089;0
optimal;22.2199993133545;1;60mb;8;SHUFFLE;true;5;0;2;0;2;0;1045772392;7200000;48;32.2320000268519;10.75;0
optimal;55.0799999237061;1;103mb;8;SHUFFLE;false;0;0;1;2;1;0;518604770;3600000;12;410.697099985555;54.5499992370605;0
optimal;55.0799999237061;1;103mb;8;SHUFFLE;false;0;0;1;2;1;0;518604770;3600000;12;414.607600017916;54.5499992370605;0
optimal;50.1699991226196;1;97mb;8;SHUFFLE;false;0;0;1;2;1;0;1045765868;7200000;12;466.655600001104;50.1499996185303;0
optimal;55.0799999237061;1;103mb;8;SHUFFLE;false;0;0;1;2;1;0;518604770;3600000;12;470.896200044081;54.5499992370605;0
optimal;4.55999946594238;1;37mb;8;SHUFFLE;false;0;0;1;0;1;0;518604726;324;4;15.9793999628164;4.50999927520752;0
optimal;4.57999992370605;1;37mb;8;SHUFFLE;false;0;0;1;0;1;0;1045765824;478;4;30.4104000097141;4.51999950408936;0
optimal;4.52999973297119;1;37mb;8;SHUFFLE;false;0;0;1;0;1;0;518604722;97;4;15.7164999982342;4.48999977111816;0
optimal;14.039999961853;1;50mb;8;SHUFFLE;true;5;0;2;0;2;0;518608754;3600000;48;31.1986000160687;12.6299991607666;0
optimal;12.6499996185303;1;48mb;8;SHUFFLE;true;5;4;2;0;2;0;1045772370;7200000;46;32.1328000281937;12.5899991989136;0
optimal;29.8799991607666;1;70mb;8;SHUFFLE;true;0;0;1;2;1;0;518604790;3600000;16;259.419000009075;29.2399997711182;0
optimal;29.8799991607666;1;70mb;8;SHUFFLE;true;0;0;1;2;1;0;518604790;3600000;16;263.067800027784;29.2399997711182;0
optimal;29.8799991607666;1;70mb;8;SHUFFLE;false;0;0;1;2;1;0;518604790;3600000;16;235.938299971167;29.2399997711182;0
optimal;4.23999977111816;1;37mb;8;SHUFFLE;false;0;0;1;0;1;0;1045765832;117;8;29.5355000416748;4.21999931335449;0
optimal;4.19999980926514;1;37mb;8;SHUFFLE;false;0;0;1;0;1;0;518604734;209;8;23.9145000232384;4.17999935150146;0
optimal;4.1899995803833;1;37mb;8;SHUFFLE;false;0;0;1;0;1;0;518604734;353;8;14.6553000085987;4.17999935150146;0
optimal;27.2399997711182;1;67mb;8;SHUFFLE;true;5;0;2;0;2;0;518610768;3600000;46;17.8738000104204;10.2799997329712;0
network_congestion;372.809999465942;2;645mb;8;BROADCAST;false;5;0;2;0;2;0;1045765944;14400000;28;619.876499986276;418.609999656677;0
optimal;8.98999977111816;1;43mb;8;SHUFFLE;true;0;0;1;2;1;0;518604790;3600000;16;211.819599964656;8.16999912261963;0
optimal;8.98999977111816;1;43mb;8;SHUFFLE;true;0;0;1;2;1;0;518604790;3600000;16;212.459700007457;8.16999912261963;0
optimal;4.22999954223633;1;37mb;8;SHUFFLE;false;0;0;1;0;1;0;518604734;116;8;16.9559000059962;4.16999912261963;0
optimal;4.23999977111816;1;37mb;8;SHUFFLE;false;0;0;1;0;1;0;518604734;257;8;23.2301999931224;4.16999912261963;0
optimal;4.64999961853027;1;38mb;8;SHUFFLE;false;0;0;1;0;1;0;1045765832;260;8;20.7759999902919;4.21999931335449;0
optimal;4.23999977111816;1;37mb;8;SHUFFLE;false;0;0;1;0;1;0;518604734;339;8;18.6437999946065;4.16999912261963;0
optimal;4.5;1;37mb;8;SHUFFLE;false;0;0;1;0;1;0;1045765832;348;8;35.5427999747917;4.21999931335449;0
optimal;4.22999954223633;1;37mb;8;SHUFFLE;false;0;0;1;0;1;0;518604734;449;8;20.5950000090525;4.16999912261963;0
optimal;15.0099992752075;1;51mb;8;SHUFFLE;true;5;0;2;0;2;0;1045769808;7200000;40;30.8511999901384;13.0499992370605;0
optimal;8.98999977111816;1;43mb;8;SHUFFLE;true;0;0;1;2;1;0;518604790;3600000;16;208.991499966942;8.13999938964844;0
optimal;8.98999977111816;1;43mb;8;SHUFFLE;true;0;0;1;2;1;0;518604790;3600000;16;246.437099995092;8.13999938964844;0
optimal;8.98999977111816;1;43mb;8;SHUFFLE;true;0;0;1;2;1;0;518604790;3600000;16;212.989799969364;8.13999938964844;0
optimal;8.98999977111816;1;43mb;8;SHUFFLE;true;0;0;1;2;1;0;518604790;3600000;16;208.330399997067;8.13999938964844;0
optimal;4.20999908447266;1;37mb;8;SHUFFLE;false;0;0;1;0;1;0;518604734;220;8;18.5262999730185;4.13999938964844;0
optimal;4.20999908447266;1;37mb;8;SHUFFLE;false;0;0;1;0;1;0;518604734;336;8;30.8981999987736;4.13999938964844;0
optimal;4.33999919891357;1;37mb;8;SHUFFLE;false;0;0;1;0;1;0;1045765832;414;8;20.1570999925025;4.21999931335449;0
optimal;4.17999935150146;1;37mb;8;SHUFFLE;false;0;0;1;0;1;0;518604726;74;8;16.3196999928914;4.1299991607666;0
optimal;25.3499994277954;1;64mb;8;SHUFFLE;true;5;0;2;0;2;0;518608630;3600000;24;40.7848000177182;10.2699995040894;0
network_congestion;159.229999542236;1;238mb;8;SHUFFLE;false;5;0;2;0;2;0;1406580960;7200000;32;519.144899968524;149.489999771118;0
optimal;8.98999977111816;1;43mb;8;SHUFFLE;true;0;0;1;2;1;0;518604770;3600000;12;260.937299986836;8.3799991607666;0
optimal;8.98999977111816;1;43mb;8;SHUFFLE;true;0;0;1;2;1;0;518604770;3600000;12;263.482000038493;8.3799991607666;0
optimal;8.98999977111816;1;43mb;8;SHUFFLE;false;0;0;1;2;1;0;518604770;3600000;12;261.309100023936;8.98999977111816;0
optimal;8.98999977111816;1;43mb;8;SHUFFLE;true;0;0;1;2;1;0;518604770;3600000;12;264.423699991312;8.3799991607666;0
optimal;4.38999938964844;1;37mb;8;SHUFFLE;false;0;0;1;0;1;0;518604726;410;4;15.4404999921098;4.32999992370605;0
network_congestion;305.459999084473;2;429mb;8;SHUFFLE;false;5;0;2;0;2;0;1044633446;49330000;20;819.602500007022;295.209999084473;0
optimal;24.6399993896484;1;64mb;8;SHUFFLE;true;5;0;2;0;2;0;1045828391;7200000;33;27.5843000272289;11.3699998855591;0
network_congestion;142.359999656677;2;217mb;8;SHUFFLE;false;5;4;2;2;2;0;518616616;3600000;48;795.905499951914;144.469999313354;0
optimal;13.8799991607666;1;50mb;8;SHUFFLE;true;0;0;1;2;1;0;518604790;3600000;16;259.147799981292;13.2399997711182;0
optimal;4.19999980926514;1;37mb;8;SHUFFLE;false;0;0;1;0;1;0;518604734;439;8;16.0004000063054;4.16999912261963;0
optimal;4.81999969482422;1;38mb;8;SHUFFLE;false;0;0;1;0;1;0;518604734;449;8;18.9740000059828;4.16999912261963;0
network_congestion;44.3899993896484;2;89mb;8;SHUFFLE;false;5;4;2;2;2;0;1065311552;7200000;43;614.301699970383;45.9199991226196;0
optimal;12.6399993896484;1;48mb;8;SHUFFLE;true;5;4;2;0;2;0;518608714;3600000;44;39.1223999904469;12.2099990844727;0
optimal;12.6399993896484;1;48mb;8;SHUFFLE;true;5;4;2;0;2;0;518608714;3600000;44;28.1219000462443;12.2099990844727;0
optimal;21.5599994659424;1;60mb;8;SHUFFLE;true;5;0;2;0;2;0;1045772268;7200000;24;28.4678000025451;10.4199991226196;0
optimal;29.8899993896484;1;70mb;8;SHUFFLE;false;0;0;1;2;1;0;518604790;3600000;16;260.449599998537;29.2399997711182;0
optimal;29.8899993896484;1;70mb;8;SHUFFLE;true;0;0;1;2;1;0;518604790;3600000;16;257.969900034368;29.2399997711182;0
optimal;4.21999931335449;1;37mb;8;SHUFFLE;false;0;0;1;0;1;0;1045765832;123;8;18.2940000086091;4.21999931335449;0
optimal;4.21999931335449;1;37mb;8;SHUFFLE;false;0;0;1;0;1;0;518604734;418;8;15.6573000131175;4.17999935150146;0
network_congestion;286.099999427795;2;403mb;8;SHUFFLE;false;5;4;2;0;2;0;1044633482;49330000;32;770.551800029352;273.039999961853;0
network_congestion;300.099999427795;2;422mb;8;SHUFFLE;false;5;4;2;0;2;0;1044633470;49330000;28;726.014100015163;285.189999580383;0
network_congestion;3491.83999919891;4;4571mb;8;SHUFFLE;false;5;4;2;2;2;0;1276767300;102100000;32;29608.1108999788;3502.07999992371;0
optimal;27.9699993133545;1;68mb;8;SHUFFLE;true;0;0;1;2;1;0;1045765888;7200000;16;314.009300025646;29.0299997329712;0
optimal;21.6399993896484;1;60mb;8;SHUFFLE;true;0;0;1;2;1;0;518604790;3600000;16;263.486399955582;21.1899995803833;0
optimal;21.6799993515015;1;60mb;8;SHUFFLE;false;0;0;1;2;1;0;518604790;3600000;16;267.985700047575;21.1899995803833;0
optimal;21.6299991607666;1;60mb;8;SHUFFLE;true;0;0;1;2;1;0;518604790;3600000;16;285.190999973565;21.1899995803833;0
optimal;21.6699991226196;1;60mb;8;SHUFFLE;false;0;0;1;2;1;0;518604790;3600000;16;211.98069996899;21.1899995803833;0
optimal;12.6399993896484;1;48mb;8;SHUFFLE;true;5;4;2;0;2;0;1045769712;7200000;24;33.5092000314035;12.25;0
optimal;27.2999992370605;1;67mb;8;SHUFFLE;true;5;0;2;0;2;0;518616412;3600000;28;26.7065999796614;10.2999992370605;0
network_congestion;316.549999237061;2;443mb;8;SHUFFLE;false;5;0;2;0;2;0;1045765944;14400000;28;569.155499979388;307.139999389648;0
network_congestion;571.239999771118;2;774mb;8;SHUFFLE;false;5;4;2;0;2;0;1045765944;14400000;32;1016.85300003737;566.91999912262;0
optimal;8.98999977111816;1;43mb;8;SHUFFLE;true;0;0;1;2;1;0;518604790;3600000;16;211.036199994851;8.20999908447266;0
optimal;8.98999977111816;1;43mb;8;SHUFFLE;true;0;0;1;2;1;0;518604790;3600000;16;208.04350002436;8.20999908447266;0
optimal;9.1299991607666;1;43mb;8;SHUFFLE;true;0;0;1;2;1;0;1045765888;7200000;16;264.101399981882;8.44999980926514;0
optimal;9.11999988555908;1;43mb;8;SHUFFLE;true;0;0;1;2;1;0;1045765888;7200000;16;264.376800041646;8.76999950408936;0
optimal;4.28999996185303;1;37mb;8;SHUFFLE;false;0;0;1;0;1;0;518604734;176;8;14.9724999791943;4.20999908447266;0
optimal;4.28999996185303;1;37mb;8;SHUFFLE;false;0;0;1;0;1;0;518604734;265;8;15.2245999779552;4.20999908447266;0
network_congestion;123.66999912262;2;192mb;8;SHUFFLE;false;5;0;2;2;2;0;1065311448;7300000;28;1021.51220000815;122.629999160767;0
network_congestion;568.889999389648;4;1203mb;8;SHUFFLE;false;5;0;2;2;2;0;1045765996;95290000;28;2023.13380001578;913.459999084473;0
optimal;8.98999977111816;1;43mb;8;SHUFFLE;true;0;0;1;2;1;0;518604790;3600000;16;216.550100012682;8.10999965667725;0
optimal;8.98999977111816;1;43mb;8;SHUFFLE;true;0;0;1;2;1;0;518604790;3600000;16;210.281200008467;8.10999965667725;0
optimal;4.14999961853027;1;37mb;8;SHUFFLE;false;0;0;1;0;1;0;518604734;445;8;16.2339999806136;4.10999965667725;0
optimal;19.2099990844727;1;56mb;8;SHUFFLE;true;5;0;2;0;2;0;1045769828;7200000;44;75.6607999792323;10.3199996948242;0
optimal;12.6399993896484;1;48mb;8;SHUFFLE;true;5;4;2;0;2;0;518608714;3600000;44;17.3038999782875;12.1799993515015;0
network_congestion;20.1899995803833;1;58mb;8;BROADCAST;true;5;4;2;2;2;0;518616560;3600000;42;510.663200053386;20.1899995803833;0
network_congestion;582.229999542236;4;788mb;8;SHUFFLE;false;5;4;2;2;2;0;1045766008;96770000;32;1930.50680001033;605.359999656677;0
optimal;4.16999912261963;1;37mb;8;SHUFFLE;false;0;0;1;0;1;0;518604734;192;8;14.9721999769099;4.10999965667725;0
optimal;4.16999912261963;1;37mb;8;SHUFFLE;false;0;0;1;0;1;0;518604734;304;8;27.8312999871559;4.10999965667725;0
optimal;14.0699996948242;1;50mb;8;SHUFFLE;true;5;0;2;0;2;0;1045828407;7200000;37;62.4145999900065;13.1999998092651;0
network_congestion;26.5299997329712;2;66mb;8;SHUFFLE;false;5;0;2;2;2;0;518608798;3600000;35;721.602500008885;22.6499996185303;0
network_congestion;13.6399993896484;1;49mb;8;BROADCAST;true;5;4;2;2;2;0;1045769888;7200000;35;528.464499977417;12.3499994277954;0
optimal;13.6399993896484;1;49mb;8;BROADCAST;true;5;4;2;2;2;0;1045769888;7200000;35;467.66739996383;12.3499994277954;0
optimal;8.98999977111816;1;43mb;8;SHUFFLE;true;0;0;1;2;1;0;518604790;3600000;16;209.55229998799;8.06999969482422;0
optimal;4.10999965667725;1;37mb;8;SHUFFLE;false;0;0;1;0;1;0;518604734;238;8;24.1766999824904;4.07999992370605;0
network_congestion;18.7099990844727;2;56mb;8;SHUFFLE;false;5;0;2;2;2;0;1045780912;7230000;32;772.003299964126;21.0299997329712;0
network_congestion;793.089999198914;4;1660mb;8;SHUFFLE;false;5;0;2;2;2;0;1045765996;221110000;28;2824.54880001023;1218.55999946594;0
optimal;11.8799991607666;1;47mb;8;SHUFFLE;true;0;0;1;2;1;0;518604790;3600000;16;263.454700005241;11.2299995422363;0
optimal;11.8799991607666;1;47mb;8;SHUFFLE;true;0;0;1;2;1;0;518604790;3600000;16;260.365599999204;11.2299995422363;0
optimal;11.8799991607666;1;47mb;8;SHUFFLE;true;0;0;1;2;1;0;518604790;3600000;16;270.60089999577;11.2299995422363;0
optimal;12.9599990844727;1;48mb;8;SHUFFLE;true;0;0;1;2;1;0;1045765888;7200000;16;260.385699977633;12.3199996948242;0
optimal;4.19999980926514;1;37mb;8;SHUFFLE;false;0;0;1;0;1;0;518604734;282;8;15.6283999676816;4.16999912261963;0
network_congestion;130.66999912262;2;201mb;8;SHUFFLE;false;5;4;2;2;2;0;1045769904;7200000;43;1028.04989996366;133.449999809265;0
network_congestion;115.719999313354;2;182mb;8;SHUFFLE;false;5;0;2;2;2;0;518608702;3600000;24;822.335800039582;124.119999885559;0
network_congestion;80.1199998855591;2;136mb;8;SHUFFLE;false;5;0;2;2;2;0;1045769928;7200000;44;869.466600008309;79.1499996185303;0
optimal;27.289999961853;1;67mb;8;SHUFFLE;true;5;0;2;0;2;0;518616432;3600000;32;17.8609000286087;10.2999992370605;0
optimal;12.6399993896484;1;48mb;8;SHUFFLE;true;5;4;2;0;2;0;1045780812;7200000;28;31.8699000054039;12.2699995040894;0
optimal;6.98999977111816;1;41mb;8;SHUFFLE;true;0;0;1;2;1;0;518604790;3600000;16;213.251799985301;6.07999992370605;0
optimal;6.98999977111816;1;41mb;8;SHUFFLE;true;0;0;1;2;1;0;518604790;3600000;16;209.734299976844;6.07999992370605;0
optimal;2.11999988555908;1;34mb;8;SHUFFLE;false;0;0;1;0;1;0;518604734;289;8;15.0570999830961;2.07999992370605;0
network_congestion;472.779999732971;2;646mb;8;SHUFFLE;false;5;0;2;0;2;0;1045765944;14400000;28;665.1815000223;345.89999961853;0
optimal;8.98999977111816;1;43mb;8;SHUFFLE;true;0;0;1;2;1;0;518604790;3600000;16;208.588000037707;8.13999938964844;0
optimal;8.98999977111816;1;43mb;8;SHUFFLE;true;0;0;1;2;1;0;518604790;3600000;16;209.977799968328;8.13999938964844;0
optimal;4.23999977111816;1;37mb;8;SHUFFLE;false;0;0;1;0;1;0;518604734;379;8;21.781999967061;4.13999938964844;0
optimal;4.19999980926514;1;37mb;8;SHUFFLE;false;0;0;1;0;1;0;518604734;484;8;15.763400006108;4.13999938964844;0
optimal;4.17999935150146;1;37mb;8;SHUFFLE;false;0;0;1;0;1;0;518604734;496;8;14.8928000126034;4.13999938964844;0
network_congestion;642.429999351501;2;867mb;8;SHUFFLE;false;10;8;3;0;3;0;1392173670;469030000;56;1227.69540001173;626.439999580383;0
network_congestion;315.559999465942;2;442mb;8;SHUFFLE;false;5;0;2;0;2;0;1045765960;14400000;32;618.962900014594;314.769999504089;0
optimal;4.17999935150146;1;37mb;8;SHUFFLE;false;0;0;1;0;1;0;518604734;149;8;15.9222999936901;4.11999988555908;0
optimal;4.15999984741211;1;37mb;8;SHUFFLE;false;0;0;1;0;1;0;518604734;155;8;14.7995000006631;4.11999988555908;0
optimal;4.15999984741211;1;37mb;8;SHUFFLE;false;0;0;1;0;1;0;518604734;289;8;20.877200004179;4.11999988555908;0
optimal;4.25999927520752;1;37mb;8;SHUFFLE;false;0;0;1;0;1;0;1045765832;494;8;22.2687000059523;4.21999931335449;0
mem_waste;403.66999912262;2;695mb;8;BROADCAST;false;5;0;2;0;2;0;2466208952;133110000;32;864.630099968053;335.459999084473;0
optimal;13.8799991607666;1;50mb;8;SHUFFLE;true;5;0;2;0;2;0;1045769808;7200000;40;33.9912999770604;13.0499992370605;0
network_congestion;19.0599994659424;2;56mb;8;SHUFFLE;false;5;0;2;2;2;0;1045769928;7200000;44;715.746000001673;26.5799999237061;0
optimal;17.4899997711182;2;54mb;8;BROADCAST;true;5;4;2;2;2;0;1045780896;7200000;32;468.195100023877;18.8199996948242;0
network_congestion;316.529999732971;2;443mb;8;SHUFFLE;false;5;0;2;0;2;0;1045765940;14400000;28;514.555799949449;313.39999961853;0
network_congestion;316.359999656677;2;443mb;8;SHUFFLE;false;5;0;2;0;2;0;1045765940;14400000;28;517.349100031424;281.439999580383;0
optimal;9.46999931335449;1;44mb;8;SHUFFLE;true;0;0;1;2;1;0;1045765868;7200000;12;263.292699994054;8.90999984741211;0
optimal;8.98999977111816;1;43mb;8;SHUFFLE;true;0;0;1;2;1;0;518604770;3600000;12;261.091399996076;8.32999992370605;0
optimal;9.4399995803833;1;44mb;8;SHUFFLE;true;0;0;1;2;1;0;1045765868;7200000;12;263.753599952906;8.89999961853027;0
optimal;4.32999992370605;1;37mb;8;SHUFFLE;false;0;0;1;0;1;0;518604726;263;4;15.5280999606475;4.28999996185303;0
network_congestion;29.2799997329712;2;70mb;8;SHUFFLE;false;5;0;2;2;2;0;1045769892;7200000;39;923.169699963182;40.3599996566772;0
optimal;2.21999931335449;1;42mb;8;SHUFFLE;false;0;0;1;1;1;0;21040;34;28;16.1180000286549;2.19999980926514;0
optimal;2.21999931335449;1;42mb;8;SHUFFLE;false;0;0;1;1;1;0;21040;34;28;16.3697000243701;2.19999980926514;0
optimal;0.0887107849121094;1;36mb;8;SHUFFLE;false;0;0;1;0;1;0;21032;34;20;17.0184000162408;0.065312385559082;0
optimal;2.21999931335449;1;42mb;8;SHUFFLE;false;0;0;1;1;1;0;21038;34;27;23.0679999804124;2.19999980926514;0
optimal;2.21999931335449;1;42mb;8;SHUFFLE;false;0;0;1;1;1;0;21038;34;27;25.3702999907546;2.19999980926514;0
optimal;2.21999931335449;1;42mb;8;SHUFFLE;false;0;0;1;1;1;0;21038;34;27;16.6505000088364;2.19999980926514;0
optimal;0.0887107849121094;1;36mb;8;SHUFFLE;false;0;0;1;0;1;0;23138;42;19;17.7066000178456;0.0652923583984375;0
optimal;0.0887107849121094;1;36mb;8;SHUFFLE;false;0;0;1;0;1;0;21030;34;19;15.0835000094958;0.0652923583984375;0
optimal;0.0887107849121094;1;36mb;8;SHUFFLE;false;0;0;1;0;1;0;21030;34;19;18.4101000195369;0.0652923583984375;0
optimal;0.0887107849121094;1;36mb;8;SHUFFLE;false;0;0;1;0;1;0;23138;42;19;18.8922000234015;0.0652923583984375;0
optimal;0.0712890625;1;36mb;8;SHUFFLE;false;0;0;1;0;1;0;21011;34;19;18.7135000014678;0.0478610992431641;0
optimal;2.20999908447266;1;42mb;8;SHUFFLE;false;0;0;1;1;1;0;21016;34;16;15.5357000185177;2.1899995803833;0
optimal;2.20999908447266;1;42mb;8;SHUFFLE;false;0;0;1;1;1;0;21016;34;16;15.8220999874175;2.1899995803833;0
optimal;2.20999908447266;1;42mb;8;SHUFFLE;false;0;0;1;1;1;0;21016;34;16;14.5806000218727;2.1899995803833;0
optimal;0.0812692642211914;1;36mb;8;SHUFFLE;false;0;0;1;0;1;0;21008;34;8;14.5563000114635;0.0617380142211914;0
optimal;0.0812692642211914;1;36mb;8;SHUFFLE;false;0;0;1;0;1;0;21008;34;8;18.2807999663055;0.0617380142211914;0
optimal;0.0812692642211914;1;36mb;8;SHUFFLE;false;0;0;1;0;1;0;23116;42;8;17.0997999957763;0.0617380142211914;0
optimal;0.0812692642211914;1;36mb;8;SHUFFLE;false;0;0;1;0;1;0;21008;34;8;52.7133999858052;0.0617380142211914;0
optimal;0.0812692642211914;1;36mb;8;SHUFFLE;false;0;0;1;0;1;0;21008;34;8;14.6629000082612;0.0617380142211914;0
optimal;2.20999908447266;1;42mb;8;SHUFFLE;false;0;0;1;1;1;0;21016;34;16;55.3386000101455;2.1899995803833;0
optimal;2.20999908447266;1;42mb;8;SHUFFLE;false;0;0;1;1;1;0;21016;34;16;15.3459000284784;2.1899995803833;0
optimal;2.20999908447266;1;42mb;8;SHUFFLE;false;0;0;1;1;1;0;21016;34;16;18.7240000232123;2.1899995803833;0
optimal;2.20999908447266;1;42mb;8;SHUFFLE;false;0;0;1;1;1;0;21016;34;16;17.9319999879226;2.1899995803833;0
optimal;0.0812692642211914;1;36mb;8;SHUFFLE;false;0;0;1;0;1;0;23116;42;8;27.7909999713302;0.0617866516113281;0
optimal;0.0812692642211914;1;36mb;8;SHUFFLE;false;0;0;1;0;1;0;21008;34;8;14.9722000351176;0.0617866516113281;0
optimal;0.0812692642211914;1;36mb;8;SHUFFLE;false;0;0;1;0;1;0;23116;42;8;18.478200014215;0.0617866516113281;0
optimal;0.0812692642211914;1;36mb;8;SHUFFLE;false;0;0;1;0;1;0;23116;42;8;21.538800036069;0.0617866516113281;0
optimal;0.0812692642211914;1;36mb;8;SHUFFLE;false;0;0;1;0;1;0;21008;34;8;16.7790000559762;0.0617866516113281;0
optimal;0.0595703125;1;36mb;8;SHUFFLE;false;0;0;1;0;1;0;21000;34;8;11.2284999922849;0.0400876998901367;0
optimal;2.21999931335449;1;42mb;8;SHUFFLE;false;0;0;1;1;1;0;21032;34;24;21.2163000251167;2.19999980926514;0
optimal;2.21999931335449;1;42mb;8;SHUFFLE;false;0;0;1;1;1;0;21032;34;24;17.2810999793001;2.19999980926514;0
optimal;2.21999931335449;1;42mb;8;SHUFFLE;false;0;0;1;1;1;0;21032;34;24;15.9883000305854;2.19999980926514;0
optimal;2.21999931335449;1;42mb;8;SHUFFLE;false;0;0;1;1;1;0;21032;34;24;18.4464000049047;2.19999980926514;0
optimal;2.21999931335449;1;42mb;8;SHUFFLE;false;0;0;1;1;1;0;21032;34;24;18.7809999915771;2.19999980926514;0
optimal;2.21999931335449;1;42mb;8;SHUFFLE;false;0;0;1;1;1;0;21032;34;24;19.9209999991581;2.19999980926514;0
optimal;2.21999931335449;1;42mb;8;SHUFFLE;false;0;0;1;1;1;0;21032;34;24;18.2372000417672;2.19999980926514;0
optimal;2.21999931335449;1;42mb;8;SHUFFLE;false;0;0;1;1;1;0;21032;34;24;40.5758999986574;2.19999980926514;0
optimal;0.0887107849121094;1;36mb;8;SHUFFLE;false;0;0;1;0;1;0;21024;34;16;64.8278000298887;0.0653409957885742;0
optimal;0.0712890625;1;36mb;8;SHUFFLE;false;0;0;1;0;1;0;23116;42;16;24.911799991969;0.0479192733764648;0
optimal;2.21999931335449;1;42mb;8;SHUFFLE;false;0;0;1;1;1;0;23158;42;33;16.5081999730319;2.19999980926514;0
optimal;2.21999931335449;1;42mb;8;SHUFFLE;false;0;0;1;1;1;0;21050;34;33;16.7133000213653;2.19999980926514;0
optimal;2.21999931335449;1;42mb;8;SHUFFLE;false;0;0;1;1;1;0;21050;34;33;18.0152999819256;2.19999980926514;0
optimal;0.0887107849121094;1;36mb;8;SHUFFLE;false;0;0;1;0;1;0;21042;34;25;24.2565000080504;0.0652923583984375;0
optimal;0.0887107849121094;1;36mb;8;SHUFFLE;false;0;0;1;0;1;0;21042;34;25;17.9436000180431;0.0652923583984375;0
optimal;0.0887107849121094;1;36mb;8;SHUFFLE;false;0;0;1;0;1;0;21042;34;25;15.551200020127;0.0652923583984375;0
optimal;2.21999931335449;1;42mb;8;SHUFFLE;false;0;0;1;1;1;0;21058;34;37;15.6337000080384;2.19999980926514;0
optimal;2.21999931335449;1;42mb;8;SHUFFLE;false;0;0;1;1;1;0;21058;34;37;17.3430000431836;2.19999980926514;0
optimal;2.21999931335449;1;42mb;8;SHUFFLE;false;0;0;1;1;1;0;23162;42;35;17.8374000242911;2.19999980926514;0
optimal;0.0887107849121094;1;36mb;8;SHUFFLE;false;0;0;1;0;1;0;23154;42;27;19.0053000114858;0.065312385559082;0
optimal;0.0887107849121094;1;36mb;8;SHUFFLE;false;0;0;1;0;1;0;21050;34;29;19.3177000037394;0.0652923583984375;0
optimal;0.0887107849121094;1;36mb;8;SHUFFLE;false;0;0;1;0;1;0;21050;34;29;15.8354999730363;0.0652923583984375;0
optimal;2.19999980926514;1;42mb;8;SHUFFLE;false;0;0;1;1;1;0;21008;34;12;16.729100025259;2.17999935150146;0
optimal;2.19999980926514;1;42mb;8;SHUFFLE;false;0;0;1;1;1;0;21008;34;12;16.0010000108741;2.17999935150146;0
optimal;2.19999980926514;1;42mb;8;SHUFFLE;false;0;0;1;1;1;0;21008;34;12;14.9366999976337;2.17999935150146;0
optimal;2.19999980926514;1;42mb;8;SHUFFLE;false;0;0;1;1;1;0;23116;42;12;16.9155999901704;2.17999935150146;0
optimal;0.0806541442871094;1;36mb;8;SHUFFLE;false;0;0;1;0;1;0;21000;34;4;15.3371000196785;0.0718650817871094;0
optimal;0.0884666442871094;1;36mb;8;SHUFFLE;false;0;0;1;0;1;0;21000;34;4;15.7933000009507;0.0718650817871094;0
optimal;0.0884666442871094;1;36mb;8;SHUFFLE;false;0;0;1;0;1;0;21000;34;4;30.5486000142992;0.0718650817871094;0
optimal;2.21999931335449;1;42mb;8;SHUFFLE;false;0;0;1;1;1;0;23156;42;32;19.9162000208162;2.19999980926514;0
optimal;2.21999931335449;1;42mb;8;SHUFFLE;false;0;0;1;1;1;0;21048;34;32;16.9785000034608;2.19999980926514;0
optimal;2.21999931335449;1;42mb;8;SHUFFLE;false;0;0;1;1;1;0;21048;34;32;15.8517999807373;2.19999980926514;0
optimal;2.21999931335449;1;42mb;8;SHUFFLE;false;0;0;1;1;1;0;21048;34;32;24.107199977152;2.19999980926514;0
optimal;2.21999931335449;1;42mb;8;SHUFFLE;false;0;0;1;1;1;0;21048;34;32;48.0206000502221;2.19999980926514;0
optimal;0.0848045349121094;1;36mb;8;SHUFFLE;false;0;0;1;0;1;0;21040;34;24;14.7818000405096;0.0613670349121094;0
optimal;0.0673828125;1;36mb;8;SHUFFLE;false;0;0;1;0;1;0;21016;34;24;15.4405999928713;0.0439453125;0
optimal;2.21999931335449;1;42mb;8;SHUFFLE;false;0;0;1;1;1;0;23158;42;33;20.3204000135884;2.19999980926514;0
optimal;2.21999931335449;1;42mb;8;SHUFFLE;false;0;0;1;1;1;0;21048;34;32;16.0828999942169;2.19999980926514;0
optimal;2.21999931335449;1;42mb;8;SHUFFLE;false;0;0;1;1;1;0;21048;34;32;18.1580000207759;2.19999980926514;0
optimal;2.21999931335449;1;42mb;8;SHUFFLE;false;0;0;1;1;1;0;21048;34;32;21.5427000075579;2.19999980926514;0
optimal;0.0848045349121094;1;36mb;8;SHUFFLE;false;0;0;1;0;1;0;21040;34;24;15.4685999732465;0.0613670349121094;0
optimal;0.0673828125;1;36mb;8;SHUFFLE;false;0;0;1;0;1;0;21016;34;24;23.282999987714;0.0439453125;0
optimal;2.21999931335449;1;42mb;8;SHUFFLE;false;0;0;1;1;1;0;21096;34;56;15.3630000422709;2.19999980926514;0
optimal;2.21999931335449;1;42mb;8;SHUFFLE;false;0;0;1;1;1;0;21096;34;56;36.0712999827228;2.19999980926514;0
optimal;2.21999931335449;1;42mb;8;SHUFFLE;false;0;0;1;1;1;0;21096;34;56;19.8149000061676;2.19999980926514;0
optimal;2.21999931335449;1;42mb;8;SHUFFLE;false;0;0;1;1;1;0;21096;34;56;15.45070001157;2.19999980926514;0
optimal;2.21999931335449;1;42mb;8;SHUFFLE;false;0;0;1;1;1;0;21096;34;56;15.7558000064455;2.19999980926514;0
optimal;2.21999931335449;1;42mb;8;SHUFFLE;false;0;0;1;1;1;0;21096;34;56;21.3801999925636;2.19999980926514;0
optimal;2.21999931335449;1;42mb;8;SHUFFLE;false;0;0;1;1;1;0;21096;34;56;19.6355000371113;2.19999980926514;0
optimal;0.0769920349121094;1;36mb;8;SHUFFLE;false;0;0;1;0;1;0;21088;34;48;20.1918999664485;0.0613670349121094;0
optimal;0.0848045349121094;1;36mb;8;SHUFFLE;false;0;0;1;0;1;0;23196;42;48;17.7312000305392;0.0613670349121094;0
optimal;2.21999931335449;1;42mb;8;SHUFFLE;false;0;0;1;1;1;0;21138;34;77;15.3076000278816;2.19999980926514;0
optimal;2.21999931335449;1;42mb;8;SHUFFLE;false;0;0;1;1;1;0;21138;34;77;16.2986000068486;2.19999980926514;0
optimal;2.21999931335449;1;42mb;8;SHUFFLE;false;0;0;1;1;1;0;23256;42;82;17.90279999841;2.19999980926514;0
optimal;2.21999931335449;1;42mb;8;SHUFFLE;false;0;0;1;1;1;0;21138;34;77;14.6170000080019;2.19999980926514;0
optimal;0.0848045349121094;1;36mb;8;SHUFFLE;false;0;0;1;0;1;0;21130;34;69;21.9110000180081;0.0613670349121094;0
optimal;0.0848045349121094;1;36mb;8;SHUFFLE;false;0;0;1;0;1;0;21130;34;69;15.817099949345;0.0613670349121094;0
optimal;0.0848045349121094;1;36mb;8;SHUFFLE;false;0;0;1;0;1;0;21130;34;69;23.8436000072397;0.0613670349121094;0
optimal;0.0673828125;1;36mb;8;SHUFFLE;false;0;0;1;0;1;0;21061;34;69;15.9964999766089;0.0439453125;0
optimal;2.20999908447266;1;42mb;8;SHUFFLE;false;0;0;1;1;1;0;21016;34;16;17.0726000214927;2.1899995803833;0
optimal;2.20999908447266;1;42mb;8;SHUFFLE;false;0;0;1;1;1;0;21016;34;16;15.7730000209995;2.1899995803833;0
optimal;2.20999908447266;1;42mb;8;SHUFFLE;false;0;0;1;1;1;0;21016;34;16;22.1057999879122;2.1899995803833;0
optimal;2.20999908447266;1;42mb;8;SHUFFLE;false;0;0;1;1;1;0;21016;34;16;19.9356999946758;2.1899995803833;0
optimal;0.0812692642211914;1;36mb;8;SHUFFLE;false;0;0;1;0;1;0;21008;34;8;15.4320999863558;0.0617866516113281;0
optimal;0.0812692642211914;1;36mb;8;SHUFFLE;false;0;0;1;0;1;0;21008;34;8;19.5427999715321;0.0617866516113281;0
optimal;2.21999931335449;1;42mb;8;SHUFFLE;false;0;0;1;1;1;0;23144;42;26;18.1671000318602;2.19999980926514;0
optimal;2.21999931335449;1;42mb;8;SHUFFLE;false;0;0;1;1;1;0;21036;34;26;14.4149000407197;2.19999980926514;0
optimal;2.21999931335449;1;42mb;8;SHUFFLE;false;0;0;1;1;1;0;21036;34;26;15.7602999825031;2.19999980926514;0
optimal;2.21999931335449;1;42mb;8;SHUFFLE;false;0;0;1;1;1;0;21036;34;26;22.1352999797091;2.19999980926514;0
optimal;0.0887107849121094;1;36mb;8;SHUFFLE;false;0;0;1;0;1;0;21028;34;18;15.3894999530166;0.0653409957885742;0
optimal;0.0887107849121094;1;36mb;8;SHUFFLE;false;0;0;1;0;1;0;21028;34;18;15.8655000268482;0.0653409957885742;0
optimal;0.0712890625;1;36mb;8;SHUFFLE;false;0;0;1;0;1;0;21010;34;18;14.7569999680854;0.0479192733764648;0
optimal;2.20999908447266;1;42mb;8;SHUFFLE;false;0;0;1;1;1;0;21016;34;16;18.0292000295594;2.1899995803833;0
optimal;2.20999908447266;1;42mb;8;SHUFFLE;false;0;0;1;1;1;0;21016;34;16;15.0388000183739;2.1899995803833;0
optimal;0.0812692642211914;1;36mb;8;SHUFFLE;false;0;0;1;0;1;0;21008;34;8;15.0941999745555;0.0617380142211914;0
optimal;2.19999980926514;1;42mb;8;SHUFFLE;false;0;0;1;1;1;0;21008;34;12;15.6768999877386;2.17999935150146;0
optimal;2.19999980926514;1;42mb;8;SHUFFLE;false;0;0;1;1;1;0;21008;34;12;17.4404999706894;2.17999935150146;0
optimal;0.0884666442871094;1;36mb;8;SHUFFLE;false;0;0;1;0;1;0;21000;34;4;20.6890999688767;0.0718650817871094;0
optimal;0.0884666442871094;1;36mb;8;SHUFFLE;false;0;0;1;0;1;0;21000;34;4;15.4330999939702;0.0718650817871094;0
optimal;0.0884666442871094;1;36mb;8;SHUFFLE;false;0;0;1;0;1;0;21000;34;4;15.7904999796301;0.0718650817871094;0
optimal;0.0556640625;1;36mb;8;SHUFFLE;false;0;0;1;0;1;0;20996;34;4;30.9806999866851;0.0361423492431641;0
optimal;0.0556640625;1;36mb;8;SHUFFLE;false;0;0;1;0;1;0;20996;34;4;14.7031000233255;0.0361423492431641;0
optimal;2.19999980926514;1;42mb;8;SHUFFLE;false;0;0;1;1;1;0;21008;34;12;15.3400999843143;2.17999935150146;0
optimal;2.19999980926514;1;42mb;8;SHUFFLE;false;0;0;1;1;1;0;21008;34;12;16.0403000190854;2.17999935150146;0
optimal;2.19999980926514;1;42mb;8;SHUFFLE;false;0;0;1;1;1;0;21008;34;12;22.0806999714114;2.17999935150146;0
optimal;0.0884666442871094;1;36mb;8;SHUFFLE;false;0;0;1;0;1;0;21000;34;4;21.3972999481484;0.0718650817871094;0
optimal;0.0884666442871094;1;36mb;8;SHUFFLE;false;0;0;1;0;1;0;21000;34;4;17.3518999945372;0.0718650817871094;0
optimal;0.0884666442871094;1;36mb;8;SHUFFLE;false;0;0;1;0;1;0;21000;34;4;17.8870999952778;0.0718650817871094;0
optimal;0.0884666442871094;1;36mb;8;SHUFFLE;false;0;0;1;0;1;0;21000;34;4;16.6253000497818;0.0718650817871094;0
optimal;0.0884666442871094;1;36mb;8;SHUFFLE;false;0;0;1;0;1;0;21000;34;4;14.7476000129245;0.0718650817871094;0
optimal;0.0884666442871094;1;36mb;8;SHUFFLE;false;0;0;1;0;1;0;21000;34;4;19.9751000036485;0.0718650817871094;0
optimal;2.21999931335449;1;42mb;8;SHUFFLE;false;0;0;1;1;1;0;21056;34;36;18.7027000356466;2.19999980926514;0
optimal;2.21999931335449;1;42mb;8;SHUFFLE;false;0;0;1;1;1;0;21056;34;36;18.0281999637373;2.19999980926514;0
optimal;2.21999931335449;1;42mb;8;SHUFFLE;false;0;0;1;1;1;0;21056;34;36;16.3967000553384;2.19999980926514;0
optimal;2.21999931335449;1;42mb;8;SHUFFLE;false;0;0;1;1;1;0;21056;34;36;15.7920000492595;2.19999980926514;0
optimal;2.21999931335449;1;42mb;8;SHUFFLE;false;0;0;1;1;1;0;21056;34;36;113.952399988193;2.19999980926514;0
optimal;0.0848045349121094;1;36mb;8;SHUFFLE;false;0;0;1;0;1;0;23156;42;28;25.4847999894992;0.0613670349121094;0
optimal;0.0848045349121094;1;36mb;8;SHUFFLE;false;0;0;1;0;1;0;21048;34;28;15.7134000328369;0.0613670349121094;0
optimal;0.0848045349121094;1;36mb;8;SHUFFLE;false;0;0;1;0;1;0;21048;34;28;36.7620999459177;0.0613670349121094;0
optimal;0.0848045349121094;1;36mb;8;SHUFFLE;false;0;0;1;0;1;0;21048;34;28;15.0157000171021;0.0613670349121094;0
optimal;0.0848045349121094;1;36mb;8;SHUFFLE;false;0;0;1;0;1;0;21048;34;28;14.7609999985434;0.0613670349121094;0
optimal;2.21999931335449;1;42mb;8;SHUFFLE;false;0;0;1;1;1;0;23136;42;22;22.6214999565855;2.19999980926514;0
optimal;2.21999931335449;1;42mb;8;SHUFFLE;false;0;0;1;1;1;0;21028;34;22;17.7976000122726;2.19999980926514;0
optimal;2.21999931335449;1;42mb;8;SHUFFLE;false;0;0;1;1;1;0;21028;34;22;15.505800023675;2.19999980926514;0
optimal;2.21999931335449;1;42mb;8;SHUFFLE;false;0;0;1;1;1;0;21028;34;22;23.9953999989666;2.19999980926514;0
optimal;2.21999931335449;1;42mb;8;SHUFFLE;false;0;0;1;1;1;0;23136;42;22;21.0590999922715;2.19999980926514;0
optimal;0.0887107849121094;1;36mb;8;SHUFFLE;false;0;0;1;0;1;0;23128;42;14;17.3780000186525;0.065312385559082;0
optimal;0.0887107849121094;1;36mb;8;SHUFFLE;false;0;0;1;0;1;0;23128;42;14;17.8329000482336;0.065312385559082;0
optimal;0.0887107849121094;1;36mb;8;SHUFFLE;false;0;0;1;0;1;0;21020;34;14;14.7265000268817;0.0652923583984375;0
optimal;0.0712890625;1;36mb;8;SHUFFLE;false;0;0;1;0;1;0;23114;42;14;19.0383000299335;0.0478897094726562;0
optimal;2.21999931335449;1;42mb;8;SHUFFLE;false;0;0;1;1;1;0;23150;42;29;29.816199967172;2.19999980926514;0
optimal;2.21999931335449;1;42mb;8;SHUFFLE;false;0;0;1;1;1;0;21042;34;29;16.1519999965094;2.19999980926514;0
optimal;2.21999931335449;1;42mb;8;SHUFFLE;false;0;0;1;1;1;0;21042;34;29;15.6353000202216;2.19999980926514;0
optimal;2.21999931335449;1;42mb;8;SHUFFLE;false;0;0;1;1;1;0;21042;34;29;19.1267000045627;2.19999980926514;0
optimal;0.0848045349121094;1;36mb;8;SHUFFLE;false;0;0;1;0;1;0;23142;42;21;17.5125999958254;0.0613670349121094;0
optimal;0.0848045349121094;1;36mb;8;SHUFFLE;false;0;0;1;0;1;0;21034;34;21;16.8465999886394;0.0613670349121094;0
optimal;0.0848045349121094;1;36mb;8;SHUFFLE;false;0;0;1;0;1;0;21034;34;21;20.6389999948442;0.0613670349121094;0
optimal;0.0595703125;1;36mb;8;SHUFFLE;false;0;0;1;0;1;0;21013;34;21;15.7521999790333;0.0439453125;0
optimal;2.21999931335449;1;42mb;8;SHUFFLE;false;0;0;1;1;1;0;21030;34;23;14.6263000206091;2.19999980926514;0
optimal;0.0848045349121094;1;36mb;8;SHUFFLE;false;0;0;1;0;1;0;21022;34;15;25.7803999702446;0.0613670349121094;0
optimal;0.0848045349121094;1;36mb;8;SHUFFLE;false;0;0;1;0;1;0;23130;42;15;21.6371000278741;0.0613670349121094;0
optimal;0.0848045349121094;1;36mb;8;SHUFFLE;false;0;0;1;0;1;0;21022;34;15;19.4900000351481;0.0613670349121094;0
optimal;0.0848045349121094;1;36mb;8;SHUFFLE;false;0;0;1;0;1;0;21022;34;15;18.2572999619879;0.0613670349121094;0
optimal;2.21999931335449;1;42mb;8;SHUFFLE;false;0;0;1;1;1;0;21032;34;24;14.6076999953948;2.19999980926514;0
optimal;2.21999931335449;1;42mb;8;SHUFFLE;false;0;0;1;1;1;0;23140;42;24;21.2763999588788;2.19999980926514;0
optimal;2.21999931335449;1;42mb;8;SHUFFLE;false;0;0;1;1;1;0;21032;34;24;19.3685999838635;2.19999980926514;0
optimal;2.21999931335449;1;42mb;8;SHUFFLE;false;0;0;1;1;1;0;21032;34;24;15.9714000183158;2.19999980926514;0
optimal;0.0848045349121094;1;36mb;8;SHUFFLE;false;0;0;1;0;1;0;23132;42;16;17.4985000048764;0.0613670349121094;0
optimal;0.0848045349121094;1;36mb;8;SHUFFLE;false;0;0;1;0;1;0;21024;34;16;18.7721999827772;0.0613670349121094;0
optimal;2.21999931335449;1;42mb;8;SHUFFLE;false;0;0;1;1;1;0;23148;42;28;22.238000005018;2.19999980926514;0
optimal;2.21999931335449;1;42mb;8;SHUFFLE;false;0;0;1;1;1;0;21040;34;28;19.5418000221252;2.19999980926514;0
optimal;0.0848045349121094;1;36mb;8;SHUFFLE;false;0;0;1;0;1;0;21032;34;20;22.1298999967985;0.0613670349121094;0
optimal;2.19999980926514;1;42mb;8;SHUFFLE;false;0;0;1;1;1;0;21008;34;12;18.6748999985866;2.17999935150146;0
optimal;2.19999980926514;1;42mb;8;SHUFFLE;false;0;0;1;1;1;0;21008;34;12;18.8563999836333;2.17999935150146;0
optimal;2.19999980926514;1;42mb;8;SHUFFLE;false;0;0;1;1;1;0;21008;34;12;17.7525999606587;2.17999935150146;0
optimal;2.19999980926514;1;42mb;8;SHUFFLE;false;0;0;1;1;1;0;21008;34;12;17.9734000121243;2.17999935150146;0
optimal;2.19999980926514;1;42mb;8;SHUFFLE;false;0;0;1;1;1;0;23116;42;12;19.432200002484;2.17999935150146;0
optimal;2.19999980926514;1;42mb;8;SHUFFLE;false;0;0;1;1;1;0;21008;34;12;15.6089999945834;2.17999935150146;0
optimal;2.19999980926514;1;42mb;8;SHUFFLE;false;0;0;1;1;1;0;21008;34;12;16.0128000425175;2.17999935150146;0
optimal;2.19999980926514;1;42mb;8;SHUFFLE;false;0;0;1;1;1;0;23116;42;12;18.6648999806494;2.17999935150146;0
optimal;2.19999980926514;1;42mb;8;SHUFFLE;false;0;0;1;1;1;0;21008;34;12;15.2743000071496;2.17999935150146;0
optimal;0.0884666442871094;1;36mb;8;SHUFFLE;false;0;0;1;0;1;0;21000;34;4;14.9507000460289;0.0718650817871094;0
optimal;0.0884666442871094;1;36mb;8;SHUFFLE;false;0;0;1;0;1;0;21000;34;4;15.8175000105985;0.0718650817871094;0
optimal;0.0884666442871094;1;36mb;8;SHUFFLE;false;0;0;1;0;1;0;21000;34;4;22.3221000051126;0.0718650817871094;0
optimal;0.0884666442871094;1;36mb;8;SHUFFLE;false;0;0;1;0;1;0;21000;34;4;15.0642999797128;0.0718650817871094;0
optimal;0.0884666442871094;1;36mb;8;SHUFFLE;false;0;0;1;0;1;0;23108;42;4;20.9284999873489;0.0718650817871094;0
optimal;0.0556640625;1;36mb;8;SHUFFLE;false;0;0;1;0;1;0;20996;34;4;18.7293000053614;0.0361328125;0
optimal;2.21999931335449;1;42mb;8;SHUFFLE;false;0;0;1;1;1;0;21034;34;25;15.1339999865741;2.19999980926514;0
optimal;2.21999931335449;1;42mb;8;SHUFFLE;false;0;0;1;1;1;0;21034;34;25;24.3603000417352;2.19999980926514;0
optimal;2.21999931335449;1;42mb;8;SHUFFLE;false;0;0;1;1;1;0;21034;34;25;17.5671000033617;2.19999980926514;0
optimal;0.0887107849121094;1;36mb;8;SHUFFLE;false;0;0;1;0;1;0;21026;34;17;68.2853999896906;0.065312385559082;0
optimal;0.0887107849121094;1;36mb;8;SHUFFLE;false;0;0;1;0;1;0;21026;34;17;18.7343999859877;0.065312385559082;0
optimal;0.0887107849121094;1;36mb;8;SHUFFLE;false;0;0;1;0;1;0;21026;34;17;16.2254999740981;0.065312385559082;0
optimal;0.0887107849121094;1;36mb;8;SHUFFLE;false;0;0;1;0;1;0;21026;34;17;14.9896999937482;0.065312385559082;0
optimal;0.0887107849121094;1;36mb;8;SHUFFLE;false;0;0;1;0;1;0;21026;34;17;15.7015000004321;0.065312385559082;0
optimal;0.0887107849121094;1;36mb;8;SHUFFLE;false;0;0;1;0;1;0;21026;34;17;15.1685999589972;0.065312385559082;0
network_congestion;84.6599998474121;2;142mb;8;SHUFFLE;false;17;16;5;2;5;0;1195740076;7200000;130;666.954099957366;111.529999732971;0
network_congestion;81.1299991607666;2;137mb;8;SHUFFLE;false;17;16;5;2;5;0;1195740076;7200000;130;666.428099968471;112.449999809265;0
network_congestion;131.189999580383;2;252mb;8;BROADCAST;false;17;16;5;2;5;0;254182256;14400000;130;969.479000021238;188.379999160767;0
network_congestion;85.7099990844727;2;143mb;8;SHUFFLE;false;17;16;5;2;5;0;1195740076;7200000;130;669.504200050142;111.519999504089;0
network_congestion;131.189999580383;2;252mb;8;BROADCAST;false;17;16;5;2;5;0;254182256;14400000;130;1022.79879996786;187.379999160767;0
network_congestion;85.6499996185303;2;143mb;8;SHUFFLE;false;17;16;5;2;5;0;1195740076;7200000;130;667.369200033136;112.159999847412;0
network_congestion;131.189999580383;2;252mb;8;BROADCAST;false;17;16;5;2;5;0;254182256;14400000;130;1121.86830001883;187.769999504089;0
network_congestion;85.8699998855591;2;143mb;8;SHUFFLE;false;17;16;5;2;5;0;1195740076;7200000;130;722.341699991375;112.349999427795;0
network_congestion;86.3599996566772;2;144mb;8;SHUFFLE;false;17;16;5;2;5;0;1195740076;7200000;130;664.257400028873;113.019999504089;0
network_congestion;84.8999996185303;2;142mb;8;SHUFFLE;false;17;16;5;2;5;0;1195740076;7200000;130;670.701099967118;112.509999275208;0
network_congestion;85.5;2;143mb;8;SHUFFLE;false;17;16;5;2;5;0;1195740076;7200000;130;722.693599993363;111.859999656677;0
network_congestion;81.2299995422363;2;137mb;8;SHUFFLE;false;17;16;5;2;5;0;1195740076;7200000;130;726.150700007565;112.139999389648;0
network_congestion;84.8899993896484;2;142mb;8;SHUFFLE;false;17;16;5;2;5;0;1195740076;7200000;130;667.910100019071;111.529999732971;0
network_congestion;84.8599996566772;2;142mb;8;SHUFFLE;false;17;16;5;2;5;0;1195740076;7200000;130;664.771200041287;111.549999237061;0
network_congestion;86.3499994277954;2;144mb;8;SHUFFLE;false;17;16;5;2;5;0;1195740076;7200000;130;662.987099960446;111.629999160767;0
network_congestion;85.1399993896484;2;142mb;8;SHUFFLE;false;17;16;5;2;5;0;1195740076;7200000;130;664.70510000363;112.339999198914;0
network_congestion;131.189999580383;2;252mb;8;BROADCAST;false;17;16;5;2;5;0;254182256;14400000;130;1123.6241000006;188.739999771118;0
network_congestion;81.1299991607666;2;137mb;8;SHUFFLE;false;17;16;5;2;5;0;1195740076;7200000;130;675.850100000389;112.349999427795;0
network_congestion;81.039999961853;2;137mb;8;SHUFFLE;false;17;16;5;2;5;0;1195740076;7200000;130;672.659000032581;112.14999961853;0
network_congestion;84.4499998092651;2;141mb;8;SHUFFLE;false;17;16;5;2;5;0;1195740076;7200000;130;671.158600016497;111.559999465942;0
network_congestion;85.5;2;143mb;8;SHUFFLE;false;17;16;5;2;5;0;1195740076;7200000;130;717.502199986484;112.139999389648;0
network_congestion;65.2099990844727;4;151mb;8;BROADCAST;false;16;16;5;2;5;0;3659533;14400000;152;2346.54459997546;115.139999389648;0
network_congestion;46.5099992752075;2;92mb;8;SHUFFLE;false;16;16;5;2;5;0;1070727804;7200000;152;1623.9708000212;59.25;0
network_congestion;65.2099990844727;2;116mb;8;SHUFFLE;false;16;16;5;2;5;0;3659533;14400000;152;1022.98140001949;79.4199991226196;0
network_congestion;46.5099992752075;2;109mb;8;BROADCAST;false;16;16;5;2;5;0;3659533;14400000;152;528.771899989806;79.8999996185303;0
network_congestion;46.5099992752075;2;109mb;8;BROADCAST;false;16;16;5;2;5;0;3659533;14400000;152;518.373000028078;79.4199991226196;0
network_congestion;46.5099992752075;2;92mb;8;SHUFFLE;false;16;16;5;2;5;0;1070727804;7200000;152;516.84179995209;59.25;0
network_congestion;46.5099992752075;4;92mb;8;SHUFFLE;false;16;16;5;2;5;0;1070727804;7200000;152;2039.45919999387;74.75;0
network_congestion;46.5099992752075;2;109mb;8;BROADCAST;false;16;16;5;2;5;0;3659533;14400000;152;523.192699998617;79.4199991226196;0
network_congestion;46.5099992752075;2;92mb;8;SHUFFLE;false;16;16;5;2;5;0;1070727804;7200000;152;515.59130003443;59.1999998092651;0
network_congestion;46.5099992752075;2;92mb;8;SHUFFLE;false;16;16;5;2;5;0;1070727804;7200000;152;769.194199994672;59.1999998092651;0
network_congestion;65.2099990844727;4;151mb;8;BROADCAST;false;16;16;5;2;5;0;3659533;14400000;152;2036.74050001428;115.609999656677;0
network_congestion;46.9899997711182;2;109mb;8;BROADCAST;false;16;16;5;2;5;0;3659533;14400000;152;524.345799989533;79.4199991226196;0
network_congestion;46.5099992752075;2;92mb;8;SHUFFLE;false;16;16;5;2;5;0;1070727804;7200000;152;517.221799993422;59.1999998092651;0
network_congestion;65.2099990844727;2;116mb;8;SHUFFLE;false;16;16;5;2;5;0;3659533;14400000;152;1027.80500001973;79.8999996185303;0
network_congestion;42.7099990844727;2;87mb;8;SHUFFLE;false;16;16;5;2;5;0;1070727604;7200000;152;822.084199986421;55.1099996566772;0
network_congestion;65.2099990844727;4;151mb;8;BROADCAST;false;16;16;5;2;5;0;3659533;14400000;152;2128.29600000987;115.139999389648;0
network_congestion;46.5099992752075;2;109mb;8;BROADCAST;false;16;16;5;2;5;0;3659533;14400000;152;518.538699951023;79.8599996566772;0
network_congestion;46.5099992752075;2;92mb;8;SHUFFLE;false;16;16;5;2;5;0;1070727804;7200000;152;512.034200015478;59.25;0
network_congestion;46.5099992752075;2;92mb;8;SHUFFLE;false;16;16;5;2;5;0;1070727804;7200000;152;769.284899986815;59.1999998092651;0
network_congestion;46.5099992752075;2;109mb;8;BROADCAST;false;16;16;5;2;5;0;3659533;14400000;152;523.228099977132;79.4199991226196;0
network_congestion;46.5099992752075;2;92mb;8;SHUFFLE;false;16;16;5;2;5;0;1070727804;7200000;152;517.258999985643;59.25;0
network_congestion;65.2099990844727;4;151mb;8;BROADCAST;false;16;16;5;2;5;0;3659533;14400000;152;2329.47280001827;115.139999389648;0
network_congestion;46.5099992752075;2;92mb;8;SHUFFLE;false;16;16;5;2;5;0;1070727804;7200000;152;1731.68389999773;59.2199993133545;0
network_congestion;46.5099992752075;2;92mb;8;SHUFFLE;false;16;16;5;2;5;0;1070727804;7200000;152;1828.964299988;59.25;0
network_congestion;46.5099992752075;2;92mb;8;SHUFFLE;false;16;16;5;2;5;0;1070727804;7200000;152;519.441699958406;59.1999998092651;0
network_congestion;46.5099992752075;2;92mb;8;SHUFFLE;false;16;16;5;2;5;0;1070727804;7200000;152;573.643399984576;59.1999998092651;0
network_congestion;46.5099992752075;2;92mb;8;SHUFFLE;false;16;16;5;2;5;0;1070727804;7200000;152;516.762899991591;58.4199991226196;0
network_congestion;46.5099992752075;2;109mb;8;BROADCAST;false;16;16;5;2;5;0;3659533;14400000;152;517.284100002144;79.4199991226196;0
network_congestion;46.5099992752075;2;109mb;8;BROADCAST;false;16;16;5;2;5;0;3659533;14400000;152;517.556299979333;79.8999996185303;0
network_congestion;46.5099992752075;2;92mb;8;SHUFFLE;false;16;16;5;2;5;0;1070727804;7200000;152;820.539200038183;59.1999998092651;0
network_congestion;46.5099992752075;2;92mb;8;SHUFFLE;false;16;16;5;2;5;0;1070727804;7200000;152;873.991300002672;59.1999998092651;0
network_congestion;46.4099998474121;2;92mb;8;SHUFFLE;false;16;16;5;2;5;0;522264890;3600000;146;572.495600034017;59.0999994277954;0
network_congestion;46.4199991226196;2;92mb;8;SHUFFLE;false;16;16;5;2;5;0;1049428601;7200000;145;1831.79620001465;59.1199998855591;0
optimal;46.4099998474121;2;92mb;8;SHUFFLE;true;16;16;5;2;5;0;522264890;3600000;146;30.4913999862038;44.8599996566772;0
codegen_heavy;46.4199991226196;2;92mb;8;SHUFFLE;false;16;16;5;2;5;0;1049428601;7200000;145;483.57500002021;59.5899991989136;0
optimal;46.4099998474121;2;92mb;8;SHUFFLE;true;16;16;5;2;5;0;522264890;3600000;146;32.7426000148989;44.8899993896484;0
optimal;46.4099998474121;2;92mb;8;SHUFFLE;true;16;16;5;2;5;0;522264890;3600000;146;61.3480999600142;44.8799991607666;0
network_congestion;46.4199991226196;2;92mb;8;SHUFFLE;false;16;16;5;2;5;0;1049428601;7200000;145;821.130500000436;59.5899991989136;0
network_congestion;46.4099998474121;2;92mb;8;SHUFFLE;false;16;16;5;2;5;0;522264890;3600000;146;669.470999971963;59.0999994277954;0
network_congestion;46.4199991226196;2;92mb;8;SHUFFLE;false;16;16;5;2;5;0;1049428601;7200000;145;574.62069997564;57.4599990844727;0
network_congestion;46.4099998474121;4;92mb;8;SHUFFLE;false;16;16;5;2;5;0;522264890;3600000;146;1931.89700000221;74.5999994277954;0
network_congestion;46.8899993896484;2;92mb;8;SHUFFLE;false;16;16;5;2;5;0;1049428601;7200000;145;826.750599953812;59.1199998855591;0
network_congestion;46.4199991226196;2;92mb;8;SHUFFLE;false;16;16;5;2;5;0;1049428601;7200000;145;784.03600002639;59.5899991989136;0
network_congestion;40.7199993133545;2;84mb;8;SHUFFLE;false;16;16;5;2;5;0;522264690;3600000;146;615.729300014209;55.0599994659424;0
optimal;46.4099998474121;2;92mb;8;SHUFFLE;true;16;16;5;2;5;0;522264890;3600000;146;30.6487000198103;44.9099998474121;0
network_congestion;46.4199991226196;2;92mb;8;SHUFFLE;false;16;16;5;2;5;0;1049428601;7200000;145;570.663999998942;59.0999994277954;0
network_congestion;46.4099998474121;2;92mb;8;SHUFFLE;false;16;16;5;2;5;0;522264890;3600000;146;1728.04620000534;59.0999994277954;0
network_congestion;46.4199991226196;2;92mb;8;SHUFFLE;false;16;16;5;2;5;0;1049428601;7200000;145;1846.305700019;59.1199998855591;0
network_congestion;46.4099998474121;2;92mb;8;SHUFFLE;false;16;16;5;2;5;0;522264890;3600000;146;1842.68550004344;59.0999994277954;0
network_congestion;46.4199991226196;2;92mb;8;SHUFFLE;false;16;16;5;2;5;0;1049428601;7200000;145;522.079900023527;59.5899991989136;0
network_congestion;46.4199991226196;2;92mb;8;SHUFFLE;false;16;16;5;2;5;0;1049428601;7200000;145;521.686299995054;59.1199998855591;0
network_congestion;46.4099998474121;2;92mb;8;SHUFFLE;false;16;16;5;2;5;0;522264890;3600000;146;720.026900002267;59.0999994277954;0
network_congestion;46.4199991226196;2;92mb;8;SHUFFLE;false;16;16;5;2;5;0;1049428601;7200000;145;534.358299977612;59.5899991989136;0
network_congestion;250.879999160767;2;358mb;8;SHUFFLE;false;32;32;10;6;10;0;1057581630;14400000;717;1234.69519999344;271.509999275208;0
network_congestion;202.709999084473;2;295mb;8;SHUFFLE;false;32;32;10;6;10;0;1597492468;7200000;721;1227.73090004921;224.309999465942;0
network_congestion;251.269999504089;2;358mb;8;SHUFFLE;false;32;32;10;6;10;0;1057581630;14400000;717;1342.22360001877;274;0
network_congestion;250.809999465942;2;358mb;8;SHUFFLE;false;32;32;10;6;10;0;1057581630;14400000;717;1338.72540004086;274.839999198914;0
network_congestion;250.889999389648;2;358mb;8;SHUFFLE;false;32;32;10;6;10;0;1057581630;14400000;717;1432.13570001535;276.159999847412;0
network_congestion;201.879999160767;2;294mb;8;SHUFFLE;false;32;32;10;6;10;0;1597492468;7200000;721;1129.1897999472;223.859999656677;0
network_congestion;201.859999656677;2;294mb;8;SHUFFLE;false;32;32;10;6;10;0;1597492468;7200000;721;1267.57299999008;222.219999313354;0
network_congestion;250.869999885559;2;358mb;8;SHUFFLE;false;32;32;10;6;10;0;1057581630;14400000;717;1243.37570002535;270.739999771118;0
network_congestion;201.859999656677;2;294mb;8;SHUFFLE;false;32;32;10;6;10;0;1597492468;7200000;721;1287.44029998779;222.219999313354;0
network_congestion;201.849999427795;2;294mb;8;SHUFFLE;false;32;32;10;6;10;0;1597492468;7200000;721;1342.43650001008;221.809999465942;0
network_congestion;201.789999961853;2;294mb;8;SHUFFLE;false;32;32;10;6;10;0;1597492468;7200000;721;1238.04670001846;224.369999885559;0
network_congestion;201.859999656677;2;294mb;8;SHUFFLE;false;32;32;10;6;10;0;1597492468;7200000;721;1238.35949995555;225.159999847412;0
network_congestion;251.379999160767;2;358mb;8;SHUFFLE;false;32;32;10;6;10;0;1057581630;14400000;717;1226.82159999385;270.689999580383;0
network_congestion;201.389999389648;2;293mb;8;SHUFFLE;false;32;32;10;6;10;0;1597492420;7200000;721;1237.08840005565;223;0
network_congestion;201.869999885559;2;294mb;8;SHUFFLE;false;32;32;10;6;10;0;1597492468;7200000;721;1232.05389996292;221.359999656677;0
network_congestion;201.859999656677;2;294mb;8;SHUFFLE;false;32;32;10;6;10;0;1597492468;7200000;721;1237.93569998816;223.859999656677;0
network_congestion;201.859999656677;2;294mb;8;SHUFFLE;false;32;32;10;6;10;0;1597492468;7200000;721;1239.83730003238;222.64999961853;0
network_congestion;201.359999656677;2;293mb;8;SHUFFLE;false;32;32;10;6;10;0;1597492420;7200000;721;1232.46269999072;223.839999198914;0
network_congestion;250.869999885559;2;358mb;8;SHUFFLE;false;32;32;10;6;10;0;1057581630;14400000;717;1323.11539998045;275.349999427795;0
network_congestion;201.879999160767;2;294mb;8;SHUFFLE;false;32;32;10;6;10;0;1597492468;7200000;721;1237.04879998695;224.699999809265;0
network_congestion;201.879999160767;2;294mb;8;SHUFFLE;false;32;32;10;6;10;0;1597492468;7200000;721;1238.28519997187;225.14999961853;0
network_congestion;201.789999961853;2;294mb;8;SHUFFLE;false;32;32;10;6;10;0;1597492468;7200000;721;1544.46629999438;222.209999084473;0
network_congestion;201.859999656677;2;294mb;8;SHUFFLE;false;32;32;10;6;10;0;1597492468;7200000;721;1183.6538000498;224.339999198914;0
network_congestion;250.39999961853;2;357mb;8;SHUFFLE;false;32;32;10;6;10;0;1057581582;14400000;717;1329.2664999608;274.809999465942;0
network_congestion;250.869999885559;2;358mb;8;SHUFFLE;false;32;32;10;6;10;0;1057581630;14400000;717;1361.09829996713;272.089999198914;0
network_congestion;187.799999237061;2;276mb;8;SHUFFLE;false;32;32;10;6;10;0;1597492468;7200000;721;1428.62940003397;213.139999389648;0
network_congestion;756.729999542236;4;1015mb;8;SHUFFLE;false;85;48;24;8;24;0;6794946476;14400000;138;3180.37839996396;830.609999656677;0
network_congestion;191.789999961853;2;281mb;8;SHUFFLE;false;29;28;8;6;8;0;557007348;1440000;341;673.742200015113;218.25;0
network_congestion;137.039999961853;2;210mb;8;SHUFFLE;false;29;28;8;6;8;0;285489076;720290;341;721.747400006279;156.679999351501;0
network_congestion;136.639999389648;2;209mb;8;SHUFFLE;false;29;28;8;6;8;0;285489076;720290;341;720.956199977081;157.199999809265;0
network_congestion;191.629999160767;2;281mb;8;SHUFFLE;false;29;28;8;6;8;0;557007348;1440000;341;723.775000020396;216.75;0
network_congestion;192.269999504089;2;281mb;8;SHUFFLE;false;29;28;8;6;8;0;557007348;1440000;341;674.889800022356;216.529999732971;0
network_congestion;136.589999198914;2;209mb;8;SHUFFLE;false;29;28;8;6;8;0;285489076;720290;341;669.519799994305;155.449999809265;0
network_congestion;134.949999809265;2;207mb;8;SHUFFLE;false;29;28;8;6;8;0;285489076;720290;341;691.947099985555;157.349999427795;0
network_congestion;134.829999923706;2;207mb;8;SHUFFLE;false;29;28;8;6;8;0;285489076;720290;341;674.869599984959;154.199999809265;0
network_congestion;190.539999961853;2;279mb;8;SHUFFLE;false;29;28;8;6;8;0;557007348;1440000;341;719.179200008512;216.549999237061;0
network_congestion;136.509999275208;2;209mb;8;SHUFFLE;false;29;28;8;6;8;0;285489076;720290;341;676.851500000339;156.129999160767;0
network_congestion;190.16999912262;2;279mb;8;SHUFFLE;false;29;28;8;6;8;0;557007348;1440000;341;680.078900011722;216.629999160767;0
network_congestion;136.479999542236;2;209mb;8;SHUFFLE;false;29;28;8;6;8;0;285489076;720290;341;708.916800038423;158.64999961853;0
network_congestion;191.269999504089;2;280mb;8;SHUFFLE;false;29;28;8;6;8;0;557007348;1440000;341;723.038900003303;215.639999389648;0
network_congestion;136.389999389648;2;209mb;8;SHUFFLE;false;29;28;8;6;8;0;285489076;720290;341;718.800699978601;158.319999694824;0
network_congestion;131.359999656677;2;202mb;8;SHUFFLE;false;29;28;8;6;8;0;285489076;720290;341;744.26730000414;151.289999961853;0
network_congestion;136.769999504089;2;209mb;8;SHUFFLE;false;29;28;8;6;8;0;285489076;720290;341;670.861699967645;156.559999465942;0
network_congestion;136.539999961853;2;209mb;8;SHUFFLE;false;29;28;8;6;8;0;285489076;720290;341;689.500399981625;155.549999237061;0
network_congestion;136.689999580383;2;209mb;8;SHUFFLE;false;29;28;8;6;8;0;285489076;720290;341;670.651099993847;156.099999427795;0
network_congestion;188.639999389648;2;277mb;8;SHUFFLE;false;29;28;8;6;8;0;557007348;1440000;341;721.315700036939;215.949999809265;0
network_congestion;190.039999961853;2;279mb;8;SHUFFLE;false;29;28;8;6;8;0;557007348;1440000;341;664.084299991373;218.189999580383;0
network_congestion;136.509999275208;2;209mb;8;SHUFFLE;false;29;28;8;6;8;0;285489076;720290;341;718.402500031516;156.759999275208;0
network_congestion;136.389999389648;2;209mb;8;SHUFFLE;false;29;28;8;6;8;0;285489076;720290;341;720.762200013269;159.429999351501;0
network_congestion;137.009999275208;2;210mb;8;SHUFFLE;false;29;28;8;6;8;0;285489076;720290;341;732.321500021499;155.269999504089;0
network_congestion;136.619999885559;2;209mb;8;SHUFFLE;false;29;28;8;6;8;0;285489076;720290;341;726.193900045473;158;0
network_congestion;191.799999237061;2;281mb;8;SHUFFLE;false;29;28;8;6;8;0;557007348;1440000;341;690.678699989803;218.129999160767;0
network_congestion;191.589999198914;2;281mb;8;SHUFFLE;false;29;28;8;6;8;0;557007348;1440000;341;681.919399998151;216.769999504089;0
network_congestion;136.629999160767;2;209mb;8;SHUFFLE;false;29;28;8;6;8;0;285489076;720290;341;663.643699954264;156.549999237061;0
network_congestion;136.489999771118;2;209mb;8;SHUFFLE;false;29;28;8;6;8;0;285489076;720290;341;712.667800020427;151.089999198914;0
network_congestion;136.709999084473;2;209mb;8;SHUFFLE;false;29;28;8;6;8;0;285489076;720290;341;671.359899977688;158.309999465942;0
network_congestion;192.079999923706;2;281mb;8;SHUFFLE;false;29;28;8;6;8;0;557007348;1440000;341;768.546900013462;218.279999732971;0
network_congestion;189.829999923706;2;278mb;8;SHUFFLE;false;29;28;8;6;8;0;557007348;1440000;341;679.819700017106;217.16999912262;0
network_congestion;136.549999237061;2;209mb;8;SHUFFLE;false;29;28;8;6;8;0;285489076;720290;341;695.784199982882;154.229999542236;0
network_congestion;118.66999912262;2;186mb;8;SHUFFLE;false;21;20;6;6;6;0;396197696;1440000;90;563.81889997283;137.329999923706;0
network_congestion;124.909999847412;2;194mb;8;SHUFFLE;false;21;20;6;6;6;0;785523498;2880000;90;520.406299969181;131.639999389648;0
network_congestion;125.339999198914;2;194mb;8;SHUFFLE;false;21;20;6;6;6;0;785523498;2880000;90;517.681700002868;131.219999313354;0
network_congestion;125.339999198914;2;194mb;8;SHUFFLE;false;21;20;6;6;6;0;785523498;2880000;90;583.634699985851;131.639999389648;0
network_congestion;118.239999771118;2;185mb;8;SHUFFLE;false;21;20;6;6;6;0;396197696;1440000;90;603.929799981415;137.329999923706;0
network_congestion;125.339999198914;2;194mb;8;SHUFFLE;false;21;20;6;6;6;0;785523498;2880000;90;518.140400003176;131.639999389648;0
network_congestion;125.339999198914;2;194mb;8;SHUFFLE;false;21;20;6;6;6;0;785523498;2880000;90;517.477800021879;131.639999389648;0
network_congestion;125.339999198914;2;194mb;8;SHUFFLE;false;21;20;6;6;6;0;785523498;2880000;90;564.878700010013;131.639999389648;0
network_congestion;125.339999198914;2;194mb;8;SHUFFLE;false;21;20;6;6;6;0;785523498;2880000;90;540.805700002238;131.639999389648;0
network_congestion;118.66999912262;2;186mb;8;SHUFFLE;false;21;20;6;6;6;0;396197696;1440000;90;516.816999996081;138.589999198914;0
network_congestion;121.389999389648;2;189mb;8;SHUFFLE;false;21;20;6;6;6;0;396197696;1440000;90;671.727699984331;138.199999809265;0
network_congestion;118.66999912262;2;186mb;8;SHUFFLE;false;21;20;6;6;6;0;396197696;1440000;90;518.107399984729;138.619999885559;0
network_congestion;118.66999912262;2;186mb;8;SHUFFLE;false;21;20;6;6;6;0;396197696;1440000;90;572.102199948858;138.629999160767;0
network_congestion;118.66999912262;2;186mb;8;SHUFFLE;false;21;20;6;6;6;0;396197696;1440000;90;564.285399974324;138.159999847412;0
network_congestion;118.25;2;185mb;8;SHUFFLE;false;21;20;6;6;6;0;396197696;1440000;90;566.544400004204;138.619999885559;0
network_congestion;125.339999198914;2;194mb;8;SHUFFLE;false;21;20;6;6;6;0;785523498;2880000;90;519.181900017429;131.219999313354;0
network_congestion;125.339999198914;2;194mb;8;SHUFFLE;false;21;20;6;6;6;0;785523498;2880000;90;522.797700017691;131.639999389648;0
network_congestion;125.689999580383;2;195mb;8;SHUFFLE;false;21;20;6;6;6;0;785523498;2880000;90;523.252599989064;131.639999389648;0
network_congestion;118.209999084473;2;185mb;8;SHUFFLE;false;21;20;6;6;6;0;396197696;1440000;90;590.804999985266;137.329999923706;0
network_congestion;118.239999771118;2;185mb;8;SHUFFLE;false;21;20;6;6;6;0;396197696;1440000;90;567.380900029093;138.619999885559;0
network_congestion;125.339999198914;2;194mb;8;SHUFFLE;false;21;20;6;6;6;0;785523498;2880000;90;526.252800016664;131.639999389648;0
network_congestion;117.789999961853;2;185mb;8;SHUFFLE;false;21;20;6;6;6;0;396197696;1440000;90;599.972700001672;137.789999961853;0
network_congestion;125.339999198914;2;194mb;8;SHUFFLE;false;21;20;6;6;6;0;785523498;2880000;90;584.284599986859;131.639999389648;0
network_congestion;117.799999237061;2;185mb;8;SHUFFLE;false;21;20;6;6;6;0;396197696;1440000;90;571.944799972698;137.329999923706;0
network_congestion;118.66999912262;2;186mb;8;SHUFFLE;false;21;20;6;6;6;0;396197696;1440000;90;565.29599998612;138.159999847412;0
network_congestion;117.349999427795;2;184mb;8;SHUFFLE;false;21;20;6;6;6;0;396197696;1440000;90;553.250500001013;136.5;0
network_congestion;118.66999912262;2;186mb;8;SHUFFLE;false;21;20;6;6;6;0;396197696;1440000;90;567.279199953191;137.329999923706;0
network_congestion;99.9199991226196;2;161mb;8;SHUFFLE;false;29;28;8;6;8;0;325816416;719220;268;1041.86920000939;127.209999084473;0
network_congestion;96.1499996185303;2;156mb;8;SHUFFLE;false;29;28;8;6;8;0;170438424;359430;268;670.468700001948;118.479999542236;0
network_congestion;100.889999389648;2;163mb;8;SHUFFLE;false;29;28;8;6;8;0;325816416;719220;268;820.00639999751;121.529999732971;0
network_congestion;100.889999389648;2;163mb;8;SHUFFLE;false;29;28;8;6;8;0;325816416;719220;268;672.359999967739;128.329999923706;0
network_congestion;95.9599990844727;2;156mb;8;SHUFFLE;false;29;28;8;6;8;0;170438424;359430;268;712.226900039241;119.819999694824;0
network_congestion;100.739999771118;2;162mb;8;SHUFFLE;false;29;28;8;6;8;0;325816416;719220;268;726.77999996813;127.609999656677;0
network_congestion;96.4699993133545;2;157mb;8;SHUFFLE;false;29;28;8;6;8;0;170438424;359430;268;670.776400016621;119.819999694824;0
network_congestion;100.75;2;162mb;8;SHUFFLE;false;29;28;8;6;8;0;325816416;719220;268;694.615500047803;126.779999732971;0
network_congestion;100.75;2;162mb;8;SHUFFLE;false;29;28;8;6;8;0;325816416;719220;268;681.642099982128;128.329999923706;0
network_congestion;100.889999389648;2;163mb;8;SHUFFLE;false;29;28;8;6;8;0;325816416;719220;268;675.249800027814;127.319999694824;0
network_congestion;100.75;2;162mb;8;SHUFFLE;false;29;28;8;6;8;0;325816416;719220;268;640.624000050593;128.16999912262;0
network_congestion;100.759999275208;2;162mb;8;SHUFFLE;false;29;28;8;6;8;0;325816416;719220;268;669.175300048664;128.329999923706;0
network_congestion;100.699999809265;2;162mb;8;SHUFFLE;false;29;28;8;6;8;0;325816416;719220;268;737.442800018471;126.799999237061;0
network_congestion;92.8099994659424;2;152mb;8;SHUFFLE;false;29;28;8;6;8;0;170438424;359430;268;668.312299996614;115.869999885559;0
network_congestion;96.4499998092651;2;157mb;8;SHUFFLE;false;29;28;8;6;8;0;170438424;359430;268;666.885300015565;118.989999771118;0
network_congestion;100.889999389648;2;163mb;8;SHUFFLE;false;29;28;8;6;8;0;325816416;719220;268;675.09010003414;127.479999542236;0
network_congestion;96.0199995040894;2;156mb;8;SHUFFLE;false;29;28;8;6;8;0;170438424;359430;268;671.390199975576;119.819999694824;0
network_congestion;93.1599998474121;2;153mb;8;SHUFFLE;false;29;28;8;6;8;0;170438424;359430;268;671.418699959759;119.819999694824;0
network_congestion;100.739999771118;2;162mb;8;SHUFFLE;false;29;28;8;6;8;0;325816416;719220;268;674.01840002276;128.329999923706;0
network_congestion;101.199999809265;2;163mb;8;SHUFFLE;false;29;28;8;6;8;0;325816416;719220;268;674.658300005831;128.269999504089;0
network_congestion;95.9599990844727;2;156mb;8;SHUFFLE;false;29;28;8;6;8;0;170438424;359430;268;680.542699992657;117.869999885559;0
network_congestion;96.4699993133545;2;157mb;8;SHUFFLE;false;29;28;8;6;8;0;170438424;359430;268;699.326000001747;119.819999694824;0
network_congestion;96.1499996185303;2;156mb;8;SHUFFLE;false;29;28;8;6;8;0;170438424;359430;268;669.057499966584;119.819999694824;0
network_congestion;96.5199995040894;2;157mb;8;SHUFFLE;false;29;28;8;6;8;0;170438424;359430;268;667.017499974463;118.019999504089;0
network_congestion;96.1499996185303;2;156mb;8;SHUFFLE;false;29;28;8;6;8;0;170438424;359430;268;700.788599962834;118.989999771118;0
network_congestion;101.199999809265;2;163mb;8;SHUFFLE;false;29;28;8;6;8;0;325816416;719220;268;623.10000002617;128.16999912262;0
network_congestion;95.9699993133545;2;156mb;8;SHUFFLE;false;29;28;8;6;8;0;170438424;359430;268;620.992299984209;119.819999694824;0
network_congestion;95.9599990844727;2;156mb;8;SHUFFLE;false;29;28;8;6;8;0;170438424;359430;268;668.346300022677;118.079999923706;0
network_congestion;101.259999275208;2;163mb;8;SHUFFLE;false;29;28;8;6;8;0;325816416;719220;268;674.420700001065;128.16999912262;0
network_congestion;96.1499996185303;2;156mb;8;SHUFFLE;false;29;28;8;6;8;0;170438424;359430;268;679.585700039752;119.819999694824;0
network_congestion;95.1899995803833;2;155mb;8;SHUFFLE;false;29;28;8;6;8;0;170438424;359430;268;618.171000038274;118.829999923706;0
network_congestion;96.4699993133545;2;157mb;8;SHUFFLE;false;29;28;8;6;8;0;170438424;359430;268;670.617999974638;119.819999694824;0
network_congestion;96.0199995040894;2;156mb;8;SHUFFLE;false;29;28;8;6;8;0;170438424;359430;268;679.618199996185;119.819999694824;0
network_congestion;1689.5999994278;4;3481mb;8;SHUFFLE;false;80;72;22;20;22;0;1446243412;28800000;176;9872.38000001526;2529.27999973297;0
network_congestion;559.889999389648;2;1170mb;8;BROADCAST;false;80;68;22;20;22;0;10332316778;14400000;176;1852.43659996195;889.579999923706;0
network_congestion;563.629999160767;2;1170mb;8;BROADCAST;false;80;68;22;20;22;0;10332316778;14400000;176;1827.56849995349;876.839999198914;0
optimal;262.119999885559;2;674mb;8;SHUFFLE;true;28;24;8;4;8;0;2887247505;133110000;134;62.9496999899857;469.989999771118;0
optimal;262.539999961853;2;674mb;8;SHUFFLE;true;28;24;8;4;8;0;2887247505;133110000;134;142.160099989269;469.859999656677;0
optimal;261.64999961853;2;674mb;8;SHUFFLE;true;28;24;8;4;8;0;2887247505;133110000;134;67.193099996075;469.789999961853;0
network_congestion;257.359999656677;4;541mb;8;BROADCAST;false;28;28;8;4;8;0;1080088613;49330000;137;4241.43729999196;397.799999237061;0
network_congestion;242.5;2;419mb;8;BROADCAST;false;36;32;11;9;11;0;3067110629;14400000;175;719.42510001827;313.679999351501;0
network_congestion;308.949999809265;2;618mb;8;BROADCAST;false;36;32;11;9;11;0;1146842921;28800000;173;745.174899988342;471.209999084473;0
network_congestion;242.869999885559;2;419mb;8;BROADCAST;false;36;32;11;9;11;0;3067110629;14400000;175;713.467900000978;315.099999427795;0
network_congestion;242.89999961853;2;419mb;8;BROADCAST;false;36;32;11;9;11;0;3067110629;14400000;175;774.634199973661;313.459999084473;0
network_congestion;242.66999912262;2;419mb;8;BROADCAST;false;36;32;11;9;11;0;3067110629;14400000;175;748.751200037077;313.619999885559;0
network_congestion;308.949999809265;2;618mb;8;BROADCAST;false;36;32;11;9;11;0;1146842921;28800000;173;773.725600040052;472.819999694824;0
network_congestion;243.289999961853;2;419mb;8;BROADCAST;false;36;32;11;9;11;0;3067110629;14400000;175;727.50499995891;312.559999465942;0
network_congestion;309.14999961853;2;618mb;8;BROADCAST;false;36;32;11;9;11;0;1146842921;28800000;173;765.333399991505;472.199999809265;0
network_congestion;307.279999732971;2;618mb;8;BROADCAST;false;36;32;11;9;11;0;1146842921;28800000;173;880.664600001182;470.819999694824;0
network_congestion;242.799999237061;2;419mb;8;BROADCAST;false;36;32;11;9;11;0;3067110629;14400000;175;798.563299991656;313.429999351501;0
network_congestion;242.909999847412;2;419mb;8;BROADCAST;false;36;32;11;9;11;0;3067110629;14400000;175;777.973999967799;313.629999160767;0
network_congestion;309.079999923706;2;618mb;8;BROADCAST;false;36;32;11;9;11;0;1146842921;28800000;173;767.634899995755;471.219999313354;0
network_congestion;242.64999961853;2;419mb;8;BROADCAST;false;36;32;11;9;11;0;3067110629;14400000;175;774.071099993307;313.879999160767;0
network_congestion;307.279999732971;2;618mb;8;BROADCAST;false;36;32;11;9;11;0;1146842921;28800000;173;785.038999980316;470.259999275208;0
network_congestion;242.409999847412;2;419mb;8;BROADCAST;false;36;32;11;9;11;0;3067110629;14400000;175;749.977900006343;314.599999427795;0
network_congestion;242.979999542236;2;419mb;8;BROADCAST;false;36;32;11;9;11;0;3067110629;14400000;175;773.668299952988;313.259999275208;0
network_congestion;242.689999580383;2;419mb;8;BROADCAST;false;36;32;11;9;11;0;3067110629;14400000;175;769.500499998685;313.679999351501;0
network_congestion;242.64999961853;2;419mb;8;BROADCAST;false;36;32;11;9;11;0;3067110629;14400000;175;772.929900034796;314.529999732971;0
network_congestion;231.159999847412;2;419mb;8;BROADCAST;false;36;32;11;9;11;0;3067110477;14400000;159;1228.11919997912;309.659999847412;0
network_congestion;310.079999923706;2;618mb;8;BROADCAST;false;36;32;11;9;11;0;1146842921;28800000;173;771.051799994893;470.479999542236;0
network_congestion;243.639999389648;2;419mb;8;BROADCAST;false;36;32;11;9;11;0;3067110629;14400000;175;785.185399989132;316.939999580383;0
network_congestion;307.309999465942;2;618mb;8;BROADCAST;false;36;32;11;9;11;0;1146842921;28800000;173;723.485300026368;468.599999427795;0
network_congestion;309.119999885559;2;618mb;8;BROADCAST;false;36;32;11;9;11;0;1146842921;28800000;173;776.750099961646;470.629999160767;0
network_congestion;243.689999580383;2;419mb;8;BROADCAST;false;36;32;11;9;11;0;3067110629;14400000;175;820.646799984388;315.929999351501;0
network_congestion;307.279999732971;2;618mb;8;BROADCAST;false;36;32;11;9;11;0;1146842921;28800000;173;775.118300050963;471.019999504089;0
network_congestion;242.64999961853;2;419mb;8;BROADCAST;false;36;32;11;9;11;0;3067110629;14400000;175;772.015499998815;314.379999160767;0
network_congestion;243.609999656677;2;419mb;8;BROADCAST;false;36;32;11;9;11;0;3067110629;14400000;175;721.206000016537;313.979999542236;0
network_congestion;242.689999580383;2;419mb;8;BROADCAST;false;36;32;11;9;11;0;3067110629;14400000;175;777.945399982855;315.199999809265;0
network_congestion;308.949999809265;2;618mb;8;BROADCAST;false;36;32;11;9;11;0;1146842921;28800000;173;781.216000032146;468.719999313354;0
network_congestion;308.949999809265;2;618mb;8;BROADCAST;false;36;32;11;9;11;0;1146842921;28800000;173;728.827700018883;471.189999580383;0
network_congestion;309.099999427795;2;618mb;8;BROADCAST;false;36;32;11;9;11;0;1146842921;28800000;173;722.912900033407;469.929999351501;0
network_congestion;221.929999351501;2;490mb;8;BROADCAST;false;48;48;15;6;15;0;4346652954;14400000;182;631.626499991398;368.489999771118;0
network_congestion;221.229999542236;2;490mb;8;BROADCAST;false;48;48;15;6;15;0;4346652954;14400000;182;565.188899985515;365.439999580383;0
network_congestion;221.64999961853;2;490mb;8;BROADCAST;false;48;48;15;6;15;0;4346652954;14400000;182;624.445100023877;366.869999885559;0
network_congestion;221.849999427795;2;490mb;8;BROADCAST;false;48;48;15;6;15;0;4346652954;14400000;182;677.139400038868;369.959999084473;0
network_congestion;221.089999198914;2;490mb;8;BROADCAST;false;48;48;15;6;15;0;4346652954;14400000;182;571.625400043558;366.809999465942;0
network_congestion;221.369999885559;2;490mb;8;BROADCAST;false;48;48;15;6;15;0;4346652954;14400000;182;628.4601999796;371.989999771118;0
network_congestion;221.289999961853;2;490mb;8;BROADCAST;false;48;48;15;6;15;0;4346652954;14400000;182;691.235699981917;368.509999275208;0
network_congestion;261.909999847412;2;543mb;8;BROADCAST;false;48;48;15;6;15;0;116435272;28800000;182;622.121400025208;404.789999961853;0
network_congestion;262.389999389648;2;543mb;8;BROADCAST;false;48;48;15;6;15;0;116435272;28800000;182;630.453299963847;402.329999923706;0
network_congestion;220.549999237061;2;490mb;8;BROADCAST;false;48;48;15;6;15;0;4346652954;14400000;182;613.843099970836;368.479999542236;0
network_congestion;262.89999961853;2;543mb;8;BROADCAST;false;48;48;15;6;15;0;116435272;28800000;182;570.871600008104;405.319999694824;0
network_congestion;221.079999923706;2;490mb;8;BROADCAST;false;48;48;15;6;15;0;4346652954;14400000;182;618.99419996189;368.359999656677;0
network_congestion;262.069999694824;2;543mb;8;BROADCAST;false;48;48;15;6;15;0;116435272;28800000;182;579.590799985453;403.579999923706;0
network_congestion;262.339999198914;2;543mb;8;BROADCAST;false;48;48;15;6;15;0;116435272;28800000;182;613.312000001315;401.25;0
network_congestion;263.439999580383;2;543mb;8;BROADCAST;false;48;48;15;6;15;0;116435272;28800000;182;661.585199995898;403.91999912262;0
network_congestion;220.259999275208;2;490mb;8;BROADCAST;false;48;48;15;6;15;0;4346652954;14400000;182;621.787100040819;373.099999427795;0
network_congestion;261.459999084473;2;543mb;8;BROADCAST;false;48;48;15;6;15;0;116435272;28800000;182;632.380399969406;409.779999732971;0
network_congestion;260.509999275208;2;543mb;8;BROADCAST;false;48;48;15;6;15;0;116435272;28800000;182;615.038599993568;402.219999313354;0
network_congestion;220.659999847412;2;490mb;8;BROADCAST;false;48;48;15;6;15;0;4346652954;14400000;182;620.247900020331;370.689999580383;0
network_congestion;261.059999465942;2;543mb;8;BROADCAST;false;48;48;15;6;15;0;116435272;28800000;182;627.210200007539;404.049999237061;0
network_congestion;222.309999465942;2;490mb;8;BROADCAST;false;48;48;15;6;15;0;4346652954;14400000;182;661.799599998631;367.539999961853;0
network_congestion;262.329999923706;2;543mb;8;BROADCAST;false;48;48;15;6;15;0;116435272;28800000;182;625.260400003754;402.129999160767;0
network_congestion;221.779999732971;2;490mb;8;BROADCAST;false;48;48;15;6;15;0;4346652954;14400000;182;623.431099986192;367.539999961853;0
network_congestion;220.969999313354;2;490mb;8;BROADCAST;false;48;48;15;6;15;0;4346652954;14400000;182;598.123700008728;371.479999542236;0
network_congestion;220.879999160767;2;490mb;8;BROADCAST;false;48;48;15;6;15;0;4346652954;14400000;182;620.931600045878;371.539999961853;0
network_congestion;221.89999961853;2;490mb;8;BROADCAST;false;48;48;15;6;15;0;4346652954;14400000;182;684.634200006258;368.459999084473;0
network_congestion;222.279999732971;2;490mb;8;BROADCAST;false;48;48;15;6;15;0;4346652954;14400000;182;635.137200006284;369.529999732971;0
network_congestion;221.029999732971;2;490mb;8;BROADCAST;false;48;48;15;6;15;0;4346652954;14400000;182;618.969600007404;365.579999923706;0
network_congestion;261.289999961853;2;543mb;8;BROADCAST;false;48;48;15;6;15;0;116435272;28800000;182;629.105800006073;401.409999847412;0
network_congestion;222.069999694824;2;490mb;8;BROADCAST;false;48;48;15;6;15;0;4346652954;14400000;182;622.337599983439;370.069999694824;0
network_congestion;222.019999504089;2;490mb;8;BROADCAST;false;48;48;15;6;15;0;4346652954;14400000;182;631.429000000935;369.489999771118;0
network_congestion;276.569999694824;4;619mb;8;BROADCAST;false;48;48;15;6;15;0;4346652945;14400000;182;3036.85879998375;460.079999923706;0
network_congestion;190.469999313354;2;404mb;8;BROADCAST;false;36;36;12;12;12;0;4299843988;14400000;116;772.693400038406;308.609999656677;0
network_congestion;190.259999275208;2;404mb;8;BROADCAST;false;36;36;12;12;12;0;4299843988;14400000;116;819.964999973308;311.609999656677;0
network_congestion;191.229999542236;2;404mb;8;BROADCAST;false;36;36;12;12;12;0;4299843988;14400000;116;766.281499993056;309.099999427795;0
network_congestion;191.16999912262;2;404mb;8;BROADCAST;false;36;36;12;12;12;0;4299843988;14400000;116;771.368300018366;316.589999198914;0
network_congestion;191.159999847412;2;404mb;8;BROADCAST;false;36;36;12;12;12;0;4299843988;14400000;116;821.182299987413;313.859999656677;0
network_congestion;223.839999198914;2;436mb;8;BROADCAST;false;36;36;12;12;12;0;69626248;28800000;116;827.428699994925;354.039999961853;0
network_congestion;189.66999912262;2;404mb;8;BROADCAST;false;36;36;12;12;12;0;4299843988;14400000;116;845.257400011178;309.759999275208;0
network_congestion;190.89999961853;2;404mb;8;BROADCAST;false;36;36;12;12;12;0;4299843988;14400000;116;779.847099969629;314.929999351501;0
network_congestion;209.209999084473;2;436mb;8;BROADCAST;false;36;36;12;12;12;0;69626248;28800000;116;829.075200017542;350.259999275208;0
network_congestion;190.409999847412;2;404mb;8;BROADCAST;false;36;36;12;12;12;0;4299843988;14400000;116;767.941400001291;312.769999504089;0
network_congestion;191.949999809265;2;404mb;8;BROADCAST;false;36;36;12;12;12;0;4299843988;14400000;116;950.369299971499;313.75;0
network_congestion;190.339999198914;2;404mb;8;BROADCAST;false;36;36;12;12;12;0;4299843988;14400000;116;770.918300026096;314.729999542236;0
network_congestion;190.089999198914;2;404mb;8;BROADCAST;false;36;36;12;12;12;0;4299843988;14400000;116;823.210500006098;314.389999389648;0
network_congestion;189.819999694824;2;404mb;8;BROADCAST;false;36;36;12;12;12;0;4299843988;14400000;116;768.628799996804;317.779999732971;0
network_congestion;209.91999912262;2;436mb;8;BROADCAST;false;36;36;12;12;12;0;69626248;28800000;116;871.458999987226;358.309999465942;0
network_congestion;223.839999198914;2;436mb;8;BROADCAST;false;36;36;12;12;12;0;69626248;28800000;116;875.165200035553;354.039999961853;0
network_congestion;209.549999237061;2;436mb;8;BROADCAST;false;36;36;12;12;12;0;69626248;28800000;116;936.740100034513;359.259999275208;0
network_congestion;207.909999847412;2;436mb;8;BROADCAST;false;36;36;12;12;12;0;69626248;28800000;116;884.435300016776;354.479999542236;0
network_congestion;210;2;436mb;8;BROADCAST;false;36;36;12;12;12;0;69626248;28800000;116;927.859799994621;354.979999542236;0
network_congestion;235.719999313354;4;478mb;8;BROADCAST;false;36;36;12;12;12;0;4299843919;14400000;116;2333.86750001227;360.41999912262;0
network_congestion;190.849999427795;2;404mb;8;BROADCAST;false;36;36;12;12;12;0;4299843988;14400000;116;834.761500009336;310.89999961853;0
network_congestion;189.969999313354;2;404mb;8;BROADCAST;false;36;36;12;12;12;0;4299843988;14400000;116;772.409499972127;311.16999912262;0
network_congestion;190.409999847412;2;404mb;8;BROADCAST;false;36;36;12;12;12;0;4299843988;14400000;116;794.509499974083;315.239999771118;0
network_congestion;191.239999771118;2;404mb;8;BROADCAST;false;36;36;12;12;12;0;4299843988;14400000;116;773.890699958429;314.439999580383;0
network_congestion;190.949999809265;2;404mb;8;BROADCAST;false;36;36;12;12;12;0;4299843988;14400000;116;872.690199990757;315.029999732971;0
network_congestion;190.729999542236;2;404mb;8;BROADCAST;false;36;36;12;12;12;0;4299843988;14400000;116;824.315599980764;313.449999809265;0
network_congestion;190.979999542236;2;404mb;8;BROADCAST;false;36;36;12;12;12;0;4299843988;14400000;116;821.303599979728;312.709999084473;0
network_congestion;211.089999198914;2;436mb;8;BROADCAST;false;36;36;12;12;12;0;69626248;28800000;116;871.807800023817;357.909999847412;0
network_congestion;191.179999351501;2;404mb;8;BROADCAST;false;36;36;12;12;12;0;4299843988;14400000;116;822.565199981909;311.66999912262;0
network_congestion;190.079999923706;2;404mb;8;BROADCAST;false;36;36;12;12;12;0;4299843988;14400000;116;873.080799996387;315.039999961853;0
network_congestion;120.579999923706;2;188mb;8;SHUFFLE;false;56;48;15;8;15;0;798513702;2880000;108;625.771099992562;141.91999912262;0
network_congestion;70.5999994277954;2;123mb;8;SHUFFLE;false;56;48;15;8;15;0;414315456;1440000;108;575.839299999643;90.7299995422363;0
network_congestion;70.0499992370605;2;123mb;8;SHUFFLE;false;56;48;15;8;15;0;414315456;1440000;108;571.223200007807;90.0499992370605;0
network_congestion;68.8599996566772;2;121mb;8;SHUFFLE;false;56;48;15;8;15;0;414315456;1440000;108;569.596100016497;89.5699996948242;0
network_congestion;71.2699995040894;2;124mb;8;SHUFFLE;false;56;48;15;8;15;0;414315456;1440000;108;520.619600021746;88.8799991607666;0
network_congestion;69.4899997711182;2;122mb;8;SHUFFLE;false;56;48;15;8;15;0;414315456;1440000;108;526.690100028645;91.2799997329712;0
network_congestion;70.6299991607666;2;123mb;8;SHUFFLE;false;56;48;15;8;15;0;414315456;1440000;108;568.617300014012;92.4699993133545;0
network_congestion;70.3299999237061;2;123mb;8;SHUFFLE;false;56;48;15;8;15;0;414315456;1440000;108;521.874799975194;92.9499998092651;0
network_congestion;70.4899997711182;2;123mb;8;SHUFFLE;false;56;48;15;8;15;0;414315456;1440000;108;568.695399968419;90;0
network_congestion;69.4499998092651;2;122mb;8;SHUFFLE;false;56;48;15;8;15;0;414315456;1440000;108;529.333800019231;88.5799999237061;0
network_congestion;121.89999961853;2;190mb;8;SHUFFLE;false;56;48;15;8;15;0;798513702;2880000;108;625.916699995287;148.589999198914;0
network_congestion;122.219999313354;2;190mb;8;SHUFFLE;false;56;48;15;8;15;0;798513702;2880000;108;623.389800020959;148.089999198914;0
network_congestion;69.789999961853;2;122mb;8;SHUFFLE;false;56;48;15;8;15;0;414315456;1440000;108;511.179000022821;92.5099992752075;0
network_congestion;544.329999923706;2;884mb;8;BROADCAST;false;45;32;12;8;12;0;894761251;28800000;322;1431.74749996979;687.989999771118;0
network_congestion;547.109999656677;2;884mb;8;BROADCAST;false;45;32;12;8;12;0;894761251;28800000;322;1433.29070002073;684.879999160767;0
network_congestion;431.539999961853;2;815mb;8;BROADCAST;false;45;32;12;8;12;0;3291323603;14400000;322;1014.03389999177;624.239999771118;0
network_congestion;428.14999961853;2;815mb;8;BROADCAST;false;45;32;12;8;12;0;3291323603;14400000;322;1029.08939996269;619.509999275208;0
network_congestion;431.639999389648;2;815mb;8;BROADCAST;false;45;32;12;8;12;0;3291323603;14400000;322;973.627600003965;611.269999504089;0
network_congestion;422.839999198914;2;815mb;8;BROADCAST;false;45;32;12;8;12;0;3291323603;14400000;322;981.34990001563;634.839999198914;0
network_congestion;431.789999961853;2;815mb;8;BROADCAST;false;45;32;12;8;12;0;3291323603;14400000;322;1122.93790001422;620.049999237061;0
network_congestion;548.359999656677;2;884mb;8;BROADCAST;false;45;32;12;8;12;0;894761251;28800000;322;1439.64159995085;685.839999198914;0
network_congestion;431.639999389648;2;815mb;8;BROADCAST;false;45;32;12;8;12;0;3291323603;14400000;322;977.441800001543;616.479999542236;0
network_congestion;544.639999389648;2;884mb;8;BROADCAST;false;45;32;12;8;12;0;894761251;28800000;322;1728.08799997438;678.279999732971;0
network_congestion;544.359999656677;2;884mb;8;BROADCAST;false;45;32;12;8;12;0;894761251;28800000;322;1424.46450004354;686.289999961853;0
network_congestion;547.029999732971;2;884mb;8;BROADCAST;false;45;32;12;8;12;0;894761251;28800000;322;1448.59230000293;687.759999275208;0
network_congestion;433.179999351501;2;815mb;8;BROADCAST;false;45;32;12;8;12;0;3291323603;14400000;322;981.621699989773;634.14999961853;0
network_congestion;423.109999656677;2;815mb;8;BROADCAST;false;45;32;12;8;12;0;3291323603;14400000;322;977.350000001024;618.959999084473;0
network_congestion;546.519999504089;2;884mb;8;BROADCAST;false;45;32;12;8;12;0;894761251;28800000;322;1528.06229999987;688.309999465942;0
network_congestion;431.539999961853;2;815mb;8;BROADCAST;false;45;32;12;8;12;0;3291323603;14400000;322;973.544000007678;613.109999656677;0
network_congestion;544.719999313354;2;884mb;8;BROADCAST;false;45;32;12;8;12;0;894761251;28800000;322;1432.18090001028;685.439999580383;0
network_congestion;548.869999885559;2;884mb;8;BROADCAST;false;45;32;12;8;12;0;894761251;28800000;322;1446.84140000027;690.959999084473;0
network_congestion;422.579999923706;2;815mb;8;BROADCAST;false;45;32;12;8;12;0;3291323603;14400000;322;1140.93289995799;630.109999656677;0
network_congestion;431.539999961853;2;815mb;8;BROADCAST;false;45;32;12;8;12;0;3291323603;14400000;322;1025.14799998607;611.539999961853;0
network_congestion;424.64999961853;2;815mb;8;BROADCAST;false;45;32;12;8;12;0;3291323603;14400000;322;973.661400028504;620.839999198914;0
network_congestion;546.359999656677;2;884mb;8;BROADCAST;false;45;32;12;8;12;0;894761251;28800000;322;1431.93510000128;680.409999847412;0
network_congestion;546.639999389648;2;884mb;8;BROADCAST;false;45;32;12;8;12;0;894761251;28800000;322;1533.30390003975;673.569999694824;0
network_congestion;441.519999504089;4;1090mb;8;SHUFFLE;false;45;32;12;8;12;0;3291323603;14400000;322;1922.42049996275;807.109999656677;0
network_congestion;431.639999389648;2;815mb;8;BROADCAST;false;45;32;12;8;12;0;3291323603;14400000;322;1023.86200003093;621.349999427795;0
network_congestion;431.539999961853;2;815mb;8;BROADCAST;false;45;32;12;8;12;0;3291323603;14400000;322;965.791599999648;623.509999275208;0
network_congestion;422.719999313354;2;815mb;8;BROADCAST;false;45;32;12;8;12;0;3291323603;14400000;322;1028.18229998229;620.039999961853;0
network_congestion;431.539999961853;2;815mb;8;BROADCAST;false;45;32;12;8;12;0;3291323603;14400000;322;1033.58609997667;628.139999389648;0
network_congestion;431.639999389648;2;815mb;8;BROADCAST;false;45;32;12;8;12;0;3291323603;14400000;322;974.691000010353;628.689999580383;0
network_congestion;431.539999961853;2;815mb;8;BROADCAST;false;45;32;12;8;12;0;3291323603;14400000;322;1117.13049997343;620.14999961853;0
network_congestion;431.639999389648;2;815mb;8;BROADCAST;false;45;32;12;8;12;0;3291323603;14400000;322;977.256299986038;611.559999465942;0
network_congestion;147.39999961853;2;223mb;8;SHUFFLE;false;48;48;15;8;15;0;3095587842;14400000;100;518.864499987103;176.589999198914;0
network_congestion;171.359999656677;2;292mb;8;BROADCAST;false;48;44;15;8;15;0;1205068292;28800000;100;575.352100015152;236.609999656677;0
network_congestion;164.309999465942;2;292mb;8;BROADCAST;false;48;44;15;8;15;0;1205068292;28800000;100;671.106499969028;235.069999694824;0
network_congestion;148.579999923706;2;225mb;8;SHUFFLE;false;48;48;15;8;15;0;3095587842;14400000;100;520.192100026179;174.969999313354;0
network_congestion;147.939999580383;2;224mb;8;SHUFFLE;false;48;48;15;8;15;0;3095587842;14400000;100;521.461100026499;172.199999809265;0
network_congestion;150.079999923706;2;227mb;8;SHUFFLE;false;48;48;15;8;15;0;3095587842;14400000;100;546.134300006088;174.449999809265;0
network_congestion;147.329999923706;2;223mb;8;SHUFFLE;false;48;48;15;8;15;0;3095587842;14400000;100;571.500199963339;180.379999160767;0
network_congestion;163.529999732971;2;292mb;8;BROADCAST;false;48;44;15;8;15;0;1205068292;28800000;100;577.503499982413;237.869999885559;0
network_congestion;167.439999580383;2;292mb;8;BROADCAST;false;48;44;15;8;15;0;1205068292;28800000;100;572.614900011104;236.359999656677;0
network_congestion;170.969999313354;2;292mb;8;BROADCAST;false;48;44;15;8;15;0;1205068292;28800000;100;671.612500038464;238.739999771118;0
network_congestion;164.279999732971;2;292mb;8;BROADCAST;false;48;44;15;8;15;0;1205068292;28800000;100;623.743999982253;241.66999912262;0
network_congestion;150.259999275208;2;227mb;8;SHUFFLE;false;48;48;15;8;15;0;3095587842;14400000;100;518.135400023311;173.439999580383;0
network_congestion;149.159999847412;2;225mb;8;SHUFFLE;false;48;48;15;8;15;0;3095587842;14400000;100;520.707199990284;172.139999389648;0
network_congestion;162.439999580383;2;292mb;8;BROADCAST;false;48;44;15;8;15;0;1205068292;28800000;100;683.403500006534;237.66999912262;0
network_congestion;149.109999656677;2;225mb;8;SHUFFLE;false;48;48;15;8;15;0;3095587842;14400000;100;593.373499985319;176.209999084473;0
network_congestion;146.839999198914;2;222mb;8;SHUFFLE;false;48;48;15;8;15;0;3095587842;14400000;100;521.339799975976;175.029999732971;0
network_congestion;148.189999580383;2;224mb;8;SHUFFLE;false;48;48;15;8;15;0;3095587842;14400000;100;517.767900018953;180.179999351501;0
network_congestion;145.979999542236;2;221mb;8;SHUFFLE;false;48;48;15;8;15;0;3095587842;14400000;100;568.072900001425;171.569999694824;0
network_congestion;144.799999237061;2;220mb;8;SHUFFLE;false;48;48;15;8;15;0;3095587842;14400000;100;1329.59280000068;172.429999351501;0
network_congestion;148.349999427795;2;224mb;8;SHUFFLE;false;48;48;15;8;15;0;3095587842;14400000;100;521.594799996819;175.449999809265;0
network_congestion;166.969999313354;2;292mb;8;BROADCAST;false;48;44;15;8;15;0;1205068292;28800000;100;626.093700004276;235.229999542236;0
network_congestion;147.719999313354;2;224mb;8;SHUFFLE;false;48;48;15;8;15;0;3095587842;14400000;100;569.835199974477;173.579999923706;0
network_congestion;151.299999237061;2;228mb;8;SHUFFLE;false;48;48;15;8;15;0;3095587842;14400000;100;580.963099957444;178.259999275208;0
network_congestion;151.5;2;228mb;8;SHUFFLE;false;48;48;15;8;15;0;3095587842;14400000;100;524.730600009207;172.819999694824;0
network_congestion;163.619999885559;2;292mb;8;BROADCAST;false;48;44;15;8;15;0;1205068292;28800000;100;623.138999973889;238;0
network_congestion;169.409999847412;2;292mb;8;BROADCAST;false;48;44;15;8;15;0;1205068292;28800000;100;612.513999978546;232.569999694824;0
network_congestion;165.91999912262;2;292mb;8;BROADCAST;false;48;44;15;8;15;0;1205068292;28800000;100;623.527899966575;239.759999275208;0
network_congestion;147.079999923706;2;223mb;8;SHUFFLE;false;48;48;15;8;15;0;3095587842;14400000;100;575.875800044741;176.469999313354;0
network_congestion;149.069999694824;2;225mb;8;SHUFFLE;false;48;48;15;8;15;0;3095587842;14400000;100;518.249800021295;173.189999580383;0
network_congestion;168.269999504089;2;292mb;8;BROADCAST;false;48;44;15;8;15;0;1205068292;28800000;100;675.366199982818;239.549999237061;0
network_congestion;166.019999504089;2;292mb;8;BROADCAST;false;48;44;15;8;15;0;1205068292;28800000;100;621.958500007167;238.099999427795;0
network_congestion;167.389999389648;2;292mb;8;BROADCAST;false;48;44;15;8;15;0;1205068292;28800000;100;724.95770000387;233.66999912262;0
network_congestion;161.009999275208;2;292mb;8;BROADCAST;false;48;44;15;8;15;0;1205068292;28800000;100;624.191600014456;237.989999771118;0
network_congestion;150.439999580383;2;227mb;8;SHUFFLE;false;48;48;15;8;15;0;3095587842;14400000;100;525.7266999688;173.269999504089;0
network_congestion;149.299999237061;2;226mb;8;SHUFFLE;false;48;48;15;8;15;0;3095587842;14400000;100;976.894200022798;175.019999504089;0
network_congestion;145.969999313354;2;221mb;8;SHUFFLE;false;48;48;15;8;15;0;3095587842;14400000;100;573.670600017067;174.799999237061;0
network_congestion;156.429999351501;2;286mb;8;BROADCAST;false;48;44;15;8;15;0;1205068283;28800000;100;663.830499979667;231.609999656677;0
network_congestion;145.089999198914;2;220mb;8;SHUFFLE;false;48;48;15;8;15;0;3095587833;14400000;100;521.207500016317;180.019999504089;0
network_congestion;146.14999961853;2;221mb;8;SHUFFLE;false;48;48;15;8;15;0;3095587833;14400000;100;565.62790001044;175.699999809265;0
network_congestion;145.929999351501;2;221mb;8;SHUFFLE;false;48;48;15;8;15;0;3095587833;14400000;100;551.950399996713;175.75;0
network_congestion;144.029999732971;2;219mb;8;SHUFFLE;false;48;48;15;8;15;0;3095587833;14400000;100;526.940100011416;175.709999084473;0
network_congestion;155.489999771118;2;286mb;8;BROADCAST;false;48;44;15;8;15;0;1205068283;28800000;100;659.618899982888;229.039999961853;0
network_congestion;144.309999465942;2;219mb;8;SHUFFLE;false;48;48;15;8;15;0;3095587833;14400000;100;525.484399986453;175.629999160767;0
network_congestion;147.539999961853;2;223mb;8;SHUFFLE;false;48;48;15;8;15;0;3095587833;14400000;100;519.474900036585;173.909999847412;0
network_congestion;143.64999961853;2;218mb;8;SHUFFLE;false;48;48;15;8;15;0;3095587833;14400000;100;574.557499960065;175.679999351501;0
network_congestion;144.139999389648;2;219mb;8;SHUFFLE;false;48;48;15;8;15;0;3095587833;14400000;100;520.176100020763;175.619999885559;0
network_congestion;143.849999427795;2;219mb;8;SHUFFLE;false;48;48;15;8;15;0;3095587833;14400000;100;521.185100020375;173.909999847412;0
network_congestion;141.679999351501;2;216mb;8;SHUFFLE;false;48;48;15;8;15;0;3095587833;14400000;100;1433.43860004097;175.89999961853;0
network_congestion;146.329999923706;2;222mb;8;SHUFFLE;false;48;48;15;8;15;0;3095587833;14400000;100;521.585799986497;172.829999923706;0
network_congestion;144.339999198914;2;219mb;8;SHUFFLE;false;48;48;15;8;15;0;3095587833;14400000;100;531.495600007474;177.189999580383;0
network_congestion;147.339999198914;2;223mb;8;SHUFFLE;false;48;48;15;8;15;0;3095587833;14400000;100;724.160700046923;176.459999084473;0
network_congestion;145.219999313354;2;220mb;8;SHUFFLE;false;48;48;15;8;15;0;3095587833;14400000;100;568.831700016744;179.14999961853;0
network_congestion;147.549999237061;2;223mb;8;SHUFFLE;false;48;48;15;8;15;0;3095587833;14400000;100;570.317599980626;178.069999694824;0
network_congestion;143.179999351501;2;218mb;8;SHUFFLE;false;48;48;15;8;15;0;3095587833;14400000;100;572.927700006403;176.179999351501;0
network_congestion;145.909999847412;2;221mb;8;SHUFFLE;false;48;48;15;8;15;0;3095587833;14400000;100;516.002500022296;171.119999885559;0
network_congestion;144.519999504089;2;219mb;8;SHUFFLE;false;48;48;15;8;15;0;3095587833;14400000;100;570.551699958742;181.759999275208;0
network_congestion;143.679999351501;2;218mb;8;SHUFFLE;false;48;48;15;8;15;0;3095587833;14400000;100;623.798400047235;176.459999084473;0
network_congestion;145.64999961853;2;221mb;8;SHUFFLE;false;48;48;15;8;15;0;3095587833;14400000;100;573.747600021306;177.279999732971;0
network_congestion;145.729999542236;2;221mb;8;SHUFFLE;false;48;48;15;8;15;0;3095587833;14400000;100;520.440599997528;175.219999313354;0
network_congestion;150.539999961853;2;227mb;8;SHUFFLE;false;48;48;15;14;15;0;3095587026;14400000;80;517.372100031935;188.89999961853;0
optimal;148.189999580383;2;224mb;8;SHUFFLE;true;48;48;15;14;15;0;3095587026;14400000;80;114.354600023944;150.159999847412;0
network_congestion;157.849999427795;2;285mb;8;BROADCAST;false;48;48;15;14;15;0;1205067412;28800000;80;580.456800002139;222.429999351501;0
network_congestion;149.909999847412;2;226mb;8;SHUFFLE;false;48;48;15;14;15;0;3095587026;14400000;80;517.009400005918;172.929999351501;0
network_congestion;155.329999923706;2;285mb;8;BROADCAST;false;48;48;15;14;15;0;1205067412;28800000;80;672.510700009298;223.66999912262;0
network_congestion;147.609999656677;2;223mb;8;SHUFFLE;false;48;48;15;14;15;0;3095587026;14400000;80;523.926399997436;183.739999771118;0
network_congestion;154.529999732971;2;285mb;8;BROADCAST;false;48;48;15;14;15;0;1205067412;28800000;80;582.905199960805;229.769999504089;0
network_congestion;149.329999923706;2;226mb;8;SHUFFLE;false;48;48;15;14;15;0;3095587026;14400000;80;528.982699965127;179.699999809265;0
network_congestion;151.629999160767;2;229mb;8;SHUFFLE;false;48;48;15;14;15;0;3095587026;14400000;80;522.539499972481;183.189999580383;0
network_congestion;157.16999912262;2;285mb;8;BROADCAST;false;48;48;15;14;15;0;1205067412;28800000;80;636.003200022969;231.619999885559;0
network_congestion;153.359999656677;2;285mb;8;BROADCAST;false;48;48;15;14;15;0;1205067412;28800000;80;629.847600008361;233.549999237061;0
network_congestion;150.699999809265;2;227mb;8;SHUFFLE;false;48;48;15;14;15;0;3095587026;14400000;80;523.87589996215;180.939999580383;0
network_congestion;149.719999313354;2;226mb;8;SHUFFLE;false;48;48;15;14;15;0;3095587026;14400000;80;1221.39570000581;171.569999694824;0
network_congestion;150.5;2;227mb;8;SHUFFLE;false;48;48;15;14;15;0;3095587026;14400000;80;520.573600020725;181.529999732971;0
network_congestion;152.309999465942;2;230mb;8;SHUFFLE;false;48;48;15;14;15;0;3095587026;14400000;80;519.862600020133;171.519999504089;0
network_congestion;150.569999694824;2;227mb;8;SHUFFLE;false;48;48;15;14;15;0;3095587026;14400000;80;518.128400028218;178.679999351501;0
network_congestion;156.129999160767;2;285mb;8;BROADCAST;false;48;48;15;14;15;0;1205067412;28800000;80;571.818500000518;234.179999351501;0
network_congestion;147.389999389648;2;223mb;8;SHUFFLE;false;48;48;15;14;15;0;3095587026;14400000;80;544.959799968638;186.109999656677;0
network_congestion;155.349999427795;2;285mb;8;BROADCAST;false;48;48;15;14;15;0;1205067412;28800000;80;575.524499989115;229.909999847412;0
network_congestion;151.049999237061;2;228mb;8;SHUFFLE;false;48;48;15;14;15;0;3095587026;14400000;80;519.419200019911;183.679999351501;0
network_congestion;151.839999198914;2;229mb;8;SHUFFLE;false;48;48;15;14;15;0;3095587026;14400000;80;521.508899983019;183.819999694824;0
network_congestion;156.099999427795;2;285mb;8;BROADCAST;false;48;48;15;14;15;0;1205067412;28800000;80;623.414399975445;231.339999198914;0
network_congestion;149.139999389648;2;225mb;8;SHUFFLE;false;48;48;15;14;15;0;3095587026;14400000;80;521.285200025886;176.66999912262;0
network_congestion;146.989999771118;2;223mb;8;SHUFFLE;false;48;48;15;14;15;0;3095587026;14400000;80;569.863000011537;180.969999313354;0
network_congestion;152.059999465942;2;285mb;8;BROADCAST;false;48;48;15;14;15;0;1205067412;28800000;80;684.986100008246;231;0
network_congestion;154.959999084473;2;285mb;8;BROADCAST;false;48;48;15;14;15;0;1205067412;28800000;80;623.96560003981;226.529999732971;0
network_congestion;150.779999732971;2;228mb;8;SHUFFLE;false;48;48;15;14;15;0;3095587026;14400000;80;519.408599997405;172.66999912262;0
network_congestion;153.939999580383;2;285mb;8;BROADCAST;false;48;48;15;14;15;0;1205067412;28800000;80;627.46040005004;233.769999504089;0
network_congestion;150.319999694824;2;227mb;8;SHUFFLE;false;48;48;15;14;15;0;3095587026;14400000;80;522.45559997391;184.339999198914;0
network_congestion;153.75;2;231mb;8;SHUFFLE;false;48;48;15;14;15;0;3095587026;14400000;80;522.745100024622;181.059999465942;0
network_congestion;202.599999427795;4;457mb;8;SHUFFLE;false;54;44;16;17;16;0;1774857926;28800000;204;2362.74589999812;343.319999694824;0
network_congestion;149.889999389648;2;226mb;8;SHUFFLE;false;54;44;16;17;16;0;3377285084;14400000;204;1231.74690001179;173.459999084473;0
network_congestion;323.029999732971;2;656mb;8;SHUFFLE;false;13;8;4;7;4;0;2493577168;21600000;48;1123.68660001084;462.739999771118;0
network_congestion;832.5;4;1392mb;8;BROADCAST;false;13;8;4;7;4;0;7256672;43200000;48;2741.06949998531;959.179999351501;0
network_congestion;1177.5999994278;4;1952mb;8;BROADCAST;false;13;8;4;7;4;0;7256672;43200000;48;3735.76180002419;1259.51999950409;0
network_congestion;259.729999542236;4;827mb;8;BROADCAST;false;13;8;4;7;4;0;7256672;43200000;48;1327.86759996088;639.559999465942;0
network_congestion;355.969999313354;4;771mb;8;SHUFFLE;false;13;8;4;7;4;0;2493577168;21600000;48;1739.80310000479;605.939999580383;0
network_congestion;280.519999504089;2;525mb;8;BROADCAST;false;13;8;4;7;4;0;2493577096;21600000;40;1120.10830000509;422.179999351501;0
network_congestion;548.229999542236;4;1127mb;8;SHUFFLE;false;13;8;4;7;4;0;7256672;43200000;48;1734.74269994767;766.079999923706;0
network_congestion;227.839999198914;2;597mb;8;BROADCAST;false;13;8;4;7;4;0;7256672;43200000;48;621.466099983081;429.429999351501;0
optimal;220.619999885559;1;318mb;8;SHUFFLE;true;13;8;4;7;4;0;2493577168;21600000;48;59.6414000028744;212.289999961853;0
optimal;220.659999847412;1;318mb;8;SHUFFLE;true;13;8;4;7;4;0;7256672;43200000;48;32.1472000214271;212.319999694824;0
network_congestion;472.5;4;807mb;8;BROADCAST;false;13;8;4;7;4;0;2493577168;21600000;48;1728.866200021;609;0
network_congestion;241.229999542236;2;597mb;8;BROADCAST;false;13;8;4;7;4;0;7256672;43200000;48;1130.50770002883;429.429999351501;0
network_congestion;630.5;4;1063mb;8;BROADCAST;false;13;8;4;7;4;0;2493577168;21600000;48;2157.66259998782;795.159999847412;0
network_congestion;176.379999160767;4;453mb;8;SHUFFLE;false;56;48;15;8;15;0;1137057168;28800000;132;2338.31680001458;354.469999313354;0
network_congestion;150.049999237061;2;227mb;8;SHUFFLE;false;56;48;15;8;15;0;3068722904;14400000;132;1623.10349999461;171.629999160767;0
network_congestion;174.069999694824;4;453mb;8;SHUFFLE;false;56;48;15;8;15;0;1137057168;28800000;132;2030.53460002411;361.229999542236;0
network_congestion;149.959999084473;4;283mb;8;BROADCAST;false;56;48;15;8;15;0;3068722904;14400000;132;1728.38259994751;227.069999694824;0
network_congestion;149.679999351501;2;226mb;8;SHUFFLE;false;56;48;15;8;15;0;3068722904;14400000;132;1527.82620000653;165.209999084473;0
network_congestion;174.969999313354;4;453mb;8;SHUFFLE;false;56;48;15;8;15;0;1137057168;28800000;132;2231.99290002231;352.139999389648;0
network_congestion;176.509999275208;4;453mb;8;SHUFFLE;false;56;48;15;8;15;0;1137057168;28800000;132;1931.23159999959;358.109999656677;0
network_congestion;174.949999809265;4;453mb;8;SHUFFLE;false;56;48;15;8;15;0;1137057168;28800000;132;2250.55210001301;350.859999656677;0
network_congestion;150.16999912262;2;227mb;8;SHUFFLE;false;56;48;15;8;15;0;3068722904;14400000;132;1651.51140000671;176.269999504089;0
network_congestion;174.41999912262;4;453mb;8;SHUFFLE;false;56;48;15;8;15;0;1137057168;28800000;132;2034.27960001864;357.969999313354;0
network_congestion;150.219999313354;2;227mb;8;SHUFFLE;false;56;48;15;8;15;0;3068722904;14400000;132;1628.14109999454;171.279999732971;0
network_congestion;307.439999580383;4;869mb;8;BROADCAST;false;63;60;18;9;18;0;3399064626;14400000;216;2136.84290001402;643.509999275208;0
network_congestion;386.689999580383;4;1134mb;8;BROADCAST;false;63;60;18;9;18;0;1824184778;28800000;216;3949.66990000103;885.39999961853;0
network_congestion;303.969999313354;4;869mb;8;BROADCAST;false;63;60;18;9;18;0;3399064626;14400000;216;2135.49180002883;637.569999694824;0
network_congestion;306.809999465942;4;869mb;8;BROADCAST;false;63;60;18;9;18;0;3399064626;14400000;216;1942.19850003719;645.099999427795;0
network_congestion;305.589999198914;4;869mb;8;BROADCAST;false;63;60;18;9;18;0;3399064626;14400000;216;1991.10029998701;643.739999771118;0
network_congestion;150.969999313354;2;228mb;8;SHUFFLE;false;29;24;13;9;13;0;3886372566;15840000;216;1424.599400023;186.339999198914;0
network_congestion;433.779999732971;2;595mb;8;SHUFFLE;false;44;44;12;6;12;0;3243297920;7200000;347;1125.13390003005;496.369999885559;0
network_congestion;433.709999084473;2;595mb;8;SHUFFLE;false;44;44;12;6;12;0;3243297920;7200000;347;1126.01169996196;498.359999656677;0
network_congestion;455.029999732971;2;1109mb;8;BROADCAST;false;44;44;12;6;12;0;69585271;25340000;350;1151.82600001572;828.969999313354;0
network_congestion;454.91999912262;2;1109mb;8;BROADCAST;false;44;44;12;6;12;0;69585271;25340000;350;1122.73229996208;829.479999542236;0
network_congestion;433.809999465942;2;595mb;8;SHUFFLE;false;44;44;12;6;12;0;3243297920;7200000;347;1123.57130000601;506.439999580383;0
network_congestion;453.719999313354;2;1109mb;8;BROADCAST;false;44;44;12;6;12;0;69585271;25340000;350;1126.69900001492;827.729999542236;0
network_congestion;454.939999580383;2;1109mb;8;BROADCAST;false;44;44;12;6;12;0;69585271;25340000;350;1244.09230001038;835.349999427795;0
network_congestion;433.709999084473;2;595mb;8;SHUFFLE;false;44;44;12;6;12;0;3243297920;7200000;347;1134.41699999385;493.839999198914;0
network_congestion;433.809999465942;2;595mb;8;SHUFFLE;false;44;44;12;6;12;0;3243297920;7200000;347;1024.78670002893;495.589999198914;0
network_congestion;433.779999732971;2;595mb;8;SHUFFLE;false;44;44;12;6;12;0;3243297920;7200000;347;1125.97950000782;492.239999771118;0
network_congestion;426.14999961853;2;585mb;8;SHUFFLE;false;44;44;12;6;12;0;3243297920;7200000;347;1626.51179998647;487.599999427795;0
network_congestion;433.709999084473;2;595mb;8;SHUFFLE;false;44;44;12;6;12;0;3243297920;7200000;347;1141.84759999625;501.369999885559;0
network_congestion;433.779999732971;2;595mb;8;SHUFFLE;false;44;44;12;6;12;0;3243297920;7200000;347;1119.41189999925;500.299999237061;0
network_congestion;433.709999084473;2;595mb;8;SHUFFLE;false;44;44;12;6;12;0;3243297920;7200000;347;1127.89799994789;495.799999237061;0
network_congestion;433.739999771118;2;595mb;8;SHUFFLE;false;44;44;12;6;12;0;3243297920;7200000;347;1130.41280000471;492.129999160767;0
network_congestion;433.779999732971;2;595mb;8;SHUFFLE;false;44;44;12;6;12;0;3243297920;7200000;347;1052.69260000205;497.179999351501;0
network_congestion;433.779999732971;2;595mb;8;SHUFFLE;false;44;44;12;6;12;0;3243297920;7200000;347;1121.32360000396;500.449999809265;0
network_congestion;435.289999961853;2;1077mb;8;BROADCAST;false;44;44;12;6;12;0;4299846535;25270000;379;1238.74619998969;796.269999504089;0
network_congestion;435.299999237061;2;1077mb;8;BROADCAST;false;44;44;12;6;12;0;4299846535;25270000;379;1137.77699996717;794.769999504089;0
network_congestion;457.519999504089;2;1112mb;8;BROADCAST;false;44;44;12;6;12;0;69628867;1000000000000;379;1136.32009999128;825.989999771118;0
network_congestion;435.329999923706;2;1077mb;8;BROADCAST;false;44;44;12;6;12;0;4299846535;25270000;379;1126.65729998844;792.719999313354;0
network_congestion;457.619999885559;2;1112mb;8;BROADCAST;false;44;44;12;6;12;0;69628867;1000000000000;379;1132.33120000223;833.119999885559;0
network_congestion;329.229999542236;4;573mb;8;BROADCAST;false;13;8;4;4;4;0;1945109818;769050000;120;3432.10279999766;396.909999847412;0
network_congestion;329.229999542236;4;573mb;8;BROADCAST;false;13;8;4;4;4;0;1945109818;769050000;120;3477.21930005355;394.89999961853;0
network_congestion;257.909999847412;2;548mb;8;BROADCAST;false;13;8;4;4;4;0;1053023300;204030000;120;634.167699958198;402.699999809265;0
network_congestion;329.229999542236;4;573mb;8;BROADCAST;false;13;8;4;4;4;0;1945109818;769050000;120;3664.21690001152;394.829999923706;0
network_congestion;550.829999923706;4;935mb;8;BROADCAST;false;13;8;4;4;4;0;1945109818;769050000;120;7067.98680004431;771.679999351501;0
network_congestion;309.569999694824;4;542mb;8;BROADCAST;false;13;8;4;4;4;0;1945109818;769050000;120;3151.6069000354;366.849999427795;0
network_congestion;283.589999198914;4;500mb;8;BROADCAST;false;13;8;4;4;4;0;1945109818;769050000;120;2320.31179999467;336.559999465942;0
network_congestion;257.889999389648;4;367mb;8;SHUFFLE;false;13;8;4;4;4;0;1945109818;769050000;120;2137.54349999363;296.729999542236;0
optimal;257.889999389648;1;367mb;8;SHUFFLE;true;13;8;4;4;4;0;1945109818;769050000;120;31.304000003729;242.479999542236;0
optimal;257.889999389648;1;367mb;8;SHUFFLE;true;13;8;4;4;4;0;1945109818;769050000;120;35.5326000135392;242.479999542236;0
network_congestion;288.489999771118;4;508mb;8;BROADCAST;false;13;8;4;4;4;0;1945109818;769050000;120;3031.64880000986;386.16999912262;0
network_congestion;276.629999160767;2;548mb;8;BROADCAST;false;13;8;4;4;4;0;1053023300;204030000;120;1625.13220001711;402.699999809265;0
network_congestion;553.339999198914;4;938mb;8;BROADCAST;false;13;8;4;4;4;0;1945109818;769050000;120;7244.59289998049;759.909999847412;0
optimal;257.889999389648;1;367mb;8;SHUFFLE;true;13;8;4;4;4;0;1945109818;769050000;120;33.8033000007272;242.479999542236;0
network_congestion;551.409999847412;4;935mb;8;BROADCAST;false;13;8;4;4;4;0;1945109818;769050000;120;7067.60480004596;761.279999732971;0
network_congestion;1034.23999977112;4;1376mb;8;SHUFFLE;false;13;8;4;4;4;0;1053023300;204030000;120;8951.68719999492;1136.63999938965;0
network_congestion;257.909999847412;2;548mb;8;BROADCAST;false;13;8;4;4;4;0;1053023300;204030000;120;1426.87480000313;403.109999656677;0
optimal;258.319999694824;1;367mb;8;SHUFFLE;true;13;8;4;4;4;0;1053023300;204030000;120;35.5048000346869;242.479999542236;0
optimal;257.889999389648;1;367mb;8;SHUFFLE;true;13;8;4;4;4;0;1945109818;769050000;120;149.426599964499;242.059999465942;0
network_congestion;329.229999542236;4;573mb;8;BROADCAST;false;13;8;4;4;4;0;1945109818;769050000;120;3538.13960001571;395.679999351501;0
network_congestion;628.41999912262;4;1060mb;8;BROADCAST;false;40;24;9;6;9;0;3366329796;14400000;192;4532.04530000221;706.14999961853;0
network_congestion;76.3599996566772;2;131mb;8;SHUFFLE;false;20;8;8;4;8;0;3185869956;10800000;272;970.023399975616;88.9299993515015;0
network_congestion;226.529999732971;2;434mb;8;BROADCAST;false;28;24;8;4;8;0;2853058544;14400000;376;971.183000016026;327.829999923706;0
network_congestion;241.039999961853;2;433mb;8;BROADCAST;false;28;24;8;4;8;0;14584324;28800000;376;1867.9646999808;342.14999961853;0
network_congestion;232.509999275208;2;433mb;8;BROADCAST;false;28;24;8;4;8;0;14584324;28800000;376;622.278700000606;340.939999580383;0
network_congestion;232.509999275208;2;433mb;8;BROADCAST;false;28;24;8;4;8;0;14584324;28800000;376;615.109200007282;340.989999771118;0
network_congestion;226.529999732971;2;434mb;8;BROADCAST;false;28;24;8;4;8;0;2853058544;14400000;376;622.737700003199;328;0
network_congestion;226.529999732971;2;434mb;8;BROADCAST;false;28;24;8;4;8;0;2853058544;14400000;376;920.207399991341;327.829999923706;0
network_congestion;240.409999847412;2;433mb;8;BROADCAST;false;28;24;8;4;8;0;14584324;28800000;376;612.003199988976;340.119999885559;0
network_congestion;226.529999732971;2;434mb;8;BROADCAST;false;28;24;8;4;8;0;2853058544;14400000;376;676.485900010448;328.659999847412;0
network_congestion;232.709999084473;2;433mb;8;BROADCAST;false;28;24;8;4;8;0;14584324;28800000;376;574.296800012235;341.75;0
network_congestion;272.069999694824;4;651mb;8;BROADCAST;false;28;24;8;4;8;0;14584324;28800000;376;2025.48899996327;494.459999084473;0
network_congestion;226.529999732971;2;434mb;8;BROADCAST;false;28;24;8;4;8;0;2853058544;14400000;376;625.037699996028;327.159999847412;0
network_congestion;226.529999732971;2;434mb;8;BROADCAST;false;28;24;8;4;8;0;2853058544;14400000;376;823.161999986041;327.179999351501;0
network_congestion;226.529999732971;2;434mb;8;BROADCAST;false;28;24;8;4;8;0;2853058544;14400000;376;618.826499965508;327;0
network_congestion;241.059999465942;2;433mb;8;BROADCAST;false;28;24;8;4;8;0;14584324;28800000;376;1929.09439996583;341.949999809265;0
network_congestion;226.529999732971;2;434mb;8;BROADCAST;false;28;24;8;4;8;0;2853058544;14400000;376;575.235500000417;329.489999771118;0
network_congestion;226.529999732971;2;434mb;8;BROADCAST;false;28;24;8;4;8;0;2853058544;14400000;376;613.185800029896;327.989999771118;0
network_congestion;226.529999732971;2;434mb;8;BROADCAST;false;28;24;8;4;8;0;2853058544;14400000;376;767.009100003634;327.159999847412;0
network_congestion;226.529999732971;2;434mb;8;BROADCAST;false;28;24;8;4;8;0;2853058544;14400000;376;831.633399997372;328.829999923706;0
network_congestion;232.509999275208;2;433mb;8;BROADCAST;false;28;24;8;4;8;0;14584324;28800000;376;590.290399966761;341.579999923706;0
network_congestion;219.659999847412;2;434mb;8;BROADCAST;false;28;24;8;4;8;0;2853058544;14400000;376;1220.10009997757;321.589999198914;0
network_congestion;194.129999160767;2;384mb;8;BROADCAST;false;37;24;9;8;9;0;2659630724;50320000;98;1025.07869998226;285.229999542236;0
network_congestion;138.289999961853;2;211mb;8;SHUFFLE;false;44;44;8;8;8;0;4001453496;14400000;212;719.662599964067;184.859999656677;0
network_congestion;138.289999961853;2;211mb;8;SHUFFLE;false;44;44;8;8;8;0;4001453496;14400000;212;679.278200026602;186.609999656677;0
network_congestion;138.289999961853;2;211mb;8;SHUFFLE;false;44;44;8;8;8;0;4001453496;14400000;212;720.618799969088;186.509999275208;0
network_congestion;138.289999961853;2;211mb;8;SHUFFLE;false;44;44;8;8;8;0;4001453496;14400000;212;712.91130001191;188.269999504089;0
network_congestion;137.389999389648;2;210mb;8;SHUFFLE;false;44;44;8;8;8;0;4001453496;14400000;212;770.350600010715;185.679999351501;0
network_congestion;138.289999961853;2;211mb;8;SHUFFLE;false;44;44;8;8;8;0;4001453496;14400000;212;675.834399997257;186.619999885559;0
network_congestion;211.39999961853;2;306mb;8;SHUFFLE;false;44;44;8;8;8;0;2317943756;28800000;212;723.623299971223;267.779999732971;0
network_congestion;138.289999961853;2;211mb;8;SHUFFLE;false;44;44;8;8;8;0;4001453496;14400000;212;717.814399977215;188.369999885559;0
network_congestion;138.289999961853;2;211mb;8;SHUFFLE;false;44;44;8;8;8;0;4001453496;14400000;212;735.014100035187;186.509999275208;0
network_congestion;138.289999961853;2;211mb;8;SHUFFLE;false;44;44;8;8;8;0;4001453496;14400000;212;732.596000016201;185.689999580383;0
network_congestion;211.39999961853;2;306mb;8;SHUFFLE;false;44;44;8;8;8;0;2317943756;28800000;212;727.596600016113;266.019999504089;0
network_congestion;138.289999961853;2;211mb;8;SHUFFLE;false;44;44;8;8;8;0;4001453496;14400000;212;692.567599995527;183.539999961853;0
